{"event": "initial_evaluation", "main_loss": 9.855255961418152, "perplexity": 19058.261506332055}
{"event": "update", "optimizer_step": 10, "tokens_seen": 327680, "lr": 1.4999999999999998e-06, "grad_norm": 9.727645874023438, "elapsed_seconds": 10.599100047023967, "tokens_per_second": 30915.83233918115, "loss_main": 9.854379653930664, "loss_total": 9.854379653930664}
{"event": "update", "optimizer_step": 20, "tokens_seen": 655360, "lr": 2.9999999999999997e-06, "grad_norm": 9.739408493041992, "elapsed_seconds": 19.79298715904588, "tokens_per_second": 33110.71718148842, "loss_main": 9.788817405700684, "loss_total": 9.788817405700684}
{"event": "update", "optimizer_step": 30, "tokens_seen": 983040, "lr": 4.499999999999999e-06, "grad_norm": 8.625531196594238, "elapsed_seconds": 29.014991813048255, "tokens_per_second": 33880.41624598769, "loss_main": 9.708786010742188, "loss_total": 9.708786010742188}
{"event": "update", "optimizer_step": 40, "tokens_seen": 1310720, "lr": 5.999999999999999e-06, "grad_norm": 10.324785232543945, "elapsed_seconds": 38.20053031103453, "tokens_per_second": 34311.56555492603, "loss_main": 9.580463409423828, "loss_total": 9.580463409423828}
{"event": "update", "optimizer_step": 50, "tokens_seen": 1638400, "lr": 7.499999999999999e-06, "grad_norm": 10.13869571685791, "elapsed_seconds": 47.417658889025915, "tokens_per_second": 34552.5282856, "loss_main": 9.412880897521973, "loss_total": 9.412880897521973}
{"event": "update", "optimizer_step": 60, "tokens_seen": 1966080, "lr": 8.999999999999999e-06, "grad_norm": 9.30436897277832, "elapsed_seconds": 56.633957609999925, "tokens_per_second": 34715.56788489115, "loss_main": 9.248615264892578, "loss_total": 9.248615264892578}
{"event": "update", "optimizer_step": 70, "tokens_seen": 2293760, "lr": 1.05e-05, "grad_norm": 8.76702880859375, "elapsed_seconds": 65.8482146790484, "tokens_per_second": 34834.04996141572, "loss_main": 9.019731521606445, "loss_total": 9.019731521606445}
{"event": "update", "optimizer_step": 80, "tokens_seen": 2621440, "lr": 1.1999999999999999e-05, "grad_norm": 7.963377952575684, "elapsed_seconds": 75.05424889305141, "tokens_per_second": 34927.26979035421, "loss_main": 8.755253314971924, "loss_total": 8.755253314971924}
{"event": "update", "optimizer_step": 90, "tokens_seen": 2949120, "lr": 1.3499999999999998e-05, "grad_norm": 5.906383037567139, "elapsed_seconds": 84.26118964003399, "tokens_per_second": 34999.743210352455, "loss_main": 8.587544202804565, "loss_total": 8.587544202804565}
{"event": "update", "optimizer_step": 100, "tokens_seen": 3276800, "lr": 1.4999999999999999e-05, "grad_norm": 4.756047248840332, "elapsed_seconds": 93.46899603802012, "tokens_per_second": 35057.614170447545, "loss_main": 8.332306623458862, "loss_total": 8.332306623458862}
{"event": "update", "optimizer_step": 110, "tokens_seen": 3604480, "lr": 1.6499999999999998e-05, "grad_norm": 4.233700752258301, "elapsed_seconds": 102.65667674603174, "tokens_per_second": 35111.987980259, "loss_main": 8.160653829574585, "loss_total": 8.160653829574585}
{"event": "update", "optimizer_step": 120, "tokens_seen": 3932160, "lr": 1.7999999999999997e-05, "grad_norm": 3.429044723510742, "elapsed_seconds": 111.84503252903232, "tokens_per_second": 35157.21629370803, "loss_main": 7.902637004852295, "loss_total": 7.902637004852295}
{"event": "update", "optimizer_step": 130, "tokens_seen": 4259840, "lr": 1.95e-05, "grad_norm": 3.040360927581787, "elapsed_seconds": 121.04026335803792, "tokens_per_second": 35193.57841612889, "loss_main": 7.724803566932678, "loss_total": 7.724803566932678}
{"event": "update", "optimizer_step": 140, "tokens_seen": 4587520, "lr": 2.1e-05, "grad_norm": 3.2419028282165527, "elapsed_seconds": 130.28028648300096, "tokens_per_second": 35212.69505803997, "loss_main": 7.502026081085205, "loss_total": 7.502026081085205}
{"event": "update", "optimizer_step": 150, "tokens_seen": 4915200, "lr": 2.2499999999999998e-05, "grad_norm": 2.8158085346221924, "elapsed_seconds": 139.48753631103318, "tokens_per_second": 35237.55691719976, "loss_main": 7.378059506416321, "loss_total": 7.378059506416321}
{"event": "update", "optimizer_step": 160, "tokens_seen": 5242880, "lr": 2.3999999999999997e-05, "grad_norm": 2.9061732292175293, "elapsed_seconds": 148.68656365200877, "tokens_per_second": 35261.289730729266, "loss_main": 7.146768808364868, "loss_total": 7.146768808364868}
{"event": "update", "optimizer_step": 170, "tokens_seen": 5570560, "lr": 2.55e-05, "grad_norm": 3.0041697025299072, "elapsed_seconds": 157.9022611080436, "tokens_per_second": 35278.53218129904, "loss_main": 6.900103569030762, "loss_total": 6.900103569030762}
{"event": "update", "optimizer_step": 180, "tokens_seen": 5898240, "lr": 2.6999999999999996e-05, "grad_norm": 2.855374336242676, "elapsed_seconds": 167.1155302390107, "tokens_per_second": 35294.38581539528, "loss_main": 6.906806945800781, "loss_total": 6.906806945800781}
{"event": "update", "optimizer_step": 190, "tokens_seen": 6225920, "lr": 2.8499999999999998e-05, "grad_norm": 2.6674106121063232, "elapsed_seconds": 176.3331692549982, "tokens_per_second": 35307.707712078816, "loss_main": 6.680124402046204, "loss_total": 6.680124402046204}
{"event": "update", "optimizer_step": 200, "tokens_seen": 6553600, "lr": 2.9999999999999997e-05, "grad_norm": 2.690033435821533, "elapsed_seconds": 185.53578038903652, "tokens_per_second": 35322.56681842301, "loss_main": 6.563041925430298, "loss_total": 6.563041925430298}
{"event": "update", "optimizer_step": 210, "tokens_seen": 6881280, "lr": 3.15e-05, "grad_norm": 2.6801435947418213, "elapsed_seconds": 194.7547425160301, "tokens_per_second": 35333.05485196905, "loss_main": 6.405153751373291, "loss_total": 6.405153751373291}
{"event": "update", "optimizer_step": 220, "tokens_seen": 7208960, "lr": 3.2999999999999996e-05, "grad_norm": 2.7536263465881348, "elapsed_seconds": 203.9763196920394, "tokens_per_second": 35342.14172941245, "loss_main": 6.370816111564636, "loss_total": 6.370816111564636}
{"event": "update", "optimizer_step": 230, "tokens_seen": 7536640, "lr": 3.45e-05, "grad_norm": 3.0876054763793945, "elapsed_seconds": 213.20611279801233, "tokens_per_second": 35349.08029180232, "loss_main": 6.4496753215789795, "loss_total": 6.4496753215789795}
{"event": "update", "optimizer_step": 240, "tokens_seen": 7864320, "lr": 3.5999999999999994e-05, "grad_norm": 2.669027805328369, "elapsed_seconds": 222.41933163203066, "tokens_per_second": 35358.077655815854, "loss_main": 6.123608112335205, "loss_total": 6.123608112335205}
{"event": "update", "optimizer_step": 250, "tokens_seen": 8192000, "lr": 3.75e-05, "grad_norm": 2.68021559715271, "elapsed_seconds": 231.65477906202432, "tokens_per_second": 35362.965673186634, "loss_main": 6.211481094360352, "loss_total": 6.211481094360352}
{"event": "update", "optimizer_step": 260, "tokens_seen": 8519680, "lr": 3.9e-05, "grad_norm": 2.8602347373962402, "elapsed_seconds": 240.88267074205214, "tokens_per_second": 35368.5882581535, "loss_main": 5.987864971160889, "loss_total": 5.987864971160889}
{"event": "update", "optimizer_step": 270, "tokens_seen": 8847360, "lr": 4.0499999999999995e-05, "grad_norm": 3.0313210487365723, "elapsed_seconds": 250.10568045603577, "tokens_per_second": 35374.4864325671, "loss_main": 6.042188405990601, "loss_total": 6.042188405990601}
{"event": "update", "optimizer_step": 280, "tokens_seen": 9175040, "lr": 4.2e-05, "grad_norm": 2.8831796646118164, "elapsed_seconds": 259.31746962701436, "tokens_per_second": 35381.49594470743, "loss_main": 5.970846056938171, "loss_total": 5.970846056938171}
{"event": "update", "optimizer_step": 290, "tokens_seen": 9502720, "lr": 4.35e-05, "grad_norm": 2.844576597213745, "elapsed_seconds": 268.55149433604674, "tokens_per_second": 35385.09448064718, "loss_main": 5.770495772361755, "loss_total": 5.770495772361755}
{"event": "update", "optimizer_step": 300, "tokens_seen": 9830400, "lr": 4.4999999999999996e-05, "grad_norm": 3.1171107292175293, "elapsed_seconds": 277.7747595750261, "tokens_per_second": 35389.82452919679, "loss_main": 5.719280123710632, "loss_total": 5.719280123710632}
{"event": "evaluation", "tokens_seen": 10027008, "elapsed_seconds": 283.3233504810487, "parameters": 144630912, "main_loss": 5.704850405454636, "perplexity": 300.3205503718726}
{"event": "update", "optimizer_step": 310, "tokens_seen": 10158080, "lr": 4.649999999999999e-05, "grad_norm": 2.640812635421753, "elapsed_seconds": 292.6248026440153, "tokens_per_second": 34713.667154036615, "loss_main": 5.663890242576599, "loss_total": 5.663890242576599}
{"event": "update", "optimizer_step": 320, "tokens_seen": 10485760, "lr": 4.7999999999999994e-05, "grad_norm": 2.6619887351989746, "elapsed_seconds": 301.82883834000677, "tokens_per_second": 34740.74928581844, "loss_main": 5.54360044002533, "loss_total": 5.54360044002533}
{"event": "update", "optimizer_step": 330, "tokens_seen": 10813440, "lr": 4.95e-05, "grad_norm": 3.535142183303833, "elapsed_seconds": 311.05389952403493, "tokens_per_second": 34763.87859643101, "loss_main": 5.693463683128357, "loss_total": 5.693463683128357}
{"event": "update", "optimizer_step": 340, "tokens_seen": 11141120, "lr": 5.1e-05, "grad_norm": 3.0166914463043213, "elapsed_seconds": 320.37995233904803, "tokens_per_second": 34774.710210986304, "loss_main": 5.6058937311172485, "loss_total": 5.6058937311172485}
{"event": "update", "optimizer_step": 350, "tokens_seen": 11468800, "lr": 5.2499999999999995e-05, "grad_norm": 2.836242914199829, "elapsed_seconds": 329.59220852702856, "tokens_per_second": 34796.93907588076, "loss_main": 5.432395577430725, "loss_total": 5.432395577430725}
{"event": "update", "optimizer_step": 360, "tokens_seen": 11796480, "lr": 5.399999999999999e-05, "grad_norm": 3.293180465698242, "elapsed_seconds": 338.803787337034, "tokens_per_second": 34818.02872606362, "loss_main": 5.30328106880188, "loss_total": 5.30328106880188}
{"event": "update", "optimizer_step": 370, "tokens_seen": 12124160, "lr": 5.5499999999999994e-05, "grad_norm": 2.616950750350952, "elapsed_seconds": 348.0129383650492, "tokens_per_second": 34838.244971462314, "loss_main": 5.327996730804443, "loss_total": 5.327996730804443}
{"event": "update", "optimizer_step": 380, "tokens_seen": 12451840, "lr": 5.6999999999999996e-05, "grad_norm": 4.174378395080566, "elapsed_seconds": 357.31740724801784, "tokens_per_second": 34848.12031941406, "loss_main": 5.374043583869934, "loss_total": 5.374043583869934}
{"event": "update", "optimizer_step": 390, "tokens_seen": 12779520, "lr": 5.85e-05, "grad_norm": 4.255223274230957, "elapsed_seconds": 366.52908188605215, "tokens_per_second": 34866.31929515744, "loss_main": 5.249616384506226, "loss_total": 5.249616384506226}
{"event": "update", "optimizer_step": 400, "tokens_seen": 13107200, "lr": 5.9999999999999995e-05, "grad_norm": 2.741320848464966, "elapsed_seconds": 375.7428186900215, "tokens_per_second": 34883.4344877077, "loss_main": 5.160332798957825, "loss_total": 5.160332798957825}
{"event": "update", "optimizer_step": 410, "tokens_seen": 13434880, "lr": 6.149999999999999e-05, "grad_norm": 3.2755649089813232, "elapsed_seconds": 385.01367558701895, "tokens_per_second": 34894.55271820212, "loss_main": 5.361935019493103, "loss_total": 5.361935019493103}
{"event": "update", "optimizer_step": 420, "tokens_seen": 13762560, "lr": 6.3e-05, "grad_norm": 3.204191207885742, "elapsed_seconds": 394.2396206060075, "tokens_per_second": 34909.12450363261, "loss_main": 5.224592208862305, "loss_total": 5.224592208862305}
{"event": "update", "optimizer_step": 430, "tokens_seen": 14090240, "lr": 6.449999999999998e-05, "grad_norm": 3.0639097690582275, "elapsed_seconds": 403.47743484500097, "tokens_per_second": 34922.00252887222, "loss_main": 5.075826644897461, "loss_total": 5.075826644897461}
{"event": "update", "optimizer_step": 440, "tokens_seen": 14417920, "lr": 6.599999999999999e-05, "grad_norm": 2.5638318061828613, "elapsed_seconds": 412.7230567570077, "tokens_per_second": 34933.64318749123, "loss_main": 5.00184690952301, "loss_total": 5.00184690952301}
{"event": "update", "optimizer_step": 450, "tokens_seen": 14745600, "lr": 6.749999999999999e-05, "grad_norm": 2.4352385997772217, "elapsed_seconds": 422.206151445047, "tokens_per_second": 34925.118806373524, "loss_main": 5.003813028335571, "loss_total": 5.003813028335571}
{"event": "update", "optimizer_step": 460, "tokens_seen": 15073280, "lr": 6.9e-05, "grad_norm": 3.5103180408477783, "elapsed_seconds": 431.69559637701605, "tokens_per_second": 34916.455313655635, "loss_main": 5.081246495246887, "loss_total": 5.081246495246887}
{"event": "update", "optimizer_step": 470, "tokens_seen": 15400960, "lr": 7.049999999999999e-05, "grad_norm": 2.4478704929351807, "elapsed_seconds": 441.3169354010024, "tokens_per_second": 34897.731685746265, "loss_main": 4.997241020202637, "loss_total": 4.997241020202637}
{"event": "update", "optimizer_step": 480, "tokens_seen": 15728640, "lr": 7.199999999999999e-05, "grad_norm": 2.4530205726623535, "elapsed_seconds": 450.6076003150083, "tokens_per_second": 34905.40325774467, "loss_main": 4.95948588848114, "loss_total": 4.95948588848114}
{"event": "update", "optimizer_step": 490, "tokens_seen": 16056320, "lr": 7.35e-05, "grad_norm": 2.66961669921875, "elapsed_seconds": 459.93110795202665, "tokens_per_second": 34910.27182635092, "loss_main": 4.992756485939026, "loss_total": 4.992756485939026}
{"event": "update", "optimizer_step": 500, "tokens_seen": 16384000, "lr": 7.5e-05, "grad_norm": 2.40820050239563, "elapsed_seconds": 469.13778293604264, "tokens_per_second": 34923.64204277621, "loss_main": 4.70211136341095, "loss_total": 4.70211136341095}
{"event": "update", "optimizer_step": 510, "tokens_seen": 16711680, "lr": 7.65e-05, "grad_norm": 2.3863685131073, "elapsed_seconds": 478.37566991802305, "tokens_per_second": 34934.2181279073, "loss_main": 4.701846480369568, "loss_total": 4.701846480369568}
{"event": "update", "optimizer_step": 520, "tokens_seen": 17039360, "lr": 7.8e-05, "grad_norm": 2.360135078430176, "elapsed_seconds": 487.6034588870243, "tokens_per_second": 34945.1171632233, "loss_main": 4.646464943885803, "loss_total": 4.646464943885803}
{"event": "update", "optimizer_step": 530, "tokens_seen": 17367040, "lr": 7.949999999999998e-05, "grad_norm": 2.7401392459869385, "elapsed_seconds": 496.85649602802005, "tokens_per_second": 34953.835038559286, "loss_main": 4.7305333614349365, "loss_total": 4.7305333614349365}
{"event": "update", "optimizer_step": 540, "tokens_seen": 17694720, "lr": 8.099999999999999e-05, "grad_norm": 2.841804027557373, "elapsed_seconds": 506.19852001202526, "tokens_per_second": 34956.08797824941, "loss_main": 4.639583349227905, "loss_total": 4.639583349227905}
{"event": "update", "optimizer_step": 550, "tokens_seen": 18022400, "lr": 8.249999999999999e-05, "grad_norm": 2.5549116134643555, "elapsed_seconds": 515.4547161080409, "tokens_per_second": 34964.08013506748, "loss_main": 4.775933861732483, "loss_total": 4.775933861732483}
{"event": "update", "optimizer_step": 560, "tokens_seen": 18350080, "lr": 8.4e-05, "grad_norm": 2.8045237064361572, "elapsed_seconds": 524.697806805023, "tokens_per_second": 34972.66381145531, "loss_main": 4.826731204986572, "loss_total": 4.826731204986572}
{"event": "update", "optimizer_step": 570, "tokens_seen": 18677760, "lr": 8.549999999999999e-05, "grad_norm": 2.563638925552368, "elapsed_seconds": 533.9259556500474, "tokens_per_second": 34981.92924009489, "loss_main": 4.661513566970825, "loss_total": 4.661513566970825}
{"event": "update", "optimizer_step": 580, "tokens_seen": 19005440, "lr": 8.7e-05, "grad_norm": 2.350677490234375, "elapsed_seconds": 543.2482229220332, "tokens_per_second": 34984.81761757674, "loss_main": 4.6842944622039795, "loss_total": 4.6842944622039795}
{"event": "update", "optimizer_step": 590, "tokens_seen": 19333120, "lr": 8.85e-05, "grad_norm": 2.2999746799468994, "elapsed_seconds": 552.4980506970314, "tokens_per_second": 34992.19585591178, "loss_main": 4.441075325012207, "loss_total": 4.441075325012207}
{"event": "update", "optimizer_step": 600, "tokens_seen": 19660800, "lr": 8.999999999999999e-05, "grad_norm": 2.5541677474975586, "elapsed_seconds": 561.729624499043, "tokens_per_second": 35000.46845051787, "loss_main": 4.497008442878723, "loss_total": 4.497008442878723}
{"event": "update", "optimizer_step": 610, "tokens_seen": 19988480, "lr": 9.15e-05, "grad_norm": 2.418668031692505, "elapsed_seconds": 570.986407656048, "tokens_per_second": 35006.9278917769, "loss_main": 4.301869511604309, "loss_total": 4.301869511604309}
{"event": "evaluation", "tokens_seen": 20021248, "elapsed_seconds": 571.9155539930216, "parameters": 144630912, "main_loss": 4.460839688777924, "perplexity": 86.56016218587129}
{"event": "update", "optimizer_step": 620, "tokens_seen": 20316160, "lr": 9.299999999999998e-05, "grad_norm": 1.8975825309753418, "elapsed_seconds": 585.8831466340343, "tokens_per_second": 34676.129731190704, "loss_main": 4.1435467004776, "loss_total": 4.1435467004776}
{"event": "update", "optimizer_step": 630, "tokens_seen": 20643840, "lr": 9.449999999999999e-05, "grad_norm": 1.9449524879455566, "elapsed_seconds": 595.0980000510463, "tokens_per_second": 34689.8157920699, "loss_main": 4.296290040016174, "loss_total": 4.296290040016174}
{"event": "update", "optimizer_step": 640, "tokens_seen": 20971520, "lr": 9.599999999999999e-05, "grad_norm": 2.020306348800659, "elapsed_seconds": 604.3028477430344, "tokens_per_second": 34703.65906486287, "loss_main": 4.250938892364502, "loss_total": 4.250938892364502}
{"event": "update", "optimizer_step": 650, "tokens_seen": 21299200, "lr": 9.749999999999998e-05, "grad_norm": 2.0366358757019043, "elapsed_seconds": 613.513778366032, "tokens_per_second": 34716.742722104864, "loss_main": 4.365887403488159, "loss_total": 4.365887403488159}
{"event": "update", "optimizer_step": 660, "tokens_seen": 21626880, "lr": 9.9e-05, "grad_norm": 2.8234262466430664, "elapsed_seconds": 622.7330278620357, "tokens_per_second": 34728.97539134757, "loss_main": 4.118022918701172, "loss_total": 4.118022918701172}
{"event": "update", "optimizer_step": 670, "tokens_seen": 21954560, "lr": 0.00010049999999999999, "grad_norm": 2.1543569564819336, "elapsed_seconds": 631.9551870310097, "tokens_per_second": 34740.691192273895, "loss_main": 4.253931522369385, "loss_total": 4.253931522369385}
{"event": "update", "optimizer_step": 680, "tokens_seen": 22282240, "lr": 0.000102, "grad_norm": 2.131805419921875, "elapsed_seconds": 641.1762351900106, "tokens_per_second": 34752.13018991062, "loss_main": 4.1954110860824585, "loss_total": 4.1954110860824585}
{"event": "update", "optimizer_step": 690, "tokens_seen": 22609920, "lr": 0.0001035, "grad_norm": 2.060434579849243, "elapsed_seconds": 650.3981462160009, "tokens_per_second": 34763.198713809245, "loss_main": 4.129228234291077, "loss_total": 4.129228234291077}
{"event": "update", "optimizer_step": 700, "tokens_seen": 22937600, "lr": 0.00010499999999999999, "grad_norm": 1.8349933624267578, "elapsed_seconds": 659.621141133015, "tokens_per_second": 34773.90060694636, "loss_main": 4.275054633617401, "loss_total": 4.275054633617401}
{"event": "update", "optimizer_step": 710, "tokens_seen": 23265280, "lr": 0.0001065, "grad_norm": 3.7240304946899414, "elapsed_seconds": 668.8275006570038, "tokens_per_second": 34785.172525271475, "loss_main": 4.085849642753601, "loss_total": 4.085849642753601}
{"event": "update", "optimizer_step": 720, "tokens_seen": 23592960, "lr": 0.00010799999999999998, "grad_norm": 2.1771202087402344, "elapsed_seconds": 678.0441763250274, "tokens_per_second": 34795.60893491175, "loss_main": 4.220652103424072, "loss_total": 4.220652103424072}
{"event": "update", "optimizer_step": 730, "tokens_seen": 23920640, "lr": 0.00010949999999999999, "grad_norm": 1.9504207372665405, "elapsed_seconds": 687.264941669011, "tokens_per_second": 34805.55830755624, "loss_main": 4.000993132591248, "loss_total": 4.000993132591248}
{"event": "update", "optimizer_step": 740, "tokens_seen": 24248320, "lr": 0.00011099999999999999, "grad_norm": 2.0275940895080566, "elapsed_seconds": 696.4756332249963, "tokens_per_second": 34815.74780688212, "loss_main": 4.069274067878723, "loss_total": 4.069274067878723}
{"event": "update", "optimizer_step": 750, "tokens_seen": 24576000, "lr": 0.00011249999999999998, "grad_norm": 1.9369925260543823, "elapsed_seconds": 705.6931837450247, "tokens_per_second": 34825.332830307736, "loss_main": 4.109809160232544, "loss_total": 4.109809160232544}
{"event": "update", "optimizer_step": 760, "tokens_seen": 24903680, "lr": 0.00011399999999999999, "grad_norm": 1.750042200088501, "elapsed_seconds": 714.8963983660215, "tokens_per_second": 34835.3692324094, "loss_main": 3.9726721048355103, "loss_total": 3.9726721048355103}
{"event": "update", "optimizer_step": 770, "tokens_seen": 25231360, "lr": 0.00011549999999999999, "grad_norm": 1.9056942462921143, "elapsed_seconds": 724.1129945480498, "tokens_per_second": 34844.506575590436, "loss_main": 3.839721441268921, "loss_total": 3.839721441268921}
{"event": "update", "optimizer_step": 780, "tokens_seen": 25559040, "lr": 0.000117, "grad_norm": 1.7560899257659912, "elapsed_seconds": 733.3057371860486, "tokens_per_second": 34854.54797896305, "loss_main": 3.952908158302307, "loss_total": 3.952908158302307}
{"event": "update", "optimizer_step": 790, "tokens_seen": 25886720, "lr": 0.0001185, "grad_norm": 1.6395995616912842, "elapsed_seconds": 742.5151747710188, "tokens_per_second": 34863.55683974149, "loss_main": 4.011903405189514, "loss_total": 4.011903405189514}
{"event": "update", "optimizer_step": 800, "tokens_seen": 26214400, "lr": 0.00011999999999999999, "grad_norm": 1.889467716217041, "elapsed_seconds": 751.7327564610168, "tokens_per_second": 34871.96716478247, "loss_main": 3.938932776451111, "loss_total": 3.938932776451111}
{"event": "update", "optimizer_step": 810, "tokens_seen": 26542080, "lr": 0.00012149999999999999, "grad_norm": 1.7963688373565674, "elapsed_seconds": 760.9542717320146, "tokens_per_second": 34879.99343191456, "loss_main": 3.805155098438263, "loss_total": 3.805155098438263}
{"event": "update", "optimizer_step": 820, "tokens_seen": 26869760, "lr": 0.00012299999999999998, "grad_norm": 1.6971795558929443, "elapsed_seconds": 770.1553815650404, "tokens_per_second": 34888.751858615455, "loss_main": 3.9020159244537354, "loss_total": 3.9020159244537354}
{"event": "update", "optimizer_step": 830, "tokens_seen": 27197440, "lr": 0.0001245, "grad_norm": 1.6442290544509888, "elapsed_seconds": 779.4811033800361, "tokens_per_second": 34891.72461277728, "loss_main": 3.787720561027527, "loss_total": 3.787720561027527}
{"event": "update", "optimizer_step": 840, "tokens_seen": 27525120, "lr": 0.000126, "grad_norm": 1.6516616344451904, "elapsed_seconds": 788.6820357590332, "tokens_per_second": 34900.14828790874, "loss_main": 3.8716975450515747, "loss_total": 3.8716975450515747}
{"event": "update", "optimizer_step": 850, "tokens_seen": 27852800, "lr": 0.0001275, "grad_norm": 1.6824841499328613, "elapsed_seconds": 797.8994640490273, "tokens_per_second": 34907.655982945456, "loss_main": 3.76250559091568, "loss_total": 3.76250559091568}
{"event": "update", "optimizer_step": 860, "tokens_seen": 28180480, "lr": 0.00012899999999999996, "grad_norm": 1.78190016746521, "elapsed_seconds": 807.142676790012, "tokens_per_second": 34913.87682791489, "loss_main": 3.919873058795929, "loss_total": 3.919873058795929}
{"event": "update", "optimizer_step": 870, "tokens_seen": 28508160, "lr": 0.00013049999999999997, "grad_norm": 1.562033772468567, "elapsed_seconds": 816.3969924170524, "tokens_per_second": 34919.48190009591, "loss_main": 3.5862032771110535, "loss_total": 3.5862032771110535}
{"event": "update", "optimizer_step": 880, "tokens_seen": 28835840, "lr": 0.00013199999999999998, "grad_norm": 1.5042634010314941, "elapsed_seconds": 825.6395073379972, "tokens_per_second": 34925.46049906414, "loss_main": 3.672918915748596, "loss_total": 3.672918915748596}
{"event": "update", "optimizer_step": 890, "tokens_seen": 29163520, "lr": 0.0001335, "grad_norm": 1.6199296712875366, "elapsed_seconds": 834.8843240790302, "tokens_per_second": 34931.21041908481, "loss_main": 3.7121450304985046, "loss_total": 3.7121450304985046}
{"event": "update", "optimizer_step": 900, "tokens_seen": 29491200, "lr": 0.00013499999999999997, "grad_norm": 1.4766684770584106, "elapsed_seconds": 844.1121704030083, "tokens_per_second": 34937.5367801176, "loss_main": 3.67065966129303, "loss_total": 3.67065966129303}
{"event": "update", "optimizer_step": 910, "tokens_seen": 29818880, "lr": 0.00013649999999999998, "grad_norm": 1.5595260858535767, "elapsed_seconds": 853.3765050520306, "tokens_per_second": 34942.23220755525, "loss_main": 3.7708964943885803, "loss_total": 3.7708964943885803}
{"event": "evaluation", "tokens_seen": 30015488, "elapsed_seconds": 858.9364217600087, "parameters": 144630912, "main_loss": 3.686695508658886, "perplexity": 39.912737504747}
{"event": "update", "optimizer_step": 920, "tokens_seen": 30146560, "lr": 0.000138, "grad_norm": 1.4311665296554565, "elapsed_seconds": 868.3515879909974, "tokens_per_second": 34716.997604330456, "loss_main": 3.5368099212646484, "loss_total": 3.5368099212646484}
{"event": "update", "optimizer_step": 930, "tokens_seen": 30474240, "lr": 0.00013949999999999998, "grad_norm": 1.3670318126678467, "elapsed_seconds": 877.5859314300469, "tokens_per_second": 34725.0780904629, "loss_main": 3.5515880584716797, "loss_total": 3.5515880584716797}
{"event": "update", "optimizer_step": 940, "tokens_seen": 30801920, "lr": 0.00014099999999999998, "grad_norm": 1.5150865316390991, "elapsed_seconds": 886.7953313559992, "tokens_per_second": 34733.96725363988, "loss_main": 3.5621490478515625, "loss_total": 3.5621490478515625}
{"event": "update", "optimizer_step": 950, "tokens_seen": 31129600, "lr": 0.0001425, "grad_norm": 1.4970011711120605, "elapsed_seconds": 896.0082480040146, "tokens_per_second": 34742.53732523735, "loss_main": 3.5972008109092712, "loss_total": 3.5972008109092712}
{"event": "update", "optimizer_step": 960, "tokens_seen": 31457280, "lr": 0.00014399999999999998, "grad_norm": 1.6016566753387451, "elapsed_seconds": 905.2364502550336, "tokens_per_second": 34750.346156672655, "loss_main": 3.6414559483528137, "loss_total": 3.6414559483528137}
{"event": "update", "optimizer_step": 970, "tokens_seen": 31784960, "lr": 0.00014549999999999999, "grad_norm": 1.3992140293121338, "elapsed_seconds": 914.4639481260092, "tokens_per_second": 34758.0241573615, "loss_main": 3.65465646982193, "loss_total": 3.65465646982193}
{"event": "update", "optimizer_step": 980, "tokens_seen": 32112640, "lr": 0.000147, "grad_norm": 6.325937271118164, "elapsed_seconds": 923.690860561037, "tokens_per_second": 34765.57078901401, "loss_main": 3.5738479495048523, "loss_total": 3.5738479495048523}
{"event": "update", "optimizer_step": 990, "tokens_seen": 32440320, "lr": 0.0001485, "grad_norm": 1.3695610761642456, "elapsed_seconds": 932.9186761250021, "tokens_per_second": 34772.93447993243, "loss_main": 3.637873113155365, "loss_total": 3.637873113155365}
{"event": "update", "optimizer_step": 1000, "tokens_seen": 32768000, "lr": 0.00015, "grad_norm": 1.2440251111984253, "elapsed_seconds": 942.1529132980504, "tokens_per_second": 34779.91686646076, "loss_main": 3.6238772869110107, "loss_total": 3.6238772869110107}
{"event": "update", "optimizer_step": 1010, "tokens_seen": 33095680, "lr": 0.0001515, "grad_norm": 1.3964914083480835, "elapsed_seconds": 951.3898517990019, "tokens_per_second": 34786.66493805744, "loss_main": 3.5523436069488525, "loss_total": 3.5523436069488525}
{"event": "update", "optimizer_step": 1020, "tokens_seen": 33423360, "lr": 0.000153, "grad_norm": 1.3068715333938599, "elapsed_seconds": 960.6135639610002, "tokens_per_second": 34793.7622931139, "loss_main": 3.4497886896133423, "loss_total": 3.4497886896133423}
{"event": "update", "optimizer_step": 1030, "tokens_seen": 33751040, "lr": 0.0001545, "grad_norm": 1.301497459411621, "elapsed_seconds": 969.8120915560285, "tokens_per_second": 34801.62837096378, "loss_main": 3.2619269490242004, "loss_total": 3.2619269490242004}
{"event": "update", "optimizer_step": 1040, "tokens_seen": 34078720, "lr": 0.000156, "grad_norm": 1.1642624139785767, "elapsed_seconds": 979.0155445020064, "tokens_per_second": 34809.17151048377, "loss_main": 3.74961256980896, "loss_total": 3.74961256980896}
{"event": "update", "optimizer_step": 1050, "tokens_seen": 34406400, "lr": 0.00015749999999999998, "grad_norm": 1.1790502071380615, "elapsed_seconds": 988.2293927500141, "tokens_per_second": 34816.20790923344, "loss_main": 3.397835075855255, "loss_total": 3.397835075855255}
{"event": "update", "optimizer_step": 1060, "tokens_seen": 34734080, "lr": 0.00015899999999999996, "grad_norm": 1.1394895315170288, "elapsed_seconds": 997.4327455500024, "tokens_per_second": 34823.480735883604, "loss_main": 3.2185218930244446, "loss_total": 3.2185218930244446}
{"event": "update", "optimizer_step": 1070, "tokens_seen": 35061760, "lr": 0.00016049999999999997, "grad_norm": 1.1868542432785034, "elapsed_seconds": 1006.6335995650152, "tokens_per_second": 34830.707036950516, "loss_main": 3.3357039093971252, "loss_total": 3.3357039093971252}
{"event": "update", "optimizer_step": 1080, "tokens_seen": 35389440, "lr": 0.00016199999999999998, "grad_norm": 1.117476224899292, "elapsed_seconds": 1015.8356776710134, "tokens_per_second": 34837.76045466003, "loss_main": 3.4227330088615417, "loss_total": 3.4227330088615417}
{"event": "update", "optimizer_step": 1090, "tokens_seen": 35717120, "lr": 0.0001635, "grad_norm": 1.1632041931152344, "elapsed_seconds": 1025.039268669032, "tokens_per_second": 34844.63580246745, "loss_main": 3.338672459125519, "loss_total": 3.338672459125519}
{"event": "update", "optimizer_step": 1100, "tokens_seen": 36044800, "lr": 0.00016499999999999997, "grad_norm": 1.1061086654663086, "elapsed_seconds": 1034.2198701650486, "tokens_per_second": 34852.16349038788, "loss_main": 3.389041543006897, "loss_total": 3.389041543006897}
{"event": "update", "optimizer_step": 1110, "tokens_seen": 36372480, "lr": 0.00016649999999999998, "grad_norm": 1.1868319511413574, "elapsed_seconds": 1043.4385416100267, "tokens_per_second": 34858.28685595342, "loss_main": 3.3719695806503296, "loss_total": 3.3719695806503296}
{"event": "update", "optimizer_step": 1120, "tokens_seen": 36700160, "lr": 0.000168, "grad_norm": 1.0646718740463257, "elapsed_seconds": 1052.6474145850516, "tokens_per_second": 34864.62750157138, "loss_main": 3.3028844594955444, "loss_total": 3.3028844594955444}
{"event": "update", "optimizer_step": 1130, "tokens_seen": 37027840, "lr": 0.00016949999999999997, "grad_norm": 1.173110008239746, "elapsed_seconds": 1061.8608442860423, "tokens_per_second": 34870.708529511896, "loss_main": 3.4284658432006836, "loss_total": 3.4284658432006836}
{"event": "update", "optimizer_step": 1140, "tokens_seen": 37355520, "lr": 0.00017099999999999998, "grad_norm": 1.0140091180801392, "elapsed_seconds": 1071.0730158320512, "tokens_per_second": 34876.72590741237, "loss_main": 3.40031099319458, "loss_total": 3.40031099319458}
{"event": "update", "optimizer_step": 1150, "tokens_seen": 37683200, "lr": 0.0001725, "grad_norm": 1.0850716829299927, "elapsed_seconds": 1080.2896823440096, "tokens_per_second": 34882.49551567974, "loss_main": 3.5887410044670105, "loss_total": 3.5887410044670105}
{"event": "update", "optimizer_step": 1160, "tokens_seen": 38010880, "lr": 0.000174, "grad_norm": 1.2748348712921143, "elapsed_seconds": 1089.521459006006, "tokens_per_second": 34887.68365762906, "loss_main": 3.477981984615326, "loss_total": 3.477981984615326}
{"event": "update", "optimizer_step": 1170, "tokens_seen": 38338560, "lr": 0.00017549999999999998, "grad_norm": 1.0646064281463623, "elapsed_seconds": 1098.7170596790384, "tokens_per_second": 34893.933485659734, "loss_main": 3.385707199573517, "loss_total": 3.385707199573517}
{"event": "update", "optimizer_step": 1180, "tokens_seen": 38666240, "lr": 0.000177, "grad_norm": 1.0525087118148804, "elapsed_seconds": 1107.9127553210128, "tokens_per_second": 34900.07657579195, "loss_main": 3.4080584049224854, "loss_total": 3.4080584049224854}
{"event": "update", "optimizer_step": 1190, "tokens_seen": 38993920, "lr": 0.0001785, "grad_norm": 1.143734097480774, "elapsed_seconds": 1117.232180549996, "tokens_per_second": 34902.25279834305, "loss_main": 3.3996150493621826, "loss_total": 3.3996150493621826}
{"event": "update", "optimizer_step": 1200, "tokens_seen": 39321600, "lr": 0.00017999999999999998, "grad_norm": 0.9779691100120544, "elapsed_seconds": 1126.4397279110271, "tokens_per_second": 34907.85971560287, "loss_main": 3.4483346939086914, "loss_total": 3.4483346939086914}
{"event": "update", "optimizer_step": 1210, "tokens_seen": 39649280, "lr": 0.0001815, "grad_norm": 1.0958213806152344, "elapsed_seconds": 1135.652878818044, "tokens_per_second": 34913.20344405402, "loss_main": 3.303644597530365, "loss_total": 3.303644597530365}
{"event": "update", "optimizer_step": 1220, "tokens_seen": 39976960, "lr": 0.000183, "grad_norm": 1.0017601251602173, "elapsed_seconds": 1144.8518836590229, "tokens_per_second": 34918.89262760434, "loss_main": 3.4653998017311096, "loss_total": 3.4653998017311096}
{"event": "evaluation", "tokens_seen": 40009728, "elapsed_seconds": 1145.7768152030185, "parameters": 144630912, "main_loss": 3.3261662274599075, "perplexity": 27.83143751011703}
{"event": "update", "optimizer_step": 1230, "tokens_seen": 40304640, "lr": 0.00018449999999999999, "grad_norm": 0.9491948485374451, "elapsed_seconds": 1160.0315830520121, "tokens_per_second": 34744.4333316853, "loss_main": 3.2577953338623047, "loss_total": 3.2577953338623047}
{"event": "update", "optimizer_step": 1240, "tokens_seen": 40632320, "lr": 0.00018599999999999997, "grad_norm": 0.9569373726844788, "elapsed_seconds": 1169.2289603990503, "tokens_per_second": 34751.38007711719, "loss_main": 3.2612866163253784, "loss_total": 3.2612866163253784}
{"event": "update", "optimizer_step": 1250, "tokens_seen": 40960000, "lr": 0.00018749999999999998, "grad_norm": 1.0507858991622925, "elapsed_seconds": 1178.4515074010123, "tokens_per_second": 34757.47601217317, "loss_main": 3.4207882285118103, "loss_total": 3.4207882285118103}
{"event": "update", "optimizer_step": 1260, "tokens_seen": 41287680, "lr": 0.00018899999999999999, "grad_norm": 0.925476610660553, "elapsed_seconds": 1187.6768880370073, "tokens_per_second": 34763.394333824486, "loss_main": 3.220852315425873, "loss_total": 3.220852315425873}
{"event": "update", "optimizer_step": 1270, "tokens_seen": 41615360, "lr": 0.00019049999999999997, "grad_norm": 1.0298775434494019, "elapsed_seconds": 1196.9101214430411, "tokens_per_second": 34768.99330571866, "loss_main": 3.4199663400650024, "loss_total": 3.4199663400650024}
{"event": "update", "optimizer_step": 1280, "tokens_seen": 41943040, "lr": 0.00019199999999999998, "grad_norm": 1.0056750774383545, "elapsed_seconds": 1206.1546362860245, "tokens_per_second": 34774.181301620214, "loss_main": 3.3477178812026978, "loss_total": 3.3477178812026978}
{"event": "update", "optimizer_step": 1290, "tokens_seen": 42270720, "lr": 0.0001935, "grad_norm": 1.1006157398223877, "elapsed_seconds": 1215.3958359770477, "tokens_per_second": 34779.385241203236, "loss_main": 3.2047382593154907, "loss_total": 3.2047382593154907}
{"event": "update", "optimizer_step": 1300, "tokens_seen": 42598400, "lr": 0.00019499999999999997, "grad_norm": 1.0275598764419556, "elapsed_seconds": 1225.9205127260066, "tokens_per_second": 34748.09301075848, "loss_main": 3.2477365136146545, "loss_total": 3.2477365136146545}
{"event": "update", "optimizer_step": 1310, "tokens_seen": 42926080, "lr": 0.00019649999999999998, "grad_norm": 0.9252481460571289, "elapsed_seconds": 1245.6992602990358, "tokens_per_second": 34459.424813092846, "loss_main": 3.4705732464790344, "loss_total": 3.4705732464790344}
{"event": "update", "optimizer_step": 1320, "tokens_seen": 43253760, "lr": 0.000198, "grad_norm": 0.9645140767097473, "elapsed_seconds": 1265.507312561036, "tokens_per_second": 34178.988592698355, "loss_main": 3.2292142510414124, "loss_total": 3.2292142510414124}
{"event": "update", "optimizer_step": 1330, "tokens_seen": 43581440, "lr": 0.00019949999999999997, "grad_norm": 0.91632479429245, "elapsed_seconds": 1285.3296129869996, "tokens_per_second": 33906.82013364676, "loss_main": 3.102582097053528, "loss_total": 3.102582097053528}
{"event": "update", "optimizer_step": 1340, "tokens_seen": 43909120, "lr": 0.00020099999999999998, "grad_norm": 0.9971573352813721, "elapsed_seconds": 1305.1157470720354, "tokens_per_second": 33643.85120515786, "loss_main": 3.2446780800819397, "loss_total": 3.2446780800819397}
{"event": "update", "optimizer_step": 1350, "tokens_seen": 44236800, "lr": 0.0002025, "grad_norm": 0.8386128544807434, "elapsed_seconds": 1324.9593924140208, "tokens_per_second": 33387.287378975736, "loss_main": 3.093026876449585, "loss_total": 3.093026876449585}
{"event": "update", "optimizer_step": 1360, "tokens_seen": 44564480, "lr": 0.000204, "grad_norm": 0.9122873544692993, "elapsed_seconds": 1344.7585329270223, "tokens_per_second": 33139.39187506047, "loss_main": 3.207877993583679, "loss_total": 3.207877993583679}
{"event": "update", "optimizer_step": 1370, "tokens_seen": 44892160, "lr": 0.00020549999999999998, "grad_norm": 0.8394051790237427, "elapsed_seconds": 1364.508108102018, "tokens_per_second": 32899.885118633254, "loss_main": 3.3001734018325806, "loss_total": 3.3001734018325806}
{"event": "update", "optimizer_step": 1380, "tokens_seen": 45219840, "lr": 0.000207, "grad_norm": 0.9189989566802979, "elapsed_seconds": 1384.4224923020229, "tokens_per_second": 32663.32369738394, "loss_main": 3.2220592498779297, "loss_total": 3.2220592498779297}
{"event": "update", "optimizer_step": 1390, "tokens_seen": 45547520, "lr": 0.0002085, "grad_norm": 0.8396651744842529, "elapsed_seconds": 1404.327112021041, "tokens_per_second": 32433.696971391633, "loss_main": 3.1822253465652466, "loss_total": 3.1822253465652466}
{"event": "update", "optimizer_step": 1400, "tokens_seen": 45875200, "lr": 0.00020999999999999998, "grad_norm": 0.9118539690971375, "elapsed_seconds": 1424.1609218920348, "tokens_per_second": 32212.090147125793, "loss_main": 3.1147887110710144, "loss_total": 3.1147887110710144}
{"event": "update", "optimizer_step": 1410, "tokens_seen": 46202880, "lr": 0.0002115, "grad_norm": 0.8294270634651184, "elapsed_seconds": 1444.0777521240525, "tokens_per_second": 31994.731538548745, "loss_main": 3.1119580268859863, "loss_total": 3.1119580268859863}
{"event": "update", "optimizer_step": 1420, "tokens_seen": 46530560, "lr": 0.000213, "grad_norm": 0.8392415642738342, "elapsed_seconds": 1464.0070776900393, "tokens_per_second": 31783.01574430741, "loss_main": 3.113479971885681, "loss_total": 3.113479971885681}
{"event": "update", "optimizer_step": 1430, "tokens_seen": 46858240, "lr": 0.00021449999999999996, "grad_norm": 0.8520247340202332, "elapsed_seconds": 1483.6962303670007, "tokens_per_second": 31582.09816871298, "loss_main": 3.2433647513389587, "loss_total": 3.2433647513389587}
{"event": "update", "optimizer_step": 1440, "tokens_seen": 47185920, "lr": 0.00021599999999999996, "grad_norm": 0.7986094951629639, "elapsed_seconds": 1503.5009623710066, "tokens_per_second": 31384.03046020553, "loss_main": 3.140110731124878, "loss_total": 3.140110731124878}
{"event": "update", "optimizer_step": 1450, "tokens_seen": 47513600, "lr": 0.00021749999999999997, "grad_norm": 0.8921231031417847, "elapsed_seconds": 1523.38225840003, "tokens_per_second": 31189.54532784328, "loss_main": 3.27273428440094, "loss_total": 3.27273428440094}
{"event": "update", "optimizer_step": 1460, "tokens_seen": 47841280, "lr": 0.00021899999999999998, "grad_norm": 0.9349619746208191, "elapsed_seconds": 1543.1352281860309, "tokens_per_second": 31002.649104341846, "loss_main": 3.1264562606811523, "loss_total": 3.1264562606811523}
{"event": "update", "optimizer_step": 1470, "tokens_seen": 48168960, "lr": 0.00022049999999999997, "grad_norm": 0.892487645149231, "elapsed_seconds": 1563.038247182034, "tokens_per_second": 30817.51843682822, "loss_main": 3.036846399307251, "loss_total": 3.036846399307251}
{"event": "update", "optimizer_step": 1480, "tokens_seen": 48496640, "lr": 0.00022199999999999998, "grad_norm": 0.8503733277320862, "elapsed_seconds": 1582.9191181440256, "tokens_per_second": 30637.47189866679, "loss_main": 3.123095214366913, "loss_total": 3.123095214366913}
{"event": "update", "optimizer_step": 1490, "tokens_seen": 48824320, "lr": 0.00022349999999999998, "grad_norm": 0.8838232159614563, "elapsed_seconds": 1602.6980800330057, "tokens_per_second": 30463.828844790605, "loss_main": 3.2209266424179077, "loss_total": 3.2209266424179077}
{"event": "update", "optimizer_step": 1500, "tokens_seen": 49152000, "lr": 0.00022499999999999997, "grad_norm": 0.7821017503738403, "elapsed_seconds": 1622.4285313630244, "tokens_per_second": 30295.32521762714, "loss_main": 3.149906635284424, "loss_total": 3.149906635284424}
{"event": "update", "optimizer_step": 1510, "tokens_seen": 49479680, "lr": 0.00022649999999999998, "grad_norm": 0.8113484382629395, "elapsed_seconds": 1642.2100456040353, "tokens_per_second": 30129.933824512966, "loss_main": 3.04129958152771, "loss_total": 3.04129958152771}
{"event": "update", "optimizer_step": 1520, "tokens_seen": 49807360, "lr": 0.00022799999999999999, "grad_norm": 0.7949625849723816, "elapsed_seconds": 1662.0821264920523, "tokens_per_second": 29966.846527085956, "loss_main": 3.2680411338806152, "loss_total": 3.2680411338806152}
{"event": "evaluation", "tokens_seen": 50003968, "elapsed_seconds": 1673.9946359080495, "parameters": 144630912, "main_loss": 3.1503449231386185, "perplexity": 23.3441151179094}
{"event": "update", "optimizer_step": 1530, "tokens_seen": 50135040, "lr": 0.0002295, "grad_norm": 0.8022453784942627, "elapsed_seconds": 1694.0883720100392, "tokens_per_second": 29594.111398400473, "loss_main": 3.169753909111023, "loss_total": 3.169753909111023}
{"event": "update", "optimizer_step": 1540, "tokens_seen": 50462720, "lr": 0.00023099999999999998, "grad_norm": 0.7805092334747314, "elapsed_seconds": 1714.0206695000525, "tokens_per_second": 29441.138545148948, "loss_main": 3.060882270336151, "loss_total": 3.060882270336151}
{"event": "update", "optimizer_step": 1550, "tokens_seen": 50790400, "lr": 0.00023249999999999999, "grad_norm": 0.8027028441429138, "elapsed_seconds": 1733.8721880320227, "tokens_per_second": 29293.047290670285, "loss_main": 3.1962198615074158, "loss_total": 3.1962198615074158}
{"event": "update", "optimizer_step": 1560, "tokens_seen": 51118080, "lr": 0.000234, "grad_norm": 0.8502334356307983, "elapsed_seconds": 1753.9052510870388, "tokens_per_second": 29145.29161043217, "loss_main": 2.9838342666625977, "loss_total": 2.9838342666625977}
{"event": "update", "optimizer_step": 1570, "tokens_seen": 51445760, "lr": 0.00023549999999999998, "grad_norm": 1.174701452255249, "elapsed_seconds": 1773.8022450820426, "tokens_per_second": 29003.097804524714, "loss_main": 3.2657915353775024, "loss_total": 3.2657915353775024}
{"event": "update", "optimizer_step": 1580, "tokens_seen": 51773440, "lr": 0.000237, "grad_norm": 0.8428237438201904, "elapsed_seconds": 1793.7569766190136, "tokens_per_second": 28863.12955146569, "loss_main": 2.898384928703308, "loss_total": 2.898384928703308}
{"event": "update", "optimizer_step": 1590, "tokens_seen": 52101120, "lr": 0.0002385, "grad_norm": 0.842374861240387, "elapsed_seconds": 1813.608679227007, "tokens_per_second": 28727.87310557338, "loss_main": 3.268714189529419, "loss_total": 3.268714189529419}
{"event": "update", "optimizer_step": 1600, "tokens_seen": 52428800, "lr": 0.00023999999999999998, "grad_norm": 0.7998250722885132, "elapsed_seconds": 1833.564215757011, "tokens_per_second": 28593.926271818127, "loss_main": 3.161998689174652, "loss_total": 3.161998689174652}
{"event": "update", "optimizer_step": 1610, "tokens_seen": 52756480, "lr": 0.0002415, "grad_norm": 0.734661340713501, "elapsed_seconds": 1853.448300144053, "tokens_per_second": 28463.96092941987, "loss_main": 3.3083115220069885, "loss_total": 3.3083115220069885}
{"event": "update", "optimizer_step": 1620, "tokens_seen": 53084160, "lr": 0.00024299999999999997, "grad_norm": 0.7353670597076416, "elapsed_seconds": 1873.3767019680236, "tokens_per_second": 28336.084218531127, "loss_main": 3.06473046541214, "loss_total": 3.06473046541214}
{"event": "update", "optimizer_step": 1630, "tokens_seen": 53411840, "lr": 0.0002445, "grad_norm": 0.9142814874649048, "elapsed_seconds": 1893.2892105700448, "tokens_per_second": 28211.136313357212, "loss_main": 3.1143078207969666, "loss_total": 3.1143078207969666}
{"event": "update", "optimizer_step": 1640, "tokens_seen": 53739520, "lr": 0.00024599999999999996, "grad_norm": 0.7254593968391418, "elapsed_seconds": 1913.2548039800022, "tokens_per_second": 28088.0099651179, "loss_main": 3.266266703605652, "loss_total": 3.266266703605652}
{"event": "update", "optimizer_step": 1650, "tokens_seen": 54067200, "lr": 0.00024749999999999994, "grad_norm": 0.7189221978187561, "elapsed_seconds": 1933.166022852005, "tokens_per_second": 27968.213469960803, "loss_main": 2.961814761161804, "loss_total": 2.961814761161804}
{"event": "update", "optimizer_step": 1660, "tokens_seen": 54394880, "lr": 0.000249, "grad_norm": 0.7699485421180725, "elapsed_seconds": 1952.9768289180356, "tokens_per_second": 27852.291534936023, "loss_main": 3.04352867603302, "loss_total": 3.04352867603302}
{"event": "update", "optimizer_step": 1670, "tokens_seen": 54722560, "lr": 0.0002505, "grad_norm": 0.7354803681373596, "elapsed_seconds": 1972.9157715730253, "tokens_per_second": 27736.896216491372, "loss_main": 3.0092405676841736, "loss_total": 3.0092405676841736}
{"event": "update", "optimizer_step": 1680, "tokens_seen": 55050240, "lr": 0.000252, "grad_norm": 0.7586913108825684, "elapsed_seconds": 1992.8155769350124, "tokens_per_second": 27624.35251769173, "loss_main": 3.1706743240356445, "loss_total": 3.1706743240356445}
{"event": "update", "optimizer_step": 1690, "tokens_seen": 55377920, "lr": 0.0002535, "grad_norm": 0.7066651582717896, "elapsed_seconds": 2012.7198340820032, "tokens_per_second": 27513.973411633684, "loss_main": 3.302376627922058, "loss_total": 3.302376627922058}
{"event": "update", "optimizer_step": 1700, "tokens_seen": 55705600, "lr": 0.000255, "grad_norm": 0.7541704773902893, "elapsed_seconds": 2032.6582405100344, "tokens_per_second": 27405.29563200076, "loss_main": 3.143741548061371, "loss_total": 3.143741548061371}
{"event": "update", "optimizer_step": 1710, "tokens_seen": 56033280, "lr": 0.00025649999999999995, "grad_norm": 0.7471775412559509, "elapsed_seconds": 2052.635958395025, "tokens_per_second": 27298.206372557623, "loss_main": 3.2660789489746094, "loss_total": 3.2660789489746094}
{"event": "update", "optimizer_step": 1720, "tokens_seen": 56360960, "lr": 0.00025799999999999993, "grad_norm": 1.0071073770523071, "elapsed_seconds": 2072.5622222800157, "tokens_per_second": 27193.856664046292, "loss_main": 3.1807920336723328, "loss_total": 3.1807920336723328}
{"event": "update", "optimizer_step": 1730, "tokens_seen": 56688640, "lr": 0.00025949999999999997, "grad_norm": 0.73915034532547, "elapsed_seconds": 2092.609499981045, "tokens_per_second": 27089.92767189172, "loss_main": 2.994920313358307, "loss_total": 2.994920313358307}
{"event": "update", "optimizer_step": 1740, "tokens_seen": 57016320, "lr": 0.00026099999999999995, "grad_norm": 0.6898018717765808, "elapsed_seconds": 2112.55824562005, "tokens_per_second": 26989.22982039027, "loss_main": 3.184902608394623, "loss_total": 3.184902608394623}
{"event": "update", "optimizer_step": 1750, "tokens_seen": 57344000, "lr": 0.00026249999999999993, "grad_norm": 0.6728852391242981, "elapsed_seconds": 2132.4075757540413, "tokens_per_second": 26891.669609512886, "loss_main": 3.068422794342041, "loss_total": 3.068422794342041}
{"event": "update", "optimizer_step": 1760, "tokens_seen": 57671680, "lr": 0.00026399999999999997, "grad_norm": 0.6733272671699524, "elapsed_seconds": 2152.3537262880127, "tokens_per_second": 26794.703535771325, "loss_main": 3.199103057384491, "loss_total": 3.199103057384491}
{"event": "update", "optimizer_step": 1770, "tokens_seen": 57999360, "lr": 0.00026549999999999995, "grad_norm": 0.6949784159660339, "elapsed_seconds": 2172.2839630740345, "tokens_per_second": 26699.71375101631, "loss_main": 3.2339553833007812, "loss_total": 3.2339553833007812}
{"event": "update", "optimizer_step": 1780, "tokens_seen": 58327040, "lr": 0.000267, "grad_norm": 0.8544514775276184, "elapsed_seconds": 2192.1940785620245, "tokens_per_second": 26606.695351654165, "loss_main": 3.1854811310768127, "loss_total": 3.1854811310768127}
{"event": "update", "optimizer_step": 1790, "tokens_seen": 58654720, "lr": 0.00026849999999999997, "grad_norm": 0.796915590763092, "elapsed_seconds": 2212.1142449260224, "tokens_per_second": 26515.230908411573, "loss_main": 3.0135459303855896, "loss_total": 3.0135459303855896}
{"event": "update", "optimizer_step": 1800, "tokens_seen": 58982400, "lr": 0.00026999999999999995, "grad_norm": 0.6798388957977295, "elapsed_seconds": 2232.002173364046, "tokens_per_second": 26425.780720053, "loss_main": 3.197884976863861, "loss_total": 3.197884976863861}
{"event": "update", "optimizer_step": 1810, "tokens_seen": 59310080, "lr": 0.0002715, "grad_norm": 0.7080521583557129, "elapsed_seconds": 2252.0061929170042, "tokens_per_second": 26336.552797475288, "loss_main": 2.9790907502174377, "loss_total": 2.9790907502174377}
{"event": "update", "optimizer_step": 1820, "tokens_seen": 59637760, "lr": 0.00027299999999999997, "grad_norm": 0.6980929970741272, "elapsed_seconds": 2271.9103452530107, "tokens_per_second": 26250.04993027507, "loss_main": 3.002802073955536, "loss_total": 3.002802073955536}
{"event": "update", "optimizer_step": 1830, "tokens_seen": 59965440, "lr": 0.00027449999999999995, "grad_norm": 0.6940354108810425, "elapsed_seconds": 2291.8133833110332, "tokens_per_second": 26165.062319937504, "loss_main": 2.972098708152771, "loss_total": 2.972098708152771}
{"event": "evaluation", "tokens_seen": 60030976, "elapsed_seconds": 2295.8032590970397, "parameters": 144630912, "main_loss": 3.052192509174347, "perplexity": 21.16169079776701}
{"event": "update", "optimizer_step": 1840, "tokens_seen": 60293120, "lr": 0.000276, "grad_norm": 0.6557696461677551, "elapsed_seconds": 2321.5098972900305, "tokens_per_second": 25971.511071472065, "loss_main": 3.0618714690208435, "loss_total": 3.0618714690208435}
{"event": "update", "optimizer_step": 1850, "tokens_seen": 60620800, "lr": 0.00027749999999999997, "grad_norm": 0.6483949422836304, "elapsed_seconds": 2341.486698362045, "tokens_per_second": 25889.8758820225, "loss_main": 2.983950138092041, "loss_total": 2.983950138092041}
{"event": "update", "optimizer_step": 1860, "tokens_seen": 60948480, "lr": 0.00027899999999999995, "grad_norm": 0.6735048294067383, "elapsed_seconds": 2361.521146006009, "tokens_per_second": 25808.991845396293, "loss_main": 3.1245487332344055, "loss_total": 3.1245487332344055}
{"event": "update", "optimizer_step": 1870, "tokens_seen": 61276160, "lr": 0.0002805, "grad_norm": 0.6593212485313416, "elapsed_seconds": 2381.5471413650084, "tokens_per_second": 25729.559972043608, "loss_main": 2.9958205223083496, "loss_total": 2.9958205223083496}
{"event": "update", "optimizer_step": 1880, "tokens_seen": 61603840, "lr": 0.00028199999999999997, "grad_norm": 0.6773335337638855, "elapsed_seconds": 2401.454323226004, "tokens_per_second": 25652.721937781527, "loss_main": 3.0694966912269592, "loss_total": 3.0694966912269592}
{"event": "update", "optimizer_step": 1890, "tokens_seen": 61931520, "lr": 0.00028349999999999995, "grad_norm": 0.6209170818328857, "elapsed_seconds": 2421.427119107044, "tokens_per_second": 25576.454278268204, "loss_main": 2.8422159552574158, "loss_total": 2.8422159552574158}
{"event": "update", "optimizer_step": 1900, "tokens_seen": 62259200, "lr": 0.000285, "grad_norm": 0.6129504442214966, "elapsed_seconds": 2441.108977308031, "tokens_per_second": 25504.473818558174, "loss_main": 2.9256739020347595, "loss_total": 2.9256739020347595}
{"event": "update", "optimizer_step": 1910, "tokens_seen": 62586880, "lr": 0.00028649999999999997, "grad_norm": 0.6218116283416748, "elapsed_seconds": 2460.678067118046, "tokens_per_second": 25434.8103623738, "loss_main": 3.0634084939956665, "loss_total": 3.0634084939956665}
{"event": "update", "optimizer_step": 1920, "tokens_seen": 62914560, "lr": 0.00028799999999999995, "grad_norm": 0.7441050410270691, "elapsed_seconds": 2480.619310801034, "tokens_per_second": 25362.44063168396, "loss_main": 3.12472927570343, "loss_total": 3.12472927570343}
{"event": "update", "optimizer_step": 1930, "tokens_seen": 63242240, "lr": 0.0002895, "grad_norm": 0.8490033745765686, "elapsed_seconds": 2500.6022972950013, "tokens_per_second": 25290.8029671138, "loss_main": 3.0939167737960815, "loss_total": 3.0939167737960815}
{"event": "update", "optimizer_step": 1940, "tokens_seen": 63569920, "lr": 0.00029099999999999997, "grad_norm": 0.6668655276298523, "elapsed_seconds": 2520.527552909043, "tokens_per_second": 25220.878830160524, "loss_main": 3.0006836652755737, "loss_total": 3.0006836652755737}
{"event": "update", "optimizer_step": 1950, "tokens_seen": 63897600, "lr": 0.0002925, "grad_norm": 0.6176238059997559, "elapsed_seconds": 2540.501453820034, "tokens_per_second": 25151.569940619458, "loss_main": 2.8730223774909973, "loss_total": 2.8730223774909973}
{"event": "update", "optimizer_step": 1960, "tokens_seen": 64225280, "lr": 0.000294, "grad_norm": 0.5926859378814697, "elapsed_seconds": 2560.398740370001, "tokens_per_second": 25084.09295292766, "loss_main": 2.9511080384254456, "loss_total": 2.9511080384254456}
{"event": "update", "optimizer_step": 1970, "tokens_seen": 64552960, "lr": 0.00029549999999999997, "grad_norm": 0.7327337265014648, "elapsed_seconds": 2580.4169342100504, "tokens_per_second": 25016.48440768808, "loss_main": 3.059202492237091, "loss_total": 3.059202492237091}
{"event": "update", "optimizer_step": 1980, "tokens_seen": 64880640, "lr": 0.000297, "grad_norm": 0.6190815567970276, "elapsed_seconds": 2600.30399598903, "tokens_per_second": 24951.174978032726, "loss_main": 2.8891690969467163, "loss_total": 2.8891690969467163}
{"event": "update", "optimizer_step": 1990, "tokens_seen": 65208320, "lr": 0.0002985, "grad_norm": 0.656640887260437, "elapsed_seconds": 2620.219617533032, "tokens_per_second": 24886.58567536198, "loss_main": 3.0218339562416077, "loss_total": 3.0218339562416077}
{"event": "update", "optimizer_step": 2000, "tokens_seen": 65536000, "lr": 0.0003, "grad_norm": 0.620376706123352, "elapsed_seconds": 2640.195790825004, "tokens_per_second": 24822.401515730548, "loss_main": 3.0829566717147827, "loss_total": 3.0829566717147827}
{"event": "update", "optimizer_step": 2010, "tokens_seen": 65863680, "lr": 0.0002999982969589093, "grad_norm": 0.6025145053863525, "elapsed_seconds": 2660.2208362470265, "tokens_per_second": 24758.726457055665, "loss_main": 2.9012041091918945, "loss_total": 2.9012041091918945}
{"event": "update", "optimizer_step": 2020, "tokens_seen": 66191360, "lr": 0.00029999240995845185, "grad_norm": 0.6516454219818115, "elapsed_seconds": 2680.1897344430326, "tokens_per_second": 24696.52023115265, "loss_main": 2.964665710926056, "loss_total": 2.964665710926056}
{"event": "update", "optimizer_step": 2030, "tokens_seen": 66519040, "lr": 0.0002999823181567562, "grad_norm": 0.6873274445533752, "elapsed_seconds": 2700.1082261800184, "tokens_per_second": 24635.693989980504, "loss_main": 3.0038759112358093, "loss_total": 3.0038759112358093}
{"event": "update", "optimizer_step": 2040, "tokens_seen": 66846720, "lr": 0.000299968021868166, "grad_norm": 0.6170188784599304, "elapsed_seconds": 2720.13780974003, "tokens_per_second": 24574.754911549386, "loss_main": 3.0748031735420227, "loss_total": 3.0748031735420227}
{"event": "update", "optimizer_step": 2050, "tokens_seen": 67174400, "lr": 0.00029994952153798813, "grad_norm": 0.5966256856918335, "elapsed_seconds": 2740.0913331159973, "tokens_per_second": 24515.3872019332, "loss_main": 2.997395098209381, "loss_total": 2.997395098209381}
{"event": "update", "optimizer_step": 2060, "tokens_seen": 67502080, "lr": 0.0002999268177424788, "grad_norm": 0.6509811878204346, "elapsed_seconds": 2760.0339829390286, "tokens_per_second": 24456.97423193328, "loss_main": 3.096673846244812, "loss_total": 3.096673846244812}
{"event": "update", "optimizer_step": 2070, "tokens_seen": 67829760, "lr": 0.00029989991118882563, "grad_norm": 0.5919989943504333, "elapsed_seconds": 2780.074431055051, "tokens_per_second": 24398.541003903374, "loss_main": 3.1858171224594116, "loss_total": 3.1858171224594116}
{"event": "update", "optimizer_step": 2080, "tokens_seen": 68157440, "lr": 0.0002998688027151253, "grad_norm": 0.5870406031608582, "elapsed_seconds": 2799.8727831910364, "tokens_per_second": 24343.048873213604, "loss_main": 3.130600094795227, "loss_total": 3.130600094795227}
{"event": "update", "optimizer_step": 2090, "tokens_seen": 68485120, "lr": 0.000299833493290358, "grad_norm": 0.5974969863891602, "elapsed_seconds": 2819.899712309998, "tokens_per_second": 24286.367242435917, "loss_main": 2.960374593734741, "loss_total": 2.960374593734741}
{"event": "update", "optimizer_step": 2100, "tokens_seen": 68812800, "lr": 0.00029979398401435656, "grad_norm": 0.575547456741333, "elapsed_seconds": 2839.7603517590323, "tokens_per_second": 24231.903920123154, "loss_main": 2.8715522289276123, "loss_total": 2.8715522289276123}
{"event": "update", "optimizer_step": 2110, "tokens_seen": 69140480, "lr": 0.00029975027611777295, "grad_norm": 0.6139402389526367, "elapsed_seconds": 2859.746257453051, "tokens_per_second": 24177.1380309727, "loss_main": 3.0769487619400024, "loss_total": 3.0769487619400024}
{"event": "update", "optimizer_step": 2120, "tokens_seen": 69468160, "lr": 0.0002997023709620393, "grad_norm": 0.5666354894638062, "elapsed_seconds": 2879.619703072007, "tokens_per_second": 24124.074413677154, "loss_main": 2.9491599202156067, "loss_total": 2.9491599202156067}
{"event": "update", "optimizer_step": 2130, "tokens_seen": 69795840, "lr": 0.0002996502700393259, "grad_norm": 0.5531426072120667, "elapsed_seconds": 2899.5596187880146, "tokens_per_second": 24071.186378700477, "loss_main": 2.8810280561447144, "loss_total": 2.8810280561447144}
{"event": "evaluation", "tokens_seen": 70025216, "elapsed_seconds": 2913.564029561996, "parameters": 144630912, "main_loss": 2.957486368715763, "perplexity": 19.249524684521194}
{"event": "update", "optimizer_step": 2140, "tokens_seen": 70123520, "lr": 0.0002995939749724946, "grad_norm": 0.568945050239563, "elapsed_seconds": 2930.057224627002, "tokens_per_second": 23932.474564187654, "loss_main": 2.8797595500946045, "loss_total": 2.8797595500946045}
{"event": "update", "optimizer_step": 2150, "tokens_seen": 70451200, "lr": 0.0002995334875150481, "grad_norm": 0.6212114691734314, "elapsed_seconds": 2950.104628310015, "tokens_per_second": 23880.915722083522, "loss_main": 2.839695692062378, "loss_total": 2.839695692062378}
{"event": "update", "optimizer_step": 2160, "tokens_seen": 70778880, "lr": 0.0002994688095510757, "grad_norm": 0.5536620020866394, "elapsed_seconds": 2969.897180608008, "tokens_per_second": 23832.097778385007, "loss_main": 3.0945268869400024, "loss_total": 3.0945268869400024}
{"event": "update", "optimizer_step": 2170, "tokens_seen": 71106560, "lr": 0.00029939994309519395, "grad_norm": 0.5815698504447937, "elapsed_seconds": 2989.947355576034, "tokens_per_second": 23781.876917461923, "loss_main": 2.911820709705353, "loss_total": 2.911820709705353}
{"event": "update", "optimizer_step": 2180, "tokens_seen": 71434240, "lr": 0.00029932689029248485, "grad_norm": 0.5533280968666077, "elapsed_seconds": 3009.876805065025, "tokens_per_second": 23733.277016451422, "loss_main": 2.7982102632522583, "loss_total": 2.7982102632522583}
{"event": "update", "optimizer_step": 2190, "tokens_seen": 71761920, "lr": 0.0002992496534184283, "grad_norm": 0.61461341381073, "elapsed_seconds": 3029.8051109050284, "tokens_per_second": 23685.325416381023, "loss_main": 2.902581036090851, "loss_total": 2.902581036090851}
{"event": "update", "optimizer_step": 2200, "tokens_seen": 72089600, "lr": 0.0002991682348788315, "grad_norm": 0.6083683967590332, "elapsed_seconds": 3049.5523393650074, "tokens_per_second": 23639.404075619455, "loss_main": 2.9622687101364136, "loss_total": 2.9622687101364136}
{"event": "update", "optimizer_step": 2210, "tokens_seen": 72417280, "lr": 0.0002990826372097537, "grad_norm": 0.5414561629295349, "elapsed_seconds": 3069.4495659170207, "tokens_per_second": 23592.920634408536, "loss_main": 3.0044355988502502, "loss_total": 3.0044355988502502}
{"event": "update", "optimizer_step": 2220, "tokens_seen": 72744960, "lr": 0.00029899286307742776, "grad_norm": 0.5756528973579407, "elapsed_seconds": 3089.3750215620385, "tokens_per_second": 23546.820794588726, "loss_main": 2.7885782718658447, "loss_total": 2.7885782718658447}
{"event": "update", "optimizer_step": 2230, "tokens_seen": 73072640, "lr": 0.0002988989152781766, "grad_norm": 0.542481541633606, "elapsed_seconds": 3109.36577669502, "tokens_per_second": 23500.818252933153, "loss_main": 2.8076193928718567, "loss_total": 2.8076193928718567}
{"event": "update", "optimizer_step": 2240, "tokens_seen": 73400320, "lr": 0.00029880079673832657, "grad_norm": 0.5650848150253296, "elapsed_seconds": 3129.307377664023, "tokens_per_second": 23455.771882272602, "loss_main": 2.8550005555152893, "loss_total": 2.8550005555152893}
{"event": "update", "optimizer_step": 2250, "tokens_seen": 73728000, "lr": 0.0002986985105141158, "grad_norm": 0.5662059783935547, "elapsed_seconds": 3149.3125035310513, "tokens_per_second": 23410.823764658217, "loss_main": 3.0291542410850525, "loss_total": 3.0291542410850525}
{"event": "update", "optimizer_step": 2260, "tokens_seen": 74055680, "lr": 0.00029859205979159917, "grad_norm": 0.6203566789627075, "elapsed_seconds": 3169.070738552022, "tokens_per_second": 23368.26347834594, "loss_main": 2.7212363481521606, "loss_total": 2.7212363481521606}
{"event": "update", "optimizer_step": 2270, "tokens_seen": 74383360, "lr": 0.0002984814478865493, "grad_norm": 0.5410842299461365, "elapsed_seconds": 3189.1313653700054, "tokens_per_second": 23324.01882459614, "loss_main": 2.8204327821731567, "loss_total": 2.8204327821731567}
{"event": "update", "optimizer_step": 2280, "tokens_seen": 74711040, "lr": 0.00029836667824435315, "grad_norm": 0.5673363208770752, "elapsed_seconds": 3209.0622149700066, "tokens_per_second": 23281.268792944946, "loss_main": 2.9272749423980713, "loss_total": 2.9272749423980713}
{"event": "update", "optimizer_step": 2290, "tokens_seen": 75038720, "lr": 0.0002982477544399044, "grad_norm": 0.5900759100914001, "elapsed_seconds": 3228.957560992043, "tokens_per_second": 23239.302029397255, "loss_main": 2.8697999715805054, "loss_total": 2.8697999715805054}
{"event": "update", "optimizer_step": 2300, "tokens_seen": 75366400, "lr": 0.00029812468017749265, "grad_norm": 0.5895984768867493, "elapsed_seconds": 3248.911308046023, "tokens_per_second": 23197.43226395652, "loss_main": 2.8566835522651672, "loss_total": 2.8566835522651672}
{"event": "update", "optimizer_step": 2310, "tokens_seen": 75694080, "lr": 0.00029799745929068745, "grad_norm": 0.5742082595825195, "elapsed_seconds": 3268.8837810370023, "tokens_per_second": 23155.941009315186, "loss_main": 2.8375138640403748, "loss_total": 2.8375138640403748}
{"event": "update", "optimizer_step": 2320, "tokens_seen": 76021760, "lr": 0.0002978660957422194, "grad_norm": 0.5512344837188721, "elapsed_seconds": 3288.727259839012, "tokens_per_second": 23115.860329421594, "loss_main": 3.024498403072357, "loss_total": 3.024498403072357}
{"event": "update", "optimizer_step": 2330, "tokens_seen": 76349440, "lr": 0.0002977305936238565, "grad_norm": 0.5122039914131165, "elapsed_seconds": 3308.6832101520267, "tokens_per_second": 23075.4759977435, "loss_main": 2.8901379704475403, "loss_total": 2.8901379704475403}
{"event": "update", "optimizer_step": 2340, "tokens_seen": 76677120, "lr": 0.00029759095715627636, "grad_norm": 0.5892127752304077, "elapsed_seconds": 3328.685608839034, "tokens_per_second": 23035.254454908747, "loss_main": 2.8263994455337524, "loss_total": 2.8263994455337524}
{"event": "update", "optimizer_step": 2350, "tokens_seen": 77004800, "lr": 0.0002974471906889355, "grad_norm": 0.5875831246376038, "elapsed_seconds": 3348.3891844350146, "tokens_per_second": 22997.565622884213, "loss_main": 2.912963390350342, "loss_total": 2.912963390350342}
{"event": "update", "optimizer_step": 2360, "tokens_seen": 77332480, "lr": 0.00029729929869993317, "grad_norm": 0.5609917044639587, "elapsed_seconds": 3368.21676356002, "tokens_per_second": 22959.4724533892, "loss_main": 2.9530778527259827, "loss_total": 2.9530778527259827}
{"event": "update", "optimizer_step": 2370, "tokens_seen": 77660160, "lr": 0.0002971472857958723, "grad_norm": 0.5772637128829956, "elapsed_seconds": 3387.707213111047, "tokens_per_second": 22924.106221293554, "loss_main": 2.763691484928131, "loss_total": 2.763691484928131}
{"event": "update", "optimizer_step": 2380, "tokens_seen": 77987840, "lr": 0.0002969911567117156, "grad_norm": 0.5125139951705933, "elapsed_seconds": 3406.9564963820158, "tokens_per_second": 22890.764846225193, "loss_main": 2.680515229701996, "loss_total": 2.680515229701996}
{"event": "update", "optimizer_step": 2390, "tokens_seen": 78315520, "lr": 0.00029683091631063847, "grad_norm": 0.5856884717941284, "elapsed_seconds": 3426.2600552940276, "tokens_per_second": 22857.436019484892, "loss_main": 2.934528887271881, "loss_total": 2.934528887271881}
{"event": "update", "optimizer_step": 2400, "tokens_seen": 78643200, "lr": 0.00029666656958387747, "grad_norm": 0.5469218492507935, "elapsed_seconds": 3445.429317338043, "tokens_per_second": 22825.37029688949, "loss_main": 2.932217001914978, "loss_total": 2.932217001914978}
{"event": "update", "optimizer_step": 2410, "tokens_seen": 78970880, "lr": 0.00029649812165057467, "grad_norm": 0.5693067908287048, "elapsed_seconds": 3464.371084849001, "tokens_per_second": 22795.15619598876, "loss_main": 2.8850677013397217, "loss_total": 2.8850677013397217}
{"event": "update", "optimizer_step": 2420, "tokens_seen": 79298560, "lr": 0.00029632557775761807, "grad_norm": 0.6014930605888367, "elapsed_seconds": 3483.121760421025, "tokens_per_second": 22766.51964943503, "loss_main": 3.0910274386405945, "loss_total": 3.0910274386405945}
{"event": "update", "optimizer_step": 2430, "tokens_seen": 79626240, "lr": 0.0002961489432794787, "grad_norm": 0.5572185516357422, "elapsed_seconds": 3502.433389515034, "tokens_per_second": 22734.547996935777, "loss_main": 2.783644914627075, "loss_total": 2.783644914627075}
{"event": "update", "optimizer_step": 2440, "tokens_seen": 79953920, "lr": 0.00029596822371804254, "grad_norm": 0.6093950271606445, "elapsed_seconds": 3522.1680321440217, "tokens_per_second": 22700.20035112586, "loss_main": 3.0485557913780212, "loss_total": 3.0485557913780212}
{"event": "evaluation", "tokens_seen": 80019456, "elapsed_seconds": 3526.1001330940053, "parameters": 144630912, "main_loss": 2.8685208559036255, "perplexity": 17.610949792707487}
{"event": "update", "optimizer_step": 2450, "tokens_seen": 80281600, "lr": 0.00029578342470243987, "grad_norm": 0.5559657216072083, "elapsed_seconds": 3551.2055687920074, "tokens_per_second": 22606.857993666898, "loss_main": 2.625986337661743, "loss_total": 2.625986337661743}
{"event": "update", "optimizer_step": 2460, "tokens_seen": 80609280, "lr": 0.00029559455198886926, "grad_norm": 0.5584529638290405, "elapsed_seconds": 3570.8876075020526, "tokens_per_second": 22574.01768418825, "loss_main": 3.000803530216217, "loss_total": 3.000803530216217}
{"event": "update", "optimizer_step": 2470, "tokens_seen": 80936960, "lr": 0.0002954016114604187, "grad_norm": 0.5292922854423523, "elapsed_seconds": 3590.577636711998, "tokens_per_second": 22541.48724496498, "loss_main": 2.8135459423065186, "loss_total": 2.8135459423065186}
{"event": "update", "optimizer_step": 2480, "tokens_seen": 81264640, "lr": 0.00029520460912688205, "grad_norm": 0.5322114825248718, "elapsed_seconds": 3600.6080020189984, "tokens_per_second": 22569.699327011385, "loss_main": 2.887266516685486, "loss_total": 2.887266516685486}
{"event": "update", "optimizer_step": 2490, "tokens_seen": 81592320, "lr": 0.00029500355112457215, "grad_norm": 0.5338680148124695, "elapsed_seconds": 3619.165581066045, "tokens_per_second": 22544.511482662405, "loss_main": 2.892614006996155, "loss_total": 2.892614006996155}
{"event": "update", "optimizer_step": 2500, "tokens_seen": 81920000, "lr": 0.0002947984437161297, "grad_norm": 1.1262891292572021, "elapsed_seconds": 3638.962648139044, "tokens_per_second": 22511.910102153335, "loss_main": 2.878569483757019, "loss_total": 2.878569483757019}
{"event": "update", "optimizer_step": 2510, "tokens_seen": 82247680, "lr": 0.00029458929329032773, "grad_norm": 0.5449598431587219, "elapsed_seconds": 3658.8216690850095, "tokens_per_second": 22479.280882953863, "loss_main": 2.8137179017066956, "loss_total": 2.8137179017066956}
{"event": "update", "optimizer_step": 2520, "tokens_seen": 82575360, "lr": 0.00029437610636187303, "grad_norm": 0.49858978390693665, "elapsed_seconds": 3678.530041500053, "tokens_per_second": 22447.923237926563, "loss_main": 2.8271751403808594, "loss_total": 2.8271751403808594}
{"event": "update", "optimizer_step": 2530, "tokens_seen": 82903040, "lr": 0.00029415888957120303, "grad_norm": 0.5189210176467896, "elapsed_seconds": 3698.3848635140457, "tokens_per_second": 22416.012140291183, "loss_main": 2.931409239768982, "loss_total": 2.931409239768982}
{"event": "update", "optimizer_step": 2540, "tokens_seen": 83230720, "lr": 0.0002939376496842792, "grad_norm": 0.5052779316902161, "elapsed_seconds": 3718.176396829018, "tokens_per_second": 22384.822858587846, "loss_main": 2.714472472667694, "loss_total": 2.714472472667694}
{"event": "update", "optimizer_step": 2550, "tokens_seen": 83558400, "lr": 0.00029371239359237604, "grad_norm": 0.5058876276016235, "elapsed_seconds": 3737.98030721501, "tokens_per_second": 22353.88983690376, "loss_main": 2.923445463180542, "loss_total": 2.923445463180542}
{"event": "update", "optimizer_step": 2560, "tokens_seen": 83886080, "lr": 0.00029348312831186643, "grad_norm": 0.5331330895423889, "elapsed_seconds": 3757.795470872021, "tokens_per_second": 22323.216005296235, "loss_main": 2.8033291697502136, "loss_total": 2.8033291697502136}
{"event": "update", "optimizer_step": 2570, "tokens_seen": 84213760, "lr": 0.00029324986098400326, "grad_norm": 0.5143605470657349, "elapsed_seconds": 3777.6365756940213, "tokens_per_second": 22292.710882207717, "loss_main": 2.785689115524292, "loss_total": 2.785689115524292}
{"event": "update", "optimizer_step": 2580, "tokens_seen": 84541440, "lr": 0.00029301259887469695, "grad_norm": 0.5026091933250427, "elapsed_seconds": 3797.466647569032, "tokens_per_second": 22262.589206443627, "loss_main": 2.7691036462783813, "loss_total": 2.7691036462783813}
{"event": "update", "optimizer_step": 2590, "tokens_seen": 84869120, "lr": 0.0002927713493742889, "grad_norm": 0.48770344257354736, "elapsed_seconds": 3817.365667758044, "tokens_per_second": 22232.37891952961, "loss_main": 2.7627575397491455, "loss_total": 2.7627575397491455}
{"event": "update", "optimizer_step": 2600, "tokens_seen": 85196800, "lr": 0.00029252611999732163, "grad_norm": 0.5126095414161682, "elapsed_seconds": 3837.2229135310045, "tokens_per_second": 22202.72366757085, "loss_main": 2.8561588525772095, "loss_total": 2.8561588525772095}
{"event": "update", "optimizer_step": 2610, "tokens_seen": 85524480, "lr": 0.0002922769183823046, "grad_norm": 0.5203274488449097, "elapsed_seconds": 3856.8993853410357, "tokens_per_second": 22174.413033706278, "loss_main": 2.610646367073059, "loss_total": 2.610646367073059}
{"event": "update", "optimizer_step": 2620, "tokens_seen": 85852160, "lr": 0.00029202375229147605, "grad_norm": 0.49822863936424255, "elapsed_seconds": 3876.6397008910426, "tokens_per_second": 22146.02506915124, "loss_main": 2.9506630897521973, "loss_total": 2.9506630897521973}
{"event": "update", "optimizer_step": 2630, "tokens_seen": 86179840, "lr": 0.00029176662961056144, "grad_norm": 0.5612930655479431, "elapsed_seconds": 3896.487661969033, "tokens_per_second": 22117.313713358526, "loss_main": 2.775359094142914, "loss_total": 2.775359094142914}
{"event": "update", "optimizer_step": 2640, "tokens_seen": 86507520, "lr": 0.00029150555834852796, "grad_norm": 0.49139368534088135, "elapsed_seconds": 3916.2630307590007, "tokens_per_second": 22089.302817649153, "loss_main": 2.9499704241752625, "loss_total": 2.9499704241752625}
{"event": "update", "optimizer_step": 2650, "tokens_seen": 86835200, "lr": 0.0002912405466373346, "grad_norm": 0.5152062773704529, "elapsed_seconds": 3936.133828474034, "tokens_per_second": 22061.038517499896, "loss_main": 2.7570160031318665, "loss_total": 2.7570160031318665}
{"event": "update", "optimizer_step": 2660, "tokens_seen": 87162880, "lr": 0.00029097160273167957, "grad_norm": 0.7212429046630859, "elapsed_seconds": 3956.0303955170093, "tokens_per_second": 22032.914635532972, "loss_main": 2.798359990119934, "loss_total": 2.798359990119934}
{"event": "update", "optimizer_step": 2670, "tokens_seen": 87490560, "lr": 0.0002906987350087424, "grad_norm": 0.5000656843185425, "elapsed_seconds": 3975.711183425039, "tokens_per_second": 22006.26654288999, "loss_main": 2.8117860555648804, "loss_total": 2.8117860555648804}
{"event": "update", "optimizer_step": 2680, "tokens_seen": 87818240, "lr": 0.00029042195196792345, "grad_norm": 0.480191171169281, "elapsed_seconds": 3995.4646376570454, "tokens_per_second": 21979.48122786964, "loss_main": 2.6758329272270203, "loss_total": 2.6758329272270203}
{"event": "update", "optimizer_step": 2690, "tokens_seen": 88145920, "lr": 0.0002901412622305791, "grad_norm": 0.536900520324707, "elapsed_seconds": 4015.433788199036, "tokens_per_second": 21951.780218379437, "loss_main": 2.8512561917304993, "loss_total": 2.8512561917304993}
{"event": "update", "optimizer_step": 2700, "tokens_seen": 88473600, "lr": 0.00028985667453975317, "grad_norm": 0.6748062372207642, "elapsed_seconds": 4035.6500413120375, "tokens_per_second": 21923.010938588766, "loss_main": 2.711712896823883, "loss_total": 2.711712896823883}
{"event": "update", "optimizer_step": 2710, "tokens_seen": 88801280, "lr": 0.0002895681977599045, "grad_norm": 0.4948454797267914, "elapsed_seconds": 4055.7039887690335, "tokens_per_second": 21895.404656233924, "loss_main": 2.7266529202461243, "loss_total": 2.7266529202461243}
{"event": "update", "optimizer_step": 2720, "tokens_seen": 89128960, "lr": 0.0002892758408766312, "grad_norm": 0.5028791427612305, "elapsed_seconds": 4075.60552791605, "tokens_per_second": 21868.887798268755, "loss_main": 2.9069024324417114, "loss_total": 2.9069024324417114}
{"event": "update", "optimizer_step": 2730, "tokens_seen": 89456640, "lr": 0.00028897961299639017, "grad_norm": 0.506099283695221, "elapsed_seconds": 4095.5202877810225, "tokens_per_second": 21842.55814014491, "loss_main": 2.893033504486084, "loss_total": 2.893033504486084}
{"event": "update", "optimizer_step": 2740, "tokens_seen": 89784320, "lr": 0.00028867952334621404, "grad_norm": 0.5488905906677246, "elapsed_seconds": 4115.301931570051, "tokens_per_second": 21817.18899194983, "loss_main": 2.7055023908615112, "loss_total": 2.7055023908615112}
{"event": "evaluation", "tokens_seen": 90013696, "elapsed_seconds": 4129.1164805610315, "parameters": 144630912, "main_loss": 2.7957235649228096, "perplexity": 16.374472461697255}
{"event": "update", "optimizer_step": 2750, "tokens_seen": 90112000, "lr": 0.0002883755812734233, "grad_norm": 2.50934100151062, "elapsed_seconds": 4145.086104950053, "tokens_per_second": 21739.476024970496, "loss_main": 2.7820481657981873, "loss_total": 2.7820481657981873}
{"event": "update", "optimizer_step": 2760, "tokens_seen": 90439680, "lr": 0.00028806779624533565, "grad_norm": 0.5576349496841431, "elapsed_seconds": 4165.015208117024, "tokens_per_second": 21714.129596392806, "loss_main": 2.72451913356781, "loss_total": 2.72451913356781}
{"event": "update", "optimizer_step": 2770, "tokens_seen": 90767360, "lr": 0.0002877561778489704, "grad_norm": 0.782627284526825, "elapsed_seconds": 4184.868498689029, "tokens_per_second": 21689.41748789339, "loss_main": 2.710591673851013, "loss_total": 2.710591673851013}
{"event": "update", "optimizer_step": 2780, "tokens_seen": 91095040, "lr": 0.0002874407357907504, "grad_norm": 0.4481275677680969, "elapsed_seconds": 4204.823170347023, "tokens_per_second": 21664.416387926714, "loss_main": 2.843742072582245, "loss_total": 2.843742072582245}
{"event": "update", "optimizer_step": 2790, "tokens_seen": 91422720, "lr": 0.0002871214798961998, "grad_norm": 0.5270897150039673, "elapsed_seconds": 4224.726661399007, "tokens_per_second": 21639.913615080037, "loss_main": 2.7480628490448, "loss_total": 2.7480628490448}
{"event": "update", "optimizer_step": 2800, "tokens_seen": 91750400, "lr": 0.0002867984201096374, "grad_norm": 0.5018428564071655, "elapsed_seconds": 4244.5390910390415, "tokens_per_second": 21616.104371308775, "loss_main": 2.8554347157478333, "loss_total": 2.8554347157478333}
{"event": "update", "optimizer_step": 2810, "tokens_seen": 92078080, "lr": 0.0002864715664938675, "grad_norm": 0.48135676980018616, "elapsed_seconds": 4264.406700672, "tokens_per_second": 21592.23696592776, "loss_main": 2.711505711078644, "loss_total": 2.711505711078644}
{"event": "update", "optimizer_step": 2820, "tokens_seen": 92405760, "lr": 0.00028614092922986606, "grad_norm": 0.8647090196609497, "elapsed_seconds": 4284.244220528053, "tokens_per_second": 21568.742406708683, "loss_main": 2.6371957659721375, "loss_total": 2.6371957659721375}
{"event": "update", "optimizer_step": 2830, "tokens_seen": 92733440, "lr": 0.0002858065186164638, "grad_norm": 0.5054959654808044, "elapsed_seconds": 4304.132871381997, "tokens_per_second": 21545.208470812053, "loss_main": 2.827574372291565, "loss_total": 2.827574372291565}
{"event": "update", "optimizer_step": 2840, "tokens_seen": 93061120, "lr": 0.0002854683450700253, "grad_norm": 0.571328341960907, "elapsed_seconds": 4324.043844606029, "tokens_per_second": 21521.779922765552, "loss_main": 3.1105868220329285, "loss_total": 3.1105868220329285}
{"event": "update", "optimizer_step": 2850, "tokens_seen": 93388800, "lr": 0.00028512641912412464, "grad_norm": 0.5046324133872986, "elapsed_seconds": 4343.884246119007, "tokens_per_second": 21498.91541963558, "loss_main": 2.6316452622413635, "loss_total": 2.6316452622413635}
{"event": "update", "optimizer_step": 2860, "tokens_seen": 93716480, "lr": 0.00028478075142921735, "grad_norm": 0.5254001021385193, "elapsed_seconds": 4363.790487524006, "tokens_per_second": 21475.934802079442, "loss_main": 2.979273796081543, "loss_total": 2.979273796081543}
{"event": "update", "optimizer_step": 2870, "tokens_seen": 94044160, "lr": 0.0002844313527523082, "grad_norm": 0.480027437210083, "elapsed_seconds": 4383.675204056024, "tokens_per_second": 21453.26823323613, "loss_main": 2.9791242480278015, "loss_total": 2.9791242480278015}
{"event": "update", "optimizer_step": 2880, "tokens_seen": 94371840, "lr": 0.0002840782339766164, "grad_norm": 0.47246986627578735, "elapsed_seconds": 4403.547407765, "tokens_per_second": 21430.867267055946, "loss_main": 2.9370908737182617, "loss_total": 2.9370908737182617}
{"event": "update", "optimizer_step": 2890, "tokens_seen": 94699520, "lr": 0.00028372140610123653, "grad_norm": 0.5167556405067444, "elapsed_seconds": 4423.505073337001, "tokens_per_second": 21408.253959243375, "loss_main": 2.6514191031455994, "loss_total": 2.6514191031455994}
{"event": "update", "optimizer_step": 2900, "tokens_seen": 95027200, "lr": 0.0002833608802407956, "grad_norm": 0.4626714587211609, "elapsed_seconds": 4443.402350821998, "tokens_per_second": 21386.134429717047, "loss_main": 2.9111030101776123, "loss_total": 2.9111030101776123}
{"event": "update", "optimizer_step": 2910, "tokens_seen": 95354880, "lr": 0.0002829966676251071, "grad_norm": 0.5112900137901306, "elapsed_seconds": 4463.348431375052, "tokens_per_second": 21363.978516600688, "loss_main": 2.7656546235084534, "loss_total": 2.7656546235084534}
{"event": "update", "optimizer_step": 2920, "tokens_seen": 95682560, "lr": 0.000282628779598821, "grad_norm": 0.4955771863460541, "elapsed_seconds": 4483.2465431090095, "tokens_per_second": 21342.24809631967, "loss_main": 2.7252995371818542, "loss_total": 2.7252995371818542}
{"event": "update", "optimizer_step": 2930, "tokens_seen": 96010240, "lr": 0.0002822572276210709, "grad_norm": 0.505264163017273, "elapsed_seconds": 4503.032131308049, "tokens_per_second": 21321.24248736168, "loss_main": 2.8031968474388123, "loss_total": 2.8031968474388123}
{"event": "update", "optimizer_step": 2940, "tokens_seen": 96337920, "lr": 0.0002818820232651163, "grad_norm": 0.8132694959640503, "elapsed_seconds": 4522.994124565041, "tokens_per_second": 21299.589905893245, "loss_main": 2.8503904938697815, "loss_total": 2.8503904938697815}
{"event": "update", "optimizer_step": 2950, "tokens_seen": 96665600, "lr": 0.0002815031782179827, "grad_norm": 0.5068329572677612, "elapsed_seconds": 4542.899856058008, "tokens_per_second": 21278.391129642743, "loss_main": 2.522407293319702, "loss_total": 2.522407293319702}
{"event": "update", "optimizer_step": 2960, "tokens_seen": 96993280, "lr": 0.0002811207042800976, "grad_norm": 0.4614684581756592, "elapsed_seconds": 4562.717573311005, "tokens_per_second": 21257.787369384634, "loss_main": 2.7713942527770996, "loss_total": 2.7713942527770996}
{"event": "update", "optimizer_step": 2970, "tokens_seen": 97320960, "lr": 0.0002807346133649225, "grad_norm": 0.48022472858428955, "elapsed_seconds": 4582.56114749104, "tokens_per_second": 21237.24198492875, "loss_main": 2.6386513113975525, "loss_total": 2.6386513113975525}
{"event": "update", "optimizer_step": 2980, "tokens_seen": 97648640, "lr": 0.00028034491749858196, "grad_norm": 0.4823780953884125, "elapsed_seconds": 4602.452777175, "tokens_per_second": 21216.652234710607, "loss_main": 2.657475173473358, "loss_total": 2.657475173473358}
{"event": "update", "optimizer_step": 2990, "tokens_seen": 97976320, "lr": 0.0002799516288194895, "grad_norm": 0.5225213170051575, "elapsed_seconds": 4622.316192339, "tokens_per_second": 21196.36907626211, "loss_main": 2.7584716081619263, "loss_total": 2.7584716081619263}
{"event": "update", "optimizer_step": 3000, "tokens_seen": 98304000, "lr": 0.00027955475957796867, "grad_norm": 0.46133485436439514, "elapsed_seconds": 4642.209191716043, "tokens_per_second": 21176.124543336413, "loss_main": 2.6651931405067444, "loss_total": 2.6651931405067444}
{"event": "update", "optimizer_step": 3010, "tokens_seen": 98631680, "lr": 0.0002791543221358722, "grad_norm": 0.5801242589950562, "elapsed_seconds": 4662.091743713012, "tokens_per_second": 21156.10018464526, "loss_main": 2.6480799317359924, "loss_total": 2.6480799317359924}
{"event": "update", "optimizer_step": 3020, "tokens_seen": 98959360, "lr": 0.00027875032896619654, "grad_norm": 0.45319631695747375, "elapsed_seconds": 4681.987347117043, "tokens_per_second": 21136.18697857753, "loss_main": 2.579324245452881, "loss_total": 2.579324245452881}
{"event": "update", "optimizer_step": 3030, "tokens_seen": 99287040, "lr": 0.0002783427926526935, "grad_norm": 0.532473087310791, "elapsed_seconds": 4701.855160557025, "tokens_per_second": 21116.567101619854, "loss_main": 2.6793150901794434, "loss_total": 2.6793150901794434}
{"event": "update", "optimizer_step": 3040, "tokens_seen": 99614720, "lr": 0.0002779317258894781, "grad_norm": 0.5043364763259888, "elapsed_seconds": 4721.8405918030185, "tokens_per_second": 21096.586821022363, "loss_main": 2.9557835459709167, "loss_total": 2.9557835459709167}
{"event": "update", "optimizer_step": 3050, "tokens_seen": 99942400, "lr": 0.00027751714148063365, "grad_norm": 0.48772573471069336, "elapsed_seconds": 4741.771251269034, "tokens_per_second": 21077.018418645257, "loss_main": 2.670551061630249, "loss_total": 2.670551061630249}
{"event": "evaluation", "tokens_seen": 100007936, "elapsed_seconds": 4745.81444773305, "parameters": 144630912, "main_loss": 2.7429493218660355, "perplexity": 15.532728623157139}
{"event": "update", "optimizer_step": 3060, "tokens_seen": 100270080, "lr": 0.0002770990523398121, "grad_norm": 0.47238826751708984, "elapsed_seconds": 4771.98234480503, "tokens_per_second": 21012.248737499627, "loss_main": 2.5804174542427063, "loss_total": 2.5804174542427063}
{"event": "update", "optimizer_step": 3070, "tokens_seen": 100597760, "lr": 0.000276677471489833, "grad_norm": 0.5128269195556641, "elapsed_seconds": 4791.881211136002, "tokens_per_second": 20993.37516260164, "loss_main": 2.7902331352233887, "loss_total": 2.7902331352233887}
{"event": "update", "optimizer_step": 3080, "tokens_seen": 100925440, "lr": 0.00027625241206227617, "grad_norm": 0.46711838245391846, "elapsed_seconds": 4811.803812701022, "tokens_per_second": 20974.554227169803, "loss_main": 2.787826180458069, "loss_total": 2.787826180458069}
{"event": "update", "optimizer_step": 3090, "tokens_seen": 101253120, "lr": 0.0002758238872970746, "grad_norm": 0.5182727575302124, "elapsed_seconds": 4831.165811846033, "tokens_per_second": 20958.320195040098, "loss_main": 2.700699210166931, "loss_total": 2.700699210166931}
{"event": "update", "optimizer_step": 3100, "tokens_seen": 101580800, "lr": 0.00027539191054210053, "grad_norm": 0.470941960811615, "elapsed_seconds": 4851.119478036009, "tokens_per_second": 20939.661548209344, "loss_main": 2.73533833026886, "loss_total": 2.73533833026886}
{"event": "update", "optimizer_step": 3110, "tokens_seen": 101908480, "lr": 0.0002749564952527505, "grad_norm": 0.4916391372680664, "elapsed_seconds": 4871.039652628999, "tokens_per_second": 20921.299613111943, "loss_main": 2.8461713790893555, "loss_total": 2.8461713790893555}
{"event": "update", "optimizer_step": 3120, "tokens_seen": 102236160, "lr": 0.0002745176549915258, "grad_norm": 0.5371950268745422, "elapsed_seconds": 4891.052342256997, "tokens_per_second": 20902.691863817327, "loss_main": 2.9303001165390015, "loss_total": 2.9303001165390015}
{"event": "update", "optimizer_step": 3130, "tokens_seen": 102563840, "lr": 0.00027407540342761036, "grad_norm": 0.7840827703475952, "elapsed_seconds": 4910.938733042043, "tokens_per_second": 20884.772866320738, "loss_main": 2.815181791782379, "loss_total": 2.815181791782379}
{"event": "update", "optimizer_step": 3140, "tokens_seen": 102891520, "lr": 0.0002736297543364448, "grad_norm": 0.4590388536453247, "elapsed_seconds": 4930.861703708011, "tokens_per_second": 20866.843603142534, "loss_main": 2.716272532939911, "loss_total": 2.716272532939911}
{"event": "update", "optimizer_step": 3150, "tokens_seen": 103219200, "lr": 0.0002731807215992973, "grad_norm": 0.5001507997512817, "elapsed_seconds": 4950.87405577203, "tokens_per_second": 20848.682240191665, "loss_main": 2.644678473472595, "loss_total": 2.644678473472595}
{"event": "update", "optimizer_step": 3160, "tokens_seen": 103546880, "lr": 0.0002727283192028313, "grad_norm": 0.518142580986023, "elapsed_seconds": 4970.755919140996, "tokens_per_second": 20831.213940976224, "loss_main": 2.8013340830802917, "loss_total": 2.8013340830802917}
{"event": "update", "optimizer_step": 3170, "tokens_seen": 103874560, "lr": 0.0002722725612386699, "grad_norm": 0.5325635671615601, "elapsed_seconds": 4990.7138360150275, "tokens_per_second": 20813.567640444297, "loss_main": 2.6441606879234314, "loss_total": 2.6441606879234314}
{"event": "update", "optimizer_step": 3180, "tokens_seen": 104202240, "lr": 0.00027181346190295684, "grad_norm": 0.47195473313331604, "elapsed_seconds": 5010.5439175229985, "tokens_per_second": 20796.59248880772, "loss_main": 2.671924114227295, "loss_total": 2.671924114227295}
{"event": "update", "optimizer_step": 3190, "tokens_seen": 104529920, "lr": 0.00027135103549591423, "grad_norm": 0.45268514752388, "elapsed_seconds": 5030.539606910024, "tokens_per_second": 20779.06709181181, "loss_main": 2.652210056781769, "loss_total": 2.652210056781769}
{"event": "update", "optimizer_step": 3200, "tokens_seen": 104857600, "lr": 0.00027088529642139736, "grad_norm": 0.4935884475708008, "elapsed_seconds": 5050.440154101001, "tokens_per_second": 20762.071581989683, "loss_main": 2.668400228023529, "loss_total": 2.668400228023529}
{"event": "update", "optimizer_step": 3210, "tokens_seen": 105185280, "lr": 0.00027041625918644585, "grad_norm": 0.44586196541786194, "elapsed_seconds": 5070.405746520031, "tokens_per_second": 20744.94335531072, "loss_main": 2.6369664669036865, "loss_total": 2.6369664669036865}
{"event": "update", "optimizer_step": 3220, "tokens_seen": 105512960, "lr": 0.0002699439384008317, "grad_norm": 0.5184880495071411, "elapsed_seconds": 5090.250639544043, "tokens_per_second": 20728.440988801933, "loss_main": 2.6668774485588074, "loss_total": 2.6668774485588074}
{"event": "update", "optimizer_step": 3230, "tokens_seen": 105840640, "lr": 0.00026946834877660447, "grad_norm": 0.46296969056129456, "elapsed_seconds": 5110.227258988016, "tokens_per_second": 20711.53289980292, "loss_main": 2.70121169090271, "loss_total": 2.70121169090271}
{"event": "update", "optimizer_step": 3240, "tokens_seen": 106168320, "lr": 0.00026898950512763305, "grad_norm": 0.4768211543560028, "elapsed_seconds": 5130.213303574012, "tokens_per_second": 20694.718468340652, "loss_main": 2.789640486240387, "loss_total": 2.789640486240387}
{"event": "update", "optimizer_step": 3250, "tokens_seen": 106496000, "lr": 0.00026850742236914375, "grad_norm": 0.5529664754867554, "elapsed_seconds": 5150.169419031998, "tokens_per_second": 20678.154704280874, "loss_main": 2.626206874847412, "loss_total": 2.626206874847412}
{"event": "update", "optimizer_step": 3260, "tokens_seen": 106823680, "lr": 0.00026802211551725627, "grad_norm": 0.46911418437957764, "elapsed_seconds": 5170.086312513042, "tokens_per_second": 20661.875555434555, "loss_main": 3.0239596366882324, "loss_total": 3.0239596366882324}
{"event": "update", "optimizer_step": 3270, "tokens_seen": 107151360, "lr": 0.00026753359968851583, "grad_norm": 0.4592786729335785, "elapsed_seconds": 5189.998846449016, "tokens_per_second": 20645.738692853985, "loss_main": 2.697844445705414, "loss_total": 2.697844445705414}
{"event": "update", "optimizer_step": 3280, "tokens_seen": 107479040, "lr": 0.00026704189009942194, "grad_norm": 0.45809486508369446, "elapsed_seconds": 5209.907914145035, "tokens_per_second": 20629.738907321494, "loss_main": 2.584644377231598, "loss_total": 2.584644377231598}
{"event": "update", "optimizer_step": 3290, "tokens_seen": 107806720, "lr": 0.0002665470020659549, "grad_norm": 0.4725549817085266, "elapsed_seconds": 5229.836608566053, "tokens_per_second": 20613.783578519688, "loss_main": 2.7443931102752686, "loss_total": 2.7443931102752686}
{"event": "update", "optimizer_step": 3300, "tokens_seen": 108134400, "lr": 0.0002660489510030986, "grad_norm": 0.4629964530467987, "elapsed_seconds": 5249.742077739036, "tokens_per_second": 20598.04051298677, "loss_main": 2.6422394514083862, "loss_total": 2.6422394514083862}
{"event": "update", "optimizer_step": 3310, "tokens_seen": 108462080, "lr": 0.0002655477524243602, "grad_norm": 0.4719533622264862, "elapsed_seconds": 5269.654190948, "tokens_per_second": 20582.390432053737, "loss_main": 2.4886063933372498, "loss_total": 2.4886063933372498}
{"event": "update", "optimizer_step": 3320, "tokens_seen": 108789760, "lr": 0.00026504342194128716, "grad_norm": 0.46272405982017517, "elapsed_seconds": 5289.574119076016, "tokens_per_second": 20566.82779198931, "loss_main": 2.7124155163764954, "loss_total": 2.7124155163764954}
{"event": "update", "optimizer_step": 3330, "tokens_seen": 109117440, "lr": 0.0002645359752629806, "grad_norm": 0.47916024923324585, "elapsed_seconds": 5309.602586505003, "tokens_per_second": 20550.961813476428, "loss_main": 2.624885678291321, "loss_total": 2.624885678291321}
{"event": "update", "optimizer_step": 3340, "tokens_seen": 109445120, "lr": 0.00026402542819560656, "grad_norm": 0.47875678539276123, "elapsed_seconds": 5329.481826436007, "tokens_per_second": 20535.790075709745, "loss_main": 2.6737638115882874, "loss_total": 2.6737638115882874}
{"event": "update", "optimizer_step": 3350, "tokens_seen": 109772800, "lr": 0.00026351179664190307, "grad_norm": 0.4709184169769287, "elapsed_seconds": 5349.277697044017, "tokens_per_second": 20521.050918829635, "loss_main": 2.743360698223114, "loss_total": 2.743360698223114}
{"event": "evaluation", "tokens_seen": 110002176, "elapsed_seconds": 5363.301306281006, "parameters": 144630912, "main_loss": 2.6916587576270103, "perplexity": 14.756132478377614}
{"event": "update", "optimizer_step": 3360, "tokens_seen": 110100480, "lr": 0.00026299509660068505, "grad_norm": 0.50309818983078, "elapsed_seconds": 5379.737958489044, "tokens_per_second": 20465.770052287615, "loss_main": 2.659957468509674, "loss_total": 2.659957468509674}
{"event": "update", "optimizer_step": 3370, "tokens_seen": 110428160, "lr": 0.00026247534416634616, "grad_norm": 0.500852644443512, "elapsed_seconds": 5399.6670332860085, "tokens_per_second": 20450.920273281758, "loss_main": 2.7315110564231873, "loss_total": 2.7315110564231873}
{"event": "update", "optimizer_step": 3380, "tokens_seen": 110755840, "lr": 0.0002619525555283572, "grad_norm": 0.45445558428764343, "elapsed_seconds": 5419.620423968998, "tokens_per_second": 20436.088016453596, "loss_main": 2.831879675388336, "loss_total": 2.831879675388336}
{"event": "update", "optimizer_step": 3390, "tokens_seen": 111083520, "lr": 0.00026142674697076187, "grad_norm": 0.4700183570384979, "elapsed_seconds": 5439.405894028023, "tokens_per_second": 20421.995005366247, "loss_main": 2.705930531024933, "loss_total": 2.705930531024933}
{"event": "update", "optimizer_step": 3400, "tokens_seen": 111411200, "lr": 0.0002608979348716697, "grad_norm": 0.46345633268356323, "elapsed_seconds": 5459.1648983420455, "tokens_per_second": 20408.103084381222, "loss_main": 2.67464542388916, "loss_total": 2.67464542388916}
{"event": "update", "optimizer_step": 3410, "tokens_seen": 111738880, "lr": 0.00026036613570274585, "grad_norm": 0.4582671821117401, "elapsed_seconds": 5479.067507063039, "tokens_per_second": 20393.77683446279, "loss_main": 2.572481632232666, "loss_total": 2.572481632232666}
{"event": "update", "optimizer_step": 3420, "tokens_seen": 112066560, "lr": 0.00025983136602869794, "grad_norm": 0.47427359223365784, "elapsed_seconds": 5498.989907021052, "tokens_per_second": 20379.48094011131, "loss_main": 2.6573119163513184, "loss_total": 2.6573119163513184}
{"event": "update", "optimizer_step": 3430, "tokens_seen": 112394240, "lr": 0.0002592936425067601, "grad_norm": 0.5316859483718872, "elapsed_seconds": 5518.982910622028, "tokens_per_second": 20365.027727062192, "loss_main": 2.6562083959579468, "loss_total": 2.6562083959579468}
{"event": "update", "optimizer_step": 3440, "tokens_seen": 112721920, "lr": 0.00025875298188617437, "grad_norm": 0.45267486572265625, "elapsed_seconds": 5538.787373911997, "tokens_per_second": 20351.37158919056, "loss_main": 2.726566195487976, "loss_total": 2.726566195487976}
{"event": "update", "optimizer_step": 3450, "tokens_seen": 113049600, "lr": 0.0002582094010076686, "grad_norm": 0.4943047761917114, "elapsed_seconds": 5558.752044349036, "tokens_per_second": 20337.226610948575, "loss_main": 2.6618353128433228, "loss_total": 2.6618353128433228}
{"event": "update", "optimizer_step": 3460, "tokens_seen": 113377280, "lr": 0.00025766291680293205, "grad_norm": 0.45177268981933594, "elapsed_seconds": 5578.746124130033, "tokens_per_second": 20323.075737324467, "loss_main": 2.809269070625305, "loss_total": 2.809269070625305}
{"event": "update", "optimizer_step": 3470, "tokens_seen": 113704960, "lr": 0.0002571135462940883, "grad_norm": 0.491939514875412, "elapsed_seconds": 5598.732253771042, "tokens_per_second": 20309.05477278605, "loss_main": 2.7753806114196777, "loss_total": 2.7753806114196777}
{"event": "update", "optimizer_step": 3480, "tokens_seen": 114032640, "lr": 0.00025656130659316447, "grad_norm": 0.4664652347564697, "elapsed_seconds": 5618.690665826027, "tokens_per_second": 20295.2336731347, "loss_main": 2.770367383956909, "loss_total": 2.770367383956909}
{"event": "update", "optimizer_step": 3490, "tokens_seen": 114360320, "lr": 0.00025600621490155865, "grad_norm": 0.4554060101509094, "elapsed_seconds": 5638.609359766007, "tokens_per_second": 20281.653277138135, "loss_main": 2.5932385325431824, "loss_total": 2.5932385325431824}
{"event": "update", "optimizer_step": 3500, "tokens_seen": 114688000, "lr": 0.0002554482885095039, "grad_norm": 0.4801625609397888, "elapsed_seconds": 5658.446544937033, "tokens_per_second": 20268.460449205544, "loss_main": 2.8434672951698303, "loss_total": 2.8434672951698303}
{"event": "update", "optimizer_step": 3510, "tokens_seen": 115015680, "lr": 0.00025488754479552984, "grad_norm": 0.45665886998176575, "elapsed_seconds": 5678.391862959019, "tokens_per_second": 20254.974079944026, "loss_main": 2.685702085494995, "loss_total": 2.685702085494995}
{"event": "update", "optimizer_step": 3520, "tokens_seen": 115343360, "lr": 0.00025432400122592106, "grad_norm": 0.573039710521698, "elapsed_seconds": 5698.303697664, "tokens_per_second": 20241.701060490093, "loss_main": 2.6040018796920776, "loss_total": 2.6040018796920776}
{"event": "update", "optimizer_step": 3530, "tokens_seen": 115671040, "lr": 0.0002537576753541733, "grad_norm": 0.47225525975227356, "elapsed_seconds": 5718.173245507001, "tokens_per_second": 20228.6700723675, "loss_main": 2.7347304224967957, "loss_total": 2.7347304224967957}
{"event": "update", "optimizer_step": 3540, "tokens_seen": 115998720, "lr": 0.00025318858482044685, "grad_norm": 0.44727590680122375, "elapsed_seconds": 5737.679032986052, "tokens_per_second": 20217.010978327755, "loss_main": 2.8013340830802917, "loss_total": 2.8013340830802917}
{"event": "update", "optimizer_step": 3550, "tokens_seen": 116326400, "lr": 0.00025261674735101657, "grad_norm": 0.44005608558654785, "elapsed_seconds": 5757.57873148605, "tokens_per_second": 20204.0485115478, "loss_main": 2.5608075857162476, "loss_total": 2.5608075857162476}
{"event": "update", "optimizer_step": 3560, "tokens_seen": 116654080, "lr": 0.00025204218075772027, "grad_norm": 0.4623778164386749, "elapsed_seconds": 5776.8991623690235, "tokens_per_second": 20193.19997134273, "loss_main": 2.6298166513442993, "loss_total": 2.6298166513442993}
{"event": "update", "optimizer_step": 3570, "tokens_seen": 116981760, "lr": 0.0002514649029374036, "grad_norm": 0.451360821723938, "elapsed_seconds": 5796.207913822029, "tokens_per_second": 20182.464421443095, "loss_main": 2.6516382098197937, "loss_total": 2.6516382098197937}
{"event": "update", "optimizer_step": 3580, "tokens_seen": 117309440, "lr": 0.00025088493187136246, "grad_norm": 0.5476271510124207, "elapsed_seconds": 5815.393054878048, "tokens_per_second": 20172.22892640058, "loss_main": 2.7578532695770264, "loss_total": 2.7578532695770264}
{"event": "update", "optimizer_step": 3590, "tokens_seen": 117637120, "lr": 0.0002503022856247836, "grad_norm": 0.4856160879135132, "elapsed_seconds": 5834.385238547053, "tokens_per_second": 20162.72755230256, "loss_main": 2.5244070887565613, "loss_total": 2.5244070887565613}
{"event": "update", "optimizer_step": 3600, "tokens_seen": 117964800, "lr": 0.00024971698234618083, "grad_norm": 0.5205735564231873, "elapsed_seconds": 5853.269239459012, "tokens_per_second": 20153.66031768306, "loss_main": 2.6931138038635254, "loss_total": 2.6931138038635254}
{"event": "update", "optimizer_step": 3610, "tokens_seen": 118292480, "lr": 0.00024912904026683084, "grad_norm": 0.4508397579193115, "elapsed_seconds": 5871.884399096016, "tokens_per_second": 20145.573713646558, "loss_main": 2.5702847242355347, "loss_total": 2.5702847242355347}
{"event": "update", "optimizer_step": 3620, "tokens_seen": 118620160, "lr": 0.0002485384777002046, "grad_norm": 0.4502408802509308, "elapsed_seconds": 5891.535590164014, "tokens_per_second": 20133.997017354475, "loss_main": 2.6607009768486023, "loss_total": 2.6607009768486023}
{"event": "update", "optimizer_step": 3630, "tokens_seen": 118947840, "lr": 0.0002479453130413972, "grad_norm": 1.4527053833007812, "elapsed_seconds": 5911.206404269033, "tokens_per_second": 20122.430493054122, "loss_main": 2.6988834142684937, "loss_total": 2.6988834142684937}
{"event": "update", "optimizer_step": 3640, "tokens_seen": 119275520, "lr": 0.0002473495647665546, "grad_norm": 0.4453730285167694, "elapsed_seconds": 5930.818475089036, "tokens_per_second": 20111.139887519385, "loss_main": 2.632737874984741, "loss_total": 2.632737874984741}
{"event": "update", "optimizer_step": 3650, "tokens_seen": 119603200, "lr": 0.0002467512514322986, "grad_norm": 0.4452724754810333, "elapsed_seconds": 5950.498741383024, "tokens_per_second": 20099.693353132556, "loss_main": 2.6286008954048157, "loss_total": 2.6286008954048157}
{"event": "update", "optimizer_step": 3660, "tokens_seen": 119930880, "lr": 0.0002461503916751485, "grad_norm": 0.4369051456451416, "elapsed_seconds": 5970.127140440047, "tokens_per_second": 20088.496807315918, "loss_main": 2.6374305486679077, "loss_total": 2.6374305486679077}
{"event": "evaluation", "tokens_seen": 120029184, "elapsed_seconds": 5976.033905320044, "parameters": 144630912, "main_loss": 2.6571073085069656, "perplexity": 14.25499410046014}
{"event": "update", "optimizer_step": 3670, "tokens_seen": 120258560, "lr": 0.00024554700421094066, "grad_norm": 0.448639839887619, "elapsed_seconds": 5989.527427659021, "tokens_per_second": 20078.138292623615, "loss_main": 2.6304779648780823, "loss_total": 2.6304779648780823}
{"event": "update", "optimizer_step": 3680, "tokens_seen": 120586240, "lr": 0.00024494110783424537, "grad_norm": 0.45568394660949707, "elapsed_seconds": 5998.753425306, "tokens_per_second": 20101.88308312553, "loss_main": 2.5399643778800964, "loss_total": 2.5399643778800964}
{"event": "update", "optimizer_step": 3690, "tokens_seen": 120913920, "lr": 0.0002443327214177818, "grad_norm": 0.4615800976753235, "elapsed_seconds": 6007.975815564045, "tokens_per_second": 20125.567031539103, "loss_main": 2.6157477498054504, "loss_total": 2.6157477498054504}
{"event": "update", "optimizer_step": 3700, "tokens_seen": 121241600, "lr": 0.0002437218639118299, "grad_norm": 0.453056275844574, "elapsed_seconds": 6017.196528004017, "tokens_per_second": 20149.183998850945, "loss_main": 2.7499956488609314, "loss_total": 2.7499956488609314}
{"event": "update", "optimizer_step": 3710, "tokens_seen": 121569280, "lr": 0.00024310855434364018, "grad_norm": 0.4485092759132385, "elapsed_seconds": 6026.427670355013, "tokens_per_second": 20172.693783087987, "loss_main": 2.4735960364341736, "loss_total": 2.4735960364341736}
{"event": "update", "optimizer_step": 3720, "tokens_seen": 121896960, "lr": 0.00024249281181684093, "grad_norm": 0.46217724680900574, "elapsed_seconds": 6035.658335196029, "tokens_per_second": 20196.13325180723, "loss_main": 2.6212677359580994, "loss_total": 2.6212677359580994}
{"event": "update", "optimizer_step": 3730, "tokens_seen": 122224640, "lr": 0.00024187465551084344, "grad_norm": 0.472415566444397, "elapsed_seconds": 6044.883083548048, "tokens_per_second": 20219.52092549988, "loss_main": 2.7777228951454163, "loss_total": 2.7777228951454163}
{"event": "update", "optimizer_step": 3740, "tokens_seen": 122552320, "lr": 0.00024125410468024423, "grad_norm": 0.47486811876296997, "elapsed_seconds": 6054.123071648006, "tokens_per_second": 20242.78637048582, "loss_main": 2.8247939348220825, "loss_total": 2.8247939348220825}
{"event": "update", "optimizer_step": 3750, "tokens_seen": 122880000, "lr": 0.00024063117865422568, "grad_norm": 0.4737587571144104, "elapsed_seconds": 6063.333404696023, "tokens_per_second": 20266.080025358664, "loss_main": 2.670761823654175, "loss_total": 2.670761823654175}
{"event": "update", "optimizer_step": 3760, "tokens_seen": 123207680, "lr": 0.00024000589683595362, "grad_norm": 0.4647952914237976, "elapsed_seconds": 6072.561502169003, "tokens_per_second": 20289.24366694229, "loss_main": 2.8765791058540344, "loss_total": 2.8765791058540344}
{"event": "update", "optimizer_step": 3770, "tokens_seen": 123535360, "lr": 0.00023937827870197323, "grad_norm": 0.4745972454547882, "elapsed_seconds": 6081.793627035047, "tokens_per_second": 20312.32356370255, "loss_main": 2.736253798007965, "loss_total": 2.736253798007965}
{"event": "update", "optimizer_step": 3780, "tokens_seen": 123863040, "lr": 0.0002387483438016022, "grad_norm": 0.48516273498535156, "elapsed_seconds": 6091.0136316000135, "tokens_per_second": 20335.373960977842, "loss_main": 2.6599649786949158, "loss_total": 2.6599649786949158}
{"event": "update", "optimizer_step": 3790, "tokens_seen": 124190720, "lr": 0.00023811611175632183, "grad_norm": 0.4617852568626404, "elapsed_seconds": 6100.237361733045, "tokens_per_second": 20358.342247311844, "loss_main": 2.5366950631141663, "loss_total": 2.5366950631141663}
{"event": "update", "optimizer_step": 3800, "tokens_seen": 124518400, "lr": 0.00023748160225916582, "grad_norm": 0.4477861821651459, "elapsed_seconds": 6109.452455045015, "tokens_per_second": 20381.269993708876, "loss_main": 2.5807754397392273, "loss_total": 2.5807754397392273}
{"event": "update", "optimizer_step": 3810, "tokens_seen": 124846080, "lr": 0.00023684483507410706, "grad_norm": 0.4525989294052124, "elapsed_seconds": 6118.674347309046, "tokens_per_second": 20404.106006214646, "loss_main": 2.519887149333954, "loss_total": 2.519887149333954}
{"event": "update", "optimizer_step": 3820, "tokens_seen": 125173760, "lr": 0.00023620583003544168, "grad_norm": 0.46164482831954956, "elapsed_seconds": 6127.8854020070285, "tokens_per_second": 20426.909412993038, "loss_main": 2.7064512372016907, "loss_total": 2.7064512372016907}
{"event": "update", "optimizer_step": 3830, "tokens_seen": 125501440, "lr": 0.00023556460704717163, "grad_norm": 0.46136611700057983, "elapsed_seconds": 6137.10407020204, "tokens_per_second": 20449.619000166043, "loss_main": 2.710017740726471, "loss_total": 2.710017740726471}
{"event": "update", "optimizer_step": 3840, "tokens_seen": 125829120, "lr": 0.00023492118608238436, "grad_norm": 0.46640118956565857, "elapsed_seconds": 6146.329322066042, "tokens_per_second": 20472.238535650657, "loss_main": 2.568580389022827, "loss_total": 2.568580389022827}
{"event": "update", "optimizer_step": 3850, "tokens_seen": 126156800, "lr": 0.0002342755871826309, "grad_norm": 0.43317854404449463, "elapsed_seconds": 6155.551267281, "tokens_per_second": 20494.801281335986, "loss_main": 2.6343396306037903, "loss_total": 2.6343396306037903}
{"event": "update", "optimizer_step": 3860, "tokens_seen": 126484480, "lr": 0.00023362783045730148, "grad_norm": 0.47439318895339966, "elapsed_seconds": 6164.782451899024, "tokens_per_second": 20517.265773269457, "loss_main": 2.671939194202423, "loss_total": 2.671939194202423}
{"event": "update", "optimizer_step": 3870, "tokens_seen": 126812160, "lr": 0.00023297793608299924, "grad_norm": 0.4480191171169281, "elapsed_seconds": 6174.000486510049, "tokens_per_second": 20539.706836285426, "loss_main": 2.59696364402771, "loss_total": 2.59696364402771}
{"event": "update", "optimizer_step": 3880, "tokens_seen": 127139840, "lr": 0.00023232592430291168, "grad_norm": 0.45354247093200684, "elapsed_seconds": 6183.204754714039, "tokens_per_second": 20562.12676817298, "loss_main": 2.6056891083717346, "loss_total": 2.6056891083717346}
{"event": "update", "optimizer_step": 3890, "tokens_seen": 127467520, "lr": 0.00023167181542618022, "grad_norm": 0.51895672082901, "elapsed_seconds": 6192.391311120009, "tokens_per_second": 20584.538927812868, "loss_main": 2.6670247316360474, "loss_total": 2.6670247316360474}
{"event": "update", "optimizer_step": 3900, "tokens_seen": 127795200, "lr": 0.0002310156298272675, "grad_norm": 0.44200506806373596, "elapsed_seconds": 6201.612423513026, "tokens_per_second": 20606.769864474678, "loss_main": 2.432960331439972, "loss_total": 2.432960331439972}
{"event": "update", "optimizer_step": 3910, "tokens_seen": 128122880, "lr": 0.00023035738794532286, "grad_norm": 0.4463140070438385, "elapsed_seconds": 6210.814221367007, "tokens_per_second": 20628.99894175228, "loss_main": 2.675935745239258, "loss_total": 2.675935745239258}
{"event": "update", "optimizer_step": 3920, "tokens_seen": 128450560, "lr": 0.00022969711028354546, "grad_norm": 0.4811246991157532, "elapsed_seconds": 6220.0240571620525, "tokens_per_second": 20651.135561460647, "loss_main": 2.6173927187919617, "loss_total": 2.6173927187919617}
{"event": "update", "optimizer_step": 3930, "tokens_seen": 128778240, "lr": 0.0002290348174085459, "grad_norm": 0.4804007411003113, "elapsed_seconds": 6229.240875741001, "tokens_per_second": 20673.183549782243, "loss_main": 2.772669792175293, "loss_total": 2.772669792175293}
{"event": "update", "optimizer_step": 3940, "tokens_seen": 129105920, "lr": 0.00022837052994970563, "grad_norm": 0.4653862714767456, "elapsed_seconds": 6238.447156782029, "tokens_per_second": 20695.20134664354, "loss_main": 2.706757664680481, "loss_total": 2.706757664680481}
{"event": "update", "optimizer_step": 3950, "tokens_seen": 129433600, "lr": 0.000227704268598534, "grad_norm": 0.455060750246048, "elapsed_seconds": 6247.66203469102, "tokens_per_second": 20717.125747407874, "loss_main": 2.6025190353393555, "loss_total": 2.6025190353393555}
{"event": "update", "optimizer_step": 3960, "tokens_seen": 129761280, "lr": 0.0002270360541080242, "grad_norm": 0.45287519693374634, "elapsed_seconds": 6256.867758713022, "tokens_per_second": 20739.015910844606, "loss_main": 2.6650811433792114, "loss_total": 2.6650811433792114}
{"event": "evaluation", "tokens_seen": 130023424, "elapsed_seconds": 6264.242158967012, "parameters": 144630912, "main_loss": 2.611734516918659, "perplexity": 13.622659104148784}
{"event": "update", "optimizer_step": 3970, "tokens_seen": 130088960, "lr": 0.0002263659072920065, "grad_norm": 0.44622495770454407, "elapsed_seconds": 6271.78511248203, "tokens_per_second": 20741.935137589226, "loss_main": 2.6724273562431335, "loss_total": 2.6724273562431335}
{"event": "update", "optimizer_step": 3980, "tokens_seen": 130416640, "lr": 0.00022569384902450015, "grad_norm": 0.43602991104125977, "elapsed_seconds": 6280.98945130303, "tokens_per_second": 20763.70944596066, "loss_main": 2.44785737991333, "loss_total": 2.44785737991333}
{"event": "update", "optimizer_step": 3990, "tokens_seen": 130744320, "lr": 0.00022501990023906314, "grad_norm": 0.4232865571975708, "elapsed_seconds": 6290.198920837021, "tokens_per_second": 20785.403076346935, "loss_main": 2.675278902053833, "loss_total": 2.675278902053833}
{"event": "update", "optimizer_step": 4000, "tokens_seen": 131072000, "lr": 0.00022434408192814005, "grad_norm": 0.465900182723999, "elapsed_seconds": 6299.422427717014, "tokens_per_second": 20806.98691094162, "loss_main": 2.7509705424308777, "loss_total": 2.7509705424308777}
{"event": "update", "optimizer_step": 4010, "tokens_seen": 131399680, "lr": 0.0002236664151424082, "grad_norm": 0.45878487825393677, "elapsed_seconds": 6308.64691227302, "tokens_per_second": 20828.50440470386, "loss_main": 2.660354793071747, "loss_total": 2.660354793071747}
{"event": "update", "optimizer_step": 4020, "tokens_seen": 131727360, "lr": 0.00022298692099012213, "grad_norm": 0.4533374309539795, "elapsed_seconds": 6317.862417194003, "tokens_per_second": 20849.988698947483, "loss_main": 2.5658738017082214, "loss_total": 2.5658738017082214}
{"event": "update", "optimizer_step": 4030, "tokens_seen": 132055040, "lr": 0.00022230562063645586, "grad_norm": 0.4374186098575592, "elapsed_seconds": 6327.080029329052, "tokens_per_second": 20871.40345749722, "loss_main": 2.4650450348854065, "loss_total": 2.4650450348854065}
{"event": "update", "optimizer_step": 4040, "tokens_seen": 132382720, "lr": 0.00022162253530284379, "grad_norm": 0.4603702425956726, "elapsed_seconds": 6336.316487175005, "tokens_per_second": 20892.693770576123, "loss_main": 2.6357434391975403, "loss_total": 2.6357434391975403}
{"event": "update", "optimizer_step": 4050, "tokens_seen": 132710400, "lr": 0.0002209376862663196, "grad_norm": 0.45322781801223755, "elapsed_seconds": 6345.535512896022, "tokens_per_second": 20913.97955779979, "loss_main": 2.697875499725342, "loss_total": 2.697875499725342}
{"event": "update", "optimizer_step": 4060, "tokens_seen": 133038080, "lr": 0.00022025109485885358, "grad_norm": 0.4538600742816925, "elapsed_seconds": 6354.7497278100345, "tokens_per_second": 20935.21943402284, "loss_main": 2.630294919013977, "loss_total": 2.630294919013977}
{"event": "update", "optimizer_step": 4070, "tokens_seen": 133365760, "lr": 0.00021956278246668815, "grad_norm": 0.45897313952445984, "elapsed_seconds": 6363.966595841048, "tokens_per_second": 20956.389068282762, "loss_main": 2.7380571365356445, "loss_total": 2.7380571365356445}
{"event": "update", "optimizer_step": 4080, "tokens_seen": 133693440, "lr": 0.0002188727705296716, "grad_norm": 0.42855629324913025, "elapsed_seconds": 6373.176733921049, "tokens_per_second": 20977.519623521584, "loss_main": 2.568538248538971, "loss_total": 2.568538248538971}
{"event": "update", "optimizer_step": 4090, "tokens_seen": 134021120, "lr": 0.00021818108054059052, "grad_norm": 0.5506390929222107, "elapsed_seconds": 6382.4115552, "tokens_per_second": 20998.50798415025, "loss_main": 2.5000036358833313, "loss_total": 2.5000036358833313}
{"event": "update", "optimizer_step": 4100, "tokens_seen": 134348800, "lr": 0.0002174877340445, "grad_norm": 0.45584550499916077, "elapsed_seconds": 6391.639633440005, "tokens_per_second": 21019.457870733077, "loss_main": 2.406755417585373, "loss_total": 2.406755417585373}
{"event": "update", "optimizer_step": 4110, "tokens_seen": 134676480, "lr": 0.00021679275263805292, "grad_norm": 0.518519401550293, "elapsed_seconds": 6400.866847073019, "tokens_per_second": 21040.350192815637, "loss_main": 2.507232189178467, "loss_total": 2.507232189178467}
{"event": "update", "optimizer_step": 4120, "tokens_seen": 135004160, "lr": 0.00021609615796882686, "grad_norm": 0.43920034170150757, "elapsed_seconds": 6410.087380436016, "tokens_per_second": 21061.20431556691, "loss_main": 2.3809104561805725, "loss_total": 2.3809104561805725}
{"event": "update", "optimizer_step": 4130, "tokens_seen": 135331840, "lr": 0.00021539797173465014, "grad_norm": 0.4192950427532196, "elapsed_seconds": 6419.2861494970275, "tokens_per_second": 21082.070007208466, "loss_main": 2.3310230374336243, "loss_total": 2.3310230374336243}
{"event": "update", "optimizer_step": 4140, "tokens_seen": 135659520, "lr": 0.00021469821568292574, "grad_norm": 0.4334012567996979, "elapsed_seconds": 6428.5136539260275, "tokens_per_second": 21102.781654224207, "loss_main": 2.6286142468452454, "loss_total": 2.6286142468452454}
{"event": "update", "optimizer_step": 4150, "tokens_seen": 135987200, "lr": 0.000213996911609954, "grad_norm": 0.4271527826786041, "elapsed_seconds": 6437.731503642048, "tokens_per_second": 21123.465606334674, "loss_main": 2.4036260843276978, "loss_total": 2.4036260843276978}
{"event": "update", "optimizer_step": 4160, "tokens_seen": 136314880, "lr": 0.0002132940813602537, "grad_norm": 0.4390944540500641, "elapsed_seconds": 6446.970847568999, "tokens_per_second": 21144.019916175228, "loss_main": 2.5840187668800354, "loss_total": 2.5840187668800354}
{"event": "update", "optimizer_step": 4170, "tokens_seen": 136642560, "lr": 0.00021258974682588163, "grad_norm": 0.4417997896671295, "elapsed_seconds": 6456.199192425003, "tokens_per_second": 21164.551453170992, "loss_main": 2.5895221829414368, "loss_total": 2.5895221829414368}
{"event": "update", "optimizer_step": 4180, "tokens_seen": 136970240, "lr": 0.00021188392994575073, "grad_norm": 0.45672643184661865, "elapsed_seconds": 6465.421482049045, "tokens_per_second": 21185.044220286607, "loss_main": 2.537612557411194, "loss_total": 2.537612557411194}
{"event": "update", "optimizer_step": 4190, "tokens_seen": 137297920, "lr": 0.00021117665270494653, "grad_norm": 0.4307002127170563, "elapsed_seconds": 6474.653769769007, "tokens_per_second": 21205.445863539713, "loss_main": 2.5075424313545227, "loss_total": 2.5075424313545227}
{"event": "update", "optimizer_step": 4200, "tokens_seen": 137625600, "lr": 0.00021046793713404266, "grad_norm": 0.46097877621650696, "elapsed_seconds": 6483.898330343014, "tokens_per_second": 21225.749231129488, "loss_main": 2.478571653366089, "loss_total": 2.478571653366089}
{"event": "update", "optimizer_step": 4210, "tokens_seen": 137953280, "lr": 0.00020975780530841436, "grad_norm": 0.43442243337631226, "elapsed_seconds": 6493.1398155640345, "tokens_per_second": 21246.00484796684, "loss_main": 2.496333420276642, "loss_total": 2.496333420276642}
{"event": "update", "optimizer_step": 4220, "tokens_seen": 138280960, "lr": 0.0002090462793475511, "grad_norm": 0.7147483229637146, "elapsed_seconds": 6502.3553884690045, "tokens_per_second": 21266.2876355884, "loss_main": 2.5592179894447327, "loss_total": 2.5592179894447327}
{"event": "update", "optimizer_step": 4230, "tokens_seen": 138608640, "lr": 0.00020833338141436724, "grad_norm": 0.42969897389411926, "elapsed_seconds": 6511.575004267041, "tokens_per_second": 21286.49979600475, "loss_main": 2.6431894302368164, "loss_total": 2.6431894302368164}
{"event": "update", "optimizer_step": 4240, "tokens_seen": 138936320, "lr": 0.0002076191337145122, "grad_norm": 0.45828303694725037, "elapsed_seconds": 6520.789247456996, "tokens_per_second": 21306.672356292293, "loss_main": 2.4357681572437286, "loss_total": 2.4357681572437286}
{"event": "update", "optimizer_step": 4250, "tokens_seen": 139264000, "lr": 0.00020690355849567837, "grad_norm": 0.4567878842353821, "elapsed_seconds": 6529.986450132041, "tokens_per_second": 21326.84364102838, "loss_main": 2.4435099959373474, "loss_total": 2.4435099959373474}
{"event": "update", "optimizer_step": 4260, "tokens_seen": 139591680, "lr": 0.00020618667804690817, "grad_norm": 0.525317907333374, "elapsed_seconds": 6539.205453223025, "tokens_per_second": 21346.88701839127, "loss_main": 2.51463520526886, "loss_total": 2.51463520526886}
{"event": "update", "optimizer_step": 4270, "tokens_seen": 139919360, "lr": 0.00020546851469790012, "grad_norm": 0.45530179142951965, "elapsed_seconds": 6548.411870469048, "tokens_per_second": 21366.915027288578, "loss_main": 2.555741786956787, "loss_total": 2.555741786956787}
{"event": "evaluation", "tokens_seen": 140017664, "elapsed_seconds": 6551.190112318029, "parameters": 144630912, "main_loss": 2.5803098380565643, "perplexity": 13.201227768823518}
{"event": "update", "optimizer_step": 4280, "tokens_seen": 140247040, "lr": 0.0002047490908183128, "grad_norm": 0.44384804368019104, "elapsed_seconds": 6563.683112989005, "tokens_per_second": 21367.12537545609, "loss_main": 2.4208799600601196, "loss_total": 2.4208799600601196}
{"event": "update", "optimizer_step": 4290, "tokens_seen": 140574720, "lr": 0.0002040284288170686, "grad_norm": 0.45879656076431274, "elapsed_seconds": 6572.894998642034, "tokens_per_second": 21387.03265897947, "loss_main": 2.577713191509247, "loss_total": 2.577713191509247}
{"event": "update", "optimizer_step": 4300, "tokens_seen": 140902400, "lr": 0.0002033065511416552, "grad_norm": 0.4507429003715515, "elapsed_seconds": 6582.113363352022, "tokens_per_second": 21406.863148926946, "loss_main": 2.5334985852241516, "loss_total": 2.5334985852241516}
{"event": "update", "optimizer_step": 4310, "tokens_seen": 141230080, "lr": 0.00020258348027742685, "grad_norm": 0.4291159510612488, "elapsed_seconds": 6591.3124568990315, "tokens_per_second": 21426.70081618973, "loss_main": 2.4028584361076355, "loss_total": 2.4028584361076355}
{"event": "update", "optimizer_step": 4320, "tokens_seen": 141557760, "lr": 0.0002018592387469035, "grad_norm": 0.42527085542678833, "elapsed_seconds": 6600.531358231034, "tokens_per_second": 21446.418828610487, "loss_main": 2.4373207092285156, "loss_total": 2.4373207092285156}
{"event": "update", "optimizer_step": 4330, "tokens_seen": 141885440, "lr": 0.00020113384910906977, "grad_norm": 0.4297601878643036, "elapsed_seconds": 6609.757463918009, "tokens_per_second": 21466.058440803332, "loss_main": 2.5448654890060425, "loss_total": 2.5448654890060425}
{"event": "update", "optimizer_step": 4340, "tokens_seen": 142213120, "lr": 0.00020040733395867183, "grad_norm": 0.4640852212905884, "elapsed_seconds": 6618.982389727025, "tokens_per_second": 21485.647132211972, "loss_main": 2.5024949312210083, "loss_total": 2.5024949312210083}
{"event": "update", "optimizer_step": 4350, "tokens_seen": 142540800, "lr": 0.0001996797159255139, "grad_norm": 0.47366294264793396, "elapsed_seconds": 6628.194463638007, "tokens_per_second": 21505.2229957906, "loss_main": 2.534022271633148, "loss_total": 2.534022271633148}
{"event": "update", "optimizer_step": 4360, "tokens_seen": 142868480, "lr": 0.00019895101767375322, "grad_norm": 0.4246791899204254, "elapsed_seconds": 6637.398577203043, "tokens_per_second": 21524.770335579855, "loss_main": 2.6148844361305237, "loss_total": 2.6148844361305237}
{"event": "update", "optimizer_step": 4370, "tokens_seen": 143196160, "lr": 0.00019822126190119423, "grad_norm": 0.42613890767097473, "elapsed_seconds": 6646.629365932022, "tokens_per_second": 21544.17707326462, "loss_main": 2.599380671977997, "loss_total": 2.599380671977997}
{"event": "update", "optimizer_step": 4380, "tokens_seen": 143523840, "lr": 0.0001974904713385812, "grad_norm": 0.44452372193336487, "elapsed_seconds": 6655.83905680204, "tokens_per_second": 21563.598334506532, "loss_main": 2.365153193473816, "loss_total": 2.365153193473816}
{"event": "update", "optimizer_step": 4390, "tokens_seen": 143851520, "lr": 0.0001967586687488909, "grad_norm": 0.431796133518219, "elapsed_seconds": 6665.058946675039, "tokens_per_second": 21582.932896904447, "loss_main": 2.399722158908844, "loss_total": 2.399722158908844}
{"event": "update", "optimizer_step": 4400, "tokens_seen": 144179200, "lr": 0.0001960258769266228, "grad_norm": 0.43368780612945557, "elapsed_seconds": 6674.287132345024, "tokens_per_second": 21602.187191089928, "loss_main": 2.568135678768158, "loss_total": 2.568135678768158}
{"event": "update", "optimizer_step": 4410, "tokens_seen": 144506880, "lr": 0.00019529211869708958, "grad_norm": 0.43484774231910706, "elapsed_seconds": 6683.479529631033, "tokens_per_second": 21621.50409219217, "loss_main": 2.490516781806946, "loss_total": 2.490516781806946}
{"event": "update", "optimizer_step": 4420, "tokens_seen": 144834560, "lr": 0.00019455741691570594, "grad_norm": 0.44898727536201477, "elapsed_seconds": 6692.692040957045, "tokens_per_second": 21640.70289110283, "loss_main": 2.587884545326233, "loss_total": 2.587884545326233}
{"event": "update", "optimizer_step": 4430, "tokens_seen": 145162240, "lr": 0.00019382179446727674, "grad_norm": 0.6278260946273804, "elapsed_seconds": 6701.893119812012, "tokens_per_second": 21659.885856859473, "loss_main": 2.395900070667267, "loss_total": 2.395900070667267}
{"event": "update", "optimizer_step": 4440, "tokens_seen": 145489920, "lr": 0.00019308527426528427, "grad_norm": 0.4983501434326172, "elapsed_seconds": 6711.125453972025, "tokens_per_second": 21678.915257632503, "loss_main": 2.5393537282943726, "loss_total": 2.5393537282943726}
{"event": "update", "optimizer_step": 4450, "tokens_seen": 145817600, "lr": 0.00019234787925117417, "grad_norm": 0.4372658133506775, "elapsed_seconds": 6720.3471975990105, "tokens_per_second": 21697.926567260765, "loss_main": 2.4949950575828552, "loss_total": 2.4949950575828552}
{"event": "update", "optimizer_step": 4460, "tokens_seen": 146145280, "lr": 0.00019160963239364142, "grad_norm": 0.4883994162082672, "elapsed_seconds": 6729.561158654047, "tokens_per_second": 21716.91088832157, "loss_main": 2.5836596488952637, "loss_total": 2.5836596488952637}
{"event": "update", "optimizer_step": 4470, "tokens_seen": 146472960, "lr": 0.00019087055668791435, "grad_norm": 0.4342566132545471, "elapsed_seconds": 6738.783150286996, "tokens_per_second": 21735.817392159577, "loss_main": 2.560470163822174, "loss_total": 2.560470163822174}
{"event": "update", "optimizer_step": 4480, "tokens_seen": 146800640, "lr": 0.00019013067515503873, "grad_norm": 0.4367843568325043, "elapsed_seconds": 6747.994821915054, "tokens_per_second": 21754.705490176795, "loss_main": 2.664739668369293, "loss_total": 2.664739668369293}
{"event": "update", "optimizer_step": 4490, "tokens_seen": 147128320, "lr": 0.00018939001084116044, "grad_norm": 0.45822688937187195, "elapsed_seconds": 6757.209645947034, "tokens_per_second": 21773.531932407543, "loss_main": 2.4361974000930786, "loss_total": 2.4361974000930786}
{"event": "update", "optimizer_step": 4500, "tokens_seen": 147456000, "lr": 0.00018864858681680798, "grad_norm": 0.43801403045654297, "elapsed_seconds": 6766.418156674015, "tokens_per_second": 21792.327430216188, "loss_main": 2.6846300959587097, "loss_total": 2.6846300959587097}
{"event": "update", "optimizer_step": 4510, "tokens_seen": 147783680, "lr": 0.00018790642617617343, "grad_norm": 0.4248388111591339, "elapsed_seconds": 6775.633554728003, "tokens_per_second": 21811.049668835363, "loss_main": 2.72493052482605, "loss_total": 2.72493052482605}
{"event": "update", "optimizer_step": 4520, "tokens_seen": 148111360, "lr": 0.00018716355203639341, "grad_norm": 0.4325855076313019, "elapsed_seconds": 6784.839316346042, "tokens_per_second": 21829.752053695647, "loss_main": 2.25065478682518, "loss_total": 2.25065478682518}
{"event": "update", "optimizer_step": 4530, "tokens_seen": 148439040, "lr": 0.00018641998753682887, "grad_norm": 0.43707817792892456, "elapsed_seconds": 6794.040020583023, "tokens_per_second": 21848.420019648613, "loss_main": 2.5362347960472107, "loss_total": 2.5362347960472107}
{"event": "update", "optimizer_step": 4540, "tokens_seen": 148766720, "lr": 0.00018567575583834447, "grad_norm": 0.45538169145584106, "elapsed_seconds": 6803.248892837029, "tokens_per_second": 21867.011238796917, "loss_main": 2.375140070915222, "loss_total": 2.375140070915222}
{"event": "update", "optimizer_step": 4550, "tokens_seen": 149094400, "lr": 0.00018493088012258693, "grad_norm": 0.44294801354408264, "elapsed_seconds": 6812.461618248024, "tokens_per_second": 21885.539817300716, "loss_main": 2.7310469150543213, "loss_total": 2.7310469150543213}
{"event": "update", "optimizer_step": 4560, "tokens_seen": 149422080, "lr": 0.00018418538359126326, "grad_norm": 0.44825422763824463, "elapsed_seconds": 6821.678356048011, "tokens_per_second": 21904.005466268332, "loss_main": 2.39258074760437, "loss_total": 2.39258074760437}
{"event": "update", "optimizer_step": 4570, "tokens_seen": 149749760, "lr": 0.00018343928946541768, "grad_norm": 0.43687179684638977, "elapsed_seconds": 6830.89422638301, "tokens_per_second": 21922.42406881671, "loss_main": 2.444271981716156, "loss_total": 2.444271981716156}
{"event": "evaluation", "tokens_seen": 150011904, "elapsed_seconds": 6838.2731055360055, "parameters": 144630912, "main_loss": 2.5445816963911057, "perplexity": 12.737898662504424}
{"event": "update", "optimizer_step": 4580, "tokens_seen": 150077440, "lr": 0.0001826926209847088, "grad_norm": 0.42752543091773987, "elapsed_seconds": 6846.193164572003, "tokens_per_second": 21921.297923147664, "loss_main": 2.5397311449050903, "loss_total": 2.5397311449050903}
{"event": "update", "optimizer_step": 4590, "tokens_seen": 150405120, "lr": 0.00018194540140668524, "grad_norm": 0.43693777918815613, "elapsed_seconds": 6855.526078547002, "tokens_per_second": 21939.252841683843, "loss_main": 2.5138056874275208, "loss_total": 2.5138056874275208}
{"event": "update", "optimizer_step": 4600, "tokens_seen": 150732800, "lr": 0.0001811976540060616, "grad_norm": 0.44092777371406555, "elapsed_seconds": 6864.743027556047, "tokens_per_second": 21957.529858719732, "loss_main": 2.527709126472473, "loss_total": 2.527709126472473}
{"event": "update", "optimizer_step": 4610, "tokens_seen": 151060480, "lr": 0.00018044940207399322, "grad_norm": 0.457123726606369, "elapsed_seconds": 6873.9687870470225, "tokens_per_second": 21975.729695580103, "loss_main": 2.5472811460494995, "loss_total": 2.5472811460494995}
{"event": "update", "optimizer_step": 4620, "tokens_seen": 151388160, "lr": 0.0001797006689173509, "grad_norm": 0.42851489782333374, "elapsed_seconds": 6883.180127143045, "tokens_per_second": 21993.926819235465, "loss_main": 2.330320417881012, "loss_total": 2.330320417881012}
{"event": "update", "optimizer_step": 4630, "tokens_seen": 151715840, "lr": 0.0001789514778579947, "grad_norm": 0.4133428633213043, "elapsed_seconds": 6892.396618510014, "tokens_per_second": 22012.058852294784, "loss_main": 2.425775647163391, "loss_total": 2.425775647163391}
{"event": "update", "optimizer_step": 4640, "tokens_seen": 152043520, "lr": 0.0001782018522320478, "grad_norm": 0.44597142934799194, "elapsed_seconds": 6901.623471468047, "tokens_per_second": 22030.109383475068, "loss_main": 2.5495932698249817, "loss_total": 2.5495932698249817}
{"event": "update", "optimizer_step": 4650, "tokens_seen": 152371200, "lr": 0.0001774518153891693, "grad_norm": 0.42534109950065613, "elapsed_seconds": 6910.836743881053, "tokens_per_second": 22048.155042138926, "loss_main": 2.4488114714622498, "loss_total": 2.4488114714622498}
{"event": "update", "optimizer_step": 4660, "tokens_seen": 152698880, "lr": 0.00017670139069182706, "grad_norm": 0.45141851902008057, "elapsed_seconds": 6920.046412641997, "tokens_per_second": 22066.164140321314, "loss_main": 2.54423451423645, "loss_total": 2.54423451423645}
{"event": "update", "optimizer_step": 4670, "tokens_seen": 153026560, "lr": 0.00017595060151457014, "grad_norm": 0.44102784991264343, "elapsed_seconds": 6929.27701237303, "tokens_per_second": 22084.058658176502, "loss_main": 2.5544633269309998, "loss_total": 2.5544633269309998}
{"event": "update", "optimizer_step": 4680, "tokens_seen": 153354240, "lr": 0.0001751994712433004, "grad_norm": 0.4430209994316101, "elapsed_seconds": 6938.500809694, "tokens_per_second": 22101.927232716313, "loss_main": 2.3766058683395386, "loss_total": 2.3766058683395386}
{"event": "update", "optimizer_step": 4690, "tokens_seen": 153681920, "lr": 0.00017444802327454433, "grad_norm": 0.45096492767333984, "elapsed_seconds": 6947.720937816019, "tokens_per_second": 22119.76004440805, "loss_main": 2.698464035987854, "loss_total": 2.698464035987854}
{"event": "update", "optimizer_step": 4700, "tokens_seen": 154009600, "lr": 0.00017369628101472425, "grad_norm": 0.4681455194950104, "elapsed_seconds": 6956.942943761998, "tokens_per_second": 22137.539612581415, "loss_main": 2.6758346557617188, "loss_total": 2.6758346557617188}
{"event": "update", "optimizer_step": 4710, "tokens_seen": 154337280, "lr": 0.00017294426787942913, "grad_norm": 0.45699459314346313, "elapsed_seconds": 6966.153171193029, "tokens_per_second": 22155.30956715499, "loss_main": 2.562780797481537, "loss_total": 2.562780797481537}
{"event": "update", "optimizer_step": 4720, "tokens_seen": 154664960, "lr": 0.00017219200729268522, "grad_norm": 0.4511052668094635, "elapsed_seconds": 6975.374824559025, "tokens_per_second": 22172.99627475972, "loss_main": 2.606259286403656, "loss_total": 2.606259286403656}
{"event": "update", "optimizer_step": 4730, "tokens_seen": 154992640, "lr": 0.00017143952268622656, "grad_norm": 0.5326960682868958, "elapsed_seconds": 6984.5962336820085, "tokens_per_second": 22190.637055378345, "loss_main": 2.5202369689941406, "loss_total": 2.5202369689941406}
{"event": "update", "optimizer_step": 4740, "tokens_seen": 155320320, "lr": 0.00017068683749876508, "grad_norm": 0.44087445735931396, "elapsed_seconds": 6993.817866446043, "tokens_per_second": 22208.23060680119, "loss_main": 2.363597869873047, "loss_total": 2.363597869873047}
{"event": "update", "optimizer_step": 4750, "tokens_seen": 155648000, "lr": 0.00016993397517526044, "grad_norm": 0.43602901697158813, "elapsed_seconds": 7003.039621485048, "tokens_per_second": 22225.777435626398, "loss_main": 2.4516003727912903, "loss_total": 2.4516003727912903}
{"event": "update", "optimizer_step": 4760, "tokens_seen": 155975680, "lr": 0.0001691809591661898, "grad_norm": 0.4525472819805145, "elapsed_seconds": 7012.247516796051, "tokens_per_second": 22243.32207703736, "loss_main": 2.700118899345398, "loss_total": 2.700118899345398}
{"event": "update", "optimizer_step": 4770, "tokens_seen": 156303360, "lr": 0.00016842781292681743, "grad_norm": 0.44273748993873596, "elapsed_seconds": 7021.458612101036, "tokens_per_second": 22260.810557313707, "loss_main": 2.501906991004944, "loss_total": 2.501906991004944}
{"event": "update", "optimizer_step": 4780, "tokens_seen": 156631040, "lr": 0.0001676745599164641, "grad_norm": 0.47637471556663513, "elapsed_seconds": 7030.675262856996, "tokens_per_second": 22278.23560952681, "loss_main": 2.7176149487495422, "loss_total": 2.7176149487495422}
{"event": "update", "optimizer_step": 4790, "tokens_seen": 156958720, "lr": 0.00016692122359777622, "grad_norm": 0.44458213448524475, "elapsed_seconds": 7039.90491841, "tokens_per_second": 22295.573849234595, "loss_main": 2.52253395318985, "loss_total": 2.52253395318985}
{"event": "update", "optimizer_step": 4800, "tokens_seen": 157286400, "lr": 0.0001661678274359952, "grad_norm": 0.4644719958305359, "elapsed_seconds": 7049.117235776037, "tokens_per_second": 22312.921567218673, "loss_main": 2.576726734638214, "loss_total": 2.576726734638214}
{"event": "update", "optimizer_step": 4810, "tokens_seen": 157614080, "lr": 0.00016541439489822644, "grad_norm": 0.432627409696579, "elapsed_seconds": 7058.32155312103, "tokens_per_second": 22330.24931122706, "loss_main": 2.4049644470214844, "loss_total": 2.4049644470214844}
{"event": "update", "optimizer_step": 4820, "tokens_seen": 157941760, "lr": 0.00016466094945270842, "grad_norm": 0.4527601897716522, "elapsed_seconds": 7067.534869166033, "tokens_per_second": 22347.503468155806, "loss_main": 2.7895195484161377, "loss_total": 2.7895195484161377}
{"event": "update", "optimizer_step": 4830, "tokens_seen": 158269440, "lr": 0.00016390751456808167, "grad_norm": 0.43450990319252014, "elapsed_seconds": 7076.749037607049, "tokens_per_second": 22364.71000440022, "loss_main": 2.5799710750579834, "loss_total": 2.5799710750579834}
{"event": "update", "optimizer_step": 4840, "tokens_seen": 158597120, "lr": 0.00016315411371265766, "grad_norm": 0.4348134696483612, "elapsed_seconds": 7085.955610525038, "tokens_per_second": 22381.89578331957, "loss_main": 2.237260162830353, "loss_total": 2.237260162830353}
{"event": "update", "optimizer_step": 4850, "tokens_seen": 158924800, "lr": 0.00016240077035368814, "grad_norm": 0.4164280593395233, "elapsed_seconds": 7095.166992012004, "tokens_per_second": 22399.021781858453, "loss_main": 2.640314280986786, "loss_total": 2.640314280986786}
{"event": "update", "optimizer_step": 4860, "tokens_seen": 159252480, "lr": 0.00016164750795663368, "grad_norm": 0.4398910701274872, "elapsed_seconds": 7104.401746571006, "tokens_per_second": 22416.029622320337, "loss_main": 2.4905462861061096, "loss_total": 2.4905462861061096}
{"event": "update", "optimizer_step": 4870, "tokens_seen": 159580160, "lr": 0.00016089434998443322, "grad_norm": 0.414073646068573, "elapsed_seconds": 7113.61416755605, "tokens_per_second": 22433.063734018244, "loss_main": 2.4917333126068115, "loss_total": 2.4917333126068115}
{"event": "update", "optimizer_step": 4880, "tokens_seen": 159907840, "lr": 0.0001601413198967729, "grad_norm": 0.43080663681030273, "elapsed_seconds": 7122.81909842504, "tokens_per_second": 22450.077390756418, "loss_main": 2.4752676486968994, "loss_total": 2.4752676486968994}
{"event": "evaluation", "tokens_seen": 160006144, "elapsed_seconds": 7125.598075982009, "parameters": 144630912, "main_loss": 2.512913227081299, "perplexity": 12.340829382044557}
{"event": "update", "optimizer_step": 4890, "tokens_seen": 160235520, "lr": 0.00015938844114935546, "grad_norm": 0.4370136260986328, "elapsed_seconds": 7137.892228518031, "tokens_per_second": 22448.576536335306, "loss_main": 2.2876591086387634, "loss_total": 2.2876591086387634}
{"event": "update", "optimizer_step": 4900, "tokens_seen": 160563200, "lr": 0.0001586357371931697, "grad_norm": 0.4306997060775757, "elapsed_seconds": 7147.101251610031, "tokens_per_second": 22465.499556737053, "loss_main": 2.3604785799980164, "loss_total": 2.3604785799980164}
{"event": "update", "optimizer_step": 4910, "tokens_seen": 160890880, "lr": 0.0001578832314737599, "grad_norm": 0.4565800726413727, "elapsed_seconds": 7156.327809105045, "tokens_per_second": 22482.323936488407, "loss_main": 2.347146153450012, "loss_total": 2.347146153450012}
{"event": "update", "optimizer_step": 4920, "tokens_seen": 161218560, "lr": 0.00015713094743049564, "grad_norm": 0.4472660720348358, "elapsed_seconds": 7165.560324918013, "tokens_per_second": 22499.086280715197, "loss_main": 2.280824840068817, "loss_total": 2.280824840068817}
{"event": "update", "optimizer_step": 4930, "tokens_seen": 161546240, "lr": 0.00015637890849584153, "grad_norm": 0.4267336428165436, "elapsed_seconds": 7174.7704791279975, "tokens_per_second": 22515.87566040634, "loss_main": 2.4108721017837524, "loss_total": 2.4108721017837524}
{"event": "update", "optimizer_step": 4940, "tokens_seen": 161873920, "lr": 0.00015562713809462754, "grad_norm": 0.4485774040222168, "elapsed_seconds": 7183.977213519043, "tokens_per_second": 22532.63271706658, "loss_main": 2.3849270939826965, "loss_total": 2.3849270939826965}
{"event": "update", "optimizer_step": 4950, "tokens_seen": 162201600, "lr": 0.0001548756596433191, "grad_norm": 0.4228179156780243, "elapsed_seconds": 7193.205148258014, "tokens_per_second": 22549.280419074457, "loss_main": 2.4612576961517334, "loss_total": 2.4612576961517334}
{"event": "update", "optimizer_step": 4960, "tokens_seen": 162529280, "lr": 0.00015412449654928807, "grad_norm": 0.4560011327266693, "elapsed_seconds": 7202.428525923053, "tokens_per_second": 22565.89973993119, "loss_main": 2.598597526550293, "loss_total": 2.598597526550293}
{"event": "update", "optimizer_step": 4970, "tokens_seen": 162856960, "lr": 0.00015337367221008322, "grad_norm": 0.4463556706905365, "elapsed_seconds": 7211.64553090604, "tokens_per_second": 22582.49650541814, "loss_main": 2.4725233912467957, "loss_total": 2.4725233912467957}
{"event": "update", "optimizer_step": 4980, "tokens_seen": 163184640, "lr": 0.00015262321001270181, "grad_norm": 0.4269597828388214, "elapsed_seconds": 7220.855613156047, "tokens_per_second": 22599.072567340292, "loss_main": 2.5382968187332153, "loss_total": 2.5382968187332153}
{"event": "update", "optimizer_step": 4990, "tokens_seen": 163512320, "lr": 0.0001518731333328608, "grad_norm": 0.43009236454963684, "elapsed_seconds": 7230.060884784034, "tokens_per_second": 22615.62144575, "loss_main": 2.5440454483032227, "loss_total": 2.5440454483032227}
{"event": "update", "optimizer_step": 5000, "tokens_seen": 163840000, "lr": 0.00015112346553426904, "grad_norm": 0.4241073727607727, "elapsed_seconds": 7239.280159034999, "tokens_per_second": 22632.084461535742, "loss_main": 2.464248239994049, "loss_total": 2.464248239994049}
{"event": "update", "optimizer_step": 5010, "tokens_seen": 164167680, "lr": 0.0001503742299678992, "grad_norm": 0.43474915623664856, "elapsed_seconds": 7248.483103774022, "tokens_per_second": 22648.556622077776, "loss_main": 2.425960958003998, "loss_total": 2.425960958003998}
{"event": "update", "optimizer_step": 5020, "tokens_seen": 164495360, "lr": 0.00014962544997126074, "grad_norm": 0.4253369867801666, "elapsed_seconds": 7257.7073579740245, "tokens_per_second": 22664.920461317495, "loss_main": 2.538036048412323, "loss_total": 2.538036048412323}
{"event": "update", "optimizer_step": 5030, "tokens_seen": 164823040, "lr": 0.0001488771488676728, "grad_norm": 0.431530624628067, "elapsed_seconds": 7266.915680672042, "tokens_per_second": 22681.29248263924, "loss_main": 2.527769923210144, "loss_total": 2.527769923210144}
{"event": "update", "optimizer_step": 5040, "tokens_seen": 165150720, "lr": 0.0001481293499655377, "grad_norm": 0.45132505893707275, "elapsed_seconds": 7276.1237976360135, "tokens_per_second": 22697.623706410395, "loss_main": 2.6045923829078674, "loss_total": 2.6045923829078674}
{"event": "update", "optimizer_step": 5050, "tokens_seen": 165478400, "lr": 0.000147382076557615, "grad_norm": 0.4413755536079407, "elapsed_seconds": 7285.331681054027, "tokens_per_second": 22713.914375420572, "loss_main": 2.374871790409088, "loss_total": 2.374871790409088}
{"event": "update", "optimizer_step": 5060, "tokens_seen": 165806080, "lr": 0.000146635351920296, "grad_norm": 0.4283372461795807, "elapsed_seconds": 7294.544651798031, "tokens_per_second": 22730.148064708945, "loss_main": 2.441991686820984, "loss_total": 2.441991686820984}
{"event": "update", "optimizer_step": 5070, "tokens_seen": 166133760, "lr": 0.00014588919931287866, "grad_norm": 0.43627652525901794, "elapsed_seconds": 7303.756906399038, "tokens_per_second": 22746.343029906333, "loss_main": 2.374647080898285, "loss_total": 2.374647080898285}
{"event": "update", "optimizer_step": 5080, "tokens_seen": 166461440, "lr": 0.00014514364197684294, "grad_norm": 0.4496309757232666, "elapsed_seconds": 7312.963430506003, "tokens_per_second": 22762.515029899732, "loss_main": 2.505043387413025, "loss_total": 2.505043387413025}
{"event": "update", "optimizer_step": 5090, "tokens_seen": 166789120, "lr": 0.00014439870313512728, "grad_norm": 0.4366326630115509, "elapsed_seconds": 7322.175636557047, "tokens_per_second": 22778.6286861627, "loss_main": 2.421832859516144, "loss_total": 2.421832859516144}
{"event": "update", "optimizer_step": 5100, "tokens_seen": 167116800, "lr": 0.00014365440599140478, "grad_norm": 0.4406318962574005, "elapsed_seconds": 7331.389459275, "tokens_per_second": 22794.69682088423, "loss_main": 2.534539222717285, "loss_total": 2.534539222717285}
{"event": "update", "optimizer_step": 5110, "tokens_seen": 167444480, "lr": 0.00014291077372936083, "grad_norm": 0.4303306043148041, "elapsed_seconds": 7340.605817828036, "tokens_per_second": 22810.716738573497, "loss_main": 2.4119690656661987, "loss_total": 2.4119690656661987}
{"event": "update", "optimizer_step": 5120, "tokens_seen": 167772160, "lr": 0.00014216782951197068, "grad_norm": 0.4551091194152832, "elapsed_seconds": 7349.820065773034, "tokens_per_second": 22826.70303471629, "loss_main": 2.5154054760932922, "loss_total": 2.5154054760932922}
{"event": "update", "optimizer_step": 5130, "tokens_seen": 168099840, "lr": 0.00014142559648077805, "grad_norm": 0.4358394742012024, "elapsed_seconds": 7359.023498162045, "tokens_per_second": 22842.682869810622, "loss_main": 2.434505879878998, "loss_total": 2.434505879878998}
{"event": "update", "optimizer_step": 5140, "tokens_seen": 168427520, "lr": 0.00014068409775517453, "grad_norm": 0.4177475571632385, "elapsed_seconds": 7368.224016591033, "tokens_per_second": 22858.631825084536, "loss_main": 2.302204668521881, "loss_total": 2.302204668521881}
{"event": "update", "optimizer_step": 5150, "tokens_seen": 168755200, "lr": 0.00013994335643167894, "grad_norm": 0.4057343304157257, "elapsed_seconds": 7377.446895731031, "tokens_per_second": 22874.471668193288, "loss_main": 2.4532214403152466, "loss_total": 2.4532214403152466}
{"event": "update", "optimizer_step": 5160, "tokens_seen": 169082880, "lr": 0.00013920339558321854, "grad_norm": 0.4246865510940552, "elapsed_seconds": 7386.668783888046, "tokens_per_second": 22890.27502746665, "loss_main": 2.5191009044647217, "loss_total": 2.5191009044647217}
{"event": "update", "optimizer_step": 5170, "tokens_seen": 169410560, "lr": 0.00013846423825840975, "grad_norm": 0.42818012833595276, "elapsed_seconds": 7395.888441518997, "tokens_per_second": 22906.045884759962, "loss_main": 2.4489205479621887, "loss_total": 2.4489205479621887}
{"event": "update", "optimizer_step": 5180, "tokens_seen": 169738240, "lr": 0.0001377259074808407, "grad_norm": 0.4369957149028778, "elapsed_seconds": 7405.116809572035, "tokens_per_second": 22921.750509133388, "loss_main": 2.4759665727615356, "loss_total": 2.4759665727615356}
{"event": "evaluation", "tokens_seen": 170000384, "elapsed_seconds": 7412.472104267043, "parameters": 144630912, "main_loss": 2.4867380261421204, "perplexity": 12.02199665217582}
{"event": "update", "optimizer_step": 5190, "tokens_seen": 170065920, "lr": 0.00013698842624835367, "grad_norm": 0.4343569576740265, "elapsed_seconds": 7419.967790757015, "tokens_per_second": 22920.034802826172, "loss_main": 2.4487359523773193, "loss_total": 2.4487359523773193}
{"event": "update", "optimizer_step": 5200, "tokens_seen": 170393600, "lr": 0.0001362518175323291, "grad_norm": 0.4762749671936035, "elapsed_seconds": 7429.160947024997, "tokens_per_second": 22935.779856571018, "loss_main": 2.6102062463760376, "loss_total": 2.6102062463760376}
{"event": "update", "optimizer_step": 5210, "tokens_seen": 170721280, "lr": 0.0001355161042769699, "grad_norm": 0.44137874245643616, "elapsed_seconds": 7438.377004840004, "tokens_per_second": 22951.415327418206, "loss_main": 2.3545398712158203, "loss_total": 2.3545398712158203}
{"event": "update", "optimizer_step": 5220, "tokens_seen": 171048960, "lr": 0.00013478130939858674, "grad_norm": 0.4205661416053772, "elapsed_seconds": 7447.588425744034, "tokens_per_second": 22967.02640128932, "loss_main": 2.4365031719207764, "loss_total": 2.4365031719207764}
{"event": "update", "optimizer_step": 5230, "tokens_seen": 171376640, "lr": 0.00013404745578488432, "grad_norm": 0.42772409319877625, "elapsed_seconds": 7456.825165860006, "tokens_per_second": 22982.52087022546, "loss_main": 2.4873735308647156, "loss_total": 2.4873735308647156}
{"event": "update", "optimizer_step": 5240, "tokens_seen": 171704320, "lr": 0.00013331456629424838, "grad_norm": 0.4326576888561249, "elapsed_seconds": 7466.041397763998, "tokens_per_second": 22998.04017312624, "loss_main": 2.436553716659546, "loss_total": 2.436553716659546}
{"event": "update", "optimizer_step": 5250, "tokens_seen": 172032000, "lr": 0.0001325826637550338, "grad_norm": 0.4336947500705719, "elapsed_seconds": 7475.242183124996, "tokens_per_second": 23013.568762809326, "loss_main": 2.5387929677963257, "loss_total": 2.5387929677963257}
{"event": "update", "optimizer_step": 5260, "tokens_seen": 172359680, "lr": 0.00013185177096485345, "grad_norm": 0.441222608089447, "elapsed_seconds": 7484.557995776006, "tokens_per_second": 23028.705248496055, "loss_main": 2.502156674861908, "loss_total": 2.502156674861908}
{"event": "update", "optimizer_step": 5270, "tokens_seen": 172687360, "lr": 0.00013112191068986813, "grad_norm": 0.44176846742630005, "elapsed_seconds": 7493.773956628051, "tokens_per_second": 23044.111151399553, "loss_main": 2.556577980518341, "loss_total": 2.556577980518341}
{"event": "update", "optimizer_step": 5280, "tokens_seen": 173015040, "lr": 0.00013039310566407734, "grad_norm": 0.44242098927497864, "elapsed_seconds": 7502.997372917016, "tokens_per_second": 23059.456294696156, "loss_main": 2.501497268676758, "loss_total": 2.501497268676758}
{"event": "update", "optimizer_step": 5290, "tokens_seen": 173342720, "lr": 0.0001296653785886114, "grad_norm": 0.4307897388935089, "elapsed_seconds": 7512.21327949001, "tokens_per_second": 23074.786823912953, "loss_main": 2.56623512506485, "loss_total": 2.56623512506485}
{"event": "update", "optimizer_step": 5300, "tokens_seen": 173670400, "lr": 0.0001289387521310239, "grad_norm": 0.40982046723365784, "elapsed_seconds": 7521.455411138013, "tokens_per_second": 23089.99927631337, "loss_main": 2.3007571399211884, "loss_total": 2.3007571399211884}
{"event": "update", "optimizer_step": 5310, "tokens_seen": 173998080, "lr": 0.0001282132489245862, "grad_norm": 0.4374636709690094, "elapsed_seconds": 7530.663344223052, "tokens_per_second": 23105.27931559681, "loss_main": 2.5895798802375793, "loss_total": 2.5895798802375793}
{"event": "update", "optimizer_step": 5320, "tokens_seen": 174325760, "lr": 0.00012748889156758195, "grad_norm": 0.47620341181755066, "elapsed_seconds": 7539.873086325009, "tokens_per_second": 23120.516486699602, "loss_main": 2.3074320554733276, "loss_total": 2.3074320554733276}
{"event": "update", "optimizer_step": 5330, "tokens_seen": 174653440, "lr": 0.00012676570262260347, "grad_norm": 0.4249129891395569, "elapsed_seconds": 7549.0974270720035, "tokens_per_second": 23135.671739203022, "loss_main": 2.4798152446746826, "loss_total": 2.4798152446746826}
{"event": "update", "optimizer_step": 5340, "tokens_seen": 174981120, "lr": 0.00012604370461584896, "grad_norm": 0.426716685295105, "elapsed_seconds": 7558.300926559023, "tokens_per_second": 23150.85383609641, "loss_main": 2.3892624974250793, "loss_total": 2.3892624974250793}
{"event": "update", "optimizer_step": 5350, "tokens_seen": 175308800, "lr": 0.00012532292003642056, "grad_norm": 0.4178834557533264, "elapsed_seconds": 7567.527866513003, "tokens_per_second": 23165.92724762301, "loss_main": 2.5840232968330383, "loss_total": 2.5840232968330383}
{"event": "update", "optimizer_step": 5360, "tokens_seen": 175636480, "lr": 0.0001246033713356243, "grad_norm": 0.433661550283432, "elapsed_seconds": 7576.744576525001, "tokens_per_second": 23180.995244867278, "loss_main": 2.5089882612228394, "loss_total": 2.5089882612228394}
{"event": "update", "optimizer_step": 5370, "tokens_seen": 175964160, "lr": 0.00012388508092627036, "grad_norm": 0.4395033121109009, "elapsed_seconds": 7586.085433471017, "tokens_per_second": 23195.647022852936, "loss_main": 2.41400408744812, "loss_total": 2.41400408744812}
{"event": "update", "optimizer_step": 5380, "tokens_seen": 176291840, "lr": 0.00012316807118197516, "grad_norm": 0.4298054575920105, "elapsed_seconds": 7595.3083576020435, "tokens_per_second": 23210.623150481024, "loss_main": 2.5490824580192566, "loss_total": 2.5490824580192566}
{"event": "update", "optimizer_step": 5390, "tokens_seen": 176619520, "lr": 0.0001224523644364645, "grad_norm": 0.4102538228034973, "elapsed_seconds": 7604.550992269011, "tokens_per_second": 23225.502752175125, "loss_main": 2.258121967315674, "loss_total": 2.258121967315674}
{"event": "update", "optimizer_step": 5400, "tokens_seen": 176947200, "lr": 0.00012173798298287772, "grad_norm": 0.4491596519947052, "elapsed_seconds": 7613.83364801202, "tokens_per_second": 23240.224068488955, "loss_main": 2.3553396463394165, "loss_total": 2.3553396463394165}
{"event": "update", "optimizer_step": 5410, "tokens_seen": 177274880, "lr": 0.00012102494907307338, "grad_norm": 0.40677306056022644, "elapsed_seconds": 7623.291747848038, "tokens_per_second": 23254.374339017333, "loss_main": 2.2826300859451294, "loss_total": 2.2826300859451294}
{"event": "update", "optimizer_step": 5420, "tokens_seen": 177602560, "lr": 0.00012031328491693636, "grad_norm": 0.4084683656692505, "elapsed_seconds": 7632.721522043052, "tokens_per_second": 23268.575892241002, "loss_main": 2.596514880657196, "loss_total": 2.596514880657196}
{"event": "update", "optimizer_step": 5430, "tokens_seen": 177930240, "lr": 0.0001196030126816856, "grad_norm": 0.4607216715812683, "elapsed_seconds": 7642.108417922049, "tokens_per_second": 23282.873033143995, "loss_main": 2.4476212859153748, "loss_total": 2.4476212859153748}
{"event": "update", "optimizer_step": 5440, "tokens_seen": 178257920, "lr": 0.00011889415449118415, "grad_norm": 0.433285653591156, "elapsed_seconds": 7651.575826411019, "tokens_per_second": 23296.889953662278, "loss_main": 2.3803247809410095, "loss_total": 2.3803247809410095}
{"event": "update", "optimizer_step": 5450, "tokens_seen": 178585600, "lr": 0.00011818673242524954, "grad_norm": 0.42395758628845215, "elapsed_seconds": 7660.778956827999, "tokens_per_second": 23311.676398237272, "loss_main": 2.5223660469055176, "loss_total": 2.5223660469055176}
{"event": "update", "optimizer_step": 5460, "tokens_seen": 178913280, "lr": 0.00011748076851896653, "grad_norm": 0.42782872915267944, "elapsed_seconds": 7669.996552046039, "tokens_per_second": 23326.383367444058, "loss_main": 2.4814820885658264, "loss_total": 2.4814820885658264}
{"event": "update", "optimizer_step": 5470, "tokens_seen": 179240960, "lr": 0.00011677628476200034, "grad_norm": 0.42542585730552673, "elapsed_seconds": 7679.342928908998, "tokens_per_second": 23340.663603554516, "loss_main": 2.367849588394165, "loss_total": 2.367849588394165}
{"event": "update", "optimizer_step": 5480, "tokens_seen": 179568640, "lr": 0.00011607330309791181, "grad_norm": 0.456222802400589, "elapsed_seconds": 7688.534176220011, "tokens_per_second": 23355.38034745175, "loss_main": 2.5301255583763123, "loss_total": 2.5301255583763123}
{"event": "update", "optimizer_step": 5490, "tokens_seen": 179896320, "lr": 0.00011537184542347419, "grad_norm": 0.4186708927154541, "elapsed_seconds": 7697.744321793027, "tokens_per_second": 23370.004572728776, "loss_main": 2.3399492502212524, "loss_total": 2.3399492502212524}
{"event": "evaluation", "tokens_seen": 180027392, "elapsed_seconds": 7701.435120117036, "parameters": 144630912, "main_loss": 2.4596060030162334, "perplexity": 11.700200787909397}
{"event": "update", "optimizer_step": 5500, "tokens_seen": 180224000, "lr": 0.00011467193358799055, "grad_norm": 0.41236183047294617, "elapsed_seconds": 7712.667191140004, "tokens_per_second": 23367.273024179485, "loss_main": 2.2894861102104187, "loss_total": 2.2894861102104187}
{"event": "update", "optimizer_step": 5510, "tokens_seen": 180551680, "lr": 0.00011397358939261382, "grad_norm": 0.4256773293018341, "elapsed_seconds": 7721.867169742007, "tokens_per_second": 23381.868145503515, "loss_main": 2.3684256076812744, "loss_total": 2.3684256076812744}
{"event": "update", "optimizer_step": 5520, "tokens_seen": 180879360, "lr": 0.00011327683458966713, "grad_norm": 0.42789649963378906, "elapsed_seconds": 7731.063575654, "tokens_per_second": 23396.439342396527, "loss_main": 2.4884543418884277, "loss_total": 2.4884543418884277}
{"event": "update", "optimizer_step": 5530, "tokens_seen": 181207040, "lr": 0.00011258169088196673, "grad_norm": 0.4468071162700653, "elapsed_seconds": 7740.273972036026, "tokens_per_second": 23410.93359933547, "loss_main": 2.5343644618988037, "loss_total": 2.5343644618988037}
{"event": "update", "optimizer_step": 5540, "tokens_seen": 181534720, "lr": 0.00011188817992214565, "grad_norm": 0.4243672490119934, "elapsed_seconds": 7749.490435828047, "tokens_per_second": 23425.37506217371, "loss_main": 2.5001614093780518, "loss_total": 2.5001614093780518}
{"event": "update", "optimizer_step": 5550, "tokens_seen": 181862400, "lr": 0.00011119632331197951, "grad_norm": 0.42521926760673523, "elapsed_seconds": 7758.701077000005, "tokens_per_second": 23439.799806067444, "loss_main": 2.5358806848526, "loss_total": 2.5358806848526}
{"event": "update", "optimizer_step": 5560, "tokens_seen": 182190080, "lr": 0.00011050614260171343, "grad_norm": 0.42497730255126953, "elapsed_seconds": 7767.900038434018, "tokens_per_second": 23454.225607765275, "loss_main": 2.381923198699951, "loss_total": 2.381923198699951}
{"event": "update", "optimizer_step": 5570, "tokens_seen": 182517760, "lr": 0.00010981765928939098, "grad_norm": 0.4142985939979553, "elapsed_seconds": 7777.121388881002, "tokens_per_second": 23468.549720844883, "loss_main": 2.4406707882881165, "loss_total": 2.4406707882881165}
{"event": "update", "optimizer_step": 5580, "tokens_seen": 182845440, "lr": 0.00010913089482018444, "grad_norm": 0.41666629910469055, "elapsed_seconds": 7786.333781738009, "tokens_per_second": 23482.86692112325, "loss_main": 2.4288042783737183, "loss_total": 2.4288042783737183}
{"event": "update", "optimizer_step": 5590, "tokens_seen": 183173120, "lr": 0.00010844587058572669, "grad_norm": 0.45509448647499084, "elapsed_seconds": 7795.549874457007, "tokens_per_second": 23497.1391306452, "loss_main": 2.247545301914215, "loss_total": 2.247545301914215}
{"event": "update", "optimizer_step": 5600, "tokens_seen": 183500800, "lr": 0.00010776260792344522, "grad_norm": 0.4265929162502289, "elapsed_seconds": 7804.748905403016, "tokens_per_second": 23511.42903174853, "loss_main": 2.3890697956085205, "loss_total": 2.3890697956085205}
{"event": "update", "optimizer_step": 5610, "tokens_seen": 183828480, "lr": 0.00010708112811589722, "grad_norm": 0.48420000076293945, "elapsed_seconds": 7813.956128413032, "tokens_per_second": 23525.660622992833, "loss_main": 2.4361431002616882, "loss_total": 2.4361431002616882}
{"event": "update", "optimizer_step": 5620, "tokens_seen": 184156160, "lr": 0.00010640145239010686, "grad_norm": 0.43836459517478943, "elapsed_seconds": 7823.175117606006, "tokens_per_second": 23539.823311069405, "loss_main": 2.7099393606185913, "loss_total": 2.7099393606185913}
{"event": "update", "optimizer_step": 5630, "tokens_seen": 184483840, "lr": 0.0001057236019169038, "grad_norm": 0.4191993474960327, "elapsed_seconds": 7832.381917738006, "tokens_per_second": 23553.98931482123, "loss_main": 2.4646899700164795, "loss_total": 2.4646899700164795}
{"event": "update", "optimizer_step": 5640, "tokens_seen": 184811520, "lr": 0.00010504759781026418, "grad_norm": 0.4287128150463104, "elapsed_seconds": 7841.591914319026, "tokens_per_second": 23568.112446980005, "loss_main": 2.303441643714905, "loss_total": 2.303441643714905}
{"event": "update", "optimizer_step": 5650, "tokens_seen": 185139200, "lr": 0.00010437346112665255, "grad_norm": 0.42739537358283997, "elapsed_seconds": 7850.800325751014, "tokens_per_second": 23582.207204115773, "loss_main": 2.2204691767692566, "loss_total": 2.2204691767692566}
{"event": "update", "optimizer_step": 5660, "tokens_seen": 185466880, "lr": 0.00010370121286436634, "grad_norm": 0.43581628799438477, "elapsed_seconds": 7860.003480457002, "tokens_per_second": 23596.28471681242, "loss_main": 2.3748834133148193, "loss_total": 2.3748834133148193}
{"event": "update", "optimizer_step": 5670, "tokens_seen": 185794560, "lr": 0.00010303087396288143, "grad_norm": 0.43102946877479553, "elapsed_seconds": 7869.2087360210135, "tokens_per_second": 23610.32299849059, "loss_main": 2.5105936527252197, "loss_total": 2.5105936527252197}
{"event": "update", "optimizer_step": 5680, "tokens_seen": 186122240, "lr": 0.00010236246530220023, "grad_norm": 0.4566458463668823, "elapsed_seconds": 7878.412232401024, "tokens_per_second": 23624.33375021269, "loss_main": 2.40273380279541, "loss_total": 2.40273380279541}
{"event": "update", "optimizer_step": 5690, "tokens_seen": 186449920, "lr": 0.00010169600770220125, "grad_norm": 0.4288124442100525, "elapsed_seconds": 7887.6168726910255, "tokens_per_second": 23638.308377469242, "loss_main": 2.3231019377708435, "loss_total": 2.3231019377708435}
{"event": "update", "optimizer_step": 5700, "tokens_seen": 186777600, "lr": 0.00010103152192199034, "grad_norm": 0.416033536195755, "elapsed_seconds": 7896.826745029015, "tokens_per_second": 23652.23475588785, "loss_main": 2.4263855814933777, "loss_total": 2.4263855814933777}
{"event": "update", "optimizer_step": 5710, "tokens_seen": 187105280, "lr": 0.00010036902865925443, "grad_norm": 0.4124790132045746, "elapsed_seconds": 7906.0311161710415, "tokens_per_second": 23666.145155600738, "loss_main": 2.414051115512848, "loss_total": 2.414051115512848}
{"event": "update", "optimizer_step": 5720, "tokens_seen": 187432960, "lr": 9.970854854961657e-05, "grad_norm": 0.4504281282424927, "elapsed_seconds": 7915.235326145019, "tokens_per_second": 23680.02368557323, "loss_main": 2.5439706444740295, "loss_total": 2.5439706444740295}
{"event": "update", "optimizer_step": 5730, "tokens_seen": 187760640, "lr": 9.905010216599338e-05, "grad_norm": 0.433840811252594, "elapsed_seconds": 7924.451939093997, "tokens_per_second": 23693.83289129604, "loss_main": 2.3319034576416016, "loss_total": 2.3319034576416016}
{"event": "update", "optimizer_step": 5740, "tokens_seen": 188088320, "lr": 9.839371001795391e-05, "grad_norm": 0.41970160603523254, "elapsed_seconds": 7933.6582751850365, "tokens_per_second": 23707.640722099695, "loss_main": 2.3091705441474915, "loss_total": 2.3091705441474915}
{"event": "update", "optimizer_step": 5750, "tokens_seen": 188416000, "lr": 9.77393925510812e-05, "grad_norm": 0.4450368285179138, "elapsed_seconds": 7942.867881794053, "tokens_per_second": 23721.40677699936, "loss_main": 2.2750346660614014, "loss_total": 2.2750346660614014}
{"event": "update", "optimizer_step": 5760, "tokens_seen": 188743680, "lr": 9.708717014633512e-05, "grad_norm": 0.42755556106567383, "elapsed_seconds": 7952.078126114036, "tokens_per_second": 23735.139042482457, "loss_main": 2.4157575368881226, "loss_total": 2.4157575368881226}
{"event": "update", "optimizer_step": 5770, "tokens_seen": 189071360, "lr": 9.643706311941776e-05, "grad_norm": 0.41407710313796997, "elapsed_seconds": 7961.298549512052, "tokens_per_second": 23748.80917028142, "loss_main": 2.2850801944732666, "loss_total": 2.2850801944732666}
{"event": "update", "optimizer_step": 5780, "tokens_seen": 189399040, "lr": 9.578909172014033e-05, "grad_norm": 0.42358070611953735, "elapsed_seconds": 7970.502769042039, "tokens_per_second": 23762.495979003786, "loss_main": 2.3288885354995728, "loss_total": 2.3288885354995728}
{"event": "update", "optimizer_step": 5790, "tokens_seen": 189726720, "lr": 9.514327613179274e-05, "grad_norm": 0.4285881817340851, "elapsed_seconds": 7979.702175769024, "tokens_per_second": 23776.165553661853, "loss_main": 2.3308152556419373, "loss_total": 2.3308152556419373}
{"event": "evaluation", "tokens_seen": 190021632, "elapsed_seconds": 7987.988685968041, "parameters": 144630912, "main_loss": 2.438337065279484, "perplexity": 11.453977679701497}
{"event": "update", "optimizer_step": 5800, "tokens_seen": 190054400, "lr": 9.449963647051486e-05, "grad_norm": 0.4156424403190613, "elapsed_seconds": 7994.6641245160135, "tokens_per_second": 23772.65599153681, "loss_main": 2.4727843403816223, "loss_total": 2.4727843403816223}
{"event": "update", "optimizer_step": 5810, "tokens_seen": 190382080, "lr": 9.385819278466961e-05, "grad_norm": 0.47116518020629883, "elapsed_seconds": 8003.863258104015, "tokens_per_second": 23786.273435798106, "loss_main": 2.4664388298988342, "loss_total": 2.4664388298988342}
{"event": "update", "optimizer_step": 5820, "tokens_seen": 190709760, "lr": 9.321896505421893e-05, "grad_norm": 0.40966618061065674, "elapsed_seconds": 8013.074184611032, "tokens_per_second": 23799.82458745418, "loss_main": 2.206712484359741, "loss_total": 2.206712484359741}
{"event": "update", "optimizer_step": 5830, "tokens_seen": 191037440, "lr": 9.258197319010115e-05, "grad_norm": 0.43170225620269775, "elapsed_seconds": 8022.291609879001, "tokens_per_second": 23813.325330227104, "loss_main": 2.5059152841567993, "loss_total": 2.5059152841567993}
{"event": "update", "optimizer_step": 5840, "tokens_seen": 191365120, "lr": 9.194723703361097e-05, "grad_norm": 0.41851967573165894, "elapsed_seconds": 8031.600092317036, "tokens_per_second": 23826.524951492334, "loss_main": 2.5945671796798706, "loss_total": 2.5945671796798706}
{"event": "update", "optimizer_step": 5850, "tokens_seen": 191692800, "lr": 9.131477635578115e-05, "grad_norm": 0.44830864667892456, "elapsed_seconds": 8040.81215599901, "tokens_per_second": 23839.979877776863, "loss_main": 2.3739095330238342, "loss_total": 2.3739095330238342}
{"event": "update", "optimizer_step": 5860, "tokens_seen": 192020480, "lr": 9.068461085676708e-05, "grad_norm": 0.4354839622974396, "elapsed_seconds": 8050.0201186370105, "tokens_per_second": 23853.41616171165, "loss_main": 2.340263605117798, "loss_total": 2.340263605117798}
{"event": "update", "optimizer_step": 5870, "tokens_seen": 192348160, "lr": 9.005676016523285e-05, "grad_norm": 0.4112231731414795, "elapsed_seconds": 8059.223639092001, "tokens_per_second": 23866.834897966804, "loss_main": 2.375575542449951, "loss_total": 2.375575542449951}
{"event": "update", "optimizer_step": 5880, "tokens_seen": 192675840, "lr": 8.943124383773998e-05, "grad_norm": 0.42340752482414246, "elapsed_seconds": 8068.515504566021, "tokens_per_second": 23879.961548188585, "loss_main": 2.1828895807266235, "loss_total": 2.1828895807266235}
{"event": "update", "optimizer_step": 5890, "tokens_seen": 193003520, "lr": 8.880808135813809e-05, "grad_norm": 0.4467582702636719, "elapsed_seconds": 8077.728629806021, "tokens_per_second": 23893.290904554044, "loss_main": 2.442123830318451, "loss_total": 2.442123830318451}
{"event": "update", "optimizer_step": 5900, "tokens_seen": 193331200, "lr": 8.818729213695829e-05, "grad_norm": 0.41698119044303894, "elapsed_seconds": 8086.933775732003, "tokens_per_second": 23906.613478172116, "loss_main": 2.472520351409912, "loss_total": 2.472520351409912}
{"event": "update", "optimizer_step": 5910, "tokens_seen": 193658880, "lr": 8.756889551080837e-05, "grad_norm": 0.5384121537208557, "elapsed_seconds": 8096.2325917140115, "tokens_per_second": 23919.629013400354, "loss_main": 2.51640647649765, "loss_total": 2.51640647649765}
{"event": "update", "optimizer_step": 5920, "tokens_seen": 193986560, "lr": 8.69529107417706e-05, "grad_norm": 0.43044519424438477, "elapsed_seconds": 8105.458374546026, "tokens_per_second": 23932.83032692952, "loss_main": 2.4055126905441284, "loss_total": 2.4055126905441284}
{"event": "update", "optimizer_step": 5930, "tokens_seen": 194314240, "lr": 8.633935701680154e-05, "grad_norm": 0.43595898151397705, "elapsed_seconds": 8114.673390232027, "tokens_per_second": 23946.033395984145, "loss_main": 2.4425413012504578, "loss_total": 2.4425413012504578}
{"event": "update", "optimizer_step": 5940, "tokens_seen": 194641920, "lr": 8.57282534471347e-05, "grad_norm": 0.41754472255706787, "elapsed_seconds": 8123.88005522301, "tokens_per_second": 23959.231140403248, "loss_main": 2.313326448202133, "loss_total": 2.313326448202133}
{"event": "update", "optimizer_step": 5950, "tokens_seen": 194969600, "lr": 8.511961906768509e-05, "grad_norm": 0.4301549196243286, "elapsed_seconds": 8133.115601379017, "tokens_per_second": 23972.313877715173, "loss_main": 2.3933178186416626, "loss_total": 2.3933178186416626}
{"event": "update", "optimizer_step": 5960, "tokens_seen": 195297280, "lr": 8.451347283645622e-05, "grad_norm": 0.4245496988296509, "elapsed_seconds": 8142.343023465015, "tokens_per_second": 23985.390868105464, "loss_main": 2.2602406442165375, "loss_total": 2.2602406442165375}
{"event": "update", "optimizer_step": 5970, "tokens_seen": 195624960, "lr": 8.390983363394986e-05, "grad_norm": 0.4646924138069153, "elapsed_seconds": 8151.571904706012, "tokens_per_second": 23998.433956898923, "loss_main": 2.573057532310486, "loss_total": 2.573057532310486}
{"event": "update", "optimizer_step": 5980, "tokens_seen": 195952640, "lr": 8.330872026257764e-05, "grad_norm": 0.41518741846084595, "elapsed_seconds": 8160.78871602501, "tokens_per_second": 24011.48305864306, "loss_main": 2.3860297203063965, "loss_total": 2.3860297203063965}
{"event": "update", "optimizer_step": 5990, "tokens_seen": 196280320, "lr": 8.271015144607564e-05, "grad_norm": 0.39635032415390015, "elapsed_seconds": 8170.00543442904, "tokens_per_second": 24024.502991498564, "loss_main": 2.3149401545524597, "loss_total": 2.3149401545524597}
{"event": "update", "optimizer_step": 6000, "tokens_seen": 196608000, "lr": 8.21141458289209e-05, "grad_norm": 0.43968096375465393, "elapsed_seconds": 8179.22241111903, "tokens_per_second": 24037.492822389377, "loss_main": 2.34229838848114, "loss_total": 2.34229838848114}
{"event": "update", "optimizer_step": 6010, "tokens_seen": 196935680, "lr": 8.152072197575097e-05, "grad_norm": 0.7340169548988342, "elapsed_seconds": 8188.441564260051, "tokens_per_second": 24050.44701785035, "loss_main": 2.4823545813560486, "loss_total": 2.4823545813560486}
{"event": "update", "optimizer_step": 6020, "tokens_seen": 197263360, "lr": 8.092989837078549e-05, "grad_norm": 0.42722174525260925, "elapsed_seconds": 8197.714309699018, "tokens_per_second": 24063.214762999294, "loss_main": 2.551478624343872, "loss_total": 2.551478624343872}
{"event": "update", "optimizer_step": 6030, "tokens_seen": 197591040, "lr": 8.034169341725045e-05, "grad_norm": 0.4442291557788849, "elapsed_seconds": 8206.921191759, "tokens_per_second": 24076.14687447121, "loss_main": 2.5275532007217407, "loss_total": 2.5275532007217407}
{"event": "update", "optimizer_step": 6040, "tokens_seen": 197918720, "lr": 7.975612543680495e-05, "grad_norm": 0.4347306489944458, "elapsed_seconds": 8216.141973020043, "tokens_per_second": 24089.00925153441, "loss_main": 2.60574871301651, "loss_total": 2.60574871301651}
{"event": "update", "optimizer_step": 6050, "tokens_seen": 198246400, "lr": 7.917321266897039e-05, "grad_norm": 0.4423193335533142, "elapsed_seconds": 8225.361547519045, "tokens_per_second": 24101.846326718074, "loss_main": 2.362413167953491, "loss_total": 2.362413167953491}
{"event": "update", "optimizer_step": 6060, "tokens_seen": 198574080, "lr": 7.859297327056285e-05, "grad_norm": 0.43657055497169495, "elapsed_seconds": 8234.576503185031, "tokens_per_second": 24114.668182777103, "loss_main": 2.5045360326766968, "loss_total": 2.5045360326766968}
{"event": "update", "optimizer_step": 6070, "tokens_seen": 198901760, "lr": 7.801542531512675e-05, "grad_norm": 0.43165841698646545, "elapsed_seconds": 8243.794700245024, "tokens_per_second": 24127.451887428517, "loss_main": 2.554122567176819, "loss_total": 2.554122567176819}
{"event": "update", "optimizer_step": 6080, "tokens_seen": 199229440, "lr": 7.74405867923725e-05, "grad_norm": 0.4176272749900818, "elapsed_seconds": 8253.033887386031, "tokens_per_second": 24140.14563838191, "loss_main": 2.3554659485816956, "loss_total": 2.3554659485816956}
{"event": "update", "optimizer_step": 6090, "tokens_seen": 199557120, "lr": 7.686847560761596e-05, "grad_norm": 0.4323938190937042, "elapsed_seconds": 8262.247262739053, "tokens_per_second": 24152.88645499142, "loss_main": 2.351864218711853, "loss_total": 2.351864218711853}
{"event": "update", "optimizer_step": 6100, "tokens_seen": 199884800, "lr": 7.629910958122064e-05, "grad_norm": 0.41993746161460876, "elapsed_seconds": 8271.469017210999, "tokens_per_second": 24165.574408135522, "loss_main": 2.358176112174988, "loss_total": 2.358176112174988}
{"event": "evaluation", "tokens_seen": 200015872, "elapsed_seconds": 8275.162538942997, "parameters": 144630912, "main_loss": 2.4191887751221657, "perplexity": 11.236740093402757}
{"event": "update", "optimizer_step": 6110, "tokens_seen": 200212480, "lr": 7.573250644804267e-05, "grad_norm": 0.4166886508464813, "elapsed_seconds": 8286.388215669023, "tokens_per_second": 24161.60995467376, "loss_main": 2.2488358914852142, "loss_total": 2.2488358914852142}
{"event": "update", "optimizer_step": 6120, "tokens_seen": 200540160, "lr": 7.51686838568784e-05, "grad_norm": 0.4107007086277008, "elapsed_seconds": 8295.59820197901, "tokens_per_second": 24174.285581015585, "loss_main": 2.0119051337242126, "loss_total": 2.0119051337242126}
{"event": "update", "optimizer_step": 6130, "tokens_seen": 200867840, "lr": 7.460765936991475e-05, "grad_norm": 0.4267756938934326, "elapsed_seconds": 8304.821757421014, "tokens_per_second": 24186.89357426711, "loss_main": 2.489424467086792, "loss_total": 2.489424467086792}
{"event": "update", "optimizer_step": 6140, "tokens_seen": 201195520, "lr": 7.404945046218209e-05, "grad_norm": 0.42688053846359253, "elapsed_seconds": 8314.043765936047, "tokens_per_second": 24199.478095644612, "loss_main": 2.4215773344039917, "loss_total": 2.4215773344039917}
{"event": "update", "optimizer_step": 6150, "tokens_seen": 201523200, "lr": 7.349407452100979e-05, "grad_norm": 0.4260479509830475, "elapsed_seconds": 8323.241921674053, "tokens_per_second": 24212.10411717405, "loss_main": 2.551008403301239, "loss_total": 2.551008403301239}
{"event": "update", "optimizer_step": 6160, "tokens_seen": 201850880, "lr": 7.294154884548481e-05, "grad_norm": 0.43638429045677185, "elapsed_seconds": 8332.45741087204, "tokens_per_second": 24224.651870002792, "loss_main": 2.3910956978797913, "loss_total": 2.3910956978797913}
{"event": "update", "optimizer_step": 6170, "tokens_seen": 202178560, "lr": 7.239189064591302e-05, "grad_norm": 0.4305793046951294, "elapsed_seconds": 8341.67645942804, "tokens_per_second": 24237.161556594667, "loss_main": 2.3391822576522827, "loss_total": 2.3391822576522827}
{"event": "update", "optimizer_step": 6180, "tokens_seen": 202506240, "lr": 7.184511704328267e-05, "grad_norm": 0.41771841049194336, "elapsed_seconds": 8350.889421637054, "tokens_per_second": 24249.661296593003, "loss_main": 2.3853935599327087, "loss_total": 2.3853935599327087}
{"event": "update", "optimizer_step": 6190, "tokens_seen": 202833920, "lr": 7.130124506873149e-05, "grad_norm": 0.4419114589691162, "elapsed_seconds": 8360.12031957903, "tokens_per_second": 24262.081434997053, "loss_main": 2.4186108708381653, "loss_total": 2.4186108708381653}
{"event": "update", "optimizer_step": 6200, "tokens_seen": 203161600, "lr": 7.076029166301593e-05, "grad_norm": 0.4276675283908844, "elapsed_seconds": 8369.338459842023, "tokens_per_second": 24274.51117848982, "loss_main": 2.3837671279907227, "loss_total": 2.3837671279907227}
{"event": "update", "optimizer_step": 6210, "tokens_seen": 203489280, "lr": 7.022227367598386e-05, "grad_norm": 0.43794354796409607, "elapsed_seconds": 8378.55836497905, "tokens_per_second": 24286.90845558236, "loss_main": 2.3433269262313843, "loss_total": 2.3433269262313843}
{"event": "update", "optimizer_step": 6220, "tokens_seen": 203816960, "lr": 6.968720786604919e-05, "grad_norm": 0.4048875570297241, "elapsed_seconds": 8387.776844626002, "tokens_per_second": 24299.28260795163, "loss_main": 2.340329349040985, "loss_total": 2.340329349040985}
{"event": "update", "optimizer_step": 6230, "tokens_seen": 204144640, "lr": 6.915511089967033e-05, "grad_norm": 0.4681466221809387, "elapsed_seconds": 8396.982635699038, "tokens_per_second": 24311.666327866023, "loss_main": 2.3631346821784973, "loss_total": 2.3631346821784973}
{"event": "update", "optimizer_step": 6240, "tokens_seen": 204472320, "lr": 6.862599935083085e-05, "grad_norm": 0.4245688021183014, "elapsed_seconds": 8406.222539394046, "tokens_per_second": 24323.92421706447, "loss_main": 2.4804844856262207, "loss_total": 2.4804844856262207}
{"event": "update", "optimizer_step": 6250, "tokens_seen": 204800000, "lr": 6.809988970052328e-05, "grad_norm": 0.4221445322036743, "elapsed_seconds": 8415.439128613041, "tokens_per_second": 24336.222610614182, "loss_main": 2.299599915742874, "loss_total": 2.299599915742874}
{"event": "update", "optimizer_step": 6260, "tokens_seen": 205127680, "lr": 6.757679833623564e-05, "grad_norm": 0.4385053515434265, "elapsed_seconds": 8424.647086642042, "tokens_per_second": 24348.51904066658, "loss_main": 2.3073487281799316, "loss_total": 2.3073487281799316}
{"event": "update", "optimizer_step": 6270, "tokens_seen": 205455360, "lr": 6.705674155144109e-05, "grad_norm": 0.4531368017196655, "elapsed_seconds": 8433.86294231104, "tokens_per_second": 24360.765808662916, "loss_main": 2.2884113788604736, "loss_total": 2.2884113788604736}
{"event": "update", "optimizer_step": 6280, "tokens_seen": 205783040, "lr": 6.653973554509061e-05, "grad_norm": 0.43029049038887024, "elapsed_seconds": 8443.077440617024, "tokens_per_second": 24372.989759639262, "loss_main": 2.3541830480098724, "loss_total": 2.3541830480098724}
{"event": "update", "optimizer_step": 6290, "tokens_seen": 206110720, "lr": 6.6025796421108e-05, "grad_norm": 0.41136837005615234, "elapsed_seconds": 8452.296876442037, "tokens_per_second": 24385.172813139707, "loss_main": 2.454071879386902, "loss_total": 2.454071879386902}
{"event": "update", "optimizer_step": 6300, "tokens_seen": 206438400, "lr": 6.551494018788864e-05, "grad_norm": 0.40897703170776367, "elapsed_seconds": 8461.501287811028, "tokens_per_second": 24397.372638514975, "loss_main": 2.146802693605423, "loss_total": 2.146802693605423}
{"event": "update", "optimizer_step": 6310, "tokens_seen": 206766080, "lr": 6.500718275780055e-05, "grad_norm": 0.43118706345558167, "elapsed_seconds": 8470.718657919031, "tokens_per_second": 24409.508608422537, "loss_main": 2.4773261547088623, "loss_total": 2.4773261547088623}
{"event": "update", "optimizer_step": 6320, "tokens_seen": 207093760, "lr": 6.45025399466892e-05, "grad_norm": 0.4969647228717804, "elapsed_seconds": 8479.941900780017, "tokens_per_second": 24421.60128254543, "loss_main": 2.235455244779587, "loss_total": 2.235455244779587}
{"event": "update", "optimizer_step": 6330, "tokens_seen": 207421440, "lr": 6.400102747338423e-05, "grad_norm": 0.43210962414741516, "elapsed_seconds": 8489.157347763015, "tokens_per_second": 24433.690118213886, "loss_main": 2.181489586830139, "loss_total": 2.181489586830139}
{"event": "update", "optimizer_step": 6340, "tokens_seen": 207749120, "lr": 6.350266095921046e-05, "grad_norm": 0.42390504479408264, "elapsed_seconds": 8498.361259483034, "tokens_per_second": 24445.785917629684, "loss_main": 2.326525032520294, "loss_total": 2.326525032520294}
{"event": "update", "optimizer_step": 6350, "tokens_seen": 208076800, "lr": 6.300745592750077e-05, "grad_norm": 0.5004713535308838, "elapsed_seconds": 8507.597685754008, "tokens_per_second": 24457.76207170975, "loss_main": 2.556854009628296, "loss_total": 2.556854009628296}
{"event": "update", "optimizer_step": 6360, "tokens_seen": 208404480, "lr": 6.251542780311319e-05, "grad_norm": 0.42528799176216125, "elapsed_seconds": 8516.80711983901, "tokens_per_second": 24469.789801220646, "loss_main": 2.3651890754699707, "loss_total": 2.3651890754699707}
{"event": "update", "optimizer_step": 6370, "tokens_seen": 208732160, "lr": 6.202659191194973e-05, "grad_norm": 0.4217335879802704, "elapsed_seconds": 8526.015984386031, "tokens_per_second": 24481.793182449805, "loss_main": 2.229883849620819, "loss_total": 2.229883849620819}
{"event": "update", "optimizer_step": 6380, "tokens_seen": 209059840, "lr": 6.154096348047946e-05, "grad_norm": 0.43405380845069885, "elapsed_seconds": 8535.23604483303, "tokens_per_second": 24493.738533049527, "loss_main": 2.4340128898620605, "loss_total": 2.4340128898620605}
{"event": "update", "optimizer_step": 6390, "tokens_seen": 209387520, "lr": 6.105855763526434e-05, "grad_norm": 0.42691507935523987, "elapsed_seconds": 8544.423494517046, "tokens_per_second": 24505.75163255472, "loss_main": 2.3107945919036865, "loss_total": 2.3107945919036865}
{"event": "update", "optimizer_step": 6400, "tokens_seen": 209715200, "lr": 6.05793894024875e-05, "grad_norm": 0.4450189769268036, "elapsed_seconds": 8553.648432703048, "tokens_per_second": 24517.63147035582, "loss_main": 2.0955581068992615, "loss_total": 2.0955581068992615}
{"event": "evaluation", "tokens_seen": 210010112, "elapsed_seconds": 8561.935749644006, "parameters": 144630912, "main_loss": 2.402434840798378, "perplexity": 11.050048761930098}
{"event": "update", "optimizer_step": 6410, "tokens_seen": 210042880, "lr": 6.01034737074858e-05, "grad_norm": 0.41716840863227844, "elapsed_seconds": 8568.518875573005, "tokens_per_second": 24513.3240703696, "loss_main": 2.2671077847480774, "loss_total": 2.2671077847480774}
{"event": "update", "optimizer_step": 6420, "tokens_seen": 210370560, "lr": 5.963082537428446e-05, "grad_norm": 0.4502607583999634, "elapsed_seconds": 8577.733128117048, "tokens_per_second": 24525.19294525776, "loss_main": 2.3623379468917847, "loss_total": 2.3623379468917847}
{"event": "update", "optimizer_step": 6430, "tokens_seen": 210698240, "lr": 5.916145912513576e-05, "grad_norm": 0.42639410495758057, "elapsed_seconds": 8586.956577338045, "tokens_per_second": 24537.010068975615, "loss_main": 2.265002489089966, "loss_total": 2.265002489089966}
{"event": "update", "optimizer_step": 6440, "tokens_seen": 211025920, "lr": 5.869538958005999e-05, "grad_norm": 0.4444020986557007, "elapsed_seconds": 8596.18059379101, "tokens_per_second": 24548.800213948885, "loss_main": 2.5719487071037292, "loss_total": 2.5719487071037292}
{"event": "update", "optimizer_step": 6450, "tokens_seen": 211353600, "lr": 5.823263125639044e-05, "grad_norm": 0.4627383351325989, "elapsed_seconds": 8605.398277342028, "tokens_per_second": 24560.58315818955, "loss_main": 2.2569740414619446, "loss_total": 2.2569740414619446}
{"event": "update", "optimizer_step": 6460, "tokens_seen": 211681280, "lr": 5.777319856832091e-05, "grad_norm": 0.42102745175361633, "elapsed_seconds": 8614.603203831008, "tokens_per_second": 24572.377275120813, "loss_main": 2.1743035316467285, "loss_total": 2.1743035316467285}
{"event": "update", "optimizer_step": 6470, "tokens_seen": 212008960, "lr": 5.731710582645714e-05, "grad_norm": 0.41753891110420227, "elapsed_seconds": 8623.823623238015, "tokens_per_second": 24584.10204827407, "loss_main": 2.299721837043762, "loss_total": 2.299721837043762}
{"event": "update", "optimizer_step": 6480, "tokens_seen": 212336640, "lr": 5.686436723737052e-05, "grad_norm": 0.41499587893486023, "elapsed_seconds": 8633.032766611024, "tokens_per_second": 24595.833902221442, "loss_main": 2.343979597091675, "loss_total": 2.343979597091675}
{"event": "update", "optimizer_step": 6490, "tokens_seen": 212664320, "lr": 5.641499690315607e-05, "grad_norm": 0.4056832194328308, "elapsed_seconds": 8642.240131767001, "tokens_per_second": 24607.54581654033, "loss_main": 2.250022292137146, "loss_total": 2.250022292137146}
{"event": "update", "optimizer_step": 6500, "tokens_seen": 212992000, "lr": 5.596900882099278e-05, "grad_norm": 0.4208086133003235, "elapsed_seconds": 8651.457449281006, "tokens_per_second": 24619.204480708744, "loss_main": 2.2482530176639557, "loss_total": 2.2482530176639557}
{"event": "update", "optimizer_step": 6510, "tokens_seen": 213319680, "lr": 5.552641688270798e-05, "grad_norm": 0.42233505845069885, "elapsed_seconds": 8660.675560585049, "tokens_per_second": 24630.836071359514, "loss_main": 2.2973625659942627, "loss_total": 2.2973625659942627}
{"event": "update", "optimizer_step": 6520, "tokens_seen": 213647360, "lr": 5.5087234874344376e-05, "grad_norm": 0.41138097643852234, "elapsed_seconds": 8669.900615296036, "tokens_per_second": 24642.423192610608, "loss_main": 2.0548714995384216, "loss_total": 2.0548714995384216}
{"event": "update", "optimizer_step": 6530, "tokens_seen": 213975040, "lr": 5.465147647573069e-05, "grad_norm": 0.4325464963912964, "elapsed_seconds": 8679.12944324303, "tokens_per_second": 24653.974963651013, "loss_main": 2.3449658155441284, "loss_total": 2.3449658155441284}
{"event": "update", "optimizer_step": 6540, "tokens_seen": 214302720, "lr": 5.421915526005566e-05, "grad_norm": 0.4061374068260193, "elapsed_seconds": 8688.36403272202, "tokens_per_second": 24665.485837482807, "loss_main": 2.2934447526931763, "loss_total": 2.2934447526931763}
{"event": "update", "optimizer_step": 6550, "tokens_seen": 214630400, "lr": 5.3790284693445154e-05, "grad_norm": 0.42472484707832336, "elapsed_seconds": 8697.587644037034, "tokens_per_second": 24677.003415671028, "loss_main": 2.492112100124359, "loss_total": 2.492112100124359}
{"event": "update", "optimizer_step": 6560, "tokens_seen": 214958080, "lr": 5.3364878134542755e-05, "grad_norm": 0.40685880184173584, "elapsed_seconds": 8706.817255218048, "tokens_per_second": 24688.479578593928, "loss_main": 2.289094626903534, "loss_total": 2.289094626903534}
{"event": "update", "optimizer_step": 6570, "tokens_seen": 215285760, "lr": 5.2942948834093566e-05, "grad_norm": 0.41062307357788086, "elapsed_seconds": 8716.05631269305, "tokens_per_second": 24699.90466749083, "loss_main": 2.1539083421230316, "loss_total": 2.1539083421230316}
{"event": "update", "optimizer_step": 6580, "tokens_seen": 215613440, "lr": 5.2524509934531755e-05, "grad_norm": 0.41664019227027893, "elapsed_seconds": 8725.273466885032, "tokens_per_second": 24711.367594186722, "loss_main": 2.353924870491028, "loss_total": 2.353924870491028}
{"event": "update", "optimizer_step": 6590, "tokens_seen": 215941120, "lr": 5.210957446957078e-05, "grad_norm": 0.4357964098453522, "elapsed_seconds": 8734.498586661008, "tokens_per_second": 24722.78378174759, "loss_main": 2.476404905319214, "loss_total": 2.476404905319214}
{"event": "update", "optimizer_step": 6600, "tokens_seen": 216268800, "lr": 5.169815536379779e-05, "grad_norm": 0.4206646978855133, "elapsed_seconds": 8743.718220287003, "tokens_per_second": 24734.191399056912, "loss_main": 2.339810013771057, "loss_total": 2.339810013771057}
{"event": "update", "optimizer_step": 6610, "tokens_seen": 216596480, "lr": 5.129026543227072e-05, "grad_norm": 0.42753562331199646, "elapsed_seconds": 8752.933421062015, "tokens_per_second": 24745.587516844134, "loss_main": 2.4363993406295776, "loss_total": 2.4363993406295776}
{"event": "update", "optimizer_step": 6620, "tokens_seen": 216924160, "lr": 5.088591738011939e-05, "grad_norm": 0.4041907787322998, "elapsed_seconds": 8762.154276471003, "tokens_per_second": 24756.943687068608, "loss_main": 2.3474806547164917, "loss_total": 2.3474806547164917}
{"event": "update", "optimizer_step": 6630, "tokens_seen": 217251840, "lr": 5.048512380214967e-05, "grad_norm": 0.42367804050445557, "elapsed_seconds": 8771.366321576003, "tokens_per_second": 24768.300859308438, "loss_main": 2.3668710589408875, "loss_total": 2.3668710589408875}
{"event": "update", "optimizer_step": 6640, "tokens_seen": 217579520, "lr": 5.008789718245102e-05, "grad_norm": 0.4564380347728729, "elapsed_seconds": 8780.588645534008, "tokens_per_second": 24779.605193174095, "loss_main": 2.436992645263672, "loss_total": 2.436992645263672}
{"event": "update", "optimizer_step": 6650, "tokens_seen": 217907200, "lr": 4.969424989400787e-05, "grad_norm": 0.43336251378059387, "elapsed_seconds": 8789.808242902043, "tokens_per_second": 24790.893495994602, "loss_main": 2.470988154411316, "loss_total": 2.470988154411316}
{"event": "update", "optimizer_step": 6660, "tokens_seen": 218234880, "lr": 4.9304194198314094e-05, "grad_norm": 0.455668568611145, "elapsed_seconds": 8799.034130904009, "tokens_per_second": 24802.140411470213, "loss_main": 2.2044796645641327, "loss_total": 2.2044796645641327}
{"event": "update", "optimizer_step": 6670, "tokens_seen": 218562560, "lr": 4.89177422449911e-05, "grad_norm": 0.4218587279319763, "elapsed_seconds": 8808.249429589021, "tokens_per_second": 24813.393597347047, "loss_main": 2.1709771156311035, "loss_total": 2.1709771156311035}
{"event": "update", "optimizer_step": 6680, "tokens_seen": 218890240, "lr": 4.853490607140933e-05, "grad_norm": 0.41591739654541016, "elapsed_seconds": 8817.471555678, "tokens_per_second": 24824.60403958388, "loss_main": 2.2495442032814026, "loss_total": 2.2495442032814026}
{"event": "update", "optimizer_step": 6690, "tokens_seen": 219217920, "lr": 4.815569760231344e-05, "grad_norm": 0.4175315201282501, "elapsed_seconds": 8826.695158419025, "tokens_per_second": 24835.78690161367, "loss_main": 2.3393958806991577, "loss_total": 2.3393958806991577}
{"event": "update", "optimizer_step": 6700, "tokens_seen": 219545600, "lr": 4.77801286494508e-05, "grad_norm": 0.40656033158302307, "elapsed_seconds": 8835.901292174996, "tokens_per_second": 24846.995540163836, "loss_main": 2.290557324886322, "loss_total": 2.290557324886322}
{"event": "update", "optimizer_step": 6710, "tokens_seen": 219873280, "lr": 4.7408210911203566e-05, "grad_norm": 0.46362218260765076, "elapsed_seconds": 8845.09044171602, "tokens_per_second": 24858.228578762028, "loss_main": 2.352997124195099, "loss_total": 2.352997124195099}
{"event": "evaluation", "tokens_seen": 220004352, "elapsed_seconds": 8848.777465499996, "parameters": 144630912, "main_loss": 2.386203270405531, "perplexity": 10.872136918010456}
{"event": "update", "optimizer_step": 6720, "tokens_seen": 220200960, "lr": 4.7039955972224214e-05, "grad_norm": 0.4312118589878082, "elapsed_seconds": 8860.067965429043, "tokens_per_second": 24853.19083997985, "loss_main": 2.4048351049423218, "loss_total": 2.4048351049423218}
{"event": "update", "optimizer_step": 6730, "tokens_seen": 220528640, "lr": 4.667537530307492e-05, "grad_norm": 0.41906851530075073, "elapsed_seconds": 8869.271534838015, "tokens_per_second": 24864.34642729964, "loss_main": 2.3139312863349915, "loss_total": 2.3139312863349915}
{"event": "update", "optimizer_step": 6740, "tokens_seen": 220856320, "lr": 4.631448025987008e-05, "grad_norm": 0.4342244267463684, "elapsed_seconds": 8878.478158200043, "tokens_per_second": 24875.470330015967, "loss_main": 2.461334705352783, "loss_total": 2.461334705352783}
{"event": "update", "optimizer_step": 6750, "tokens_seen": 221184000, "lr": 4.595728208392258e-05, "grad_norm": 0.4356061518192291, "elapsed_seconds": 8887.712819662003, "tokens_per_second": 24886.49267679776, "loss_main": 2.22220379114151, "loss_total": 2.22220379114151}
{"event": "update", "optimizer_step": 6760, "tokens_seen": 221511680, "lr": 4.56037919013938e-05, "grad_norm": 0.4294741749763489, "elapsed_seconds": 8896.915461123048, "tokens_per_second": 24897.58174818476, "loss_main": 2.377467632293701, "loss_total": 2.377467632293701}
{"event": "update", "optimizer_step": 6770, "tokens_seen": 221839360, "lr": 4.525402072294689e-05, "grad_norm": 0.4389493763446808, "elapsed_seconds": 8906.124743553053, "tokens_per_second": 24908.629329561616, "loss_main": 2.5803237557411194, "loss_total": 2.5803237557411194}
{"event": "update", "optimizer_step": 6780, "tokens_seen": 222167040, "lr": 4.490797944340393e-05, "grad_norm": 0.5265340209007263, "elapsed_seconds": 8915.32015151903, "tokens_per_second": 24919.692868477217, "loss_main": 2.3116331696510315, "loss_total": 2.3116331696510315}
{"event": "update", "optimizer_step": 6790, "tokens_seen": 222494720, "lr": 4.456567884140644e-05, "grad_norm": 0.4064720869064331, "elapsed_seconds": 8924.534044120053, "tokens_per_second": 24930.681971748552, "loss_main": 2.1654830873012543, "loss_total": 2.1654830873012543}
{"event": "update", "optimizer_step": 6800, "tokens_seen": 222822400, "lr": 4.422712957907979e-05, "grad_norm": 0.4068711996078491, "elapsed_seconds": 8933.728695138008, "tokens_per_second": 24941.70212727261, "loss_main": 2.1948737502098083, "loss_total": 2.1948737502098083}
{"event": "update", "optimizer_step": 6810, "tokens_seen": 223150080, "lr": 4.389234220170099e-05, "grad_norm": 0.39708536863327026, "elapsed_seconds": 8942.931716168998, "tokens_per_second": 24952.676267955867, "loss_main": 2.2059367299079895, "loss_total": 2.2059367299079895}
{"event": "update", "optimizer_step": 6820, "tokens_seen": 223477760, "lr": 4.356132713737025e-05, "grad_norm": 0.4205699563026428, "elapsed_seconds": 8952.13110615703, "tokens_per_second": 24963.637970661322, "loss_main": 2.1760436296463013, "loss_total": 2.1760436296463013}
{"event": "update", "optimizer_step": 6830, "tokens_seen": 223805440, "lr": 4.323409469668616e-05, "grad_norm": 0.4349411725997925, "elapsed_seconds": 8961.45687531901, "tokens_per_second": 24974.2249629509, "loss_main": 2.394082009792328, "loss_total": 2.394082009792328}
{"event": "update", "optimizer_step": 6840, "tokens_seen": 224133120, "lr": 4.2910655072424535e-05, "grad_norm": 0.4126097559928894, "elapsed_seconds": 8970.663124009036, "tokens_per_second": 24985.12282777973, "loss_main": 2.2006490230560303, "loss_total": 2.2006490230560303}
{"event": "update", "optimizer_step": 6850, "tokens_seen": 224460800, "lr": 4.259101833922094e-05, "grad_norm": 0.4204188287258148, "elapsed_seconds": 8979.87786557601, "tokens_per_second": 24995.97470701257, "loss_main": 2.203965723514557, "loss_total": 2.203965723514557}
{"event": "update", "optimizer_step": 6860, "tokens_seen": 224788480, "lr": 4.227519445325684e-05, "grad_norm": 0.422437846660614, "elapsed_seconds": 8989.200477018021, "tokens_per_second": 25006.50425749197, "loss_main": 2.4866108894348145, "loss_total": 2.4866108894348145}
{"event": "update", "optimizer_step": 6870, "tokens_seen": 225116160, "lr": 4.196319325194951e-05, "grad_norm": 0.41393017768859863, "elapsed_seconds": 8998.409626715002, "tokens_per_second": 25017.327432134458, "loss_main": 2.3307555317878723, "loss_total": 2.3307555317878723}
{"event": "update", "optimizer_step": 6880, "tokens_seen": 225443840, "lr": 4.165502445364564e-05, "grad_norm": 0.4133418798446655, "elapsed_seconds": 9007.601981376996, "tokens_per_second": 25028.175142074415, "loss_main": 2.2616461515426636, "loss_total": 2.2616461515426636}
{"event": "update", "optimizer_step": 6890, "tokens_seen": 225771520, "lr": 4.135069765731858e-05, "grad_norm": 0.41489377617836, "elapsed_seconds": 9016.807587791001, "tokens_per_second": 25038.96393505177, "loss_main": 2.3023667335510254, "loss_total": 2.3023667335510254}
{"event": "update", "optimizer_step": 6900, "tokens_seen": 226099200, "lr": 4.105022234226932e-05, "grad_norm": 0.4193636476993561, "elapsed_seconds": 9026.085323951032, "tokens_per_second": 25049.530542331333, "loss_main": 2.4972874522209167, "loss_total": 2.4972874522209167}
{"event": "update", "optimizer_step": 6910, "tokens_seen": 226426880, "lr": 4.0753607867831314e-05, "grad_norm": 0.4624515473842621, "elapsed_seconds": 9035.292704206018, "tokens_per_second": 25060.270586983424, "loss_main": 2.3357220888137817, "loss_total": 2.3357220888137817}
{"event": "update", "optimizer_step": 6920, "tokens_seen": 226754560, "lr": 4.04608634730789e-05, "grad_norm": 0.45536938309669495, "elapsed_seconds": 9044.486762209039, "tokens_per_second": 25071.0256935151, "loss_main": 2.369848847389221, "loss_total": 2.369848847389221}
{"event": "update", "optimizer_step": 6930, "tokens_seen": 227082240, "lr": 4.017199827653953e-05, "grad_norm": 0.41979750990867615, "elapsed_seconds": 9053.705878212, "tokens_per_second": 25081.68953737274, "loss_main": 2.290494382381439, "loss_total": 2.290494382381439}
{"event": "update", "optimizer_step": 6940, "tokens_seen": 227409920, "lr": 3.9887021275909677e-05, "grad_norm": 0.44469520449638367, "elapsed_seconds": 9062.909438887029, "tokens_per_second": 25092.37475376639, "loss_main": 2.4461535811424255, "loss_total": 2.4461535811424255}
{"event": "update", "optimizer_step": 6950, "tokens_seen": 227737600, "lr": 3.9605941347774664e-05, "grad_norm": 0.40667545795440674, "elapsed_seconds": 9072.118874975014, "tokens_per_second": 25103.022032504752, "loss_main": 2.3552610278129578, "loss_total": 2.3552610278129578}
{"event": "update", "optimizer_step": 6960, "tokens_seen": 228065280, "lr": 3.932876724733218e-05, "grad_norm": 0.418867826461792, "elapsed_seconds": 9081.327949768049, "tokens_per_second": 25113.64871541999, "loss_main": 2.4539544582366943, "loss_total": 2.4539544582366943}
{"event": "update", "optimizer_step": 6970, "tokens_seen": 228392960, "lr": 3.9055507608119435e-05, "grad_norm": 0.4081481695175171, "elapsed_seconds": 9090.542310132005, "tokens_per_second": 25124.23925967993, "loss_main": 2.3626464903354645, "loss_total": 2.3626464903354645}
{"event": "update", "optimizer_step": 6980, "tokens_seen": 228720640, "lr": 3.8786170941744407e-05, "grad_norm": 0.4135962426662445, "elapsed_seconds": 9099.755438674008, "tokens_per_second": 25134.811758559586, "loss_main": 2.4327186942100525, "loss_total": 2.4327186942100525}
{"event": "update", "optimizer_step": 6990, "tokens_seen": 229048320, "lr": 3.852076563762058e-05, "grad_norm": 0.42065393924713135, "elapsed_seconds": 9108.964845400013, "tokens_per_second": 25145.373144750734, "loss_main": 2.470375418663025, "loss_total": 2.470375418663025}
{"event": "update", "optimizer_step": 7000, "tokens_seen": 229376000, "lr": 3.8259299962705764e-05, "grad_norm": 0.4436337649822235, "elapsed_seconds": 9118.19131471403, "tokens_per_second": 25155.86612334574, "loss_main": 2.3387944102287292, "loss_total": 2.3387944102287292}
{"event": "update", "optimizer_step": 7010, "tokens_seen": 229703680, "lr": 3.800178206124443e-05, "grad_norm": 0.4212711453437805, "elapsed_seconds": 9127.403675078007, "tokens_per_second": 25166.376789841812, "loss_main": 2.281296193599701, "loss_total": 2.281296193599701}
{"event": "update", "optimizer_step": 7020, "tokens_seen": 230031360, "lr": 3.774821995451416e-05, "grad_norm": 0.4309047758579254, "elapsed_seconds": 9136.621013977041, "tokens_per_second": 25176.85254188634, "loss_main": 2.437781572341919, "loss_total": 2.437781572341919}
{"event": "evaluation", "tokens_seen": 230031360, "elapsed_seconds": 9136.621013977041, "parameters": 144630912, "main_loss": 2.3732660710811615, "perplexity": 10.732387845580895}
{"event": "update", "optimizer_step": 7030, "tokens_seen": 230359040, "lr": 3.749862154057574e-05, "grad_norm": 0.43608713150024414, "elapsed_seconds": 9151.352723003016, "tokens_per_second": 25172.129954183176, "loss_main": 2.430104076862335, "loss_total": 2.430104076862335}
{"event": "update", "optimizer_step": 7040, "tokens_seen": 230686720, "lr": 3.725299459402719e-05, "grad_norm": 0.43886107206344604, "elapsed_seconds": 9160.564686599013, "tokens_per_second": 25182.58730681434, "loss_main": 2.405760645866394, "loss_total": 2.405760645866394}
{"event": "update", "optimizer_step": 7050, "tokens_seen": 231014400, "lr": 3.701134676576152e-05, "grad_norm": 0.4174492061138153, "elapsed_seconds": 9169.768930179998, "tokens_per_second": 25193.044858488633, "loss_main": 2.376490533351898, "loss_total": 2.376490533351898}
{"event": "update", "optimizer_step": 7060, "tokens_seen": 231342080, "lr": 3.677368558272851e-05, "grad_norm": 0.4125008285045624, "elapsed_seconds": 9178.983490796003, "tokens_per_second": 25203.453109156642, "loss_main": 2.329197645187378, "loss_total": 2.329197645187378}
{"event": "update", "optimizer_step": 7070, "tokens_seen": 231669760, "lr": 3.654001844770018e-05, "grad_norm": 0.4303045868873596, "elapsed_seconds": 9188.203317022999, "tokens_per_second": 25213.82603395215, "loss_main": 2.3873841762542725, "loss_total": 2.3873841762542725}
{"event": "update", "optimizer_step": 7080, "tokens_seen": 231997440, "lr": 3.631035263904024e-05, "grad_norm": 0.4196552634239197, "elapsed_seconds": 9197.417372540047, "tokens_per_second": 25224.193988701132, "loss_main": 2.335356295108795, "loss_total": 2.335356295108795}
{"event": "update", "optimizer_step": 7090, "tokens_seen": 232325120, "lr": 3.6084695310477375e-05, "grad_norm": 0.41713690757751465, "elapsed_seconds": 9206.620746357017, "tokens_per_second": 25234.570468423943, "loss_main": 2.3903269171714783, "loss_total": 2.3903269171714783}
{"event": "update", "optimizer_step": 7100, "tokens_seen": 232652800, "lr": 3.586305349088246e-05, "grad_norm": 0.4080968499183655, "elapsed_seconds": 9215.832252675027, "tokens_per_second": 25244.90394586655, "loss_main": 2.269154965877533, "loss_total": 2.269154965877533}
{"event": "update", "optimizer_step": 7110, "tokens_seen": 232980480, "lr": 3.564543408404956e-05, "grad_norm": 0.44071170687675476, "elapsed_seconds": 9225.030487911019, "tokens_per_second": 25255.25311870896, "loss_main": 2.4631165266036987, "loss_total": 2.4631165266036987}
{"event": "update", "optimizer_step": 7120, "tokens_seen": 233308160, "lr": 3.543184386848083e-05, "grad_norm": 0.405927449464798, "elapsed_seconds": 9234.237739589007, "tokens_per_second": 25265.557004208553, "loss_main": 2.315252363681793, "loss_total": 2.315252363681793}
{"event": "update", "optimizer_step": 7130, "tokens_seen": 233635840, "lr": 3.522228949717559e-05, "grad_norm": 0.4119381606578827, "elapsed_seconds": 9243.440137971018, "tokens_per_second": 25275.85363378404, "loss_main": 2.391085922718048, "loss_total": 2.391085922718048}
{"event": "update", "optimizer_step": 7140, "tokens_seen": 233963520, "lr": 3.501677749742288e-05, "grad_norm": 0.4475715160369873, "elapsed_seconds": 9252.662032396009, "tokens_per_second": 25286.07650218197, "loss_main": 2.304896056652069, "loss_total": 2.304896056652069}
{"event": "update", "optimizer_step": 7150, "tokens_seen": 234291200, "lr": 3.481531427059825e-05, "grad_norm": 0.42314013838768005, "elapsed_seconds": 9261.86975961004, "tokens_per_second": 25296.317707005262, "loss_main": 2.302902102470398, "loss_total": 2.302902102470398}
{"event": "update", "optimizer_step": 7160, "tokens_seen": 234618880, "lr": 3.4617906091964294e-05, "grad_norm": 0.4100370407104492, "elapsed_seconds": 9271.084115564998, "tokens_per_second": 25306.52047543222, "loss_main": 2.273339569568634, "loss_total": 2.273339569568634}
{"event": "update", "optimizer_step": 7170, "tokens_seen": 234946560, "lr": 3.4424559110475285e-05, "grad_norm": 0.4318874776363373, "elapsed_seconds": 9280.30792575801, "tokens_per_second": 25316.67719213204, "loss_main": 2.298587143421173, "loss_total": 2.298587143421173}
{"event": "update", "optimizer_step": 7180, "tokens_seen": 235274240, "lr": 3.423527934858561e-05, "grad_norm": 0.4202326238155365, "elapsed_seconds": 9289.51395410701, "tokens_per_second": 25326.862219307215, "loss_main": 2.383070409297943, "loss_total": 2.383070409297943}
{"event": "update", "optimizer_step": 7190, "tokens_seen": 235601920, "lr": 3.4050072702062084e-05, "grad_norm": 0.42332106828689575, "elapsed_seconds": 9298.717069089005, "tokens_per_second": 25337.035017786802, "loss_main": 2.1252018809318542, "loss_total": 2.1252018809318542}
{"event": "update", "optimizer_step": 7200, "tokens_seen": 235929600, "lr": 3.386894493980045e-05, "grad_norm": 0.41828128695487976, "elapsed_seconds": 9307.923799269018, "tokens_per_second": 25347.177854907703, "loss_main": 2.242677927017212, "loss_total": 2.242677927017212}
{"event": "update", "optimizer_step": 7210, "tokens_seen": 236257280, "lr": 3.369190170364561e-05, "grad_norm": 0.43827056884765625, "elapsed_seconds": 9317.13588454004, "tokens_per_second": 25357.28607243162, "loss_main": 2.397400438785553, "loss_total": 2.397400438785553}
{"event": "update", "optimizer_step": 7220, "tokens_seen": 236584960, "lr": 3.35189485082159e-05, "grad_norm": 0.4259006679058075, "elapsed_seconds": 9326.361056304013, "tokens_per_second": 25367.33872640326, "loss_main": 2.3610125184059143, "loss_total": 2.3610125184059143}
{"event": "update", "optimizer_step": 7230, "tokens_seen": 236912640, "lr": 3.335009074073129e-05, "grad_norm": 0.4231642782688141, "elapsed_seconds": 9335.558101122035, "tokens_per_second": 25377.447971913498, "loss_main": 2.3103461861610413, "loss_total": 2.3103461861610413}
{"event": "update", "optimizer_step": 7240, "tokens_seen": 237240320, "lr": 3.3185333660845665e-05, "grad_norm": 0.42688053846359253, "elapsed_seconds": 9344.77541746205, "tokens_per_second": 25387.48224560673, "loss_main": 2.280249059200287, "loss_total": 2.280249059200287}
{"event": "update", "optimizer_step": 7250, "tokens_seen": 237568000, "lr": 3.3024682400482896e-05, "grad_norm": 0.4270108938217163, "elapsed_seconds": 9353.99209924601, "tokens_per_second": 25397.498466900506, "loss_main": 2.5992115139961243, "loss_total": 2.5992115139961243}
{"event": "update", "optimizer_step": 7260, "tokens_seen": 237895680, "lr": 3.286814196367707e-05, "grad_norm": 0.4311287999153137, "elapsed_seconds": 9363.200081442017, "tokens_per_second": 25407.518575995433, "loss_main": 2.4393356442451477, "loss_total": 2.4393356442451477}
{"event": "update", "optimizer_step": 7270, "tokens_seen": 238223360, "lr": 3.271571722641656e-05, "grad_norm": 0.4274085760116577, "elapsed_seconds": 9372.410048466001, "tokens_per_second": 25417.51361369325, "loss_main": 2.2570108771324158, "loss_total": 2.2570108771324158}
{"event": "update", "optimizer_step": 7280, "tokens_seen": 238551040, "lr": 3.2567412936492165e-05, "grad_norm": 0.4345698654651642, "elapsed_seconds": 9381.619534071011, "tokens_per_second": 25427.4903318835, "loss_main": 2.3708280324935913, "loss_total": 2.3708280324935913}
{"event": "update", "optimizer_step": 7290, "tokens_seen": 238878720, "lr": 3.242323371334927e-05, "grad_norm": 0.4295765161514282, "elapsed_seconds": 9390.843381295039, "tokens_per_second": 25437.40857991581, "loss_main": 2.3605228662490845, "loss_total": 2.3605228662490845}
{"event": "update", "optimizer_step": 7300, "tokens_seen": 239206400, "lr": 3.228318404794388e-05, "grad_norm": 0.43338680267333984, "elapsed_seconds": 9400.035283614008, "tokens_per_second": 25447.3938429764, "loss_main": 2.3283900022506714, "loss_total": 2.3283900022506714}
{"event": "update", "optimizer_step": 7310, "tokens_seen": 239534080, "lr": 3.214726830260278e-05, "grad_norm": 0.45389866828918457, "elapsed_seconds": 9409.257729153032, "tokens_per_second": 25457.2769600989, "loss_main": 2.336364984512329, "loss_total": 2.336364984512329}
{"event": "update", "optimizer_step": 7320, "tokens_seen": 239861760, "lr": 3.201549071088767e-05, "grad_norm": 0.40581798553466797, "elapsed_seconds": 9418.468242601026, "tokens_per_second": 25467.172986268863, "loss_main": 2.076990306377411, "loss_total": 2.076990306377411}
{"event": "evaluation", "tokens_seen": 240025600, "elapsed_seconds": 9423.068037228019, "parameters": 144630912, "main_loss": 2.3654722720384598, "perplexity": 10.649066886634571}
{"event": "update", "optimizer_step": 7330, "tokens_seen": 240189440, "lr": 3.188785537746326e-05, "grad_norm": 0.41934096813201904, "elapsed_seconds": 9433.415864987997, "tokens_per_second": 25461.555330287098, "loss_main": 2.5280197858810425, "loss_total": 2.5280197858810425}
{"event": "update", "optimizer_step": 7340, "tokens_seen": 240517120, "lr": 3.176436627796941e-05, "grad_norm": 0.4447014331817627, "elapsed_seconds": 9442.624672979, "tokens_per_second": 25471.42646559525, "loss_main": 2.3422215580940247, "loss_total": 2.3422215580940247}
{"event": "update", "optimizer_step": 7350, "tokens_seen": 240844800, "lr": 3.164502725889732e-05, "grad_norm": 0.4227224290370941, "elapsed_seconds": 9451.827011425048, "tokens_per_second": 25481.295807559214, "loss_main": 2.4944589734077454, "loss_total": 2.4944589734077454}
{"event": "update", "optimizer_step": 7360, "tokens_seen": 241172480, "lr": 3.152984203746975e-05, "grad_norm": 0.4267022907733917, "elapsed_seconds": 9461.020563646045, "tokens_per_second": 25491.169623571564, "loss_main": 2.391506552696228, "loss_total": 2.391506552696228}
{"event": "update", "optimizer_step": 7370, "tokens_seen": 241500160, "lr": 3.141881420152517e-05, "grad_norm": 0.42228367924690247, "elapsed_seconds": 9470.218878421001, "tokens_per_second": 25501.011444443622, "loss_main": 2.2115227580070496, "loss_total": 2.2115227580070496}
{"event": "update", "optimizer_step": 7380, "tokens_seen": 241827840, "lr": 3.131194720940601e-05, "grad_norm": 0.481010377407074, "elapsed_seconds": 9479.438424549997, "tokens_per_second": 25510.77702806851, "loss_main": 2.4167943596839905, "loss_total": 2.4167943596839905}
{"event": "update", "optimizer_step": 7390, "tokens_seen": 242155520, "lr": 3.120924438985098e-05, "grad_norm": 0.4223826229572296, "elapsed_seconds": 9488.647689125035, "tokens_per_second": 25520.551287570208, "loss_main": 2.4452107548713684, "loss_total": 2.4452107548713684}
{"event": "update", "optimizer_step": 7400, "tokens_seen": 242483200, "lr": 3.11107089418914e-05, "grad_norm": 0.41813620924949646, "elapsed_seconds": 9497.842249107023, "tokens_per_second": 25530.346118645844, "loss_main": 2.331604242324829, "loss_total": 2.331604242324829}
{"event": "update", "optimizer_step": 7410, "tokens_seen": 242810880, "lr": 3.101634393475146e-05, "grad_norm": 0.4344222843647003, "elapsed_seconds": 9507.045133814041, "tokens_per_second": 25540.099640043365, "loss_main": 2.315203070640564, "loss_total": 2.315203070640564}
{"event": "update", "optimizer_step": 7420, "tokens_seen": 243138560, "lr": 3.0926152307752715e-05, "grad_norm": 0.4185132682323456, "elapsed_seconds": 9516.253776647034, "tokens_per_second": 25549.818836973856, "loss_main": 2.305094063282013, "loss_total": 2.305094063282013}
{"event": "update", "optimizer_step": 7430, "tokens_seen": 243466240, "lr": 3.0840136870222475e-05, "grad_norm": 0.44073325395584106, "elapsed_seconds": 9525.473605831037, "tokens_per_second": 25559.48922591751, "loss_main": 2.49804025888443, "loss_total": 2.49804025888443}
{"event": "update", "optimizer_step": 7440, "tokens_seen": 243793920, "lr": 3.075830030140633e-05, "grad_norm": 0.43018507957458496, "elapsed_seconds": 9534.671212834015, "tokens_per_second": 25569.20050602736, "loss_main": 2.416554093360901, "loss_total": 2.416554093360901}
{"event": "update", "optimizer_step": 7450, "tokens_seen": 244121600, "lr": 3.068064515038466e-05, "grad_norm": 0.4307672679424286, "elapsed_seconds": 9543.899579990015, "tokens_per_second": 25578.810627034636, "loss_main": 2.2834853529930115, "loss_total": 2.2834853529930115}
{"event": "update", "optimizer_step": 7460, "tokens_seen": 244449280, "lr": 3.0607173835993296e-05, "grad_norm": 0.43421804904937744, "elapsed_seconds": 9553.125456320005, "tokens_per_second": 25588.408852966662, "loss_main": 2.215047150850296, "loss_total": 2.215047150850296}
{"event": "update", "optimizer_step": 7470, "tokens_seen": 244776960, "lr": 3.05378886467481e-05, "grad_norm": 0.42046481370925903, "elapsed_seconds": 9562.358841184003, "tokens_per_second": 25597.968457926218, "loss_main": 2.3746583461761475, "loss_total": 2.3746583461761475}
{"event": "update", "optimizer_step": 7480, "tokens_seen": 245104640, "lr": 3.0472791740773754e-05, "grad_norm": 0.4292412996292114, "elapsed_seconds": 9571.566007231013, "tokens_per_second": 25607.579764359485, "loss_main": 2.4576932787895203, "loss_total": 2.4576932787895203}
{"event": "update", "optimizer_step": 7490, "tokens_seen": 245432320, "lr": 3.0411885145736462e-05, "grad_norm": 0.4220655560493469, "elapsed_seconds": 9580.784354783013, "tokens_per_second": 25617.1427005841, "loss_main": 2.2541791796684265, "loss_total": 2.2541791796684265}
{"event": "update", "optimizer_step": 7500, "tokens_seen": 245760000, "lr": 3.0355170758780884e-05, "grad_norm": 0.41869381070137024, "elapsed_seconds": 9589.999836037052, "tokens_per_second": 25626.694911556668, "loss_main": 2.3466318249702454, "loss_total": 2.3466318249702454}
{"event": "update", "optimizer_step": 7510, "tokens_seen": 246087680, "lr": 3.0302650346470967e-05, "grad_norm": 0.42918717861175537, "elapsed_seconds": 9599.227820929023, "tokens_per_second": 25636.19538891029, "loss_main": 2.3793901205062866, "loss_total": 2.3793901205062866}
{"event": "update", "optimizer_step": 7520, "tokens_seen": 246415360, "lr": 3.0254325544734923e-05, "grad_norm": 0.4219646751880646, "elapsed_seconds": 9608.454041254008, "tokens_per_second": 25645.68232746005, "loss_main": 2.296345204114914, "loss_total": 2.296345204114914}
{"event": "update", "optimizer_step": 7530, "tokens_seen": 246743040, "lr": 3.0210197858814328e-05, "grad_norm": 0.4122895300388336, "elapsed_seconds": 9617.69057633105, "tokens_per_second": 25655.123549849883, "loss_main": 2.206094980239868, "loss_total": 2.206094980239868}
{"event": "update", "optimizer_step": 7540, "tokens_seen": 247070720, "lr": 3.017026866321718e-05, "grad_norm": 0.4123215675354004, "elapsed_seconds": 9626.901715828048, "tokens_per_second": 25664.61435809397, "loss_main": 2.323482573032379, "loss_total": 2.323482573032379}
{"event": "update", "optimizer_step": 7550, "tokens_seen": 247398400, "lr": 3.013453920167512e-05, "grad_norm": 0.4548245668411255, "elapsed_seconds": 9636.248105936043, "tokens_per_second": 25673.726670403976, "loss_main": 2.415358245372772, "loss_total": 2.415358245372772}
{"event": "update", "optimizer_step": 7560, "tokens_seen": 247726080, "lr": 3.0103010587104696e-05, "grad_norm": 0.42623889446258545, "elapsed_seconds": 9645.437818123028, "tokens_per_second": 25683.238508317576, "loss_main": 2.439568042755127, "loss_total": 2.439568042755127}
{"event": "update", "optimizer_step": 7570, "tokens_seen": 248053760, "lr": 3.0075683801572625e-05, "grad_norm": 0.41081297397613525, "elapsed_seconds": 9654.64481036301, "tokens_per_second": 25692.686253330256, "loss_main": 2.30597984790802, "loss_total": 2.30597984790802}
{"event": "update", "optimizer_step": 7580, "tokens_seen": 248381440, "lr": 3.0052559696265323e-05, "grad_norm": 0.4325813055038452, "elapsed_seconds": 9663.83242729801, "tokens_per_second": 25702.167527075693, "loss_main": 2.209480106830597, "loss_total": 2.209480106830597}
{"event": "update", "optimizer_step": 7590, "tokens_seen": 248709120, "lr": 3.0033638991462287e-05, "grad_norm": 0.43412959575653076, "elapsed_seconds": 9673.160105355026, "tokens_per_second": 25711.258501998283, "loss_main": 2.407188594341278, "loss_total": 2.407188594341278}
{"event": "update", "optimizer_step": 7600, "tokens_seen": 249036800, "lr": 3.00189222765137e-05, "grad_norm": 0.41760730743408203, "elapsed_seconds": 9682.354117081035, "tokens_per_second": 25720.68703422694, "loss_main": 2.1252840757369995, "loss_total": 2.1252840757369995}
{"event": "update", "optimizer_step": 7610, "tokens_seen": 249364480, "lr": 3.0008410009822102e-05, "grad_norm": 0.4193422496318817, "elapsed_seconds": 9691.546041523048, "tokens_per_second": 25730.10321899186, "loss_main": 2.29854953289032, "loss_total": 2.29854953289032}
{"event": "update", "optimizer_step": 7620, "tokens_seen": 249692160, "lr": 3.0002102518828067e-05, "grad_norm": 0.43034714460372925, "elapsed_seconds": 9700.738683282048, "tokens_per_second": 25739.49965586762, "loss_main": 2.15094131231308, "loss_total": 2.15094131231308}
{"event": "update", "optimizer_step": 7630, "tokens_seen": 250000000, "lr": 2.9999999999999997e-05, "grad_norm": 0.5817069411277771, "elapsed_seconds": 9709.618372708035, "tokens_per_second": 25747.664882762474, "loss_main": 1.9559685782630845, "loss_total": 1.9559685782630845}
{"event": "evaluation", "tokens_seen": 250000000, "elapsed_seconds": 9709.618372708035, "parameters": 144630912, "main_loss": 2.3586633540689945, "perplexity": 10.576804557070734}
{"event": "complete", "tokens_seen": 250000000, "elapsed_seconds": 9709.618372708035, "heldout": {"main_loss": 2.3586633540689945, "perplexity": 10.576804557070734}}
