{"event": "initial_evaluation", "main_loss": 9.852572679519653, "perplexity": 19007.191366648036}
{"event": "update", "optimizer_step": 10, "tokens_seen": 327680, "lr": 1.4999999999999998e-06, "grad_norm": 9.140210151672363, "elapsed_seconds": 10.629120019992115, "tokens_per_second": 30828.51631966454, "loss_main": 9.860588073730469, "loss_total": 9.860588073730469}
{"event": "update", "optimizer_step": 20, "tokens_seen": 655360, "lr": 2.9999999999999997e-06, "grad_norm": 10.727676391601562, "elapsed_seconds": 19.861179314000765, "tokens_per_second": 32997.0335416093, "loss_main": 9.784995079040527, "loss_total": 9.784995079040527}
{"event": "update", "optimizer_step": 30, "tokens_seen": 983040, "lr": 4.499999999999999e-06, "grad_norm": 9.097155570983887, "elapsed_seconds": 29.077094301988836, "tokens_per_second": 33808.0548830067, "loss_main": 9.70098876953125, "loss_total": 9.70098876953125}
{"event": "update", "optimizer_step": 40, "tokens_seen": 1310720, "lr": 5.999999999999999e-06, "grad_norm": 10.200562477111816, "elapsed_seconds": 38.318865046981955, "tokens_per_second": 34205.60599571396, "loss_main": 9.573559761047363, "loss_total": 9.573559761047363}
{"event": "update", "optimizer_step": 50, "tokens_seen": 1638400, "lr": 7.499999999999999e-06, "grad_norm": 9.466157913208008, "elapsed_seconds": 47.58495229698019, "tokens_per_second": 34431.05269444549, "loss_main": 9.431118965148926, "loss_total": 9.431118965148926}
{"event": "update", "optimizer_step": 60, "tokens_seen": 1966080, "lr": 8.999999999999999e-06, "grad_norm": 9.541016578674316, "elapsed_seconds": 56.85639676498249, "tokens_per_second": 34579.75024563809, "loss_main": 9.23221492767334, "loss_total": 9.23221492767334}
{"event": "update", "optimizer_step": 70, "tokens_seen": 2293760, "lr": 1.05e-05, "grad_norm": 8.683996200561523, "elapsed_seconds": 66.11256316598156, "tokens_per_second": 34694.76738091834, "loss_main": 8.993780612945557, "loss_total": 8.993780612945557}
{"event": "update", "optimizer_step": 80, "tokens_seen": 2621440, "lr": 1.1999999999999999e-05, "grad_norm": 7.627291202545166, "elapsed_seconds": 75.37127755698748, "tokens_per_second": 34780.357783081956, "loss_main": 8.718946933746338, "loss_total": 8.718946933746338}
{"event": "update", "optimizer_step": 90, "tokens_seen": 2949120, "lr": 1.3499999999999998e-05, "grad_norm": 5.923339366912842, "elapsed_seconds": 84.61662906297715, "tokens_per_second": 34852.7237808667, "loss_main": 8.585776567459106, "loss_total": 8.585776567459106}
{"event": "update", "optimizer_step": 100, "tokens_seen": 3276800, "lr": 1.4999999999999999e-05, "grad_norm": 4.925784587860107, "elapsed_seconds": 93.85171574298874, "tokens_per_second": 34914.652055732884, "loss_main": 8.291643142700195, "loss_total": 8.291643142700195}
{"event": "update", "optimizer_step": 110, "tokens_seen": 3604480, "lr": 1.6499999999999998e-05, "grad_norm": 4.231512546539307, "elapsed_seconds": 103.10465961098089, "tokens_per_second": 34959.42873580967, "loss_main": 8.064471244812012, "loss_total": 8.064471244812012}
{"event": "update", "optimizer_step": 120, "tokens_seen": 3932160, "lr": 1.7999999999999997e-05, "grad_norm": 3.873866081237793, "elapsed_seconds": 112.34375321900006, "tokens_per_second": 35001.14503326898, "loss_main": 7.909271240234375, "loss_total": 7.909271240234375}
{"event": "update", "optimizer_step": 130, "tokens_seen": 4259840, "lr": 1.95e-05, "grad_norm": 3.0335750579833984, "elapsed_seconds": 121.59756754199043, "tokens_per_second": 35032.279724912914, "loss_main": 7.664331912994385, "loss_total": 7.664331912994385}
{"event": "update", "optimizer_step": 140, "tokens_seen": 4587520, "lr": 2.1e-05, "grad_norm": 3.0972115993499756, "elapsed_seconds": 130.83788632098003, "tokens_per_second": 35062.62695765046, "loss_main": 7.405376553535461, "loss_total": 7.405376553535461}
{"event": "update", "optimizer_step": 150, "tokens_seen": 4915200, "lr": 2.2499999999999998e-05, "grad_norm": 3.0377748012542725, "elapsed_seconds": 140.08452563299215, "tokens_per_second": 35087.387259870135, "loss_main": 7.386938214302063, "loss_total": 7.386938214302063}
{"event": "update", "optimizer_step": 160, "tokens_seen": 5242880, "lr": 2.3999999999999997e-05, "grad_norm": 2.649233341217041, "elapsed_seconds": 149.33672787700198, "tokens_per_second": 35107.77338256793, "loss_main": 7.22426450252533, "loss_total": 7.22426450252533}
{"event": "update", "optimizer_step": 170, "tokens_seen": 5570560, "lr": 2.55e-05, "grad_norm": 2.551679849624634, "elapsed_seconds": 158.58464247197844, "tokens_per_second": 35126.7305154363, "loss_main": 7.057522177696228, "loss_total": 7.057522177696228}
{"event": "update", "optimizer_step": 180, "tokens_seen": 5898240, "lr": 2.6999999999999996e-05, "grad_norm": 2.7409827709198, "elapsed_seconds": 167.8344837159966, "tokens_per_second": 35143.19506580535, "loss_main": 6.758261203765869, "loss_total": 6.758261203765869}
{"event": "update", "optimizer_step": 190, "tokens_seen": 6225920, "lr": 2.8499999999999998e-05, "grad_norm": 2.754910707473755, "elapsed_seconds": 177.0846368999919, "tokens_per_second": 35157.877662284576, "loss_main": 6.63990044593811, "loss_total": 6.63990044593811}
{"event": "update", "optimizer_step": 200, "tokens_seen": 6553600, "lr": 2.9999999999999997e-05, "grad_norm": 2.771963357925415, "elapsed_seconds": 186.3424938309763, "tokens_per_second": 35169.64845358624, "loss_main": 6.428990125656128, "loss_total": 6.428990125656128}
{"event": "update", "optimizer_step": 210, "tokens_seen": 6881280, "lr": 3.15e-05, "grad_norm": 3.0297536849975586, "elapsed_seconds": 195.5946763099928, "tokens_per_second": 35181.32563635854, "loss_main": 6.434785008430481, "loss_total": 6.434785008430481}
{"event": "update", "optimizer_step": 220, "tokens_seen": 7208960, "lr": 3.2999999999999996e-05, "grad_norm": 2.4458537101745605, "elapsed_seconds": 204.83944148299634, "tokens_per_second": 35193.22230039576, "loss_main": 6.405577898025513, "loss_total": 6.405577898025513}
{"event": "update", "optimizer_step": 230, "tokens_seen": 7536640, "lr": 3.45e-05, "grad_norm": 2.572955369949341, "elapsed_seconds": 214.08213471400086, "tokens_per_second": 35204.43221508622, "loss_main": 6.216699004173279, "loss_total": 6.216699004173279}
{"event": "update", "optimizer_step": 240, "tokens_seen": 7864320, "lr": 3.5999999999999994e-05, "grad_norm": 2.9491770267486572, "elapsed_seconds": 223.33372394100297, "tokens_per_second": 35213.31154661389, "loss_main": 6.3091737031936646, "loss_total": 6.3091737031936646}
{"event": "update", "optimizer_step": 250, "tokens_seen": 8192000, "lr": 3.75e-05, "grad_norm": 2.6918232440948486, "elapsed_seconds": 232.56916224499582, "tokens_per_second": 35223.93046834938, "loss_main": 6.07816743850708, "loss_total": 6.07816743850708}
{"event": "update", "optimizer_step": 260, "tokens_seen": 8519680, "lr": 3.9e-05, "grad_norm": 2.6070234775543213, "elapsed_seconds": 241.81872662898968, "tokens_per_second": 35231.6800223306, "loss_main": 5.947608113288879, "loss_total": 5.947608113288879}
{"event": "update", "optimizer_step": 270, "tokens_seen": 8847360, "lr": 4.0499999999999995e-05, "grad_norm": 3.0615808963775635, "elapsed_seconds": 251.0640281169908, "tokens_per_second": 35239.456908089225, "loss_main": 5.998281240463257, "loss_total": 5.998281240463257}
{"event": "update", "optimizer_step": 280, "tokens_seen": 9175040, "lr": 4.2e-05, "grad_norm": 2.787714958190918, "elapsed_seconds": 260.3115570200025, "tokens_per_second": 35246.37978057572, "loss_main": 5.895331621170044, "loss_total": 5.895331621170044}
{"event": "update", "optimizer_step": 290, "tokens_seen": 9502720, "lr": 4.35e-05, "grad_norm": 2.539667844772339, "elapsed_seconds": 269.55970831000013, "tokens_per_second": 35252.746263813446, "loss_main": 5.74523663520813, "loss_total": 5.74523663520813}
{"event": "update", "optimizer_step": 300, "tokens_seen": 9830400, "lr": 4.4999999999999996e-05, "grad_norm": 2.853353500366211, "elapsed_seconds": 278.81181746398215, "tokens_per_second": 35258.18987665372, "loss_main": 5.62377405166626, "loss_total": 5.62377405166626}
{"event": "evaluation", "tokens_seen": 10027008, "elapsed_seconds": 284.36033329798374, "parameters": 144630912, "main_loss": 5.667613252997398, "perplexity": 289.3431207790314}
{"event": "update", "optimizer_step": 310, "tokens_seen": 10158080, "lr": 4.649999999999999e-05, "grad_norm": 2.7434089183807373, "elapsed_seconds": 293.91497719599283, "tokens_per_second": 34561.28740668508, "loss_main": 5.653876185417175, "loss_total": 5.653876185417175}
{"event": "update", "optimizer_step": 320, "tokens_seen": 10485760, "lr": 4.7999999999999994e-05, "grad_norm": 3.875119209289551, "elapsed_seconds": 303.1962607919995, "tokens_per_second": 34584.06766828006, "loss_main": 5.592090010643005, "loss_total": 5.592090010643005}
{"event": "update", "optimizer_step": 330, "tokens_seen": 10813440, "lr": 4.95e-05, "grad_norm": 3.086035966873169, "elapsed_seconds": 312.4701280919835, "tokens_per_second": 34606.31602140474, "loss_main": 5.75156044960022, "loss_total": 5.75156044960022}
{"event": "update", "optimizer_step": 340, "tokens_seen": 11141120, "lr": 5.1e-05, "grad_norm": 2.4836652278900146, "elapsed_seconds": 321.74120952398516, "tokens_per_second": 34627.58164079523, "loss_main": 5.378898501396179, "loss_total": 5.378898501396179}
{"event": "update", "optimizer_step": 350, "tokens_seen": 11468800, "lr": 5.2499999999999995e-05, "grad_norm": 3.2020347118377686, "elapsed_seconds": 331.0038951599854, "tokens_per_second": 34648.534859255175, "loss_main": 5.415759205818176, "loss_total": 5.415759205818176}
{"event": "update", "optimizer_step": 360, "tokens_seen": 11796480, "lr": 5.399999999999999e-05, "grad_norm": 3.2902493476867676, "elapsed_seconds": 340.257412566978, "tokens_per_second": 34669.281444905835, "loss_main": 5.389037728309631, "loss_total": 5.389037728309631}
{"event": "update", "optimizer_step": 370, "tokens_seen": 12124160, "lr": 5.5499999999999994e-05, "grad_norm": 3.0619547367095947, "elapsed_seconds": 349.5530550269759, "tokens_per_second": 34684.749069248865, "loss_main": 5.26146924495697, "loss_total": 5.26146924495697}
{"event": "update", "optimizer_step": 380, "tokens_seen": 12451840, "lr": 5.6999999999999996e-05, "grad_norm": 3.3520679473876953, "elapsed_seconds": 358.81967551098205, "tokens_per_second": 34702.22189535116, "loss_main": 5.342026591300964, "loss_total": 5.342026591300964}
{"event": "update", "optimizer_step": 390, "tokens_seen": 12779520, "lr": 5.85e-05, "grad_norm": 3.2503552436828613, "elapsed_seconds": 368.0936156399839, "tokens_per_second": 34718.124566711, "loss_main": 5.20057225227356, "loss_total": 5.20057225227356}
{"event": "update", "optimizer_step": 400, "tokens_seen": 13107200, "lr": 5.9999999999999995e-05, "grad_norm": 2.741746425628662, "elapsed_seconds": 377.36051996497554, "tokens_per_second": 34733.89320434617, "loss_main": 5.2566564083099365, "loss_total": 5.2566564083099365}
{"event": "update", "optimizer_step": 410, "tokens_seen": 13434880, "lr": 6.149999999999999e-05, "grad_norm": 2.927187442779541, "elapsed_seconds": 386.6139087769843, "tokens_per_second": 34750.12071474599, "loss_main": 5.170249581336975, "loss_total": 5.170249581336975}
{"event": "update", "optimizer_step": 420, "tokens_seen": 13762560, "lr": 6.3e-05, "grad_norm": 2.617480516433716, "elapsed_seconds": 395.9901879039826, "tokens_per_second": 34754.800549091044, "loss_main": 5.005585551261902, "loss_total": 5.005585551261902}
{"event": "update", "optimizer_step": 430, "tokens_seen": 14090240, "lr": 6.449999999999998e-05, "grad_norm": 3.114229440689087, "elapsed_seconds": 405.5310383589822, "tokens_per_second": 34745.15799584028, "loss_main": 5.150607585906982, "loss_total": 5.150607585906982}
{"event": "update", "optimizer_step": 440, "tokens_seen": 14417920, "lr": 6.599999999999999e-05, "grad_norm": 2.6278128623962402, "elapsed_seconds": 414.7949685219792, "tokens_per_second": 34759.1487220174, "loss_main": 5.029328346252441, "loss_total": 5.029328346252441}
{"event": "update", "optimizer_step": 450, "tokens_seen": 14745600, "lr": 6.749999999999999e-05, "grad_norm": 2.748840093612671, "elapsed_seconds": 424.1561284719792, "tokens_per_second": 34764.557223588796, "loss_main": 5.037360429763794, "loss_total": 5.037360429763794}
{"event": "update", "optimizer_step": 460, "tokens_seen": 15073280, "lr": 6.9e-05, "grad_norm": 2.6047370433807373, "elapsed_seconds": 439.68684589100303, "tokens_per_second": 34281.8534165032, "loss_main": 4.924893617630005, "loss_total": 4.924893617630005}
{"event": "update", "optimizer_step": 470, "tokens_seen": 15400960, "lr": 7.049999999999999e-05, "grad_norm": 2.988065481185913, "elapsed_seconds": 448.98834234898095, "tokens_per_second": 34301.4696538144, "loss_main": 4.907561421394348, "loss_total": 4.907561421394348}
{"event": "update", "optimizer_step": 480, "tokens_seen": 15728640, "lr": 7.199999999999999e-05, "grad_norm": 3.528503179550171, "elapsed_seconds": 464.5774769540003, "tokens_per_second": 33855.79538449591, "loss_main": 4.795557260513306, "loss_total": 4.795557260513306}
{"event": "update", "optimizer_step": 490, "tokens_seen": 16056320, "lr": 7.35e-05, "grad_norm": 3.1120827198028564, "elapsed_seconds": 476.8618813689973, "tokens_per_second": 33670.797829142415, "loss_main": 4.766245603561401, "loss_total": 4.766245603561401}
{"event": "update", "optimizer_step": 500, "tokens_seen": 16384000, "lr": 7.5e-05, "grad_norm": 2.9969983100891113, "elapsed_seconds": 489.4506497969851, "tokens_per_second": 33474.263455970024, "loss_main": 4.848746299743652, "loss_total": 4.848746299743652}
{"event": "update", "optimizer_step": 510, "tokens_seen": 16711680, "lr": 7.65e-05, "grad_norm": 2.9318299293518066, "elapsed_seconds": 498.72430733797955, "tokens_per_second": 33508.853998316736, "loss_main": 4.716829419136047, "loss_total": 4.716829419136047}
{"event": "update", "optimizer_step": 520, "tokens_seen": 17039360, "lr": 7.8e-05, "grad_norm": 2.934316396713257, "elapsed_seconds": 507.98900133298594, "tokens_per_second": 33542.773475976755, "loss_main": 4.722106218338013, "loss_total": 4.722106218338013}
{"event": "update", "optimizer_step": 530, "tokens_seen": 17367040, "lr": 7.949999999999998e-05, "grad_norm": 2.781926393508911, "elapsed_seconds": 517.2479550809949, "tokens_per_second": 33575.85047828856, "loss_main": 4.7868993282318115, "loss_total": 4.7868993282318115}
{"event": "update", "optimizer_step": 540, "tokens_seen": 17694720, "lr": 8.099999999999999e-05, "grad_norm": 2.3854238986968994, "elapsed_seconds": 526.550394010992, "tokens_per_second": 33604.9886226666, "loss_main": 4.788352847099304, "loss_total": 4.788352847099304}
{"event": "update", "optimizer_step": 550, "tokens_seen": 18022400, "lr": 8.249999999999999e-05, "grad_norm": 2.477139711380005, "elapsed_seconds": 542.7126661739894, "tokens_per_second": 33207.9959125593, "loss_main": 4.66709303855896, "loss_total": 4.66709303855896}
{"event": "update", "optimizer_step": 560, "tokens_seen": 18350080, "lr": 8.4e-05, "grad_norm": 2.2970144748687744, "elapsed_seconds": 554.226900996, "tokens_per_second": 33109.32754621457, "loss_main": 4.718011379241943, "loss_total": 4.718011379241943}
{"event": "update", "optimizer_step": 570, "tokens_seen": 18677760, "lr": 8.549999999999999e-05, "grad_norm": 2.3971152305603027, "elapsed_seconds": 568.2848928259918, "tokens_per_second": 32866.8951713962, "loss_main": 4.6498390436172485, "loss_total": 4.6498390436172485}
{"event": "update", "optimizer_step": 580, "tokens_seen": 19005440, "lr": 8.7e-05, "grad_norm": 2.3984947204589844, "elapsed_seconds": 584.4711171669769, "tokens_per_second": 32517.329670835312, "loss_main": 4.3902047872543335, "loss_total": 4.3902047872543335}
{"event": "update", "optimizer_step": 590, "tokens_seen": 19333120, "lr": 8.85e-05, "grad_norm": 2.4529030323028564, "elapsed_seconds": 593.798835374997, "tokens_per_second": 32558.36631574178, "loss_main": 4.352643966674805, "loss_total": 4.352643966674805}
{"event": "update", "optimizer_step": 600, "tokens_seen": 19660800, "lr": 8.999999999999999e-05, "grad_norm": 2.2466442584991455, "elapsed_seconds": 603.0690179539961, "tokens_per_second": 32601.243663125446, "loss_main": 4.460635304450989, "loss_total": 4.460635304450989}
{"event": "update", "optimizer_step": 610, "tokens_seen": 19988480, "lr": 9.15e-05, "grad_norm": 2.0619590282440186, "elapsed_seconds": 612.3304520069796, "tokens_per_second": 32643.28914965046, "loss_main": 4.450348496437073, "loss_total": 4.450348496437073}
{"event": "evaluation", "tokens_seen": 20021248, "elapsed_seconds": 613.2614373209944, "parameters": 144630912, "main_loss": 4.394185841083527, "perplexity": 80.97867440708053}
{"event": "update", "optimizer_step": 620, "tokens_seen": 20316160, "lr": 9.299999999999998e-05, "grad_norm": 2.1970560550689697, "elapsed_seconds": 627.3751548820001, "tokens_per_second": 32382.79336041155, "loss_main": 4.526483058929443, "loss_total": 4.526483058929443}
{"event": "update", "optimizer_step": 630, "tokens_seen": 20643840, "lr": 9.449999999999999e-05, "grad_norm": 2.05539870262146, "elapsed_seconds": 636.6448052740016, "tokens_per_second": 32425.993001097726, "loss_main": 4.383963108062744, "loss_total": 4.383963108062744}
{"event": "update", "optimizer_step": 640, "tokens_seen": 20971520, "lr": 9.599999999999999e-05, "grad_norm": 2.0239644050598145, "elapsed_seconds": 645.9167471679975, "tokens_per_second": 32467.83752232621, "loss_main": 4.381414771080017, "loss_total": 4.381414771080017}
{"event": "update", "optimizer_step": 650, "tokens_seen": 21299200, "lr": 9.749999999999998e-05, "grad_norm": 2.148777961730957, "elapsed_seconds": 655.1978462629777, "tokens_per_second": 32508.043366569782, "loss_main": 4.234741687774658, "loss_total": 4.234741687774658}
{"event": "update", "optimizer_step": 660, "tokens_seen": 21626880, "lr": 9.9e-05, "grad_norm": 2.081641435623169, "elapsed_seconds": 664.4543172009871, "tokens_per_second": 32548.33242878638, "loss_main": 4.361329078674316, "loss_total": 4.361329078674316}
{"event": "update", "optimizer_step": 670, "tokens_seen": 21954560, "lr": 0.00010049999999999999, "grad_norm": 2.504166841506958, "elapsed_seconds": 673.7238466419803, "tokens_per_second": 32586.882755341663, "loss_main": 4.2521644830703735, "loss_total": 4.2521644830703735}
{"event": "update", "optimizer_step": 680, "tokens_seen": 22282240, "lr": 0.000102, "grad_norm": 2.247919797897339, "elapsed_seconds": 682.9875367709901, "tokens_per_second": 32624.665605679085, "loss_main": 4.3760857582092285, "loss_total": 4.3760857582092285}
{"event": "update", "optimizer_step": 690, "tokens_seen": 22609920, "lr": 0.0001035, "grad_norm": 2.043494701385498, "elapsed_seconds": 692.2505199819861, "tokens_per_second": 32661.470591005636, "loss_main": 4.161978125572205, "loss_total": 4.161978125572205}
{"event": "update", "optimizer_step": 700, "tokens_seen": 22937600, "lr": 0.00010499999999999999, "grad_norm": 1.8940178155899048, "elapsed_seconds": 701.5006519149756, "tokens_per_second": 32697.90261403794, "loss_main": 4.028478503227234, "loss_total": 4.028478503227234}
{"event": "update", "optimizer_step": 710, "tokens_seen": 23265280, "lr": 0.0001065, "grad_norm": 2.1147189140319824, "elapsed_seconds": 710.7544938349747, "tokens_per_second": 32733.21547988947, "loss_main": 4.142333090305328, "loss_total": 4.142333090305328}
{"event": "update", "optimizer_step": 720, "tokens_seen": 23592960, "lr": 0.00010799999999999998, "grad_norm": 1.7556731700897217, "elapsed_seconds": 719.994881519, "tokens_per_second": 32768.23294941355, "loss_main": 4.134712874889374, "loss_total": 4.134712874889374}
{"event": "update", "optimizer_step": 730, "tokens_seen": 23920640, "lr": 0.00010949999999999999, "grad_norm": 2.211641311645508, "elapsed_seconds": 729.2401998379792, "tokens_per_second": 32802.14119478689, "loss_main": 3.9522400498390198, "loss_total": 3.9522400498390198}
{"event": "update", "optimizer_step": 740, "tokens_seen": 24248320, "lr": 0.00011099999999999999, "grad_norm": 1.8680576086044312, "elapsed_seconds": 738.4888176179957, "tokens_per_second": 32835.053722564466, "loss_main": 4.0264540910720825, "loss_total": 4.0264540910720825}
{"event": "update", "optimizer_step": 750, "tokens_seen": 24576000, "lr": 0.00011249999999999998, "grad_norm": 1.9590595960617065, "elapsed_seconds": 747.7429698479827, "tokens_per_second": 32866.90880557036, "loss_main": 4.0853917598724365, "loss_total": 4.0853917598724365}
{"event": "update", "optimizer_step": 760, "tokens_seen": 24903680, "lr": 0.00011399999999999999, "grad_norm": 1.7841609716415405, "elapsed_seconds": 756.9999902929994, "tokens_per_second": 32897.86039542873, "loss_main": 3.952818274497986, "loss_total": 3.952818274497986}
{"event": "update", "optimizer_step": 770, "tokens_seen": 25231360, "lr": 0.00011549999999999999, "grad_norm": 2.15400767326355, "elapsed_seconds": 766.2641481409955, "tokens_per_second": 32927.757433533654, "loss_main": 3.910445272922516, "loss_total": 3.910445272922516}
{"event": "update", "optimizer_step": 780, "tokens_seen": 25559040, "lr": 0.000117, "grad_norm": 1.8975110054016113, "elapsed_seconds": 775.5136027979897, "tokens_per_second": 32957.56503533281, "loss_main": 3.8669782280921936, "loss_total": 3.8669782280921936}
{"event": "update", "optimizer_step": 790, "tokens_seen": 25886720, "lr": 0.0001185, "grad_norm": 1.9386566877365112, "elapsed_seconds": 784.7672001429892, "tokens_per_second": 32986.49586180881, "loss_main": 3.9100381731987, "loss_total": 3.9100381731987}
{"event": "update", "optimizer_step": 800, "tokens_seen": 26214400, "lr": 0.00011999999999999999, "grad_norm": 1.773328185081482, "elapsed_seconds": 794.0211486409826, "tokens_per_second": 33014.7377621712, "loss_main": 3.8329384326934814, "loss_total": 3.8329384326934814}
{"event": "update", "optimizer_step": 810, "tokens_seen": 26542080, "lr": 0.00012149999999999999, "grad_norm": 1.6489531993865967, "elapsed_seconds": 803.268470260984, "tokens_per_second": 33042.60154936295, "loss_main": 3.842267394065857, "loss_total": 3.842267394065857}
{"event": "update", "optimizer_step": 820, "tokens_seen": 26869760, "lr": 0.00012299999999999998, "grad_norm": 1.7529540061950684, "elapsed_seconds": 812.5285632549785, "tokens_per_second": 33069.31130194378, "loss_main": 3.9126210808753967, "loss_total": 3.9126210808753967}
{"event": "update", "optimizer_step": 830, "tokens_seen": 27197440, "lr": 0.0001245, "grad_norm": 1.8025699853897095, "elapsed_seconds": 821.7682730379747, "tokens_per_second": 33096.24001356789, "loss_main": 3.868927478790283, "loss_total": 3.868927478790283}
{"event": "update", "optimizer_step": 840, "tokens_seen": 27525120, "lr": 0.000126, "grad_norm": 1.5680925846099854, "elapsed_seconds": 831.0202908339852, "tokens_per_second": 33122.07933259569, "loss_main": 3.7463764548301697, "loss_total": 3.7463764548301697}
{"event": "update", "optimizer_step": 850, "tokens_seen": 27852800, "lr": 0.0001275, "grad_norm": 1.7518973350524902, "elapsed_seconds": 840.2638917659933, "tokens_per_second": 33147.68166636486, "loss_main": 3.763690412044525, "loss_total": 3.763690412044525}
{"event": "update", "optimizer_step": 860, "tokens_seen": 28180480, "lr": 0.00012899999999999996, "grad_norm": 1.7343649864196777, "elapsed_seconds": 849.5221934299916, "tokens_per_second": 33172.152791229375, "loss_main": 3.7276026606559753, "loss_total": 3.7276026606559753}
{"event": "update", "optimizer_step": 870, "tokens_seen": 28508160, "lr": 0.00013049999999999997, "grad_norm": 1.5217231512069702, "elapsed_seconds": 858.7918239849969, "tokens_per_second": 33195.658370052246, "loss_main": 3.688681185245514, "loss_total": 3.688681185245514}
{"event": "update", "optimizer_step": 880, "tokens_seen": 28835840, "lr": 0.00013199999999999998, "grad_norm": 1.516937494277954, "elapsed_seconds": 868.0734645249904, "tokens_per_second": 33218.20235085629, "loss_main": 3.6889549493789673, "loss_total": 3.6889549493789673}
{"event": "update", "optimizer_step": 890, "tokens_seen": 29163520, "lr": 0.0001335, "grad_norm": 1.4547221660614014, "elapsed_seconds": 877.5667394449993, "tokens_per_second": 33232.253102987845, "loss_main": 3.8595000505447388, "loss_total": 3.8595000505447388}
{"event": "update", "optimizer_step": 900, "tokens_seen": 29491200, "lr": 0.00013499999999999997, "grad_norm": 1.6021325588226318, "elapsed_seconds": 886.9953172649839, "tokens_per_second": 33248.42806491356, "loss_main": 3.644806146621704, "loss_total": 3.644806146621704}
{"event": "update", "optimizer_step": 910, "tokens_seen": 29818880, "lr": 0.00013649999999999998, "grad_norm": 1.4183112382888794, "elapsed_seconds": 896.3952206299873, "tokens_per_second": 33265.32684884605, "loss_main": 3.7517449259757996, "loss_total": 3.7517449259757996}
{"event": "evaluation", "tokens_seen": 30015488, "elapsed_seconds": 902.0765591019881, "parameters": 144630912, "main_loss": 3.6484150737524033, "perplexity": 38.41373483943508}
{"event": "update", "optimizer_step": 920, "tokens_seen": 30146560, "lr": 0.000138, "grad_norm": 1.6347312927246094, "elapsed_seconds": 911.6762871019891, "tokens_per_second": 33067.17573605982, "loss_main": 3.786093294620514, "loss_total": 3.786093294620514}
{"event": "update", "optimizer_step": 930, "tokens_seen": 30474240, "lr": 0.00013949999999999998, "grad_norm": 1.6335705518722534, "elapsed_seconds": 920.9383980569837, "tokens_per_second": 33090.4217527418, "loss_main": 3.6267070174217224, "loss_total": 3.6267070174217224}
{"event": "update", "optimizer_step": 940, "tokens_seen": 30801920, "lr": 0.00014099999999999998, "grad_norm": 1.4203872680664062, "elapsed_seconds": 930.2124565870035, "tokens_per_second": 33112.77953964818, "loss_main": 3.6831473112106323, "loss_total": 3.6831473112106323}
{"event": "update", "optimizer_step": 950, "tokens_seen": 31129600, "lr": 0.0001425, "grad_norm": 1.3751875162124634, "elapsed_seconds": 939.4695001169748, "tokens_per_second": 33135.29603262693, "loss_main": 3.5641329288482666, "loss_total": 3.5641329288482666}
{"event": "update", "optimizer_step": 960, "tokens_seen": 31457280, "lr": 0.00014399999999999998, "grad_norm": 1.3543342351913452, "elapsed_seconds": 948.7244328079978, "tokens_per_second": 33157.446896243586, "loss_main": 3.5626811385154724, "loss_total": 3.5626811385154724}
{"event": "update", "optimizer_step": 970, "tokens_seen": 31784960, "lr": 0.00014549999999999999, "grad_norm": 1.34333336353302, "elapsed_seconds": 957.9754057919781, "tokens_per_second": 33179.30690895213, "loss_main": 3.540714144706726, "loss_total": 3.540714144706726}
{"event": "update", "optimizer_step": 980, "tokens_seen": 32112640, "lr": 0.000147, "grad_norm": 1.3312064409255981, "elapsed_seconds": 967.2241590920021, "tokens_per_second": 33200.82495679831, "loss_main": 3.489681839942932, "loss_total": 3.489681839942932}
{"event": "update", "optimizer_step": 990, "tokens_seen": 32440320, "lr": 0.0001485, "grad_norm": 1.3292748928070068, "elapsed_seconds": 976.4927060240007, "tokens_per_second": 33221.261971415755, "loss_main": 3.450663208961487, "loss_total": 3.450663208961487}
{"event": "update", "optimizer_step": 1000, "tokens_seen": 32768000, "lr": 0.00015, "grad_norm": 1.3250389099121094, "elapsed_seconds": 985.7406789200031, "tokens_per_second": 33242.008472148336, "loss_main": 3.4428608417510986, "loss_total": 3.4428608417510986}
{"event": "update", "optimizer_step": 1010, "tokens_seen": 33095680, "lr": 0.0001515, "grad_norm": 1.3267077207565308, "elapsed_seconds": 994.9950348779967, "tokens_per_second": 33262.15593031386, "loss_main": 3.5543323159217834, "loss_total": 3.5543323159217834}
{"event": "update", "optimizer_step": 1020, "tokens_seen": 33423360, "lr": 0.000153, "grad_norm": 1.3422842025756836, "elapsed_seconds": 1004.254992711998, "tokens_per_second": 33281.746411576176, "loss_main": 3.511809527873993, "loss_total": 3.511809527873993}
{"event": "update", "optimizer_step": 1030, "tokens_seen": 33751040, "lr": 0.0001545, "grad_norm": 1.401347279548645, "elapsed_seconds": 1013.5202845329768, "tokens_per_second": 33300.80365934881, "loss_main": 3.612910270690918, "loss_total": 3.612910270690918}
{"event": "update", "optimizer_step": 1040, "tokens_seen": 34078720, "lr": 0.000156, "grad_norm": 1.3562787771224976, "elapsed_seconds": 1022.7635243480036, "tokens_per_second": 33320.2340411237, "loss_main": 3.5671812891960144, "loss_total": 3.5671812891960144}
{"event": "update", "optimizer_step": 1050, "tokens_seen": 34406400, "lr": 0.00015749999999999998, "grad_norm": 1.2104213237762451, "elapsed_seconds": 1032.0259315259755, "tokens_per_second": 33338.697167353115, "loss_main": 3.5319518446922302, "loss_total": 3.5319518446922302}
{"event": "update", "optimizer_step": 1060, "tokens_seen": 34734080, "lr": 0.00015899999999999996, "grad_norm": 1.2779396772384644, "elapsed_seconds": 1041.2720572369872, "tokens_per_second": 33357.353401153196, "loss_main": 3.556447207927704, "loss_total": 3.556447207927704}
{"event": "update", "optimizer_step": 1070, "tokens_seen": 35061760, "lr": 0.00016049999999999997, "grad_norm": 1.1739444732666016, "elapsed_seconds": 1050.5191644559964, "tokens_per_second": 33375.65004647628, "loss_main": 3.5537500381469727, "loss_total": 3.5537500381469727}
{"event": "update", "optimizer_step": 1080, "tokens_seen": 35389440, "lr": 0.00016199999999999998, "grad_norm": 1.1597176790237427, "elapsed_seconds": 1059.7606794269814, "tokens_per_second": 33393.803607749694, "loss_main": 3.3596158027648926, "loss_total": 3.3596158027648926}
{"event": "update", "optimizer_step": 1090, "tokens_seen": 35717120, "lr": 0.0001635, "grad_norm": 1.1977605819702148, "elapsed_seconds": 1069.007429876976, "tokens_per_second": 33411.47966025869, "loss_main": 3.352712571620941, "loss_total": 3.352712571620941}
{"event": "update", "optimizer_step": 1100, "tokens_seen": 36044800, "lr": 0.00016499999999999997, "grad_norm": 1.2419769763946533, "elapsed_seconds": 1078.2651996579953, "tokens_per_second": 33428.51091868003, "loss_main": 3.2421650290489197, "loss_total": 3.2421650290489197}
{"event": "update", "optimizer_step": 1110, "tokens_seen": 36372480, "lr": 0.00016649999999999998, "grad_norm": 1.2078652381896973, "elapsed_seconds": 1087.5012140329927, "tokens_per_second": 33445.921283262614, "loss_main": 3.53911817073822, "loss_total": 3.53911817073822}
{"event": "update", "optimizer_step": 1120, "tokens_seen": 36700160, "lr": 0.000168, "grad_norm": 1.2236120700836182, "elapsed_seconds": 1096.7392855409998, "tokens_per_second": 33462.97564411266, "loss_main": 3.325610637664795, "loss_total": 3.325610637664795}
{"event": "update", "optimizer_step": 1130, "tokens_seen": 37027840, "lr": 0.00016949999999999997, "grad_norm": 1.0607672929763794, "elapsed_seconds": 1105.998458233982, "tokens_per_second": 33479.10634443804, "loss_main": 3.1209930181503296, "loss_total": 3.1209930181503296}
{"event": "update", "optimizer_step": 1140, "tokens_seen": 37355520, "lr": 0.00017099999999999998, "grad_norm": 1.1983778476715088, "elapsed_seconds": 1115.2512881679868, "tokens_per_second": 33495.15969747372, "loss_main": 3.356378138065338, "loss_total": 3.356378138065338}
{"event": "update", "optimizer_step": 1150, "tokens_seen": 37683200, "lr": 0.0001725, "grad_norm": 1.3434982299804688, "elapsed_seconds": 1124.493127978989, "tokens_per_second": 33511.27638078737, "loss_main": 3.3406633138656616, "loss_total": 3.3406633138656616}
{"event": "update", "optimizer_step": 1160, "tokens_seen": 38010880, "lr": 0.000174, "grad_norm": 1.2895457744598389, "elapsed_seconds": 1133.7507579299854, "tokens_per_second": 33526.66336417775, "loss_main": 3.129263162612915, "loss_total": 3.129263162612915}
{"event": "update", "optimizer_step": 1170, "tokens_seen": 38338560, "lr": 0.00017549999999999998, "grad_norm": 1.1176530122756958, "elapsed_seconds": 1143.0027946479968, "tokens_per_second": 33541.96523360809, "loss_main": 3.3488394618034363, "loss_total": 3.3488394618034363}
{"event": "update", "optimizer_step": 1180, "tokens_seen": 38666240, "lr": 0.000177, "grad_norm": 1.1370937824249268, "elapsed_seconds": 1152.2632052659756, "tokens_per_second": 33556.77749952513, "loss_main": 3.2190346717834473, "loss_total": 3.2190346717834473}
{"event": "update", "optimizer_step": 1190, "tokens_seen": 38993920, "lr": 0.0001785, "grad_norm": 1.7165141105651855, "elapsed_seconds": 1161.51053485999, "tokens_per_second": 33571.731662942155, "loss_main": 3.218153238296509, "loss_total": 3.218153238296509}
{"event": "update", "optimizer_step": 1200, "tokens_seen": 39321600, "lr": 0.00017999999999999998, "grad_norm": 1.2128984928131104, "elapsed_seconds": 1170.7634365189879, "tokens_per_second": 33586.28974348078, "loss_main": 3.3792022466659546, "loss_total": 3.3792022466659546}
{"event": "update", "optimizer_step": 1210, "tokens_seen": 39649280, "lr": 0.0001815, "grad_norm": 1.2018381357192993, "elapsed_seconds": 1180.0136545129935, "tokens_per_second": 33600.69593123798, "loss_main": 3.3185370564460754, "loss_total": 3.3185370564460754}
{"event": "update", "optimizer_step": 1220, "tokens_seen": 39976960, "lr": 0.000183, "grad_norm": 1.0593816041946411, "elapsed_seconds": 1189.2784004199784, "tokens_per_second": 33614.46738281184, "loss_main": 3.2483447790145874, "loss_total": 3.2483447790145874}
{"event": "evaluation", "tokens_seen": 40009728, "elapsed_seconds": 1190.2064766399853, "parameters": 144630912, "main_loss": 3.305638313293457, "perplexity": 27.26594024743134}
{"event": "update", "optimizer_step": 1230, "tokens_seen": 40304640, "lr": 0.00018449999999999999, "grad_norm": 1.1810712814331055, "elapsed_seconds": 1204.5665889059892, "tokens_per_second": 33459.86877869945, "loss_main": 3.2252184748649597, "loss_total": 3.2252184748649597}
{"event": "update", "optimizer_step": 1240, "tokens_seen": 40632320, "lr": 0.00018599999999999997, "grad_norm": 1.2342842817306519, "elapsed_seconds": 1213.8257949819963, "tokens_per_second": 33474.58932572995, "loss_main": 3.513510763645172, "loss_total": 3.513510763645172}
{"event": "update", "optimizer_step": 1250, "tokens_seen": 40960000, "lr": 0.00018749999999999998, "grad_norm": 1.0483551025390625, "elapsed_seconds": 1223.07542392498, "tokens_per_second": 33489.34922472318, "loss_main": 3.2625926733016968, "loss_total": 3.2625926733016968}
{"event": "update", "optimizer_step": 1260, "tokens_seen": 41287680, "lr": 0.00018899999999999999, "grad_norm": 0.9764366149902344, "elapsed_seconds": 1232.3507525459863, "tokens_per_second": 33503.18885650156, "loss_main": 3.084292769432068, "loss_total": 3.084292769432068}
{"event": "update", "optimizer_step": 1270, "tokens_seen": 41615360, "lr": 0.00019049999999999997, "grad_norm": 1.1326518058776855, "elapsed_seconds": 1241.6011258399813, "tokens_per_second": 33517.495380689135, "loss_main": 3.4302662014961243, "loss_total": 3.4302662014961243}
{"event": "update", "optimizer_step": 1280, "tokens_seen": 41943040, "lr": 0.00019199999999999998, "grad_norm": 1.0589721202850342, "elapsed_seconds": 1250.8536195269844, "tokens_per_second": 33531.53346261327, "loss_main": 3.341474413871765, "loss_total": 3.341474413871765}
{"event": "update", "optimizer_step": 1290, "tokens_seen": 42270720, "lr": 0.0001935, "grad_norm": 1.0180612802505493, "elapsed_seconds": 1260.4825656739995, "tokens_per_second": 33535.346819650134, "loss_main": 3.201644003391266, "loss_total": 3.201644003391266}
{"event": "update", "optimizer_step": 1300, "tokens_seen": 42598400, "lr": 0.00019499999999999997, "grad_norm": 1.0656851530075073, "elapsed_seconds": 1269.7422939829994, "tokens_per_second": 33548.85491478348, "loss_main": 3.4037182927131653, "loss_total": 3.4037182927131653}
{"event": "update", "optimizer_step": 1310, "tokens_seen": 42926080, "lr": 0.00019649999999999998, "grad_norm": 1.0398013591766357, "elapsed_seconds": 1278.9842313349945, "tokens_per_second": 33562.63427516543, "loss_main": 3.4152737855911255, "loss_total": 3.4152737855911255}
{"event": "update", "optimizer_step": 1320, "tokens_seen": 43253760, "lr": 0.000198, "grad_norm": 1.03476881980896, "elapsed_seconds": 1288.2388098149968, "tokens_per_second": 33575.88645090707, "loss_main": 3.437864899635315, "loss_total": 3.437864899635315}
{"event": "update", "optimizer_step": 1330, "tokens_seen": 43581440, "lr": 0.00019949999999999997, "grad_norm": 0.9602363109588623, "elapsed_seconds": 1297.9429616769776, "tokens_per_second": 33577.31524942483, "loss_main": 3.1556109189987183, "loss_total": 3.1556109189987183}
{"event": "update", "optimizer_step": 1340, "tokens_seen": 43909120, "lr": 0.00020099999999999998, "grad_norm": 0.9407336711883545, "elapsed_seconds": 1307.196893884975, "tokens_per_second": 33590.287894199755, "loss_main": 3.298583447933197, "loss_total": 3.298583447933197}
{"event": "update", "optimizer_step": 1350, "tokens_seen": 44236800, "lr": 0.0002025, "grad_norm": 1.0156209468841553, "elapsed_seconds": 1316.4652478380012, "tokens_per_second": 33602.71003936414, "loss_main": 3.1063941717147827, "loss_total": 3.1063941717147827}
{"event": "update", "optimizer_step": 1360, "tokens_seen": 44564480, "lr": 0.000204, "grad_norm": 1.1107964515686035, "elapsed_seconds": 1325.711886420002, "tokens_per_second": 33615.50911363061, "loss_main": 3.083521604537964, "loss_total": 3.083521604537964}
{"event": "update", "optimizer_step": 1370, "tokens_seen": 44892160, "lr": 0.00020549999999999998, "grad_norm": 1.0258338451385498, "elapsed_seconds": 1334.956049971981, "tokens_per_second": 33628.19322849035, "loss_main": 3.1882882714271545, "loss_total": 3.1882882714271545}
{"event": "update", "optimizer_step": 1380, "tokens_seen": 45219840, "lr": 0.000207, "grad_norm": 0.9847713112831116, "elapsed_seconds": 1344.21697902499, "tokens_per_second": 33640.28330664266, "loss_main": 3.1171995997428894, "loss_total": 3.1171995997428894}
{"event": "update", "optimizer_step": 1390, "tokens_seen": 45547520, "lr": 0.0002085, "grad_norm": 1.0014997720718384, "elapsed_seconds": 1353.4610647149966, "tokens_per_second": 33652.62672671793, "loss_main": 3.2549940943717957, "loss_total": 3.2549940943717957}
{"event": "update", "optimizer_step": 1400, "tokens_seen": 45875200, "lr": 0.00020999999999999998, "grad_norm": 0.9620352387428284, "elapsed_seconds": 1362.7150347239804, "tokens_per_second": 33664.5584961144, "loss_main": 3.3821863532066345, "loss_total": 3.3821863532066345}
{"event": "update", "optimizer_step": 1410, "tokens_seen": 46202880, "lr": 0.0002115, "grad_norm": 0.8651038408279419, "elapsed_seconds": 1371.9737616229977, "tokens_per_second": 33676.212543120055, "loss_main": 3.177987813949585, "loss_total": 3.177987813949585}
{"event": "update", "optimizer_step": 1420, "tokens_seen": 46530560, "lr": 0.000213, "grad_norm": 0.9259371161460876, "elapsed_seconds": 1381.2296641010034, "tokens_per_second": 33687.779237122886, "loss_main": 3.0232049226760864, "loss_total": 3.0232049226760864}
{"event": "update", "optimizer_step": 1430, "tokens_seen": 46858240, "lr": 0.00021449999999999996, "grad_norm": 0.9614846706390381, "elapsed_seconds": 1390.4868300629896, "tokens_per_second": 33699.16132026745, "loss_main": 3.254157841205597, "loss_total": 3.254157841205597}
{"event": "update", "optimizer_step": 1440, "tokens_seen": 47185920, "lr": 0.00021599999999999996, "grad_norm": 0.9509600400924683, "elapsed_seconds": 1399.739194587979, "tokens_per_second": 33710.50848789688, "loss_main": 3.1504353880882263, "loss_total": 3.1504353880882263}
{"event": "update", "optimizer_step": 1450, "tokens_seen": 47513600, "lr": 0.00021749999999999997, "grad_norm": 0.9228917360305786, "elapsed_seconds": 1408.998024364002, "tokens_per_second": 33721.55189603395, "loss_main": 2.95075660943985, "loss_total": 2.95075660943985}
{"event": "update", "optimizer_step": 1460, "tokens_seen": 47841280, "lr": 0.00021899999999999998, "grad_norm": 0.903139591217041, "elapsed_seconds": 1418.2376787219837, "tokens_per_second": 33732.907197269786, "loss_main": 3.297237515449524, "loss_total": 3.297237515449524}
{"event": "update", "optimizer_step": 1470, "tokens_seen": 48168960, "lr": 0.00022049999999999997, "grad_norm": 0.9859225749969482, "elapsed_seconds": 1427.4892623399792, "tokens_per_second": 33743.83350599789, "loss_main": 3.0002719163894653, "loss_total": 3.0002719163894653}
{"event": "update", "optimizer_step": 1480, "tokens_seen": 48496640, "lr": 0.00022199999999999998, "grad_norm": 1.0305736064910889, "elapsed_seconds": 1436.7360032739816, "tokens_per_second": 33754.732873323715, "loss_main": 3.0951039791107178, "loss_total": 3.0951039791107178}
{"event": "update", "optimizer_step": 1490, "tokens_seen": 48824320, "lr": 0.00022349999999999998, "grad_norm": 0.8600752949714661, "elapsed_seconds": 1445.9910950209887, "tokens_per_second": 33765.29784181784, "loss_main": 3.165174722671509, "loss_total": 3.165174722671509}
{"event": "update", "optimizer_step": 1500, "tokens_seen": 49152000, "lr": 0.00022499999999999997, "grad_norm": 0.8940656185150146, "elapsed_seconds": 1455.232286079001, "tokens_per_second": 33776.05106084875, "loss_main": 3.2019968032836914, "loss_total": 3.2019968032836914}
{"event": "update", "optimizer_step": 1510, "tokens_seen": 49479680, "lr": 0.00022649999999999998, "grad_norm": 0.8691439032554626, "elapsed_seconds": 1464.4899983219802, "tokens_per_second": 33786.287415205334, "loss_main": 3.19583797454834, "loss_total": 3.19583797454834}
{"event": "update", "optimizer_step": 1520, "tokens_seen": 49807360, "lr": 0.00022799999999999999, "grad_norm": 0.898375391960144, "elapsed_seconds": 1473.7553815360006, "tokens_per_second": 33796.219253217576, "loss_main": 3.2153612971305847, "loss_total": 3.2153612971305847}
{"event": "evaluation", "tokens_seen": 50003968, "elapsed_seconds": 1479.2982255819952, "parameters": 144630912, "main_loss": 3.124676577746868, "perplexity": 22.752535227210963}
{"event": "update", "optimizer_step": 1530, "tokens_seen": 50135040, "lr": 0.0002295, "grad_norm": 0.8657774925231934, "elapsed_seconds": 1488.8933139419823, "tokens_per_second": 33672.68798276947, "loss_main": 3.273278772830963, "loss_total": 3.273278772830963}
{"event": "update", "optimizer_step": 1540, "tokens_seen": 50462720, "lr": 0.00023099999999999998, "grad_norm": 0.8714843988418579, "elapsed_seconds": 1498.1546432119794, "tokens_per_second": 33683.25174483329, "loss_main": 3.139136791229248, "loss_total": 3.139136791229248}
{"event": "update", "optimizer_step": 1550, "tokens_seen": 50790400, "lr": 0.00023249999999999999, "grad_norm": 0.9175398945808411, "elapsed_seconds": 1507.4047245259862, "tokens_per_second": 33693.93711829541, "loss_main": 3.154675006866455, "loss_total": 3.154675006866455}
{"event": "update", "optimizer_step": 1560, "tokens_seen": 51118080, "lr": 0.000234, "grad_norm": 4.092456817626953, "elapsed_seconds": 1516.7340179339808, "tokens_per_second": 33702.731919753795, "loss_main": 3.263991951942444, "loss_total": 3.263991951942444}
{"event": "update", "optimizer_step": 1570, "tokens_seen": 51445760, "lr": 0.00023549999999999998, "grad_norm": 0.886014997959137, "elapsed_seconds": 1525.9994778659893, "tokens_per_second": 33712.82935951167, "loss_main": 3.119098424911499, "loss_total": 3.119098424911499}
{"event": "update", "optimizer_step": 1580, "tokens_seen": 51773440, "lr": 0.000237, "grad_norm": 0.8261837959289551, "elapsed_seconds": 1535.2629805229953, "tokens_per_second": 33722.847913888414, "loss_main": 3.0979671478271484, "loss_total": 3.0979671478271484}
{"event": "update", "optimizer_step": 1590, "tokens_seen": 52101120, "lr": 0.0002385, "grad_norm": 1.1151587963104248, "elapsed_seconds": 1544.516172876989, "tokens_per_second": 33732.971473487785, "loss_main": 3.157115936279297, "loss_total": 3.157115936279297}
{"event": "update", "optimizer_step": 1600, "tokens_seen": 52428800, "lr": 0.00023999999999999998, "grad_norm": 0.8666457533836365, "elapsed_seconds": 1553.9277223819809, "tokens_per_second": 33739.53578718132, "loss_main": 3.058673918247223, "loss_total": 3.058673918247223}
{"event": "update", "optimizer_step": 1610, "tokens_seen": 52756480, "lr": 0.0002415, "grad_norm": 0.8550171256065369, "elapsed_seconds": 1563.1783365769952, "tokens_per_second": 33749.49534902376, "loss_main": 2.9235311150550842, "loss_total": 2.9235311150550842}
{"event": "update", "optimizer_step": 1620, "tokens_seen": 53084160, "lr": 0.00024299999999999997, "grad_norm": 0.8111749291419983, "elapsed_seconds": 1572.443131774984, "tokens_per_second": 33759.03326950734, "loss_main": 3.0791491866111755, "loss_total": 3.0791491866111755}
{"event": "update", "optimizer_step": 1630, "tokens_seen": 53411840, "lr": 0.0002445, "grad_norm": 0.875690221786499, "elapsed_seconds": 1581.8434762179968, "tokens_per_second": 33765.56581167024, "loss_main": 3.133295953273773, "loss_total": 3.133295953273773}
{"event": "update", "optimizer_step": 1640, "tokens_seen": 53739520, "lr": 0.00024599999999999996, "grad_norm": 1.28296959400177, "elapsed_seconds": 1591.094563849998, "tokens_per_second": 33775.18924454471, "loss_main": 3.153161108493805, "loss_total": 3.153161108493805}
{"event": "update", "optimizer_step": 1650, "tokens_seen": 54067200, "lr": 0.00024749999999999994, "grad_norm": 0.8306171298027039, "elapsed_seconds": 1600.341972042981, "tokens_per_second": 33784.77909379477, "loss_main": 2.9823924899101257, "loss_total": 2.9823924899101257}
{"event": "update", "optimizer_step": 1660, "tokens_seen": 54394880, "lr": 0.000249, "grad_norm": 0.8530123233795166, "elapsed_seconds": 1609.6015430550033, "tokens_per_second": 33794.00338841575, "loss_main": 3.117934763431549, "loss_total": 3.117934763431549}
{"event": "update", "optimizer_step": 1670, "tokens_seen": 54722560, "lr": 0.0002505, "grad_norm": 0.8007038831710815, "elapsed_seconds": 1619.0047548819857, "tokens_per_second": 33800.12309104608, "loss_main": 3.014565348625183, "loss_total": 3.014565348625183}
{"event": "update", "optimizer_step": 1680, "tokens_seen": 55050240, "lr": 0.000252, "grad_norm": 0.8264754414558411, "elapsed_seconds": 1628.2536874809884, "tokens_per_second": 33809.375297756094, "loss_main": 3.187288224697113, "loss_total": 3.187288224697113}
{"event": "update", "optimizer_step": 1690, "tokens_seen": 55377920, "lr": 0.0002535, "grad_norm": 0.7659178376197815, "elapsed_seconds": 1637.5057536129898, "tokens_per_second": 33818.45827278118, "loss_main": 3.212139368057251, "loss_total": 3.212139368057251}
{"event": "update", "optimizer_step": 1700, "tokens_seen": 55705600, "lr": 0.000255, "grad_norm": 0.7680515646934509, "elapsed_seconds": 1646.9680791150022, "tokens_per_second": 33823.12062170226, "loss_main": 2.9992653727531433, "loss_total": 2.9992653727531433}
{"event": "update", "optimizer_step": 1710, "tokens_seen": 56033280, "lr": 0.00025649999999999995, "grad_norm": 2.7723519802093506, "elapsed_seconds": 1656.717722550995, "tokens_per_second": 33821.863095494984, "loss_main": 3.1127147674560547, "loss_total": 3.1127147674560547}
{"event": "update", "optimizer_step": 1720, "tokens_seen": 56360960, "lr": 0.00025799999999999993, "grad_norm": 0.8060296773910522, "elapsed_seconds": 1665.9715159089828, "tokens_per_second": 33830.68645639387, "loss_main": 3.169911026954651, "loss_total": 3.169911026954651}
{"event": "update", "optimizer_step": 1730, "tokens_seen": 56688640, "lr": 0.00025949999999999997, "grad_norm": 0.8507246971130371, "elapsed_seconds": 1675.2281218080025, "tokens_per_second": 33839.355525394574, "loss_main": 2.95951247215271, "loss_total": 2.95951247215271}
{"event": "update", "optimizer_step": 1740, "tokens_seen": 57016320, "lr": 0.00026099999999999995, "grad_norm": 0.7659183144569397, "elapsed_seconds": 1684.4788776359928, "tokens_per_second": 33848.04686896224, "loss_main": 3.1757344603538513, "loss_total": 3.1757344603538513}
{"event": "update", "optimizer_step": 1750, "tokens_seen": 57344000, "lr": 0.00026249999999999993, "grad_norm": 1.236816167831421, "elapsed_seconds": 1693.7316917470016, "tokens_per_second": 33856.602128553466, "loss_main": 2.8638582825660706, "loss_total": 2.8638582825660706}
{"event": "update", "optimizer_step": 1760, "tokens_seen": 57671680, "lr": 0.00026399999999999997, "grad_norm": 0.8290960192680359, "elapsed_seconds": 1702.987173134985, "tokens_per_second": 33865.01138105092, "loss_main": 3.148803412914276, "loss_total": 3.148803412914276}
{"event": "update", "optimizer_step": 1770, "tokens_seen": 57999360, "lr": 0.00026549999999999995, "grad_norm": 0.8044652938842773, "elapsed_seconds": 1712.2417630979908, "tokens_per_second": 33873.34735666106, "loss_main": 3.132386863231659, "loss_total": 3.132386863231659}
{"event": "update", "optimizer_step": 1780, "tokens_seen": 58327040, "lr": 0.000267, "grad_norm": 0.7475131750106812, "elapsed_seconds": 1721.4879166449828, "tokens_per_second": 33881.75974750603, "loss_main": 3.190099000930786, "loss_total": 3.190099000930786}
{"event": "update", "optimizer_step": 1790, "tokens_seen": 58654720, "lr": 0.00026849999999999997, "grad_norm": 0.7714264988899231, "elapsed_seconds": 1730.7387271100015, "tokens_per_second": 33889.991066382405, "loss_main": 3.0220672488212585, "loss_total": 3.0220672488212585}
{"event": "update", "optimizer_step": 1800, "tokens_seen": 58982400, "lr": 0.00026999999999999995, "grad_norm": 0.7520393133163452, "elapsed_seconds": 1739.9821591639775, "tokens_per_second": 33898.27860553451, "loss_main": 3.1085001826286316, "loss_total": 3.1085001826286316}
{"event": "update", "optimizer_step": 1810, "tokens_seen": 59310080, "lr": 0.0002715, "grad_norm": 0.6954218745231628, "elapsed_seconds": 1749.2461620119866, "tokens_per_second": 33906.07982342601, "loss_main": 3.0588372945785522, "loss_total": 3.0588372945785522}
{"event": "update", "optimizer_step": 1820, "tokens_seen": 59637760, "lr": 0.00027299999999999997, "grad_norm": 0.7051376104354858, "elapsed_seconds": 1758.4990704800002, "tokens_per_second": 33914.01280850337, "loss_main": 3.1289713978767395, "loss_total": 3.1289713978767395}
{"event": "update", "optimizer_step": 1830, "tokens_seen": 59965440, "lr": 0.00027449999999999995, "grad_norm": 0.7511886954307556, "elapsed_seconds": 1767.7481952889939, "tokens_per_second": 33921.93535244807, "loss_main": 3.0650797486305237, "loss_total": 3.0650797486305237}
{"event": "evaluation", "tokens_seen": 60030976, "elapsed_seconds": 1769.6005836459808, "parameters": 144630912, "main_loss": 3.0361582934856415, "perplexity": 20.825085495812207}
{"event": "update", "optimizer_step": 1840, "tokens_seen": 60293120, "lr": 0.000276, "grad_norm": 0.7168808579444885, "elapsed_seconds": 1782.969584877981, "tokens_per_second": 33816.12368004932, "loss_main": 2.9890223145484924, "loss_total": 2.9890223145484924}
{"event": "update", "optimizer_step": 1850, "tokens_seen": 60620800, "lr": 0.00027749999999999997, "grad_norm": 0.7102687954902649, "elapsed_seconds": 1792.2418746329786, "tokens_per_second": 33824.006044058166, "loss_main": 3.1419302225112915, "loss_total": 3.1419302225112915}
{"event": "update", "optimizer_step": 1860, "tokens_seen": 60948480, "lr": 0.00027899999999999995, "grad_norm": 0.7427635788917542, "elapsed_seconds": 1801.4889773429895, "tokens_per_second": 33832.28027844651, "loss_main": 2.94235759973526, "loss_total": 2.94235759973526}
{"event": "update", "optimizer_step": 1870, "tokens_seen": 61276160, "lr": 0.0002805, "grad_norm": 0.691206693649292, "elapsed_seconds": 1810.7479614199838, "tokens_per_second": 33840.247955848805, "loss_main": 3.0587421655654907, "loss_total": 3.0587421655654907}
{"event": "update", "optimizer_step": 1880, "tokens_seen": 61603840, "lr": 0.00028199999999999997, "grad_norm": 0.737937331199646, "elapsed_seconds": 1820.0030546379858, "tokens_per_second": 33848.20692636339, "loss_main": 3.113324522972107, "loss_total": 3.113324522972107}
{"event": "update", "optimizer_step": 1890, "tokens_seen": 61931520, "lr": 0.00028349999999999995, "grad_norm": 0.6959285140037537, "elapsed_seconds": 1829.2584854459856, "tokens_per_second": 33856.0791122424, "loss_main": 3.058232009410858, "loss_total": 3.058232009410858}
{"event": "update", "optimizer_step": 1900, "tokens_seen": 62259200, "lr": 0.000285, "grad_norm": 0.7840316295623779, "elapsed_seconds": 1838.5208880339924, "tokens_per_second": 33863.74362413493, "loss_main": 3.023699104785919, "loss_total": 3.023699104785919}
{"event": "update", "optimizer_step": 1910, "tokens_seen": 62586880, "lr": 0.00028649999999999997, "grad_norm": 0.8030176758766174, "elapsed_seconds": 1847.7788549919787, "tokens_per_second": 33871.41260487673, "loss_main": 3.1672962307929993, "loss_total": 3.1672962307929993}
{"event": "update", "optimizer_step": 1920, "tokens_seen": 62914560, "lr": 0.00028799999999999995, "grad_norm": 0.7488066554069519, "elapsed_seconds": 1857.0294405169843, "tokens_per_second": 33879.13978492717, "loss_main": 3.0356733798980713, "loss_total": 3.0356733798980713}
{"event": "update", "optimizer_step": 1930, "tokens_seen": 63242240, "lr": 0.0002895, "grad_norm": 0.7565922141075134, "elapsed_seconds": 1866.2732362279785, "tokens_per_second": 33886.91364819771, "loss_main": 3.0231708884239197, "loss_total": 3.0231708884239197}
{"event": "update", "optimizer_step": 1940, "tokens_seen": 63569920, "lr": 0.00029099999999999997, "grad_norm": 0.821831464767456, "elapsed_seconds": 1875.5363094339846, "tokens_per_second": 33894.262499873796, "loss_main": 3.072389841079712, "loss_total": 3.072389841079712}
{"event": "update", "optimizer_step": 1950, "tokens_seen": 63897600, "lr": 0.0002925, "grad_norm": 0.7160066962242126, "elapsed_seconds": 1884.796677498991, "tokens_per_second": 33901.58777486184, "loss_main": 3.0079336166381836, "loss_total": 3.0079336166381836}
{"event": "update", "optimizer_step": 1960, "tokens_seen": 64225280, "lr": 0.000294, "grad_norm": 0.7231296300888062, "elapsed_seconds": 1894.0550373699807, "tokens_per_second": 33908.87737305723, "loss_main": 2.9731404781341553, "loss_total": 2.9731404781341553}
{"event": "update", "optimizer_step": 1970, "tokens_seen": 64552960, "lr": 0.00029549999999999997, "grad_norm": 0.6899988055229187, "elapsed_seconds": 1903.3109978619905, "tokens_per_second": 33916.13880890355, "loss_main": 2.8164952993392944, "loss_total": 2.8164952993392944}
{"event": "update", "optimizer_step": 1980, "tokens_seen": 64880640, "lr": 0.000297, "grad_norm": 0.7378240823745728, "elapsed_seconds": 1912.5547190779762, "tokens_per_second": 33923.54705086729, "loss_main": 3.2554320693016052, "loss_total": 3.2554320693016052}
{"event": "update", "optimizer_step": 1990, "tokens_seen": 65208320, "lr": 0.0002985, "grad_norm": 0.7469912171363831, "elapsed_seconds": 1921.8159020689782, "tokens_per_second": 33930.57572777828, "loss_main": 3.0077943801879883, "loss_total": 3.0077943801879883}
{"event": "update", "optimizer_step": 2000, "tokens_seen": 65536000, "lr": 0.0003, "grad_norm": 1.0171927213668823, "elapsed_seconds": 1931.064654871996, "tokens_per_second": 33937.755442136746, "loss_main": 2.972652792930603, "loss_total": 2.972652792930603}
{"event": "update", "optimizer_step": 2010, "tokens_seen": 65863680, "lr": 0.0002999982969589093, "grad_norm": 0.6731621026992798, "elapsed_seconds": 1940.3129602249828, "tokens_per_second": 33944.87453836467, "loss_main": 3.139383912086487, "loss_total": 3.139383912086487}
{"event": "update", "optimizer_step": 2020, "tokens_seen": 66191360, "lr": 0.00029999240995845185, "grad_norm": 0.7955421209335327, "elapsed_seconds": 1949.5671454659896, "tokens_per_second": 33951.82369272991, "loss_main": 2.9501959681510925, "loss_total": 2.9501959681510925}
{"event": "update", "optimizer_step": 2030, "tokens_seen": 66519040, "lr": 0.0002999823181567562, "grad_norm": 0.7241929173469543, "elapsed_seconds": 1958.8275545159995, "tokens_per_second": 33958.599288969046, "loss_main": 3.0101383328437805, "loss_total": 3.0101383328437805}
{"event": "update", "optimizer_step": 2040, "tokens_seen": 66846720, "lr": 0.000299968021868166, "grad_norm": 0.6745082139968872, "elapsed_seconds": 1968.0784784949792, "tokens_per_second": 33965.47481740604, "loss_main": 3.085310697555542, "loss_total": 3.085310697555542}
{"event": "update", "optimizer_step": 2050, "tokens_seen": 67174400, "lr": 0.00029994952153798813, "grad_norm": 0.7773616313934326, "elapsed_seconds": 1977.3436898209911, "tokens_per_second": 33972.04054398924, "loss_main": 2.8564481139183044, "loss_total": 2.8564481139183044}
{"event": "update", "optimizer_step": 2060, "tokens_seen": 67502080, "lr": 0.0002999268177424788, "grad_norm": 0.7088223695755005, "elapsed_seconds": 1986.599058858992, "tokens_per_second": 33978.71336895225, "loss_main": 2.8348081707954407, "loss_total": 2.8348081707954407}
{"event": "update", "optimizer_step": 2070, "tokens_seen": 67829760, "lr": 0.00029989991118882563, "grad_norm": 0.7301301956176758, "elapsed_seconds": 1995.8434776029899, "tokens_per_second": 33985.51076834122, "loss_main": 2.9809061884880066, "loss_total": 2.9809061884880066}
{"event": "update", "optimizer_step": 2080, "tokens_seen": 68157440, "lr": 0.0002998688027151253, "grad_norm": 0.6169494986534119, "elapsed_seconds": 2005.0985698720033, "tokens_per_second": 33992.06454191969, "loss_main": 2.9837576746940613, "loss_total": 2.9837576746940613}
{"event": "update", "optimizer_step": 2090, "tokens_seen": 68485120, "lr": 0.000299833493290358, "grad_norm": 0.7039889693260193, "elapsed_seconds": 2014.3503622149874, "tokens_per_second": 33998.61378866262, "loss_main": 3.0055213570594788, "loss_total": 3.0055213570594788}
{"event": "update", "optimizer_step": 2100, "tokens_seen": 68812800, "lr": 0.00029979398401435656, "grad_norm": 0.7612625956535339, "elapsed_seconds": 2023.618118649989, "tokens_per_second": 34004.83488747714, "loss_main": 2.912379562854767, "loss_total": 2.912379562854767}
{"event": "update", "optimizer_step": 2110, "tokens_seen": 69140480, "lr": 0.00029975027611777295, "grad_norm": 0.731637179851532, "elapsed_seconds": 2032.8671627119766, "tokens_per_second": 34011.3123317719, "loss_main": 2.9933993816375732, "loss_total": 2.9933993816375732}
{"event": "update", "optimizer_step": 2120, "tokens_seen": 69468160, "lr": 0.0002997023709620393, "grad_norm": 0.6879909038543701, "elapsed_seconds": 2042.1270115799853, "tokens_per_second": 34017.55111512519, "loss_main": 2.898470163345337, "loss_total": 2.898470163345337}
{"event": "update", "optimizer_step": 2130, "tokens_seen": 69795840, "lr": 0.0002996502700393259, "grad_norm": 0.6793582439422607, "elapsed_seconds": 2051.3886346409854, "tokens_per_second": 34023.7041491726, "loss_main": 2.8138830065727234, "loss_total": 2.8138830065727234}
{"event": "evaluation", "tokens_seen": 70025216, "elapsed_seconds": 2057.869854763994, "parameters": 144630912, "main_loss": 2.954677738249302, "perplexity": 19.19553573602071}
{"event": "update", "optimizer_step": 2140, "tokens_seen": 70123520, "lr": 0.0002995939749724946, "grad_norm": 0.6670734882354736, "elapsed_seconds": 2066.9800813889888, "tokens_per_second": 33925.59059053812, "loss_main": 3.0111958980560303, "loss_total": 3.0111958980560303}
{"event": "update", "optimizer_step": 2150, "tokens_seen": 70451200, "lr": 0.0002995334875150481, "grad_norm": 0.6970681548118591, "elapsed_seconds": 2076.230098926986, "tokens_per_second": 33932.26985602886, "loss_main": 3.021618962287903, "loss_total": 3.021618962287903}
{"event": "update", "optimizer_step": 2160, "tokens_seen": 70778880, "lr": 0.0002994688095510757, "grad_norm": 0.6853249073028564, "elapsed_seconds": 2085.481531343976, "tokens_per_second": 33938.86684500485, "loss_main": 2.9981693029403687, "loss_total": 2.9981693029403687}
{"event": "update", "optimizer_step": 2170, "tokens_seen": 71106560, "lr": 0.00029939994309519395, "grad_norm": 0.6267140507698059, "elapsed_seconds": 2094.7983440439857, "tokens_per_second": 33944.34610003059, "loss_main": 2.9241912961006165, "loss_total": 2.9241912961006165}
{"event": "update", "optimizer_step": 2180, "tokens_seen": 71434240, "lr": 0.00029932689029248485, "grad_norm": 0.6396586298942566, "elapsed_seconds": 2104.0615992899984, "tokens_per_second": 33950.64100029439, "loss_main": 3.090109944343567, "loss_total": 3.090109944343567}
{"event": "update", "optimizer_step": 2190, "tokens_seen": 71761920, "lr": 0.0002992496534184283, "grad_norm": 0.6471470594406128, "elapsed_seconds": 2113.3287330179883, "tokens_per_second": 33956.81839687985, "loss_main": 2.8148666620254517, "loss_total": 2.8148666620254517}
{"event": "update", "optimizer_step": 2200, "tokens_seen": 72089600, "lr": 0.0002991682348788315, "grad_norm": 0.6077398061752319, "elapsed_seconds": 2122.584324878, "tokens_per_second": 33963.12653168373, "loss_main": 2.7691489458084106, "loss_total": 2.7691489458084106}
{"event": "update", "optimizer_step": 2210, "tokens_seen": 72417280, "lr": 0.0002990826372097537, "grad_norm": 0.6357203125953674, "elapsed_seconds": 2132.0047638510005, "tokens_per_second": 33966.75337122325, "loss_main": 2.9509190917015076, "loss_total": 2.9509190917015076}
{"event": "update", "optimizer_step": 2220, "tokens_seen": 72744960, "lr": 0.00029899286307742776, "grad_norm": 0.6414271593093872, "elapsed_seconds": 2141.2653468089993, "tokens_per_second": 33972.88435476131, "loss_main": 3.008691370487213, "loss_total": 3.008691370487213}
{"event": "update", "optimizer_step": 2230, "tokens_seen": 73072640, "lr": 0.0002988989152781766, "grad_norm": 0.6291111707687378, "elapsed_seconds": 2150.5231625509914, "tokens_per_second": 33979.006258793255, "loss_main": 2.7806636095046997, "loss_total": 2.7806636095046997}
{"event": "update", "optimizer_step": 2240, "tokens_seen": 73400320, "lr": 0.00029880079673832657, "grad_norm": 0.7060970067977905, "elapsed_seconds": 2159.9190132919757, "tokens_per_second": 33982.90377940102, "loss_main": 2.954411029815674, "loss_total": 2.954411029815674}
{"event": "update", "optimizer_step": 2250, "tokens_seen": 73728000, "lr": 0.0002986985105141158, "grad_norm": 0.6375052332878113, "elapsed_seconds": 2169.170646464976, "tokens_per_second": 33989.02715199103, "loss_main": 2.9827440977096558, "loss_total": 2.9827440977096558}
{"event": "update", "optimizer_step": 2260, "tokens_seen": 74055680, "lr": 0.00029859205979159917, "grad_norm": 0.631953239440918, "elapsed_seconds": 2178.423540341988, "tokens_per_second": 33995.07883961541, "loss_main": 2.723893105983734, "loss_total": 2.723893105983734}
{"event": "update", "optimizer_step": 2270, "tokens_seen": 74383360, "lr": 0.0002984814478865493, "grad_norm": 0.7672635912895203, "elapsed_seconds": 2187.6755100640003, "tokens_per_second": 34001.09369868291, "loss_main": 3.039012908935547, "loss_total": 3.039012908935547}
{"event": "update", "optimizer_step": 2280, "tokens_seen": 74711040, "lr": 0.00029836667824435315, "grad_norm": 0.7066917419433594, "elapsed_seconds": 2197.0710129379877, "tokens_per_second": 34004.83623881333, "loss_main": 2.8966965079307556, "loss_total": 2.8966965079307556}
{"event": "update", "optimizer_step": 2290, "tokens_seen": 75038720, "lr": 0.0002982477544399044, "grad_norm": 0.6721872091293335, "elapsed_seconds": 2206.328838202986, "tokens_per_second": 34010.66908100501, "loss_main": 2.8741631507873535, "loss_total": 2.8741631507873535}
{"event": "update", "optimizer_step": 2300, "tokens_seen": 75366400, "lr": 0.00029812468017749265, "grad_norm": 0.7195723652839661, "elapsed_seconds": 2215.597836617002, "tokens_per_second": 34016.281634882354, "loss_main": 3.0361543893814087, "loss_total": 3.0361543893814087}
{"event": "update", "optimizer_step": 2310, "tokens_seen": 75694080, "lr": 0.00029799745929068745, "grad_norm": 0.6587132811546326, "elapsed_seconds": 2224.9953274549916, "tokens_per_second": 34019.882678396854, "loss_main": 2.900982618331909, "loss_total": 2.900982618331909}
{"event": "update", "optimizer_step": 2320, "tokens_seen": 76021760, "lr": 0.0002978660957422194, "grad_norm": 0.6374107003211975, "elapsed_seconds": 2234.2300335000036, "tokens_per_second": 34025.93236154341, "loss_main": 2.8820046186447144, "loss_total": 2.8820046186447144}
{"event": "update", "optimizer_step": 2330, "tokens_seen": 76349440, "lr": 0.0002977305936238565, "grad_norm": 0.705513060092926, "elapsed_seconds": 2243.489154847979, "tokens_per_second": 34031.5618798583, "loss_main": 3.045208156108856, "loss_total": 3.045208156108856}
{"event": "update", "optimizer_step": 2340, "tokens_seen": 76677120, "lr": 0.00029759095715627636, "grad_norm": 0.5913448333740234, "elapsed_seconds": 2252.741368485993, "tokens_per_second": 34037.24949195239, "loss_main": 2.806168854236603, "loss_total": 2.806168854236603}
{"event": "update", "optimizer_step": 2350, "tokens_seen": 77004800, "lr": 0.0002974471906889355, "grad_norm": 0.6422770023345947, "elapsed_seconds": 2262.150145961001, "tokens_per_second": 34040.534461202624, "loss_main": 2.8642770051956177, "loss_total": 2.8642770051956177}
{"event": "update", "optimizer_step": 2360, "tokens_seen": 77332480, "lr": 0.00029729929869993317, "grad_norm": 0.6343053579330444, "elapsed_seconds": 2271.405881925981, "tokens_per_second": 34046.086001339354, "loss_main": 2.7190391421318054, "loss_total": 2.7190391421318054}
{"event": "update", "optimizer_step": 2370, "tokens_seen": 77660160, "lr": 0.0002971472857958723, "grad_norm": 0.6472844481468201, "elapsed_seconds": 2280.670294243988, "tokens_per_second": 34051.46293876876, "loss_main": 2.7768179774284363, "loss_total": 2.7768179774284363}
{"event": "update", "optimizer_step": 2380, "tokens_seen": 77987840, "lr": 0.0002969911567117156, "grad_norm": 0.6434949040412903, "elapsed_seconds": 2290.045074074995, "tokens_per_second": 34055.155019820384, "loss_main": 2.8370121717453003, "loss_total": 2.8370121717453003}
{"event": "update", "optimizer_step": 2390, "tokens_seen": 78315520, "lr": 0.00029683091631063847, "grad_norm": 0.6422795653343201, "elapsed_seconds": 2299.3357321929943, "tokens_per_second": 34060.06304495015, "loss_main": 2.8684439659118652, "loss_total": 2.8684439659118652}
{"event": "update", "optimizer_step": 2400, "tokens_seen": 78643200, "lr": 0.00029666656958387747, "grad_norm": 0.6065144538879395, "elapsed_seconds": 2308.587865051988, "tokens_per_second": 34065.500035983685, "loss_main": 2.60068416595459, "loss_total": 2.60068416595459}
{"event": "update", "optimizer_step": 2410, "tokens_seen": 78970880, "lr": 0.00029649812165057467, "grad_norm": 0.654445230960846, "elapsed_seconds": 2317.8331400739844, "tokens_per_second": 34070.99442778667, "loss_main": 2.9955007433891296, "loss_total": 2.9955007433891296}
{"event": "update", "optimizer_step": 2420, "tokens_seen": 79298560, "lr": 0.00029632557775761807, "grad_norm": 0.6402392387390137, "elapsed_seconds": 2327.2716300199972, "tokens_per_second": 34073.616064884794, "loss_main": 2.8270424008369446, "loss_total": 2.8270424008369446}
{"event": "update", "optimizer_step": 2430, "tokens_seen": 79626240, "lr": 0.0002961489432794787, "grad_norm": 0.6690000295639038, "elapsed_seconds": 2336.5187474159757, "tokens_per_second": 34079.00753548885, "loss_main": 3.0753788352012634, "loss_total": 3.0753788352012634}
{"event": "update", "optimizer_step": 2440, "tokens_seen": 79953920, "lr": 0.00029596822371804254, "grad_norm": 0.6577890515327454, "elapsed_seconds": 2345.7426236069878, "tokens_per_second": 34084.6942010445, "loss_main": 2.898876428604126, "loss_total": 2.898876428604126}
{"event": "evaluation", "tokens_seen": 80019456, "elapsed_seconds": 2347.5922913199756, "parameters": 144630912, "main_loss": 2.8699945881962776, "perplexity": 17.636922752014847}
{"event": "update", "optimizer_step": 2450, "tokens_seen": 80281600, "lr": 0.00029578342470243987, "grad_norm": 0.6965184211730957, "elapsed_seconds": 2361.0479730399966, "tokens_per_second": 34002.5280793564, "loss_main": 2.8708853721618652, "loss_total": 2.8708853721618652}
{"event": "update", "optimizer_step": 2460, "tokens_seen": 80609280, "lr": 0.00029559455198886926, "grad_norm": 0.5914508700370789, "elapsed_seconds": 2370.3112544039905, "tokens_per_second": 34007.88814136945, "loss_main": 3.1043885946273804, "loss_total": 3.1043885946273804}
{"event": "update", "optimizer_step": 2470, "tokens_seen": 80936960, "lr": 0.0002954016114604187, "grad_norm": 0.5914726853370667, "elapsed_seconds": 2379.5737386889814, "tokens_per_second": 34013.217865058454, "loss_main": 2.8639859557151794, "loss_total": 2.8639859557151794}
{"event": "update", "optimizer_step": 2480, "tokens_seen": 81264640, "lr": 0.00029520460912688205, "grad_norm": 0.6408067345619202, "elapsed_seconds": 2388.9672494620027, "tokens_per_second": 34016.64046181498, "loss_main": 2.873125374317169, "loss_total": 2.873125374317169}
{"event": "update", "optimizer_step": 2490, "tokens_seen": 81592320, "lr": 0.00029500355112457215, "grad_norm": 0.6009335517883301, "elapsed_seconds": 2398.210268878989, "tokens_per_second": 34022.17105764426, "loss_main": 2.922479510307312, "loss_total": 2.922479510307312}
{"event": "update", "optimizer_step": 2500, "tokens_seen": 81920000, "lr": 0.0002947984437161297, "grad_norm": 0.6565179824829102, "elapsed_seconds": 2407.4530249899835, "tokens_per_second": 34027.662907499864, "loss_main": 2.9394840598106384, "loss_total": 2.9394840598106384}
{"event": "update", "optimizer_step": 2510, "tokens_seen": 82247680, "lr": 0.00029458929329032773, "grad_norm": 0.6358172297477722, "elapsed_seconds": 2416.6856845569855, "tokens_per_second": 34033.25493487881, "loss_main": 2.980159342288971, "loss_total": 2.980159342288971}
{"event": "update", "optimizer_step": 2520, "tokens_seen": 82575360, "lr": 0.00029437610636187303, "grad_norm": 0.5960292816162109, "elapsed_seconds": 2426.0876064320037, "tokens_per_second": 34036.42959185709, "loss_main": 2.8485979437828064, "loss_total": 2.8485979437828064}
{"event": "update", "optimizer_step": 2530, "tokens_seen": 82903040, "lr": 0.00029415888957120303, "grad_norm": 0.6832277178764343, "elapsed_seconds": 2435.3384363919904, "tokens_per_second": 34041.6916027584, "loss_main": 2.900870680809021, "loss_total": 2.900870680809021}
{"event": "update", "optimizer_step": 2540, "tokens_seen": 83230720, "lr": 0.0002939376496842792, "grad_norm": 0.9222687482833862, "elapsed_seconds": 2444.589739307994, "tokens_per_second": 34046.90720151704, "loss_main": 2.961833953857422, "loss_total": 2.961833953857422}
{"event": "update", "optimizer_step": 2550, "tokens_seen": 83558400, "lr": 0.00029371239359237604, "grad_norm": 0.5907891392707825, "elapsed_seconds": 2454.046938364976, "tokens_per_second": 34049.22648124705, "loss_main": 2.700035274028778, "loss_total": 2.700035274028778}
{"event": "update", "optimizer_step": 2560, "tokens_seen": 83886080, "lr": 0.00029348312831186643, "grad_norm": 0.5944604277610779, "elapsed_seconds": 2463.890809855977, "tokens_per_second": 34046.18405346601, "loss_main": 2.859861135482788, "loss_total": 2.859861135482788}
{"event": "update", "optimizer_step": 2570, "tokens_seen": 84213760, "lr": 0.00029324986098400326, "grad_norm": 0.5768834352493286, "elapsed_seconds": 2473.152381713997, "tokens_per_second": 34051.181246517604, "loss_main": 2.695633828639984, "loss_total": 2.695633828639984}
{"event": "update", "optimizer_step": 2580, "tokens_seen": 84541440, "lr": 0.00029301259887469695, "grad_norm": 0.6290223002433777, "elapsed_seconds": 2482.410145618982, "tokens_per_second": 34056.19339302202, "loss_main": 2.8699798583984375, "loss_total": 2.8699798583984375}
{"event": "update", "optimizer_step": 2590, "tokens_seen": 84869120, "lr": 0.0002927713493742889, "grad_norm": 0.6463531255722046, "elapsed_seconds": 2491.660320342984, "tokens_per_second": 34061.27203900631, "loss_main": 2.9282087087631226, "loss_total": 2.9282087087631226}
{"event": "update", "optimizer_step": 2600, "tokens_seen": 85196800, "lr": 0.00029252611999732163, "grad_norm": 0.605352520942688, "elapsed_seconds": 2500.9116893189785, "tokens_per_second": 34066.296848410464, "loss_main": 2.8240208625793457, "loss_total": 2.8240208625793457}
{"event": "update", "optimizer_step": 2610, "tokens_seen": 85524480, "lr": 0.0002922769183823046, "grad_norm": 0.5655019879341125, "elapsed_seconds": 2510.1790463259968, "tokens_per_second": 34071.0676097696, "loss_main": 2.741819679737091, "loss_total": 2.741819679737091}
{"event": "update", "optimizer_step": 2620, "tokens_seen": 85852160, "lr": 0.00029202375229147605, "grad_norm": 0.6107866764068604, "elapsed_seconds": 2519.4321361249895, "tokens_per_second": 34075.996240980254, "loss_main": 2.8195414543151855, "loss_total": 2.8195414543151855}
{"event": "update", "optimizer_step": 2630, "tokens_seen": 86179840, "lr": 0.00029176662961056144, "grad_norm": 0.6696904897689819, "elapsed_seconds": 2528.6818781519833, "tokens_per_second": 34080.93392237308, "loss_main": 2.780516564846039, "loss_total": 2.780516564846039}
{"event": "update", "optimizer_step": 2640, "tokens_seen": 86507520, "lr": 0.00029150555834852796, "grad_norm": 0.6181310415267944, "elapsed_seconds": 2537.9326518019952, "tokens_per_second": 34085.82175676629, "loss_main": 2.8634373545646667, "loss_total": 2.8634373545646667}
{"event": "update", "optimizer_step": 2650, "tokens_seen": 86835200, "lr": 0.0002912405466373346, "grad_norm": 0.6134067177772522, "elapsed_seconds": 2547.1885600689857, "tokens_per_second": 34090.60536831566, "loss_main": 2.7350961565971375, "loss_total": 2.7350961565971375}
{"event": "update", "optimizer_step": 2660, "tokens_seen": 87162880, "lr": 0.00029097160273167957, "grad_norm": 0.6374594569206238, "elapsed_seconds": 2556.4570371709997, "tokens_per_second": 34095.18671061075, "loss_main": 2.923168182373047, "loss_total": 2.923168182373047}
{"event": "update", "optimizer_step": 2670, "tokens_seen": 87490560, "lr": 0.0002906987350087424, "grad_norm": 0.7050184011459351, "elapsed_seconds": 2565.7257187749783, "tokens_per_second": 34099.7322355146, "loss_main": 2.793848752975464, "loss_total": 2.793848752975464}
{"event": "update", "optimizer_step": 2680, "tokens_seen": 87818240, "lr": 0.00029042195196792345, "grad_norm": 0.6344115734100342, "elapsed_seconds": 2574.9832872089755, "tokens_per_second": 34104.39222507972, "loss_main": 2.9060317873954773, "loss_total": 2.9060317873954773}
{"event": "update", "optimizer_step": 2690, "tokens_seen": 88145920, "lr": 0.0002901412622305791, "grad_norm": 0.5931347608566284, "elapsed_seconds": 2584.2325079769944, "tokens_per_second": 34109.12900751448, "loss_main": 2.926266074180603, "loss_total": 2.926266074180603}
{"event": "update", "optimizer_step": 2700, "tokens_seen": 88473600, "lr": 0.00028985667453975317, "grad_norm": 0.6200326681137085, "elapsed_seconds": 2593.499553539994, "tokens_per_second": 34113.59754399729, "loss_main": 3.007558226585388, "loss_total": 3.007558226585388}
{"event": "update", "optimizer_step": 2710, "tokens_seen": 88801280, "lr": 0.0002895681977599045, "grad_norm": 0.6080907583236694, "elapsed_seconds": 2602.751810806978, "tokens_per_second": 34118.22811198711, "loss_main": 3.0254147052764893, "loss_total": 3.0254147052764893}
{"event": "update", "optimizer_step": 2720, "tokens_seen": 89128960, "lr": 0.0002892758408766312, "grad_norm": 0.6128161549568176, "elapsed_seconds": 2612.0054739319894, "tokens_per_second": 34122.80750921608, "loss_main": 2.741172730922699, "loss_total": 2.741172730922699}
{"event": "update", "optimizer_step": 2730, "tokens_seen": 89456640, "lr": 0.00028897961299639017, "grad_norm": 0.5816024541854858, "elapsed_seconds": 2621.2571148729767, "tokens_per_second": 34127.38090148588, "loss_main": 2.8007697463035583, "loss_total": 2.8007697463035583}
{"event": "update", "optimizer_step": 2740, "tokens_seen": 89784320, "lr": 0.00028867952334621404, "grad_norm": 0.57414311170578, "elapsed_seconds": 2630.5139065829862, "tokens_per_second": 34131.85529082757, "loss_main": 2.8626370429992676, "loss_total": 2.8626370429992676}
{"event": "evaluation", "tokens_seen": 90013696, "elapsed_seconds": 2636.9865955860005, "parameters": 144630912, "main_loss": 2.8121959567070007, "perplexity": 16.646432957821496}
{"event": "update", "optimizer_step": 2750, "tokens_seen": 90112000, "lr": 0.0002883755812734233, "grad_norm": 0.5915734767913818, "elapsed_seconds": 2645.7430405149935, "tokens_per_second": 34059.241060106775, "loss_main": 2.623852491378784, "loss_total": 2.623852491378784}
{"event": "update", "optimizer_step": 2760, "tokens_seen": 90439680, "lr": 0.00028806779624533565, "grad_norm": 0.5900528430938721, "elapsed_seconds": 2654.9909803189803, "tokens_per_second": 34064.02532830234, "loss_main": 2.74726539850235, "loss_total": 2.74726539850235}
{"event": "update", "optimizer_step": 2770, "tokens_seen": 90767360, "lr": 0.0002877561778489704, "grad_norm": 0.5755125284194946, "elapsed_seconds": 2664.241381815984, "tokens_per_second": 34068.74490408662, "loss_main": 2.7052422165870667, "loss_total": 2.7052422165870667}
{"event": "update", "optimizer_step": 2780, "tokens_seen": 91095040, "lr": 0.0002874407357907504, "grad_norm": 0.6049115657806396, "elapsed_seconds": 2673.6609163889952, "tokens_per_second": 34071.276369268075, "loss_main": 2.6825591325759888, "loss_total": 2.6825591325759888}
{"event": "update", "optimizer_step": 2790, "tokens_seen": 91422720, "lr": 0.0002871214798961998, "grad_norm": 0.5663942098617554, "elapsed_seconds": 2682.9125240569992, "tokens_per_second": 34075.92278176629, "loss_main": 2.7256866693496704, "loss_total": 2.7256866693496704}
{"event": "update", "optimizer_step": 2800, "tokens_seen": 91750400, "lr": 0.0002867984201096374, "grad_norm": 0.5913734436035156, "elapsed_seconds": 2692.170347320003, "tokens_per_second": 34080.4585754893, "loss_main": 2.7553319931030273, "loss_total": 2.7553319931030273}
{"event": "update", "optimizer_step": 2810, "tokens_seen": 92078080, "lr": 0.0002864715664938675, "grad_norm": 0.553640604019165, "elapsed_seconds": 2701.414669794991, "tokens_per_second": 34085.133626296534, "loss_main": 2.8392003774642944, "loss_total": 2.8392003774642944}
{"event": "update", "optimizer_step": 2820, "tokens_seen": 92405760, "lr": 0.00028614092922986606, "grad_norm": 0.5768893957138062, "elapsed_seconds": 2710.8566254570032, "tokens_per_second": 34087.29149754351, "loss_main": 2.759923219680786, "loss_total": 2.759923219680786}
{"event": "update", "optimizer_step": 2830, "tokens_seen": 92733440, "lr": 0.0002858065186164638, "grad_norm": 0.5761538743972778, "elapsed_seconds": 2720.1009741509915, "tokens_per_second": 34091.910881707, "loss_main": 2.741750717163086, "loss_total": 2.741750717163086}
{"event": "update", "optimizer_step": 2840, "tokens_seen": 93061120, "lr": 0.0002854683450700253, "grad_norm": 0.5873961448669434, "elapsed_seconds": 2729.353442092979, "tokens_per_second": 34096.39754411468, "loss_main": 2.7646953463554382, "loss_total": 2.7646953463554382}
{"event": "update", "optimizer_step": 2850, "tokens_seen": 93388800, "lr": 0.00028512641912412464, "grad_norm": 0.6072503328323364, "elapsed_seconds": 2738.603760536993, "tokens_per_second": 34100.880655216824, "loss_main": 2.8499433398246765, "loss_total": 2.8499433398246765}
{"event": "update", "optimizer_step": 2860, "tokens_seen": 93716480, "lr": 0.00028478075142921735, "grad_norm": 0.5861101150512695, "elapsed_seconds": 2748.048099683976, "tokens_per_second": 34102.92564048545, "loss_main": 2.8571531176567078, "loss_total": 2.8571531176567078}
{"event": "update", "optimizer_step": 2870, "tokens_seen": 94044160, "lr": 0.0002844313527523082, "grad_norm": 0.6056272983551025, "elapsed_seconds": 2757.2977449109894, "tokens_per_second": 34107.3647826292, "loss_main": 2.6433547139167786, "loss_total": 2.6433547139167786}
{"event": "update", "optimizer_step": 2880, "tokens_seen": 94371840, "lr": 0.0002840782339766164, "grad_norm": 0.6330946683883667, "elapsed_seconds": 2766.554391994985, "tokens_per_second": 34111.68790791339, "loss_main": 3.1532222628593445, "loss_total": 3.1532222628593445}
{"event": "update", "optimizer_step": 2890, "tokens_seen": 94699520, "lr": 0.00028372140610123653, "grad_norm": 0.577734112739563, "elapsed_seconds": 2775.9759325449995, "tokens_per_second": 34113.955704644744, "loss_main": 2.699832499027252, "loss_total": 2.699832499027252}
{"event": "update", "optimizer_step": 2900, "tokens_seen": 95027200, "lr": 0.0002833608802407956, "grad_norm": 1.1634923219680786, "elapsed_seconds": 2785.2260563939926, "tokens_per_second": 34118.307841421985, "loss_main": 2.781648278236389, "loss_total": 2.781648278236389}
{"event": "update", "optimizer_step": 2910, "tokens_seen": 95354880, "lr": 0.0002829966676251071, "grad_norm": 0.6376137137413025, "elapsed_seconds": 2794.485768546001, "tokens_per_second": 34122.514085879244, "loss_main": 2.7629517912864685, "loss_total": 2.7629517912864685}
{"event": "update", "optimizer_step": 2920, "tokens_seen": 95682560, "lr": 0.000282628779598821, "grad_norm": 0.6045491695404053, "elapsed_seconds": 2803.753617442999, "tokens_per_second": 34126.59350833464, "loss_main": 2.807326376438141, "loss_total": 2.807326376438141}
{"event": "update", "optimizer_step": 2930, "tokens_seen": 96010240, "lr": 0.0002822572276210709, "grad_norm": 0.5395230650901794, "elapsed_seconds": 2813.16337539698, "tokens_per_second": 34128.92434178356, "loss_main": 2.760481595993042, "loss_total": 2.760481595993042}
{"event": "update", "optimizer_step": 2940, "tokens_seen": 96337920, "lr": 0.0002818820232651163, "grad_norm": 0.639801561832428, "elapsed_seconds": 2822.4222230919986, "tokens_per_second": 34133.06457545555, "loss_main": 2.8330355286598206, "loss_total": 2.8330355286598206}
{"event": "update", "optimizer_step": 2950, "tokens_seen": 96665600, "lr": 0.0002815031782179827, "grad_norm": 0.6419785022735596, "elapsed_seconds": 2831.685042215977, "tokens_per_second": 34137.12985691124, "loss_main": 2.749955892562866, "loss_total": 2.749955892562866}
{"event": "update", "optimizer_step": 2960, "tokens_seen": 96993280, "lr": 0.0002811207042800976, "grad_norm": 0.6156722903251648, "elapsed_seconds": 2841.467440979992, "tokens_per_second": 34134.92570815735, "loss_main": 2.7808369398117065, "loss_total": 2.7808369398117065}
{"event": "update", "optimizer_step": 2970, "tokens_seen": 97320960, "lr": 0.0002807346133649225, "grad_norm": 0.675588071346283, "elapsed_seconds": 2850.7102966709936, "tokens_per_second": 34139.19685688497, "loss_main": 2.7545870542526245, "loss_total": 2.7545870542526245}
{"event": "update", "optimizer_step": 2980, "tokens_seen": 97648640, "lr": 0.00028034491749858196, "grad_norm": 0.6030983328819275, "elapsed_seconds": 2859.9571549839748, "tokens_per_second": 34143.39261335793, "loss_main": 2.8068885803222656, "loss_total": 2.8068885803222656}
{"event": "update", "optimizer_step": 2990, "tokens_seen": 97976320, "lr": 0.0002799516288194895, "grad_norm": 0.5799718499183655, "elapsed_seconds": 2869.1991218759795, "tokens_per_second": 34147.61954058447, "loss_main": 3.036704123020172, "loss_total": 3.036704123020172}
{"event": "update", "optimizer_step": 3000, "tokens_seen": 98304000, "lr": 0.00027955475957796867, "grad_norm": 0.6479470729827881, "elapsed_seconds": 2878.440185979998, "tokens_per_second": 34151.83003586759, "loss_main": 2.6306673288345337, "loss_total": 2.6306673288345337}
{"event": "update", "optimizer_step": 3010, "tokens_seen": 98631680, "lr": 0.0002791543221358722, "grad_norm": 1.2244510650634766, "elapsed_seconds": 2887.6990577259858, "tokens_per_second": 34155.80295187366, "loss_main": 2.990213632583618, "loss_total": 2.990213632583618}
{"event": "update", "optimizer_step": 3020, "tokens_seen": 98959360, "lr": 0.00027875032896619654, "grad_norm": 0.6274571418762207, "elapsed_seconds": 2896.944248501997, "tokens_per_second": 34159.91179366729, "loss_main": 2.8261977434158325, "loss_total": 2.8261977434158325}
{"event": "update", "optimizer_step": 3030, "tokens_seen": 99287040, "lr": 0.0002783427926526935, "grad_norm": 0.6363250613212585, "elapsed_seconds": 2906.191810506978, "tokens_per_second": 34163.96661811514, "loss_main": 2.7484970092773438, "loss_total": 2.7484970092773438}
{"event": "update", "optimizer_step": 3040, "tokens_seen": 99614720, "lr": 0.0002779317258894781, "grad_norm": 0.5726100206375122, "elapsed_seconds": 2915.4318397919997, "tokens_per_second": 34168.08400058736, "loss_main": 2.733229100704193, "loss_total": 2.733229100704193}
{"event": "update", "optimizer_step": 3050, "tokens_seen": 99942400, "lr": 0.00027751714148063365, "grad_norm": 0.5719154477119446, "elapsed_seconds": 2924.665800630988, "tokens_per_second": 34172.2462711595, "loss_main": 2.7814416885375977, "loss_total": 2.7814416885375977}
{"event": "evaluation", "tokens_seen": 100007936, "elapsed_seconds": 2926.516387754993, "parameters": 144630912, "main_loss": 2.7591904178261757, "perplexity": 15.787056853455834}
{"event": "update", "optimizer_step": 3060, "tokens_seen": 100270080, "lr": 0.0002770990523398121, "grad_norm": 0.5552502870559692, "elapsed_seconds": 2939.727973991976, "tokens_per_second": 34108.62531740962, "loss_main": 2.77132511138916, "loss_total": 2.77132511138916}
{"event": "update", "optimizer_step": 3070, "tokens_seen": 100597760, "lr": 0.000276677471489833, "grad_norm": 0.543847382068634, "elapsed_seconds": 2948.9722260209965, "tokens_per_second": 34112.82043023343, "loss_main": 2.783852696418762, "loss_total": 2.783852696418762}
{"event": "update", "optimizer_step": 3080, "tokens_seen": 100925440, "lr": 0.00027625241206227617, "grad_norm": 0.5889058113098145, "elapsed_seconds": 2958.2240551669965, "tokens_per_second": 34116.90193774136, "loss_main": 2.7930267453193665, "loss_total": 2.7930267453193665}
{"event": "update", "optimizer_step": 3090, "tokens_seen": 101253120, "lr": 0.0002758238872970746, "grad_norm": 0.6153600215911865, "elapsed_seconds": 2967.478076182975, "tokens_per_second": 34120.93279227877, "loss_main": 2.7721487879753113, "loss_total": 2.7721487879753113}
{"event": "update", "optimizer_step": 3100, "tokens_seen": 101580800, "lr": 0.00027539191054210053, "grad_norm": 0.5596715211868286, "elapsed_seconds": 2976.739158406999, "tokens_per_second": 34124.857635951186, "loss_main": 2.739884376525879, "loss_total": 2.739884376525879}
{"event": "update", "optimizer_step": 3110, "tokens_seen": 101908480, "lr": 0.0002749564952527505, "grad_norm": 0.5639311075210571, "elapsed_seconds": 2985.987889418, "tokens_per_second": 34128.89930369511, "loss_main": 2.784891963005066, "loss_total": 2.784891963005066}
{"event": "update", "optimizer_step": 3120, "tokens_seen": 102236160, "lr": 0.0002745176549915258, "grad_norm": 0.6179872751235962, "elapsed_seconds": 2995.2314229109907, "tokens_per_second": 34132.97524123837, "loss_main": 2.60181200504303, "loss_total": 2.60181200504303}
{"event": "update", "optimizer_step": 3130, "tokens_seen": 102563840, "lr": 0.00027407540342761036, "grad_norm": 0.6305364370346069, "elapsed_seconds": 3004.479091086978, "tokens_per_second": 34136.97912036188, "loss_main": 2.7764010429382324, "loss_total": 2.7764010429382324}
{"event": "update", "optimizer_step": 3140, "tokens_seen": 102891520, "lr": 0.0002736297543364448, "grad_norm": 0.5795589685440063, "elapsed_seconds": 3013.7236281629885, "tokens_per_second": 34140.99389820871, "loss_main": 2.570352256298065, "loss_total": 2.570352256298065}
{"event": "update", "optimizer_step": 3150, "tokens_seen": 103219200, "lr": 0.0002731807215992973, "grad_norm": 0.5585422515869141, "elapsed_seconds": 3022.964599031984, "tokens_per_second": 34145.02440189109, "loss_main": 2.65153968334198, "loss_total": 2.65153968334198}
{"event": "update", "optimizer_step": 3160, "tokens_seen": 103546880, "lr": 0.0002727283192028313, "grad_norm": 0.567615270614624, "elapsed_seconds": 3032.2207064329996, "tokens_per_second": 34148.85987036511, "loss_main": 2.9969783425331116, "loss_total": 2.9969783425331116}
{"event": "update", "optimizer_step": 3170, "tokens_seen": 103874560, "lr": 0.0002722725612386699, "grad_norm": 0.6414417624473572, "elapsed_seconds": 3041.4741286659846, "tokens_per_second": 34152.70214564022, "loss_main": 2.7222859859466553, "loss_total": 2.7222859859466553}
{"event": "update", "optimizer_step": 3180, "tokens_seen": 104202240, "lr": 0.00027181346190295684, "grad_norm": 0.5697557330131531, "elapsed_seconds": 3050.724273262982, "tokens_per_second": 34156.557809319085, "loss_main": 2.6657469868659973, "loss_total": 2.6657469868659973}
{"event": "update", "optimizer_step": 3190, "tokens_seen": 104529920, "lr": 0.00027135103549591423, "grad_norm": 0.5980756878852844, "elapsed_seconds": 3059.986377594003, "tokens_per_second": 34160.25664865524, "loss_main": 2.746591866016388, "loss_total": 2.746591866016388}
{"event": "update", "optimizer_step": 3200, "tokens_seen": 104857600, "lr": 0.00027088529642139736, "grad_norm": 0.5662944316864014, "elapsed_seconds": 3069.244549244002, "tokens_per_second": 34163.97693882942, "loss_main": 2.650443732738495, "loss_total": 2.650443732738495}
{"event": "update", "optimizer_step": 3210, "tokens_seen": 105185280, "lr": 0.00027041625918644585, "grad_norm": 0.6860432624816895, "elapsed_seconds": 3078.4930690589827, "tokens_per_second": 34167.78197657352, "loss_main": 2.8643678426742554, "loss_total": 2.8643678426742554}
{"event": "update", "optimizer_step": 3220, "tokens_seen": 105512960, "lr": 0.0002699439384008317, "grad_norm": 0.5808225870132446, "elapsed_seconds": 3087.747536873998, "tokens_per_second": 34171.498394852635, "loss_main": 2.373044490814209, "loss_total": 2.373044490814209}
{"event": "update", "optimizer_step": 3230, "tokens_seen": 105840640, "lr": 0.00026946834877660447, "grad_norm": 0.5881716012954712, "elapsed_seconds": 3097.0155962279823, "tokens_per_second": 34175.04262132514, "loss_main": 2.6814059019088745, "loss_total": 2.6814059019088745}
{"event": "update", "optimizer_step": 3240, "tokens_seen": 106168320, "lr": 0.00026898950512763305, "grad_norm": 0.5498059988021851, "elapsed_seconds": 3106.2636471999867, "tokens_per_second": 34178.78585280456, "loss_main": 2.921258866786957, "loss_total": 2.921258866786957}
{"event": "update", "optimizer_step": 3250, "tokens_seen": 106496000, "lr": 0.00026850742236914375, "grad_norm": 0.5637874603271484, "elapsed_seconds": 3115.505192354991, "tokens_per_second": 34182.57824166884, "loss_main": 2.7042110562324524, "loss_total": 2.7042110562324524}
{"event": "update", "optimizer_step": 3260, "tokens_seen": 106823680, "lr": 0.00026802211551725627, "grad_norm": 0.6633016467094421, "elapsed_seconds": 3124.750264071976, "tokens_per_second": 34186.30961592245, "loss_main": 2.7300522923469543, "loss_total": 2.7300522923469543}
{"event": "update", "optimizer_step": 3270, "tokens_seen": 107151360, "lr": 0.00026753359968851583, "grad_norm": 0.5656958222389221, "elapsed_seconds": 3134.0016010289837, "tokens_per_second": 34189.950625685415, "loss_main": 2.747389018535614, "loss_total": 2.747389018535614}
{"event": "update", "optimizer_step": 3280, "tokens_seen": 107479040, "lr": 0.00026704189009942194, "grad_norm": 0.5723180770874023, "elapsed_seconds": 3143.252826230979, "tokens_per_second": 34193.57141845834, "loss_main": 2.772991120815277, "loss_total": 2.772991120815277}
{"event": "update", "optimizer_step": 3290, "tokens_seen": 107806720, "lr": 0.0002665470020659549, "grad_norm": 0.5864961743354797, "elapsed_seconds": 3152.510529598978, "tokens_per_second": 34197.10068778542, "loss_main": 2.6401113271713257, "loss_total": 2.6401113271713257}
{"event": "update", "optimizer_step": 3300, "tokens_seen": 108134400, "lr": 0.0002660489510030986, "grad_norm": 0.5899494886398315, "elapsed_seconds": 3161.758690540999, "tokens_per_second": 34200.71250962465, "loss_main": 2.8936226963996887, "loss_total": 2.8936226963996887}
{"event": "update", "optimizer_step": 3310, "tokens_seen": 108462080, "lr": 0.0002655477524243602, "grad_norm": 0.5773823261260986, "elapsed_seconds": 3171.0136121269898, "tokens_per_second": 34204.23033985274, "loss_main": 2.7703279852867126, "loss_total": 2.7703279852867126}
{"event": "update", "optimizer_step": 3320, "tokens_seen": 108789760, "lr": 0.00026504342194128716, "grad_norm": 0.5584166646003723, "elapsed_seconds": 3180.2607682489906, "tokens_per_second": 34207.81122294515, "loss_main": 2.66875022649765, "loss_total": 2.66875022649765}
{"event": "update", "optimizer_step": 3330, "tokens_seen": 109117440, "lr": 0.0002645359752629806, "grad_norm": 0.6458091139793396, "elapsed_seconds": 3189.5129189750005, "tokens_per_second": 34211.31776919298, "loss_main": 2.8041083216667175, "loss_total": 2.8041083216667175}
{"event": "update", "optimizer_step": 3340, "tokens_seen": 109445120, "lr": 0.00026402542819560656, "grad_norm": 0.5655863881111145, "elapsed_seconds": 3198.7637641579786, "tokens_per_second": 34214.817995104306, "loss_main": 2.722881019115448, "loss_total": 2.722881019115448}
{"event": "update", "optimizer_step": 3350, "tokens_seen": 109772800, "lr": 0.00026351179664190307, "grad_norm": 0.554976224899292, "elapsed_seconds": 3208.0191073809983, "tokens_per_second": 34218.25005575408, "loss_main": 2.7694278955459595, "loss_total": 2.7694278955459595}
{"event": "evaluation", "tokens_seen": 110002176, "elapsed_seconds": 3214.4964958039927, "parameters": 144630912, "main_loss": 2.712386429309845, "perplexity": 15.065184648732592}
{"event": "update", "optimizer_step": 3360, "tokens_seen": 110100480, "lr": 0.00026299509660068505, "grad_norm": 0.571792483329773, "elapsed_seconds": 3223.169674609002, "tokens_per_second": 34159.07045394876, "loss_main": 2.7351154088974, "loss_total": 2.7351154088974}
{"event": "update", "optimizer_step": 3370, "tokens_seen": 110428160, "lr": 0.00026247534416634616, "grad_norm": 0.5460367798805237, "elapsed_seconds": 3232.4088645500015, "tokens_per_second": 34162.806942856594, "loss_main": 2.787256181240082, "loss_total": 2.787256181240082}
{"event": "update", "optimizer_step": 3380, "tokens_seen": 110755840, "lr": 0.0002619525555283572, "grad_norm": 0.5765953063964844, "elapsed_seconds": 3241.649953669985, "tokens_per_second": 34166.5021155691, "loss_main": 2.603729784488678, "loss_total": 2.603729784488678}
{"event": "update", "optimizer_step": 3390, "tokens_seen": 111083520, "lr": 0.00026142674697076187, "grad_norm": 0.5520559549331665, "elapsed_seconds": 3251.0313009939855, "tokens_per_second": 34168.70208725361, "loss_main": 2.6479451656341553, "loss_total": 2.6479451656341553}
{"event": "update", "optimizer_step": 3400, "tokens_seen": 111411200, "lr": 0.0002608979348716697, "grad_norm": 0.6420056223869324, "elapsed_seconds": 3260.288124906976, "tokens_per_second": 34172.19452135962, "loss_main": 2.8528298139572144, "loss_total": 2.8528298139572144}
{"event": "update", "optimizer_step": 3410, "tokens_seen": 111738880, "lr": 0.00026036613570274585, "grad_norm": 0.6949938535690308, "elapsed_seconds": 3269.543842290994, "tokens_per_second": 34175.67874596957, "loss_main": 2.6671324372291565, "loss_total": 2.6671324372291565}
{"event": "update", "optimizer_step": 3420, "tokens_seen": 112066560, "lr": 0.00025983136602869794, "grad_norm": 0.588001012802124, "elapsed_seconds": 3278.8089707769977, "tokens_per_second": 34179.04519562265, "loss_main": 2.812983214855194, "loss_total": 2.812983214855194}
{"event": "update", "optimizer_step": 3430, "tokens_seen": 112394240, "lr": 0.0002592936425067601, "grad_norm": 0.5972968339920044, "elapsed_seconds": 3288.2603999899875, "tokens_per_second": 34180.4560248155, "loss_main": 2.637183904647827, "loss_total": 2.637183904647827}
{"event": "update", "optimizer_step": 3440, "tokens_seen": 112721920, "lr": 0.00025875298188617437, "grad_norm": 0.5577468872070312, "elapsed_seconds": 3297.508131718001, "tokens_per_second": 34183.970288277014, "loss_main": 2.7159440517425537, "loss_total": 2.7159440517425537}
{"event": "update", "optimizer_step": 3450, "tokens_seen": 113049600, "lr": 0.0002582094010076686, "grad_norm": 0.5717484354972839, "elapsed_seconds": 3306.7643214389973, "tokens_per_second": 34187.37745144306, "loss_main": 2.774031639099121, "loss_total": 2.774031639099121}
{"event": "update", "optimizer_step": 3460, "tokens_seen": 113377280, "lr": 0.00025766291680293205, "grad_norm": 0.6111876368522644, "elapsed_seconds": 3316.1898292739934, "tokens_per_second": 34189.01988033099, "loss_main": 2.9091268181800842, "loss_total": 2.9091268181800842}
{"event": "update", "optimizer_step": 3470, "tokens_seen": 113704960, "lr": 0.0002571135462940883, "grad_norm": 0.5586925745010376, "elapsed_seconds": 3325.440756764001, "tokens_per_second": 34192.447954071125, "loss_main": 2.6126896739006042, "loss_total": 2.6126896739006042}
{"event": "update", "optimizer_step": 3480, "tokens_seen": 114032640, "lr": 0.00025656130659316447, "grad_norm": 0.5937231183052063, "elapsed_seconds": 3334.6828357549966, "tokens_per_second": 34195.94774571183, "loss_main": 2.5574923157691956, "loss_total": 2.5574923157691956}
{"event": "update", "optimizer_step": 3490, "tokens_seen": 114360320, "lr": 0.00025600621490155865, "grad_norm": 0.590608537197113, "elapsed_seconds": 3343.931619337003, "tokens_per_second": 34199.359621676136, "loss_main": 2.8074283599853516, "loss_total": 2.8074283599853516}
{"event": "update", "optimizer_step": 3500, "tokens_seen": 114688000, "lr": 0.0002554482885095039, "grad_norm": 0.5907743573188782, "elapsed_seconds": 3353.370699498977, "tokens_per_second": 34200.81174357949, "loss_main": 2.54179710149765, "loss_total": 2.54179710149765}
{"event": "update", "optimizer_step": 3510, "tokens_seen": 115015680, "lr": 0.00025488754479552984, "grad_norm": 0.6119120121002197, "elapsed_seconds": 3362.6346888249973, "tokens_per_second": 34204.036609219016, "loss_main": 2.8348474502563477, "loss_total": 2.8348474502563477}
{"event": "update", "optimizer_step": 3520, "tokens_seen": 115343360, "lr": 0.00025432400122592106, "grad_norm": 0.6552085280418396, "elapsed_seconds": 3371.8932486359845, "tokens_per_second": 34207.298836242604, "loss_main": 2.7229913473129272, "loss_total": 2.7229913473129272}
{"event": "update", "optimizer_step": 3530, "tokens_seen": 115671040, "lr": 0.0002537576753541733, "grad_norm": 0.5993809103965759, "elapsed_seconds": 3381.323501802981, "tokens_per_second": 34208.80608978176, "loss_main": 2.581023097038269, "loss_total": 2.581023097038269}
{"event": "update", "optimizer_step": 3540, "tokens_seen": 115998720, "lr": 0.00025318858482044685, "grad_norm": 0.5476552844047546, "elapsed_seconds": 3390.588066090975, "tokens_per_second": 34211.97672465575, "loss_main": 2.617556929588318, "loss_total": 2.617556929588318}
{"event": "update", "optimizer_step": 3550, "tokens_seen": 116326400, "lr": 0.00025261674735101657, "grad_norm": 0.748294472694397, "elapsed_seconds": 3399.842098383, "tokens_per_second": 34215.236070912244, "loss_main": 2.6880494952201843, "loss_total": 2.6880494952201843}
{"event": "update", "optimizer_step": 3560, "tokens_seen": 116654080, "lr": 0.00025204218075772027, "grad_norm": 0.5753457546234131, "elapsed_seconds": 3409.0872294169967, "tokens_per_second": 34218.56706786278, "loss_main": 2.768762707710266, "loss_total": 2.768762707710266}
{"event": "update", "optimizer_step": 3570, "tokens_seen": 116981760, "lr": 0.0002514649029374036, "grad_norm": 0.5634976625442505, "elapsed_seconds": 3418.5111281479767, "tokens_per_second": 34220.090447204835, "loss_main": 2.81332790851593, "loss_total": 2.81332790851593}
{"event": "update", "optimizer_step": 3580, "tokens_seen": 117309440, "lr": 0.00025088493187136246, "grad_norm": 0.5608187913894653, "elapsed_seconds": 3427.7528443420015, "tokens_per_second": 34223.42430366182, "loss_main": 2.8122867345809937, "loss_total": 2.8122867345809937}
{"event": "update", "optimizer_step": 3590, "tokens_seen": 117637120, "lr": 0.0002503022856247836, "grad_norm": 0.5395131707191467, "elapsed_seconds": 3437.008444643987, "tokens_per_second": 34226.601969313786, "loss_main": 2.6143357157707214, "loss_total": 2.6143357157707214}
{"event": "update", "optimizer_step": 3600, "tokens_seen": 117964800, "lr": 0.00024971698234618083, "grad_norm": 0.6184238195419312, "elapsed_seconds": 3446.308787196991, "tokens_per_second": 34229.31817318235, "loss_main": 2.7384479641914368, "loss_total": 2.7384479641914368}
{"event": "update", "optimizer_step": 3610, "tokens_seen": 118292480, "lr": 0.00024912904026683084, "grad_norm": 0.5541208982467651, "elapsed_seconds": 3455.727233559999, "tokens_per_second": 34230.84983421513, "loss_main": 2.7192009687423706, "loss_total": 2.7192009687423706}
{"event": "update", "optimizer_step": 3620, "tokens_seen": 118620160, "lr": 0.0002485384777002046, "grad_norm": 0.584594190120697, "elapsed_seconds": 3464.9660229719884, "tokens_per_second": 34234.14810234027, "loss_main": 2.679810643196106, "loss_total": 2.679810643196106}
{"event": "update", "optimizer_step": 3630, "tokens_seen": 118947840, "lr": 0.0002479453130413972, "grad_norm": 0.5793823003768921, "elapsed_seconds": 3474.20311938299, "tokens_per_second": 34237.44551272087, "loss_main": 2.6974074840545654, "loss_total": 2.6974074840545654}
{"event": "update", "optimizer_step": 3640, "tokens_seen": 119275520, "lr": 0.0002473495647665546, "grad_norm": 0.5491642355918884, "elapsed_seconds": 3483.6253671429877, "tokens_per_second": 34238.905573770404, "loss_main": 2.9395583271980286, "loss_total": 2.9395583271980286}
{"event": "update", "optimizer_step": 3650, "tokens_seen": 119603200, "lr": 0.0002467512514322986, "grad_norm": 0.527979850769043, "elapsed_seconds": 3492.868476235977, "tokens_per_second": 34242.11384245653, "loss_main": 2.7100307941436768, "loss_total": 2.7100307941436768}
{"event": "update", "optimizer_step": 3660, "tokens_seen": 119930880, "lr": 0.0002461503916751485, "grad_norm": 0.552036464214325, "elapsed_seconds": 3502.1118724279804, "tokens_per_second": 34245.302368611396, "loss_main": 2.747480273246765, "loss_total": 2.747480273246765}
{"event": "evaluation", "tokens_seen": 120029184, "elapsed_seconds": 3504.876687614975, "parameters": 144630912, "main_loss": 2.674892522394657, "perplexity": 14.510790170798492}
{"event": "update", "optimizer_step": 3670, "tokens_seen": 120258560, "lr": 0.00024554700421094066, "grad_norm": 0.5827862620353699, "elapsed_seconds": 3517.118411244999, "tokens_per_second": 34192.35463199277, "loss_main": 2.828490197658539, "loss_total": 2.828490197658539}
{"event": "update", "optimizer_step": 3680, "tokens_seen": 120586240, "lr": 0.00024494110783424537, "grad_norm": 0.5956051349639893, "elapsed_seconds": 3526.383833692991, "tokens_per_second": 34195.43807110655, "loss_main": 2.4734601974487305, "loss_total": 2.4734601974487305}
{"event": "update", "optimizer_step": 3690, "tokens_seen": 120913920, "lr": 0.0002443327214177818, "grad_norm": 0.5698646306991577, "elapsed_seconds": 3535.6344477819803, "tokens_per_second": 34198.648583666014, "loss_main": 2.6975435614585876, "loss_total": 2.6975435614585876}
{"event": "update", "optimizer_step": 3700, "tokens_seen": 121241600, "lr": 0.0002437218639118299, "grad_norm": 0.5705800652503967, "elapsed_seconds": 3545.0831443339994, "tokens_per_second": 34199.93130309985, "loss_main": 2.6409273743629456, "loss_total": 2.6409273743629456}
{"event": "update", "optimizer_step": 3710, "tokens_seen": 121569280, "lr": 0.00024310855434364018, "grad_norm": 0.5782344341278076, "elapsed_seconds": 3554.338999604981, "tokens_per_second": 34203.06279550456, "loss_main": 2.6982507705688477, "loss_total": 2.6982507705688477}
{"event": "update", "optimizer_step": 3720, "tokens_seen": 121896960, "lr": 0.00024249281181684093, "grad_norm": 0.5699547529220581, "elapsed_seconds": 3563.6030321709986, "tokens_per_second": 34206.09952891936, "loss_main": 2.6959038972854614, "loss_total": 2.6959038972854614}
{"event": "update", "optimizer_step": 3730, "tokens_seen": 122224640, "lr": 0.00024187465551084344, "grad_norm": 0.5829983949661255, "elapsed_seconds": 3572.8689747009776, "tokens_per_second": 34209.102227217634, "loss_main": 2.755325973033905, "loss_total": 2.755325973033905}
{"event": "update", "optimizer_step": 3740, "tokens_seen": 122552320, "lr": 0.00024125410468024423, "grad_norm": 0.5348784327507019, "elapsed_seconds": 3582.2923636109917, "tokens_per_second": 34210.585725746256, "loss_main": 2.6460404992103577, "loss_total": 2.6460404992103577}
{"event": "update", "optimizer_step": 3750, "tokens_seen": 122880000, "lr": 0.00024063117865422568, "grad_norm": 0.6460091471672058, "elapsed_seconds": 3591.5354685389902, "tokens_per_second": 34213.778779689084, "loss_main": 2.7001758813858032, "loss_total": 2.7001758813858032}
{"event": "update", "optimizer_step": 3760, "tokens_seen": 123207680, "lr": 0.00024000589683595362, "grad_norm": 0.621344804763794, "elapsed_seconds": 3600.7848993779917, "tokens_per_second": 34216.895327816776, "loss_main": 2.575207471847534, "loss_total": 2.575207471847534}
{"event": "update", "optimizer_step": 3770, "tokens_seen": 123535360, "lr": 0.00023937827870197323, "grad_norm": 0.5684362649917603, "elapsed_seconds": 3610.210372129979, "tokens_per_second": 34218.327262495695, "loss_main": 2.5527228713035583, "loss_total": 2.5527228713035583}
{"event": "update", "optimizer_step": 3780, "tokens_seen": 123863040, "lr": 0.0002387483438016022, "grad_norm": 0.5966176986694336, "elapsed_seconds": 3619.4681835279916, "tokens_per_second": 34221.33687034304, "loss_main": 2.6884700059890747, "loss_total": 2.6884700059890747}
{"event": "update", "optimizer_step": 3790, "tokens_seen": 124190720, "lr": 0.00023811611175632183, "grad_norm": 0.5766140222549438, "elapsed_seconds": 3628.7301597890037, "tokens_per_second": 34224.29184076371, "loss_main": 2.515146017074585, "loss_total": 2.515146017074585}
{"event": "update", "optimizer_step": 3800, "tokens_seen": 124518400, "lr": 0.00023748160225916582, "grad_norm": 0.5265701413154602, "elapsed_seconds": 3637.998802118993, "tokens_per_second": 34227.169048948796, "loss_main": 2.4306865334510803, "loss_total": 2.4306865334510803}
{"event": "update", "optimizer_step": 3810, "tokens_seen": 124846080, "lr": 0.00023684483507410706, "grad_norm": 0.561106264591217, "elapsed_seconds": 3647.4212728499842, "tokens_per_second": 34228.587997034156, "loss_main": 2.6739196181297302, "loss_total": 2.6739196181297302}
{"event": "update", "optimizer_step": 3820, "tokens_seen": 125173760, "lr": 0.00023620583003544168, "grad_norm": 0.5460197329521179, "elapsed_seconds": 3656.6811475039867, "tokens_per_second": 34231.52168611757, "loss_main": 2.588680386543274, "loss_total": 2.588680386543274}
{"event": "update", "optimizer_step": 3830, "tokens_seen": 125501440, "lr": 0.00023556460704717163, "grad_norm": 0.5920042991638184, "elapsed_seconds": 3665.936959982995, "tokens_per_second": 34234.47848939065, "loss_main": 2.6012097597122192, "loss_total": 2.6012097597122192}
{"event": "update", "optimizer_step": 3840, "tokens_seen": 125829120, "lr": 0.00023492118608238436, "grad_norm": 0.5647357106208801, "elapsed_seconds": 3675.3499617849884, "tokens_per_second": 34235.95611528901, "loss_main": 2.650951862335205, "loss_total": 2.650951862335205}
{"event": "update", "optimizer_step": 3850, "tokens_seen": 126156800, "lr": 0.0002342755871826309, "grad_norm": 0.5642518997192383, "elapsed_seconds": 3684.5997627039906, "tokens_per_second": 34238.9426599263, "loss_main": 2.5977092385292053, "loss_total": 2.5977092385292053}
{"event": "update", "optimizer_step": 3860, "tokens_seen": 126484480, "lr": 0.00023362783045730148, "grad_norm": 0.6443670988082886, "elapsed_seconds": 3693.847477293981, "tokens_per_second": 34241.93358753928, "loss_main": 2.823653280735016, "loss_total": 2.823653280735016}
{"event": "update", "optimizer_step": 3870, "tokens_seen": 126812160, "lr": 0.00023297793608299924, "grad_norm": 0.56402587890625, "elapsed_seconds": 3703.097207213985, "tokens_per_second": 34244.890939659344, "loss_main": 2.747483015060425, "loss_total": 2.747483015060425}
{"event": "update", "optimizer_step": 3880, "tokens_seen": 127139840, "lr": 0.00023232592430291168, "grad_norm": 0.5761460661888123, "elapsed_seconds": 3712.5149998370034, "tokens_per_second": 34246.283181504186, "loss_main": 2.6255176067352295, "loss_total": 2.6255176067352295}
{"event": "update", "optimizer_step": 3890, "tokens_seen": 127467520, "lr": 0.00023167181542618022, "grad_norm": 0.5741191506385803, "elapsed_seconds": 3721.760342390975, "tokens_per_second": 34249.25526454261, "loss_main": 2.430038332939148, "loss_total": 2.430038332939148}
{"event": "update", "optimizer_step": 3900, "tokens_seen": 127795200, "lr": 0.0002310156298272675, "grad_norm": 0.5414741039276123, "elapsed_seconds": 3731.0069869119907, "tokens_per_second": 34252.200665475335, "loss_main": 2.4811810851097107, "loss_total": 2.4811810851097107}
{"event": "update", "optimizer_step": 3910, "tokens_seen": 128122880, "lr": 0.00023035738794532286, "grad_norm": 0.5744977593421936, "elapsed_seconds": 3740.303332196985, "tokens_per_second": 34254.67632453836, "loss_main": 2.7345070242881775, "loss_total": 2.7345070242881775}
{"event": "update", "optimizer_step": 3920, "tokens_seen": 128450560, "lr": 0.00022969711028354546, "grad_norm": 0.6055180430412292, "elapsed_seconds": 3749.6559255329776, "tokens_per_second": 34256.62582140573, "loss_main": 2.525519609451294, "loss_total": 2.525519609451294}
{"event": "update", "optimizer_step": 3930, "tokens_seen": 128778240, "lr": 0.0002290348174085459, "grad_norm": 0.5409734845161438, "elapsed_seconds": 3758.9070580349944, "tokens_per_second": 34259.49032837223, "loss_main": 2.6320008635520935, "loss_total": 2.6320008635520935}
{"event": "update", "optimizer_step": 3940, "tokens_seen": 129105920, "lr": 0.00022837052994970563, "grad_norm": 0.6034486889839172, "elapsed_seconds": 3768.148673153977, "tokens_per_second": 34262.427308086306, "loss_main": 2.678370416164398, "loss_total": 2.678370416164398}
{"event": "update", "optimizer_step": 3950, "tokens_seen": 129433600, "lr": 0.000227704268598534, "grad_norm": 0.589084804058075, "elapsed_seconds": 3777.567369773984, "tokens_per_second": 34263.74365568076, "loss_main": 2.705568492412567, "loss_total": 2.705568492412567}
{"event": "update", "optimizer_step": 3960, "tokens_seen": 129761280, "lr": 0.0002270360541080242, "grad_norm": 0.5652943253517151, "elapsed_seconds": 3786.807744377991, "tokens_per_second": 34266.66700802213, "loss_main": 2.766439974308014, "loss_total": 2.766439974308014}
{"event": "evaluation", "tokens_seen": 130023424, "elapsed_seconds": 3794.208196652995, "parameters": 144630912, "main_loss": 2.6422059535980225, "perplexity": 14.044150205481799}
{"event": "update", "optimizer_step": 3970, "tokens_seen": 130088960, "lr": 0.0002263659072920065, "grad_norm": 0.5789070725440979, "elapsed_seconds": 3801.9434948089765, "tokens_per_second": 34216.43698219564, "loss_main": 2.774360418319702, "loss_total": 2.774360418319702}
{"event": "update", "optimizer_step": 3980, "tokens_seen": 130416640, "lr": 0.00022569384902450015, "grad_norm": 0.5880846381187439, "elapsed_seconds": 3811.3725872299983, "tokens_per_second": 34217.761978181006, "loss_main": 2.5850635766983032, "loss_total": 2.5850635766983032}
{"event": "update", "optimizer_step": 3990, "tokens_seen": 130744320, "lr": 0.00022501990023906314, "grad_norm": 0.5487483739852905, "elapsed_seconds": 3820.6306812409894, "tokens_per_second": 34220.611963868905, "loss_main": 2.578787624835968, "loss_total": 2.578787624835968}
{"event": "update", "optimizer_step": 4000, "tokens_seen": 131072000, "lr": 0.00022434408192814005, "grad_norm": 0.573406994342804, "elapsed_seconds": 3829.8893281569763, "tokens_per_second": 34223.44323016629, "loss_main": 2.441047191619873, "loss_total": 2.441047191619873}
{"event": "update", "optimizer_step": 4010, "tokens_seen": 131399680, "lr": 0.0002236664151424082, "grad_norm": 0.6085420846939087, "elapsed_seconds": 3839.204312863003, "tokens_per_second": 34225.758592673476, "loss_main": 2.603418290615082, "loss_total": 2.603418290615082}
{"event": "update", "optimizer_step": 4020, "tokens_seen": 131727360, "lr": 0.00022298692099012213, "grad_norm": 0.5551978945732117, "elapsed_seconds": 3848.5439491759753, "tokens_per_second": 34227.843501229756, "loss_main": 2.612595021724701, "loss_total": 2.612595021724701}
{"event": "update", "optimizer_step": 4030, "tokens_seen": 132055040, "lr": 0.00022230562063645586, "grad_norm": 0.548056960105896, "elapsed_seconds": 3857.7989157269767, "tokens_per_second": 34230.66958250599, "loss_main": 2.6030845642089844, "loss_total": 2.6030845642089844}
{"event": "update", "optimizer_step": 4040, "tokens_seen": 132382720, "lr": 0.00022162253530284379, "grad_norm": 0.5730790495872498, "elapsed_seconds": 3867.0537028749823, "tokens_per_second": 34233.483724722864, "loss_main": 2.8423068523406982, "loss_total": 2.8423068523406982}
{"event": "update", "optimizer_step": 4050, "tokens_seen": 132710400, "lr": 0.0002209376862663196, "grad_norm": 0.5970706343650818, "elapsed_seconds": 3876.4800739689963, "tokens_per_second": 34234.769034714096, "loss_main": 2.6322787404060364, "loss_total": 2.6322787404060364}
{"event": "update", "optimizer_step": 4060, "tokens_seen": 133038080, "lr": 0.00022025109485885358, "grad_norm": 0.5826812982559204, "elapsed_seconds": 3885.729998499999, "tokens_per_second": 34237.60272879393, "loss_main": 2.5641960501670837, "loss_total": 2.5641960501670837}
{"event": "update", "optimizer_step": 4070, "tokens_seen": 133365760, "lr": 0.00021956278246668815, "grad_norm": 0.56199049949646, "elapsed_seconds": 3894.972296130989, "tokens_per_second": 34240.49001130941, "loss_main": 2.7162776589393616, "loss_total": 2.7162776589393616}
{"event": "update", "optimizer_step": 4080, "tokens_seen": 133693440, "lr": 0.0002188727705296716, "grad_norm": 0.5589417219161987, "elapsed_seconds": 3904.1937878229946, "tokens_per_second": 34243.54611110336, "loss_main": 2.6571602821350098, "loss_total": 2.6571602821350098}
{"event": "update", "optimizer_step": 4090, "tokens_seen": 134021120, "lr": 0.00021818108054059052, "grad_norm": 0.547643780708313, "elapsed_seconds": 3913.5905238099804, "tokens_per_second": 34245.054301063414, "loss_main": 2.4459691047668457, "loss_total": 2.4459691047668457}
{"event": "update", "optimizer_step": 4100, "tokens_seen": 134348800, "lr": 0.0002174877340445, "grad_norm": 0.6300448179244995, "elapsed_seconds": 3922.833815019985, "tokens_per_second": 34247.89484723954, "loss_main": 2.558502972126007, "loss_total": 2.558502972126007}
{"event": "update", "optimizer_step": 4110, "tokens_seen": 134676480, "lr": 0.00021679275263805292, "grad_norm": 0.5668229460716248, "elapsed_seconds": 3932.0670840069943, "tokens_per_second": 34250.80933836897, "loss_main": 2.6619556546211243, "loss_total": 2.6619556546211243}
{"event": "update", "optimizer_step": 4120, "tokens_seen": 135004160, "lr": 0.00021609615796882686, "grad_norm": 0.5735965967178345, "elapsed_seconds": 3941.4802715760015, "tokens_per_second": 34252.14657893456, "loss_main": 2.523173451423645, "loss_total": 2.523173451423645}
{"event": "update", "optimizer_step": 4130, "tokens_seen": 135331840, "lr": 0.00021539797173465014, "grad_norm": 0.5970937013626099, "elapsed_seconds": 3950.7196934189997, "tokens_per_second": 34254.9840287156, "loss_main": 2.6079551577568054, "loss_total": 2.6079551577568054}
{"event": "update", "optimizer_step": 4140, "tokens_seen": 135659520, "lr": 0.00021469821568292574, "grad_norm": 0.5838627219200134, "elapsed_seconds": 3959.9765726490004, "tokens_per_second": 34257.65721367676, "loss_main": 2.5903117060661316, "loss_total": 2.5903117060661316}
{"event": "update", "optimizer_step": 4150, "tokens_seen": 135987200, "lr": 0.000213996911609954, "grad_norm": 0.5768256783485413, "elapsed_seconds": 3969.2138273189776, "tokens_per_second": 34260.487319689986, "loss_main": 2.651847004890442, "loss_total": 2.651847004890442}
{"event": "update", "optimizer_step": 4160, "tokens_seen": 136314880, "lr": 0.0002132940813602537, "grad_norm": 0.6451359391212463, "elapsed_seconds": 3978.623049439979, "tokens_per_second": 34261.82332583313, "loss_main": 2.8067403435707092, "loss_total": 2.8067403435707092}
{"event": "update", "optimizer_step": 4170, "tokens_seen": 136642560, "lr": 0.00021258974682588163, "grad_norm": 0.589483916759491, "elapsed_seconds": 3987.8701713919872, "tokens_per_second": 34264.54576687089, "loss_main": 2.6931521892547607, "loss_total": 2.6931521892547607}
{"event": "update", "optimizer_step": 4180, "tokens_seen": 136970240, "lr": 0.00021188392994575073, "grad_norm": 0.5680516362190247, "elapsed_seconds": 3997.109770725976, "tokens_per_second": 34267.32010292596, "loss_main": 2.4828709959983826, "loss_total": 2.4828709959983826}
{"event": "update", "optimizer_step": 4190, "tokens_seen": 137297920, "lr": 0.00021117665270494653, "grad_norm": 0.9352496862411499, "elapsed_seconds": 4006.5279104939837, "tokens_per_second": 34268.55448588948, "loss_main": 2.489453375339508, "loss_total": 2.489453375339508}
{"event": "update", "optimizer_step": 4200, "tokens_seen": 137625600, "lr": 0.00021046793713404266, "grad_norm": 0.5849851965904236, "elapsed_seconds": 4015.7779938309977, "tokens_per_second": 34271.21723646556, "loss_main": 2.7402541041374207, "loss_total": 2.7402541041374207}
{"event": "update", "optimizer_step": 4210, "tokens_seen": 137953280, "lr": 0.00020975780530841436, "grad_norm": 0.5963097214698792, "elapsed_seconds": 4025.026446696982, "tokens_per_second": 34273.88163205915, "loss_main": 2.6635811924934387, "loss_total": 2.6635811924934387}
{"event": "update", "optimizer_step": 4220, "tokens_seen": 138280960, "lr": 0.0002090462793475511, "grad_norm": 0.5896413922309875, "elapsed_seconds": 4034.2781164530024, "tokens_per_second": 34276.50647982065, "loss_main": 2.6361098885536194, "loss_total": 2.6361098885536194}
{"event": "update", "optimizer_step": 4230, "tokens_seen": 138608640, "lr": 0.00020833338141436724, "grad_norm": 0.6247424483299255, "elapsed_seconds": 4043.7060603629798, "tokens_per_second": 34277.62501302033, "loss_main": 2.5793614983558655, "loss_total": 2.5793614983558655}
{"event": "update", "optimizer_step": 4240, "tokens_seen": 138936320, "lr": 0.0002076191337145122, "grad_norm": 0.5650894045829773, "elapsed_seconds": 4052.9652441259823, "tokens_per_second": 34280.16566422875, "loss_main": 2.5364310145378113, "loss_total": 2.5364310145378113}
{"event": "update", "optimizer_step": 4250, "tokens_seen": 139264000, "lr": 0.00020690355849567837, "grad_norm": 0.6281090974807739, "elapsed_seconds": 4062.2168583890016, "tokens_per_second": 34282.75861550865, "loss_main": 2.6694794297218323, "loss_total": 2.6694794297218323}
{"event": "update", "optimizer_step": 4260, "tokens_seen": 139591680, "lr": 0.00020618667804690817, "grad_norm": 0.5590851902961731, "elapsed_seconds": 4071.6474561590003, "tokens_per_second": 34283.832650797376, "loss_main": 2.5371023416519165, "loss_total": 2.5371023416519165}
{"event": "update", "optimizer_step": 4270, "tokens_seen": 139919360, "lr": 0.00020546851469790012, "grad_norm": 0.5985444188117981, "elapsed_seconds": 4080.8949826599855, "tokens_per_second": 34286.43976248528, "loss_main": 2.668520510196686, "loss_total": 2.668520510196686}
{"event": "evaluation", "tokens_seen": 140017664, "elapsed_seconds": 4083.6651277499914, "parameters": 144630912, "main_loss": 2.6012028232216835, "perplexity": 13.4799422752254}
{"event": "update", "optimizer_step": 4280, "tokens_seen": 140247040, "lr": 0.0002047490908183128, "grad_norm": 0.6521525979042053, "elapsed_seconds": 4096.11407417999, "tokens_per_second": 34239.04643770849, "loss_main": 2.662825345993042, "loss_total": 2.662825345993042}
{"event": "update", "optimizer_step": 4290, "tokens_seen": 140574720, "lr": 0.0002040284288170686, "grad_norm": 0.5949957966804504, "elapsed_seconds": 4105.4573250029935, "tokens_per_second": 34240.94050226122, "loss_main": 2.834146797657013, "loss_total": 2.834146797657013}
{"event": "update", "optimizer_step": 4300, "tokens_seen": 140902400, "lr": 0.0002033065511416552, "grad_norm": 0.5679156184196472, "elapsed_seconds": 4114.7097949119925, "tokens_per_second": 34243.58144874071, "loss_main": 2.6351802945137024, "loss_total": 2.6351802945137024}
{"event": "update", "optimizer_step": 4310, "tokens_seen": 141230080, "lr": 0.00020258348027742685, "grad_norm": 0.6513616442680359, "elapsed_seconds": 4123.980502990977, "tokens_per_second": 34246.059092076415, "loss_main": 2.7240289449691772, "loss_total": 2.7240289449691772}
{"event": "update", "optimizer_step": 4320, "tokens_seen": 141557760, "lr": 0.0002018592387469035, "grad_norm": 0.5657283067703247, "elapsed_seconds": 4133.2270591769775, "tokens_per_second": 34248.725747040735, "loss_main": 2.6059484481811523, "loss_total": 2.6059484481811523}
{"event": "update", "optimizer_step": 4330, "tokens_seen": 141885440, "lr": 0.00020113384910906977, "grad_norm": 0.5869439840316772, "elapsed_seconds": 4142.670936787996, "tokens_per_second": 34249.749054413274, "loss_main": 2.6541752219200134, "loss_total": 2.6541752219200134}
{"event": "update", "optimizer_step": 4340, "tokens_seen": 142213120, "lr": 0.00020040733395867183, "grad_norm": 0.5998668670654297, "elapsed_seconds": 4151.923046545999, "tokens_per_second": 34252.34967163172, "loss_main": 2.552315592765808, "loss_total": 2.552315592765808}
{"event": "update", "optimizer_step": 4350, "tokens_seen": 142540800, "lr": 0.0001996797159255139, "grad_norm": 0.5495768785476685, "elapsed_seconds": 4161.180627205002, "tokens_per_second": 34254.89368764614, "loss_main": 2.627903640270233, "loss_total": 2.627903640270233}
{"event": "update", "optimizer_step": 4360, "tokens_seen": 142868480, "lr": 0.00019895101767375322, "grad_norm": 0.5629164576530457, "elapsed_seconds": 4170.616591755999, "tokens_per_second": 34255.961164688735, "loss_main": 2.566583275794983, "loss_total": 2.566583275794983}
{"event": "update", "optimizer_step": 4370, "tokens_seen": 143196160, "lr": 0.00019822126190119423, "grad_norm": 0.5435123443603516, "elapsed_seconds": 4179.878524633998, "tokens_per_second": 34258.45013343747, "loss_main": 2.414734363555908, "loss_total": 2.414734363555908}
{"event": "update", "optimizer_step": 4380, "tokens_seen": 143523840, "lr": 0.0001974904713385812, "grad_norm": 0.597491443157196, "elapsed_seconds": 4189.1332286059915, "tokens_per_second": 34260.987218055154, "loss_main": 2.5394400358200073, "loss_total": 2.5394400358200073}
{"event": "update", "optimizer_step": 4390, "tokens_seen": 143851520, "lr": 0.0001967586687488909, "grad_norm": 0.6140912771224976, "elapsed_seconds": 4198.3832424999855, "tokens_per_second": 34263.551393736416, "loss_main": 2.628555417060852, "loss_total": 2.628555417060852}
{"event": "update", "optimizer_step": 4400, "tokens_seen": 144179200, "lr": 0.0001960258769266228, "grad_norm": 0.599921464920044, "elapsed_seconds": 4207.800523938, "tokens_per_second": 34264.74215680392, "loss_main": 2.6307457089424133, "loss_total": 2.6307457089424133}
{"event": "update", "optimizer_step": 4410, "tokens_seen": 144506880, "lr": 0.00019529211869708958, "grad_norm": 0.5721800327301025, "elapsed_seconds": 4217.075845185987, "tokens_per_second": 34267.08110193516, "loss_main": 2.621482729911804, "loss_total": 2.621482729911804}
{"event": "update", "optimizer_step": 4420, "tokens_seen": 144834560, "lr": 0.00019455741691570594, "grad_norm": 0.5593554973602295, "elapsed_seconds": 4226.32854221898, "tokens_per_second": 34269.59323042985, "loss_main": 2.5654574632644653, "loss_total": 2.5654574632644653}
{"event": "update", "optimizer_step": 4430, "tokens_seen": 145162240, "lr": 0.00019382179446727674, "grad_norm": 0.6074889898300171, "elapsed_seconds": 4235.769890089985, "tokens_per_second": 34270.56798803491, "loss_main": 2.524524509906769, "loss_total": 2.524524509906769}
{"event": "update", "optimizer_step": 4440, "tokens_seen": 145489920, "lr": 0.00019308527426528427, "grad_norm": 0.6107883453369141, "elapsed_seconds": 4245.029216818977, "tokens_per_second": 34273.00792738082, "loss_main": 2.572333574295044, "loss_total": 2.572333574295044}
{"event": "update", "optimizer_step": 4450, "tokens_seen": 145817600, "lr": 0.00019234787925117417, "grad_norm": 0.5673285126686096, "elapsed_seconds": 4254.279948392999, "tokens_per_second": 34275.5064943671, "loss_main": 2.5471639037132263, "loss_total": 2.5471639037132263}
{"event": "update", "optimizer_step": 4460, "tokens_seen": 146145280, "lr": 0.00019160963239364142, "grad_norm": 0.6065539717674255, "elapsed_seconds": 4263.515385304985, "tokens_per_second": 34278.11718557823, "loss_main": 2.654703974723816, "loss_total": 2.654703974723816}
{"event": "update", "optimizer_step": 4470, "tokens_seen": 146472960, "lr": 0.00019087055668791435, "grad_norm": 0.5617855191230774, "elapsed_seconds": 4272.9439757849905, "tokens_per_second": 34279.16697014292, "loss_main": 2.4141684770584106, "loss_total": 2.4141684770584106}
{"event": "update", "optimizer_step": 4480, "tokens_seen": 146800640, "lr": 0.00019013067515503873, "grad_norm": 0.6075219511985779, "elapsed_seconds": 4282.182426681975, "tokens_per_second": 34281.73425898337, "loss_main": 2.605916976928711, "loss_total": 2.605916976928711}
{"event": "update", "optimizer_step": 4490, "tokens_seen": 147128320, "lr": 0.00018939001084116044, "grad_norm": 0.5969338417053223, "elapsed_seconds": 4291.428633484, "tokens_per_second": 34284.228532201814, "loss_main": 2.4207751750946045, "loss_total": 2.4207751750946045}
{"event": "update", "optimizer_step": 4500, "tokens_seen": 147456000, "lr": 0.00018864858681680798, "grad_norm": 0.5673215389251709, "elapsed_seconds": 4300.673068938981, "tokens_per_second": 34286.7262022265, "loss_main": 2.658517062664032, "loss_total": 2.658517062664032}
{"event": "update", "optimizer_step": 4510, "tokens_seen": 147783680, "lr": 0.00018790642617617343, "grad_norm": 0.5667694211006165, "elapsed_seconds": 4310.092383772979, "tokens_per_second": 34287.82189365342, "loss_main": 2.5440950989723206, "loss_total": 2.5440950989723206}
{"event": "update", "optimizer_step": 4520, "tokens_seen": 148111360, "lr": 0.00018716355203639341, "grad_norm": 0.5679959058761597, "elapsed_seconds": 4319.34350227, "tokens_per_second": 34290.24802546062, "loss_main": 2.583028256893158, "loss_total": 2.583028256893158}
{"event": "update", "optimizer_step": 4530, "tokens_seen": 148439040, "lr": 0.00018641998753682887, "grad_norm": 0.5680434703826904, "elapsed_seconds": 4328.605258946976, "tokens_per_second": 34292.57950772598, "loss_main": 2.4992014169692993, "loss_total": 2.4992014169692993}
{"event": "update", "optimizer_step": 4540, "tokens_seen": 148766720, "lr": 0.00018567575583834447, "grad_norm": 0.6227715611457825, "elapsed_seconds": 4338.026996034983, "tokens_per_second": 34293.636285798784, "loss_main": 2.7111582159996033, "loss_total": 2.7111582159996033}
{"event": "update", "optimizer_step": 4550, "tokens_seen": 149094400, "lr": 0.00018493088012258693, "grad_norm": 0.5608961582183838, "elapsed_seconds": 4347.285265343002, "tokens_per_second": 34295.97804142177, "loss_main": 2.5253121852874756, "loss_total": 2.5253121852874756}
{"event": "update", "optimizer_step": 4560, "tokens_seen": 149422080, "lr": 0.00018418538359126326, "grad_norm": 0.5994702577590942, "elapsed_seconds": 4356.548735434975, "tokens_per_second": 34298.26889910394, "loss_main": 2.6991822123527527, "loss_total": 2.6991822123527527}
{"event": "update", "optimizer_step": 4570, "tokens_seen": 149749760, "lr": 0.00018343928946541768, "grad_norm": 0.6023722290992737, "elapsed_seconds": 4365.812372441986, "tokens_per_second": 34300.548723819426, "loss_main": 2.6408965587615967, "loss_total": 2.6408965587615967}
{"event": "evaluation", "tokens_seen": 150011904, "elapsed_seconds": 4373.394542425987, "parameters": 144630912, "main_loss": 2.5664507895708084, "perplexity": 13.019533277696212}
{"event": "update", "optimizer_step": 4580, "tokens_seen": 150077440, "lr": 0.0001826926209847088, "grad_norm": 0.5899592638015747, "elapsed_seconds": 4381.180890124, "tokens_per_second": 34255.02022486736, "loss_main": 2.6667028069496155, "loss_total": 2.6667028069496155}
{"event": "update", "optimizer_step": 4590, "tokens_seen": 150405120, "lr": 0.00018194540140668524, "grad_norm": 0.5777979493141174, "elapsed_seconds": 4390.447568853997, "tokens_per_second": 34257.35477790002, "loss_main": 2.629834294319153, "loss_total": 2.629834294319153}
{"event": "update", "optimizer_step": 4600, "tokens_seen": 150732800, "lr": 0.0001811976540060616, "grad_norm": 0.585978090763092, "elapsed_seconds": 4399.69726008299, "tokens_per_second": 34259.81177558493, "loss_main": 2.5394442081451416, "loss_total": 2.5394442081451416}
{"event": "update", "optimizer_step": 4610, "tokens_seen": 151060480, "lr": 0.00018044940207399322, "grad_norm": 0.5832145810127258, "elapsed_seconds": 4409.072346946981, "tokens_per_second": 34261.28403281936, "loss_main": 2.4332467317581177, "loss_total": 2.4332467317581177}
{"event": "update", "optimizer_step": 4620, "tokens_seen": 151388160, "lr": 0.0001797006689173509, "grad_norm": 0.5607349276542664, "elapsed_seconds": 4418.319576263981, "tokens_per_second": 34263.74153949498, "loss_main": 2.68076092004776, "loss_total": 2.68076092004776}
{"event": "update", "optimizer_step": 4630, "tokens_seen": 151715840, "lr": 0.0001789514778579947, "grad_norm": 0.6023763418197632, "elapsed_seconds": 4427.581143617979, "tokens_per_second": 34266.077815126395, "loss_main": 2.6998579502105713, "loss_total": 2.6998579502105713}
{"event": "update", "optimizer_step": 4640, "tokens_seen": 152043520, "lr": 0.0001782018522320478, "grad_norm": 0.574202299118042, "elapsed_seconds": 4437.031219114986, "tokens_per_second": 34266.94843727665, "loss_main": 2.454550802707672, "loss_total": 2.454550802707672}
{"event": "update", "optimizer_step": 4650, "tokens_seen": 152371200, "lr": 0.0001774518153891693, "grad_norm": 0.5814916491508484, "elapsed_seconds": 4446.267560634995, "tokens_per_second": 34269.46262726462, "loss_main": 2.6283501386642456, "loss_total": 2.6283501386642456}
{"event": "update", "optimizer_step": 4660, "tokens_seen": 152698880, "lr": 0.00017670139069182706, "grad_norm": 0.5935196876525879, "elapsed_seconds": 4455.541327491985, "tokens_per_second": 34271.67851811935, "loss_main": 2.6671029329299927, "loss_total": 2.6671029329299927}
{"event": "update", "optimizer_step": 4670, "tokens_seen": 153026560, "lr": 0.00017595060151457014, "grad_norm": 0.5823298096656799, "elapsed_seconds": 4464.826222815987, "tokens_per_second": 34273.79977702366, "loss_main": 2.557742476463318, "loss_total": 2.557742476463318}
{"event": "update", "optimizer_step": 4680, "tokens_seen": 153354240, "lr": 0.0001751994712433004, "grad_norm": 0.5923883318901062, "elapsed_seconds": 4474.307128252985, "tokens_per_second": 34274.410675039624, "loss_main": 2.4524778723716736, "loss_total": 2.4524778723716736}
{"event": "update", "optimizer_step": 4690, "tokens_seen": 153681920, "lr": 0.00017444802327454433, "grad_norm": 0.5624998807907104, "elapsed_seconds": 4483.754764047975, "tokens_per_second": 34275.27331161496, "loss_main": 2.7026453614234924, "loss_total": 2.7026453614234924}
{"event": "update", "optimizer_step": 4700, "tokens_seen": 154009600, "lr": 0.00017369628101472425, "grad_norm": 0.6078473925590515, "elapsed_seconds": 4493.257442462986, "tokens_per_second": 34275.71243627194, "loss_main": 2.6796592473983765, "loss_total": 2.6796592473983765}
{"event": "update", "optimizer_step": 4710, "tokens_seen": 154337280, "lr": 0.00017294426787942913, "grad_norm": 0.5803679823875427, "elapsed_seconds": 4502.888823866, "tokens_per_second": 34275.170015743846, "loss_main": 2.518751323223114, "loss_total": 2.518751323223114}
{"event": "update", "optimizer_step": 4720, "tokens_seen": 154664960, "lr": 0.00017219200729268522, "grad_norm": 0.5786094665527344, "elapsed_seconds": 4512.177707092982, "tokens_per_second": 34277.231536531064, "loss_main": 2.6034842133522034, "loss_total": 2.6034842133522034}
{"event": "update", "optimizer_step": 4730, "tokens_seen": 154992640, "lr": 0.00017143952268622656, "grad_norm": 0.5889648199081421, "elapsed_seconds": 4521.430109655979, "tokens_per_second": 34279.56116561379, "loss_main": 2.6105949878692627, "loss_total": 2.6105949878692627}
{"event": "update", "optimizer_step": 4740, "tokens_seen": 155320320, "lr": 0.00017068683749876508, "grad_norm": 0.5887858867645264, "elapsed_seconds": 4530.681275258976, "tokens_per_second": 34281.89063931049, "loss_main": 2.496242582798004, "loss_total": 2.496242582798004}
{"event": "update", "optimizer_step": 4750, "tokens_seen": 155648000, "lr": 0.00016993397517526044, "grad_norm": 0.5798515677452087, "elapsed_seconds": 4540.124937402987, "tokens_per_second": 34282.75700470762, "loss_main": 2.5344823598861694, "loss_total": 2.5344823598861694}
{"event": "update", "optimizer_step": 4760, "tokens_seen": 155975680, "lr": 0.0001691809591661898, "grad_norm": 0.5658064484596252, "elapsed_seconds": 4549.383927808987, "tokens_per_second": 34285.01143782756, "loss_main": 2.5559364557266235, "loss_total": 2.5559364557266235}
{"event": "update", "optimizer_step": 4770, "tokens_seen": 156303360, "lr": 0.00016842781292681743, "grad_norm": 0.6137534379959106, "elapsed_seconds": 4558.6363002109865, "tokens_per_second": 34287.306489610906, "loss_main": 2.5895712971687317, "loss_total": 2.5895712971687317}
{"event": "update", "optimizer_step": 4780, "tokens_seen": 156631040, "lr": 0.0001676745599164641, "grad_norm": 0.5952725410461426, "elapsed_seconds": 4568.06141850198, "tokens_per_second": 34288.29554821628, "loss_main": 2.501726448535919, "loss_total": 2.501726448535919}
{"event": "update", "optimizer_step": 4790, "tokens_seen": 156958720, "lr": 0.00016692122359777622, "grad_norm": 0.5851683020591736, "elapsed_seconds": 4577.307867017982, "tokens_per_second": 34290.61897517836, "loss_main": 2.5520009994506836, "loss_total": 2.5520009994506836}
{"event": "update", "optimizer_step": 4800, "tokens_seen": 157286400, "lr": 0.0001661678274359952, "grad_norm": 0.5579662919044495, "elapsed_seconds": 4586.557157000003, "tokens_per_second": 34292.91178895471, "loss_main": 2.5644002556800842, "loss_total": 2.5644002556800842}
{"event": "update", "optimizer_step": 4810, "tokens_seen": 157614080, "lr": 0.00016541439489822644, "grad_norm": 0.6691962480545044, "elapsed_seconds": 4595.805170913984, "tokens_per_second": 34295.2048963065, "loss_main": 2.7747694849967957, "loss_total": 2.7747694849967957}
{"event": "update", "optimizer_step": 4820, "tokens_seen": 157941760, "lr": 0.00016466094945270842, "grad_norm": 0.6120232939720154, "elapsed_seconds": 4605.219445260998, "tokens_per_second": 34296.2505646783, "loss_main": 2.5437318682670593, "loss_total": 2.5437318682670593}
{"event": "update", "optimizer_step": 4830, "tokens_seen": 158269440, "lr": 0.00016390751456808167, "grad_norm": 0.6145714521408081, "elapsed_seconds": 4614.468281506997, "tokens_per_second": 34298.521594412654, "loss_main": 2.5343388319015503, "loss_total": 2.5343388319015503}
{"event": "update", "optimizer_step": 4840, "tokens_seen": 158597120, "lr": 0.00016315411371265766, "grad_norm": 0.5886633992195129, "elapsed_seconds": 4623.717897714989, "tokens_per_second": 34300.77775254793, "loss_main": 2.5984018445014954, "loss_total": 2.5984018445014954}
{"event": "update", "optimizer_step": 4850, "tokens_seen": 158924800, "lr": 0.00016240077035368814, "grad_norm": 0.6002640128135681, "elapsed_seconds": 4633.148039430991, "tokens_per_second": 34301.688322378315, "loss_main": 2.4090631008148193, "loss_total": 2.4090631008148193}
{"event": "update", "optimizer_step": 4860, "tokens_seen": 159252480, "lr": 0.00016164750795663368, "grad_norm": 0.6436502933502197, "elapsed_seconds": 4642.391441396001, "tokens_per_second": 34303.975011661576, "loss_main": 2.5680094361305237, "loss_total": 2.5680094361305237}
{"event": "update", "optimizer_step": 4870, "tokens_seen": 159580160, "lr": 0.00016089434998443322, "grad_norm": 0.5914878845214844, "elapsed_seconds": 4651.650345717993, "tokens_per_second": 34306.13828206136, "loss_main": 2.556617021560669, "loss_total": 2.556617021560669}
{"event": "update", "optimizer_step": 4880, "tokens_seen": 159907840, "lr": 0.0001601413198967729, "grad_norm": 0.6264418363571167, "elapsed_seconds": 4660.895211253985, "tokens_per_second": 34308.3962956073, "loss_main": 2.5305463671684265, "loss_total": 2.5305463671684265}
{"event": "evaluation", "tokens_seen": 160006144, "elapsed_seconds": 4663.667734819988, "parameters": 144630912, "main_loss": 2.532773606479168, "perplexity": 12.588372953687744}
{"event": "update", "optimizer_step": 4890, "tokens_seen": 160235520, "lr": 0.00015938844114935546, "grad_norm": 0.6036387085914612, "elapsed_seconds": 4676.097697105986, "tokens_per_second": 34266.93161247871, "loss_main": 2.402363896369934, "loss_total": 2.402363896369934}
{"event": "update", "optimizer_step": 4900, "tokens_seen": 160563200, "lr": 0.0001586357371931697, "grad_norm": 0.5749972462654114, "elapsed_seconds": 4685.359029660991, "tokens_per_second": 34269.13476289512, "loss_main": 2.3707590103149414, "loss_total": 2.3707590103149414}
{"event": "update", "optimizer_step": 4910, "tokens_seen": 160890880, "lr": 0.0001578832314737599, "grad_norm": 0.5911825299263, "elapsed_seconds": 4694.617866201996, "tokens_per_second": 34271.34744199377, "loss_main": 2.5789337158203125, "loss_total": 2.5789337158203125}
{"event": "update", "optimizer_step": 4920, "tokens_seen": 161218560, "lr": 0.00015713094743049564, "grad_norm": 0.5932033658027649, "elapsed_seconds": 4704.077057547984, "tokens_per_second": 34272.091640445135, "loss_main": 2.5869810581207275, "loss_total": 2.5869810581207275}
{"event": "update", "optimizer_step": 4930, "tokens_seen": 161546240, "lr": 0.00015637890849584153, "grad_norm": 0.5715715885162354, "elapsed_seconds": 4713.323361025978, "tokens_per_second": 34274.38086166769, "loss_main": 2.567536234855652, "loss_total": 2.567536234855652}
{"event": "update", "optimizer_step": 4940, "tokens_seen": 161873920, "lr": 0.00015562713809462754, "grad_norm": 0.6646184325218201, "elapsed_seconds": 4722.567902420997, "tokens_per_second": 34276.67390806944, "loss_main": 2.6405524611473083, "loss_total": 2.6405524611473083}
{"event": "update", "optimizer_step": 4950, "tokens_seen": 162201600, "lr": 0.0001548756596433191, "grad_norm": 0.6228340864181519, "elapsed_seconds": 4731.819096933992, "tokens_per_second": 34278.909797100954, "loss_main": 2.543039858341217, "loss_total": 2.543039858341217}
{"event": "update", "optimizer_step": 4960, "tokens_seen": 162529280, "lr": 0.00015412449654928807, "grad_norm": 1.2478837966918945, "elapsed_seconds": 4741.234061985975, "tokens_per_second": 34279.952829816815, "loss_main": 2.681879997253418, "loss_total": 2.681879997253418}
{"event": "update", "optimizer_step": 4970, "tokens_seen": 162856960, "lr": 0.00015337367221008322, "grad_norm": 0.6032958626747131, "elapsed_seconds": 4750.485413530987, "tokens_per_second": 34282.172414660694, "loss_main": 2.6131821870803833, "loss_total": 2.6131821870803833}
{"event": "update", "optimizer_step": 4980, "tokens_seen": 163184640, "lr": 0.00015262321001270181, "grad_norm": 0.628259003162384, "elapsed_seconds": 4759.7278372229775, "tokens_per_second": 34284.44767867414, "loss_main": 2.741381824016571, "loss_total": 2.741381824016571}
{"event": "update", "optimizer_step": 4990, "tokens_seen": 163512320, "lr": 0.0001518731333328608, "grad_norm": 0.604732096195221, "elapsed_seconds": 4769.142074688978, "tokens_per_second": 34285.4789056926, "loss_main": 2.371681034564972, "loss_total": 2.371681034564972}
{"event": "update", "optimizer_step": 5000, "tokens_seen": 163840000, "lr": 0.00015112346553426904, "grad_norm": 0.6132066249847412, "elapsed_seconds": 4778.401156371983, "tokens_per_second": 34287.61936019538, "loss_main": 2.3560396432876587, "loss_total": 2.3560396432876587}
{"event": "update", "optimizer_step": 5010, "tokens_seen": 164167680, "lr": 0.0001503742299678992, "grad_norm": 0.5860714912414551, "elapsed_seconds": 4787.644307201001, "tokens_per_second": 34289.86563456242, "loss_main": 2.5224575996398926, "loss_total": 2.5224575996398926}
{"event": "update", "optimizer_step": 5020, "tokens_seen": 164495360, "lr": 0.00014962544997126074, "grad_norm": 0.5866560339927673, "elapsed_seconds": 4796.886309659982, "tokens_per_second": 34292.11146170774, "loss_main": 2.530115246772766, "loss_total": 2.530115246772766}
{"event": "update", "optimizer_step": 5030, "tokens_seen": 164823040, "lr": 0.0001488771488676728, "grad_norm": 0.6001015305519104, "elapsed_seconds": 4806.329308689979, "tokens_per_second": 34292.914491313626, "loss_main": 2.4648013710975647, "loss_total": 2.4648013710975647}
{"event": "update", "optimizer_step": 5040, "tokens_seen": 165150720, "lr": 0.0001481293499655377, "grad_norm": 0.6227831840515137, "elapsed_seconds": 4815.558699880989, "tokens_per_second": 34295.235567179676, "loss_main": 2.493931829929352, "loss_total": 2.493931829929352}
{"event": "update", "optimizer_step": 5050, "tokens_seen": 165478400, "lr": 0.000147382076557615, "grad_norm": 0.5982053875923157, "elapsed_seconds": 4824.820213489991, "tokens_per_second": 34297.31941872766, "loss_main": 2.587864875793457, "loss_total": 2.587864875793457}
{"event": "update", "optimizer_step": 5060, "tokens_seen": 165806080, "lr": 0.000146635351920296, "grad_norm": 0.6065729260444641, "elapsed_seconds": 4834.250496096996, "tokens_per_second": 34298.19785587569, "loss_main": 2.3830198645591736, "loss_total": 2.3830198645591736}
{"event": "update", "optimizer_step": 5070, "tokens_seen": 166133760, "lr": 0.00014588919931287866, "grad_norm": 0.6208573579788208, "elapsed_seconds": 4843.502927173977, "tokens_per_second": 34300.332321040536, "loss_main": 2.7777774930000305, "loss_total": 2.7777774930000305}
{"event": "update", "optimizer_step": 5080, "tokens_seen": 166461440, "lr": 0.00014514364197684294, "grad_norm": 0.5762735605239868, "elapsed_seconds": 4852.749221409991, "tokens_per_second": 34302.50202618832, "loss_main": 2.3946378231048584, "loss_total": 2.3946378231048584}
{"event": "update", "optimizer_step": 5090, "tokens_seen": 166789120, "lr": 0.00014439870313512728, "grad_norm": 0.5722568035125732, "elapsed_seconds": 4862.014852758992, "tokens_per_second": 34304.52704301265, "loss_main": 2.5361778140068054, "loss_total": 2.5361778140068054}
{"event": "update", "optimizer_step": 5100, "tokens_seen": 167116800, "lr": 0.00014365440599140478, "grad_norm": 0.6037276983261108, "elapsed_seconds": 4871.471385326004, "tokens_per_second": 34305.19996553698, "loss_main": 2.4536027908325195, "loss_total": 2.4536027908325195}
{"event": "update", "optimizer_step": 5110, "tokens_seen": 167444480, "lr": 0.00014291077372936083, "grad_norm": 0.6202666759490967, "elapsed_seconds": 4880.720903519978, "tokens_per_second": 34307.325354178516, "loss_main": 2.519681453704834, "loss_total": 2.519681453704834}
{"event": "update", "optimizer_step": 5120, "tokens_seen": 167772160, "lr": 0.00014216782951197068, "grad_norm": 0.5893328189849854, "elapsed_seconds": 4889.970232913998, "tokens_per_second": 34309.44402702884, "loss_main": 2.492774486541748, "loss_total": 2.492774486541748}
{"event": "update", "optimizer_step": 5130, "tokens_seen": 168099840, "lr": 0.00014142559648077805, "grad_norm": 0.6065034866333008, "elapsed_seconds": 4899.405769802979, "tokens_per_second": 34310.25065040895, "loss_main": 2.5682143568992615, "loss_total": 2.5682143568992615}
{"event": "update", "optimizer_step": 5140, "tokens_seen": 168427520, "lr": 0.00014068409775517453, "grad_norm": 0.5878077745437622, "elapsed_seconds": 4908.669445906999, "tokens_per_second": 34312.25546068092, "loss_main": 2.5380213260650635, "loss_total": 2.5380213260650635}
{"event": "update", "optimizer_step": 5150, "tokens_seen": 168755200, "lr": 0.00013994335643167894, "grad_norm": 0.5920159220695496, "elapsed_seconds": 4917.93919311199, "tokens_per_second": 34314.21035793948, "loss_main": 2.4777387976646423, "loss_total": 2.4777387976646423}
{"event": "update", "optimizer_step": 5160, "tokens_seen": 169082880, "lr": 0.00013920339558321854, "grad_norm": 0.6013465523719788, "elapsed_seconds": 4927.191143417003, "tokens_per_second": 34316.281848716986, "loss_main": 2.4686195850372314, "loss_total": 2.4686195850372314}
{"event": "update", "optimizer_step": 5170, "tokens_seen": 169410560, "lr": 0.00013846423825840975, "grad_norm": 0.6442501544952393, "elapsed_seconds": 4936.625078787998, "tokens_per_second": 34317.08045399963, "loss_main": 2.4999987483024597, "loss_total": 2.4999987483024597}
{"event": "update", "optimizer_step": 5180, "tokens_seen": 169738240, "lr": 0.0001377259074808407, "grad_norm": 0.6825013756752014, "elapsed_seconds": 4945.891371391976, "tokens_per_second": 34319.03922957142, "loss_main": 2.541440188884735, "loss_total": 2.541440188884735}
{"event": "evaluation", "tokens_seen": 170000384, "elapsed_seconds": 4953.289747483999, "parameters": 144630912, "main_loss": 2.499604970216751, "perplexity": 12.17768246315973}
{"event": "update", "optimizer_step": 5190, "tokens_seen": 170065920, "lr": 0.00013698842624835367, "grad_norm": 0.645752489566803, "elapsed_seconds": 4961.039804586995, "tokens_per_second": 34280.297417238304, "loss_main": 2.7456697821617126, "loss_total": 2.7456697821617126}
{"event": "update", "optimizer_step": 5200, "tokens_seen": 170393600, "lr": 0.0001362518175323291, "grad_norm": 0.5879250168800354, "elapsed_seconds": 4970.482597911003, "tokens_per_second": 34281.097789500986, "loss_main": 2.427229344844818, "loss_total": 2.427229344844818}
{"event": "update", "optimizer_step": 5210, "tokens_seen": 170721280, "lr": 0.0001355161042769699, "grad_norm": 0.5963568687438965, "elapsed_seconds": 4979.749843556987, "tokens_per_second": 34283.10364242222, "loss_main": 2.4269506335258484, "loss_total": 2.4269506335258484}
{"event": "update", "optimizer_step": 5220, "tokens_seen": 171048960, "lr": 0.00013478130939858674, "grad_norm": 0.5794955492019653, "elapsed_seconds": 4988.990105769975, "tokens_per_second": 34285.28747775521, "loss_main": 2.6566509008407593, "loss_total": 2.6566509008407593}
{"event": "update", "optimizer_step": 5230, "tokens_seen": 171376640, "lr": 0.00013404745578488432, "grad_norm": 0.6223499178886414, "elapsed_seconds": 4998.44383869, "tokens_per_second": 34285.998908995374, "loss_main": 2.479914426803589, "loss_total": 2.479914426803589}
{"event": "update", "optimizer_step": 5240, "tokens_seen": 171704320, "lr": 0.00013331456629424838, "grad_norm": 0.6310272216796875, "elapsed_seconds": 5007.69757980798, "tokens_per_second": 34288.07695823037, "loss_main": 2.436660051345825, "loss_total": 2.436660051345825}
{"event": "update", "optimizer_step": 5250, "tokens_seen": 172032000, "lr": 0.0001325826637550338, "grad_norm": 0.5919845700263977, "elapsed_seconds": 5016.95873528198, "tokens_per_second": 34290.096665571014, "loss_main": 2.4146427512168884, "loss_total": 2.4146427512168884}
{"event": "update", "optimizer_step": 5260, "tokens_seen": 172359680, "lr": 0.00013185177096485345, "grad_norm": 0.6175910234451294, "elapsed_seconds": 5026.21341404799, "tokens_per_second": 34292.153118342365, "loss_main": 2.558837592601776, "loss_total": 2.558837592601776}
{"event": "update", "optimizer_step": 5270, "tokens_seen": 172687360, "lr": 0.00013112191068986813, "grad_norm": 0.617189347743988, "elapsed_seconds": 5035.639184394997, "tokens_per_second": 34293.036827408716, "loss_main": 2.4443280696868896, "loss_total": 2.4443280696868896}
{"event": "update", "optimizer_step": 5280, "tokens_seen": 173015040, "lr": 0.00013039310566407734, "grad_norm": 0.6158730387687683, "elapsed_seconds": 5044.880857454002, "tokens_per_second": 34295.16868458127, "loss_main": 2.5733144879341125, "loss_total": 2.5733144879341125}
{"event": "update", "optimizer_step": 5290, "tokens_seen": 173342720, "lr": 0.0001296653785886114, "grad_norm": 0.7206770777702332, "elapsed_seconds": 5054.132393655978, "tokens_per_second": 34297.22581418372, "loss_main": 2.3450967669487, "loss_total": 2.3450967669487}
{"event": "update", "optimizer_step": 5300, "tokens_seen": 173670400, "lr": 0.0001289387521310239, "grad_norm": 0.658793568611145, "elapsed_seconds": 5063.471768610994, "tokens_per_second": 34298.680418562115, "loss_main": 2.6030629873275757, "loss_total": 2.6030629873275757}
{"event": "update", "optimizer_step": 5310, "tokens_seen": 173998080, "lr": 0.0001282132489245862, "grad_norm": 0.6102933287620544, "elapsed_seconds": 5072.798182290979, "tokens_per_second": 34300.21730559345, "loss_main": 2.3481920957565308, "loss_total": 2.3481920957565308}
{"event": "update", "optimizer_step": 5320, "tokens_seen": 174325760, "lr": 0.00012748889156758195, "grad_norm": 0.5872511863708496, "elapsed_seconds": 5082.041860720987, "tokens_per_second": 34302.30698164074, "loss_main": 2.405867338180542, "loss_total": 2.405867338180542}
{"event": "update", "optimizer_step": 5330, "tokens_seen": 174653440, "lr": 0.00012676570262260347, "grad_norm": 0.6307880878448486, "elapsed_seconds": 5091.2987055949925, "tokens_per_second": 34304.30035622693, "loss_main": 2.399703860282898, "loss_total": 2.399703860282898}
{"event": "update", "optimizer_step": 5340, "tokens_seen": 174981120, "lr": 0.00012604370461584896, "grad_norm": 0.6396192908287048, "elapsed_seconds": 5101.180592911987, "tokens_per_second": 34302.08298116981, "loss_main": 2.5290958285331726, "loss_total": 2.5290958285331726}
{"event": "update", "optimizer_step": 5350, "tokens_seen": 175308800, "lr": 0.00012532292003642056, "grad_norm": 0.6376156210899353, "elapsed_seconds": 5110.419384965004, "tokens_per_second": 34304.19047715798, "loss_main": 2.6734519004821777, "loss_total": 2.6734519004821777}
{"event": "update", "optimizer_step": 5360, "tokens_seen": 175636480, "lr": 0.0001246033713356243, "grad_norm": 0.6360309720039368, "elapsed_seconds": 5119.669820893992, "tokens_per_second": 34306.21234268004, "loss_main": 2.404513657093048, "loss_total": 2.404513657093048}
{"event": "update", "optimizer_step": 5370, "tokens_seen": 175964160, "lr": 0.00012388508092627036, "grad_norm": 0.6139740347862244, "elapsed_seconds": 5128.910394797975, "tokens_per_second": 34308.29288389842, "loss_main": 2.579747498035431, "loss_total": 2.579747498035431}
{"event": "update", "optimizer_step": 5380, "tokens_seen": 176291840, "lr": 0.00012316807118197516, "grad_norm": 0.5896959900856018, "elapsed_seconds": 5138.373066476983, "tokens_per_second": 34308.88293225287, "loss_main": 2.480919599533081, "loss_total": 2.480919599533081}
{"event": "update", "optimizer_step": 5390, "tokens_seen": 176619520, "lr": 0.0001224523644364645, "grad_norm": 0.6028050780296326, "elapsed_seconds": 5147.619426400983, "tokens_per_second": 34310.912553899805, "loss_main": 2.2155523896217346, "loss_total": 2.2155523896217346}
{"event": "update", "optimizer_step": 5400, "tokens_seen": 176947200, "lr": 0.00012173798298287772, "grad_norm": 0.6435603499412537, "elapsed_seconds": 5156.868913021986, "tokens_per_second": 34312.91409273129, "loss_main": 2.2023764848709106, "loss_total": 2.2023764848709106}
{"event": "update", "optimizer_step": 5410, "tokens_seen": 177274880, "lr": 0.00012102494907307338, "grad_norm": 0.591607928276062, "elapsed_seconds": 5166.2957701699925, "tokens_per_second": 34313.73035658911, "loss_main": 2.5476871132850647, "loss_total": 2.5476871132850647}
{"event": "update", "optimizer_step": 5420, "tokens_seen": 177602560, "lr": 0.00012031328491693636, "grad_norm": 0.6413524746894836, "elapsed_seconds": 5175.53530749699, "tokens_per_second": 34315.78560438664, "loss_main": 2.447121798992157, "loss_total": 2.447121798992157}
{"event": "update", "optimizer_step": 5430, "tokens_seen": 177930240, "lr": 0.0001196030126816856, "grad_norm": 0.592322587966919, "elapsed_seconds": 5184.792422792001, "tokens_per_second": 34317.71717954041, "loss_main": 2.4703940749168396, "loss_total": 2.4703940749168396}
{"event": "update", "optimizer_step": 5440, "tokens_seen": 178257920, "lr": 0.00011889415449118415, "grad_norm": 0.6601589322090149, "elapsed_seconds": 5194.052609148988, "tokens_per_second": 34319.6215775732, "loss_main": 2.5282925367355347, "loss_total": 2.5282925367355347}
{"event": "update", "optimizer_step": 5450, "tokens_seen": 178585600, "lr": 0.00011818673242524954, "grad_norm": 0.6532298922538757, "elapsed_seconds": 5203.501758689992, "tokens_per_second": 34320.27282430665, "loss_main": 2.421827971935272, "loss_total": 2.421827971935272}
{"event": "update", "optimizer_step": 5460, "tokens_seen": 178913280, "lr": 0.00011748076851896653, "grad_norm": 0.6331730484962463, "elapsed_seconds": 5212.770238006982, "tokens_per_second": 34322.11124432842, "loss_main": 2.5724045038223267, "loss_total": 2.5724045038223267}
{"event": "update", "optimizer_step": 5470, "tokens_seen": 179240960, "lr": 0.00011677628476200034, "grad_norm": 0.6701959371566772, "elapsed_seconds": 5222.015021487983, "tokens_per_second": 34324.09888949847, "loss_main": 2.435245394706726, "loss_total": 2.435245394706726}
{"event": "update", "optimizer_step": 5480, "tokens_seen": 179568640, "lr": 0.00011607330309791181, "grad_norm": 0.6399936676025391, "elapsed_seconds": 5231.271169524989, "tokens_per_second": 34326.00493854828, "loss_main": 2.474751830101013, "loss_total": 2.474751830101013}
{"event": "update", "optimizer_step": 5490, "tokens_seen": 179896320, "lr": 0.00011537184542347419, "grad_norm": 0.6008009910583496, "elapsed_seconds": 5240.722332731995, "tokens_per_second": 34326.62686141966, "loss_main": 2.363417685031891, "loss_total": 2.363417685031891}
{"event": "evaluation", "tokens_seen": 180027392, "elapsed_seconds": 5244.4356356129865, "parameters": 144630912, "main_loss": 2.4695601537823677, "perplexity": 11.817247936560891}
{"event": "update", "optimizer_step": 5500, "tokens_seen": 180224000, "lr": 0.00011467193358799055, "grad_norm": 0.5973072052001953, "elapsed_seconds": 5256.041475323, "tokens_per_second": 34288.9227275218, "loss_main": 2.399509370326996, "loss_total": 2.399509370326996}
{"event": "update", "optimizer_step": 5510, "tokens_seen": 180551680, "lr": 0.00011397358939261382, "grad_norm": 0.616107702255249, "elapsed_seconds": 5265.29269089998, "tokens_per_second": 34290.91042024083, "loss_main": 2.357846200466156, "loss_total": 2.357846200466156}
{"event": "update", "optimizer_step": 5520, "tokens_seen": 180879360, "lr": 0.00011327683458966713, "grad_norm": 0.639447033405304, "elapsed_seconds": 5274.73452883499, "tokens_per_second": 34291.65183786986, "loss_main": 2.524653971195221, "loss_total": 2.524653971195221}
{"event": "update", "optimizer_step": 5530, "tokens_seen": 181207040, "lr": 0.00011258169088196673, "grad_norm": 0.6228417158126831, "elapsed_seconds": 5283.992505274975, "tokens_per_second": 34293.583841972184, "loss_main": 2.386743664741516, "loss_total": 2.386743664741516}
{"event": "update", "optimizer_step": 5540, "tokens_seen": 181534720, "lr": 0.00011188817992214565, "grad_norm": 0.6284242272377014, "elapsed_seconds": 5293.243120610976, "tokens_per_second": 34295.55678127368, "loss_main": 2.4080541133880615, "loss_total": 2.4080541133880615}
{"event": "update", "optimizer_step": 5550, "tokens_seen": 181862400, "lr": 0.00011119632331197951, "grad_norm": 0.6495672464370728, "elapsed_seconds": 5302.679648019985, "tokens_per_second": 34296.32036472489, "loss_main": 2.5246975421905518, "loss_total": 2.5246975421905518}
{"event": "update", "optimizer_step": 5560, "tokens_seen": 182190080, "lr": 0.00011050614260171343, "grad_norm": 0.6210967302322388, "elapsed_seconds": 5311.91749475, "tokens_per_second": 34298.36404275225, "loss_main": 2.4993396997451782, "loss_total": 2.4993396997451782}
{"event": "update", "optimizer_step": 5570, "tokens_seen": 182517760, "lr": 0.00010981765928939098, "grad_norm": 0.6169251799583435, "elapsed_seconds": 5321.170629176981, "tokens_per_second": 34300.30208000111, "loss_main": 2.366321623325348, "loss_total": 2.366321623325348}
{"event": "update", "optimizer_step": 5580, "tokens_seen": 182845440, "lr": 0.00010913089482018444, "grad_norm": 0.6054916381835938, "elapsed_seconds": 5330.403296616976, "tokens_per_second": 34302.365097974056, "loss_main": 2.4078471660614014, "loss_total": 2.4078471660614014}
{"event": "update", "optimizer_step": 5590, "tokens_seen": 183173120, "lr": 0.00010844587058572669, "grad_norm": 0.6357715129852295, "elapsed_seconds": 5339.83149079798, "tokens_per_second": 34303.164868715125, "loss_main": 2.4115328788757324, "loss_total": 2.4115328788757324}
{"event": "update", "optimizer_step": 5600, "tokens_seen": 183500800, "lr": 0.00010776260792344522, "grad_norm": 0.6276705861091614, "elapsed_seconds": 5349.070652787981, "tokens_per_second": 34305.174096804614, "loss_main": 2.31485253572464, "loss_total": 2.31485253572464}
{"event": "update", "optimizer_step": 5610, "tokens_seen": 183828480, "lr": 0.00010708112811589722, "grad_norm": 0.6163873076438904, "elapsed_seconds": 5358.326613676996, "tokens_per_second": 34307.068839510895, "loss_main": 2.486643671989441, "loss_total": 2.486643671989441}
{"event": "update", "optimizer_step": 5620, "tokens_seen": 184156160, "lr": 0.00010640145239010686, "grad_norm": 0.6837462186813354, "elapsed_seconds": 5367.747129598982, "tokens_per_second": 34307.90526336849, "loss_main": 2.471958041191101, "loss_total": 2.471958041191101}
{"event": "update", "optimizer_step": 5630, "tokens_seen": 184483840, "lr": 0.0001057236019169038, "grad_norm": 0.6174823045730591, "elapsed_seconds": 5377.005064444995, "tokens_per_second": 34309.77612795723, "loss_main": 2.373262107372284, "loss_total": 2.373262107372284}
{"event": "update", "optimizer_step": 5640, "tokens_seen": 184811520, "lr": 0.00010504759781026418, "grad_norm": 0.6277351379394531, "elapsed_seconds": 5386.27444156399, "tokens_per_second": 34311.567671686826, "loss_main": 2.308693587779999, "loss_total": 2.308693587779999}
{"event": "update", "optimizer_step": 5650, "tokens_seen": 185139200, "lr": 0.00010437346112665255, "grad_norm": 0.6430777311325073, "elapsed_seconds": 5395.529586190998, "tokens_per_second": 34313.44357258913, "loss_main": 2.6890665888786316, "loss_total": 2.6890665888786316}
{"event": "update", "optimizer_step": 5660, "tokens_seen": 185466880, "lr": 0.00010370121286436634, "grad_norm": 0.6199789643287659, "elapsed_seconds": 5404.989696899982, "tokens_per_second": 34314.011755910295, "loss_main": 2.4709056615829468, "loss_total": 2.4709056615829468}
{"event": "update", "optimizer_step": 5670, "tokens_seen": 185794560, "lr": 0.00010303087396288143, "grad_norm": 0.6113675236701965, "elapsed_seconds": 5414.248310427996, "tokens_per_second": 34315.855008377504, "loss_main": 2.2342216968536377, "loss_total": 2.2342216968536377}
{"event": "update", "optimizer_step": 5680, "tokens_seen": 186122240, "lr": 0.00010236246530220023, "grad_norm": 0.6689680814743042, "elapsed_seconds": 5423.496663857979, "tokens_per_second": 34317.7568892617, "loss_main": 2.5269871950149536, "loss_total": 2.5269871950149536}
{"event": "update", "optimizer_step": 5690, "tokens_seen": 186449920, "lr": 0.00010169600770220125, "grad_norm": 0.6806930303573608, "elapsed_seconds": 5432.925056975975, "tokens_per_second": 34318.51498864224, "loss_main": 2.5576863884925842, "loss_total": 2.5576863884925842}
{"event": "update", "optimizer_step": 5700, "tokens_seen": 186777600, "lr": 0.00010103152192199034, "grad_norm": 0.6174164414405823, "elapsed_seconds": 5442.184285662981, "tokens_per_second": 34320.33723886406, "loss_main": 2.316441237926483, "loss_total": 2.316441237926483}
{"event": "update", "optimizer_step": 5710, "tokens_seen": 187105280, "lr": 0.00010036902865925443, "grad_norm": 0.6202917098999023, "elapsed_seconds": 5451.443151799991, "tokens_per_second": 34322.155581539984, "loss_main": 2.4082560539245605, "loss_total": 2.4082560539245605}
{"event": "update", "optimizer_step": 5720, "tokens_seen": 187432960, "lr": 9.970854854961657e-05, "grad_norm": 0.6210404634475708, "elapsed_seconds": 5460.6984325599915, "tokens_per_second": 34323.99029443032, "loss_main": 2.3831493258476257, "loss_total": 2.3831493258476257}
{"event": "update", "optimizer_step": 5730, "tokens_seen": 187760640, "lr": 9.905010216599338e-05, "grad_norm": 0.6316665410995483, "elapsed_seconds": 5470.127137228992, "tokens_per_second": 34324.730539099335, "loss_main": 2.5265331268310547, "loss_total": 2.5265331268310547}
{"event": "update", "optimizer_step": 5740, "tokens_seen": 188088320, "lr": 9.839371001795391e-05, "grad_norm": 0.6181319952011108, "elapsed_seconds": 5479.390899314982, "tokens_per_second": 34326.501513793126, "loss_main": 2.3105884194374084, "loss_total": 2.3105884194374084}
{"event": "update", "optimizer_step": 5750, "tokens_seen": 188416000, "lr": 9.77393925510812e-05, "grad_norm": 0.6191891431808472, "elapsed_seconds": 5488.640247574978, "tokens_per_second": 34328.35666051296, "loss_main": 2.475561201572418, "loss_total": 2.475561201572418}
{"event": "update", "optimizer_step": 5760, "tokens_seen": 188743680, "lr": 9.708717014633512e-05, "grad_norm": 0.6147889494895935, "elapsed_seconds": 5498.068284142995, "tokens_per_second": 34329.089826759075, "loss_main": 2.3796480894088745, "loss_total": 2.3796480894088745}
{"event": "update", "optimizer_step": 5770, "tokens_seen": 189071360, "lr": 9.643706311941776e-05, "grad_norm": 0.6458386182785034, "elapsed_seconds": 5507.323542789993, "tokens_per_second": 34330.89749149131, "loss_main": 2.340681493282318, "loss_total": 2.340681493282318}
{"event": "update", "optimizer_step": 5780, "tokens_seen": 189399040, "lr": 9.578909172014033e-05, "grad_norm": 0.6218962669372559, "elapsed_seconds": 5516.584681190987, "tokens_per_second": 34332.6624978247, "loss_main": 2.406200408935547, "loss_total": 2.406200408935547}
{"event": "update", "optimizer_step": 5790, "tokens_seen": 189726720, "lr": 9.514327613179274e-05, "grad_norm": 0.6363967657089233, "elapsed_seconds": 5525.842834789975, "tokens_per_second": 34334.44013382098, "loss_main": 2.3915332555770874, "loss_total": 2.3915332555770874}
{"event": "evaluation", "tokens_seen": 190021632, "elapsed_seconds": 5534.367645773978, "parameters": 144630912, "main_loss": 2.435573548078537, "perplexity": 11.422368112272958}
{"event": "update", "optimizer_step": 5800, "tokens_seen": 190054400, "lr": 9.449963647051486e-05, "grad_norm": 0.6678229570388794, "elapsed_seconds": 5541.231731118984, "tokens_per_second": 34298.222709704445, "loss_main": 2.3420023322105408, "loss_total": 2.3420023322105408}
{"event": "update", "optimizer_step": 5810, "tokens_seen": 190382080, "lr": 9.385819278466961e-05, "grad_norm": 0.6584059000015259, "elapsed_seconds": 5550.476045999996, "tokens_per_second": 34300.13541580828, "loss_main": 2.5777634382247925, "loss_total": 2.5777634382247925}
{"event": "update", "optimizer_step": 5820, "tokens_seen": 190709760, "lr": 9.321896505421893e-05, "grad_norm": 0.596398115158081, "elapsed_seconds": 5559.741880185, "tokens_per_second": 34301.90899323804, "loss_main": 2.3669570088386536, "loss_total": 2.3669570088386536}
{"event": "update", "optimizer_step": 5830, "tokens_seen": 191037440, "lr": 9.258197319010115e-05, "grad_norm": 0.6242681741714478, "elapsed_seconds": 5569.167844508978, "tokens_per_second": 34302.69033610772, "loss_main": 2.349689245223999, "loss_total": 2.349689245223999}
{"event": "update", "optimizer_step": 5840, "tokens_seen": 191365120, "lr": 9.194723703361097e-05, "grad_norm": 0.6223788857460022, "elapsed_seconds": 5578.420673080982, "tokens_per_second": 34304.53370493272, "loss_main": 2.539508640766144, "loss_total": 2.539508640766144}
{"event": "update", "optimizer_step": 5850, "tokens_seen": 191692800, "lr": 9.131477635578115e-05, "grad_norm": 0.6631861329078674, "elapsed_seconds": 5587.659344365995, "tokens_per_second": 34306.45788979293, "loss_main": 2.628173053264618, "loss_total": 2.628173053264618}
{"event": "update", "optimizer_step": 5860, "tokens_seen": 192020480, "lr": 9.068461085676708e-05, "grad_norm": 0.6156783699989319, "elapsed_seconds": 5597.029051014979, "tokens_per_second": 34307.57250852192, "loss_main": 2.2279968857765198, "loss_total": 2.2279968857765198}
{"event": "update", "optimizer_step": 5870, "tokens_seen": 192348160, "lr": 9.005676016523285e-05, "grad_norm": 0.6813524961471558, "elapsed_seconds": 5606.366252401, "tokens_per_second": 34308.882320634046, "loss_main": 2.5408607125282288, "loss_total": 2.5408607125282288}
{"event": "update", "optimizer_step": 5880, "tokens_seen": 192675840, "lr": 8.943124383773998e-05, "grad_norm": 0.6352850794792175, "elapsed_seconds": 5615.617384119978, "tokens_per_second": 34310.713643855954, "loss_main": 2.5295007824897766, "loss_total": 2.5295007824897766}
{"event": "update", "optimizer_step": 5890, "tokens_seen": 193003520, "lr": 8.880808135813809e-05, "grad_norm": 0.6519231200218201, "elapsed_seconds": 5624.870949402975, "tokens_per_second": 34312.5240980836, "loss_main": 2.311877429485321, "loss_total": 2.311877429485321}
{"event": "update", "optimizer_step": 5900, "tokens_seen": 193331200, "lr": 8.818729213695829e-05, "grad_norm": 0.6505666971206665, "elapsed_seconds": 5634.299621669983, "tokens_per_second": 34313.26215887281, "loss_main": 2.4239773750305176, "loss_total": 2.4239773750305176}
{"event": "update", "optimizer_step": 5910, "tokens_seen": 193658880, "lr": 8.756889551080837e-05, "grad_norm": 0.6341896057128906, "elapsed_seconds": 5643.549286625988, "tokens_per_second": 34315.08615667278, "loss_main": 2.480325400829315, "loss_total": 2.480325400829315}
{"event": "update", "optimizer_step": 5920, "tokens_seen": 193986560, "lr": 8.69529107417706e-05, "grad_norm": 0.6412221789360046, "elapsed_seconds": 5652.799912995979, "tokens_per_second": 34316.89834873127, "loss_main": 2.355772852897644, "loss_total": 2.355772852897644}
{"event": "update", "optimizer_step": 5930, "tokens_seen": 194314240, "lr": 8.633935701680154e-05, "grad_norm": 0.6568920016288757, "elapsed_seconds": 5662.049657315976, "tokens_per_second": 34318.70996555552, "loss_main": 2.4805028438568115, "loss_total": 2.4805028438568115}
{"event": "update", "optimizer_step": 5940, "tokens_seen": 194641920, "lr": 8.57282534471347e-05, "grad_norm": 0.6378709673881531, "elapsed_seconds": 5671.482837399992, "tokens_per_second": 34319.40562641828, "loss_main": 2.328727066516876, "loss_total": 2.328727066516876}
{"event": "update", "optimizer_step": 5950, "tokens_seen": 194969600, "lr": 8.511961906768509e-05, "grad_norm": 0.6767865419387817, "elapsed_seconds": 5680.752361655992, "tokens_per_second": 34321.08769887737, "loss_main": 2.345591187477112, "loss_total": 2.345591187477112}
{"event": "update", "optimizer_step": 5960, "tokens_seen": 195297280, "lr": 8.451347283645622e-05, "grad_norm": 0.6727825403213501, "elapsed_seconds": 5689.993517153984, "tokens_per_second": 34322.93541481637, "loss_main": 2.3138197660446167, "loss_total": 2.3138197660446167}
{"event": "update", "optimizer_step": 5970, "tokens_seen": 195624960, "lr": 8.390983363394986e-05, "grad_norm": 0.6330902576446533, "elapsed_seconds": 5699.430930726987, "tokens_per_second": 34323.59517602702, "loss_main": 2.4346052408218384, "loss_total": 2.4346052408218384}
{"event": "update", "optimizer_step": 5980, "tokens_seen": 195952640, "lr": 8.330872026257764e-05, "grad_norm": 0.701956033706665, "elapsed_seconds": 5708.680312202981, "tokens_per_second": 34325.38332565724, "loss_main": 2.49624240398407, "loss_total": 2.49624240398407}
{"event": "update", "optimizer_step": 5990, "tokens_seen": 196280320, "lr": 8.271015144607564e-05, "grad_norm": 0.654424250125885, "elapsed_seconds": 5717.929517007986, "tokens_per_second": 34327.16675086044, "loss_main": 2.4144651293754578, "loss_total": 2.4144651293754578}
{"event": "update", "optimizer_step": 6000, "tokens_seen": 196608000, "lr": 8.21141458289209e-05, "grad_norm": 0.6545745134353638, "elapsed_seconds": 5727.17973496599, "tokens_per_second": 34328.93834283822, "loss_main": 2.3534990549087524, "loss_total": 2.3534990549087524}
{"event": "update", "optimizer_step": 6010, "tokens_seen": 196935680, "lr": 8.152072197575097e-05, "grad_norm": 0.685436487197876, "elapsed_seconds": 5736.610577879997, "tokens_per_second": 34329.623272559475, "loss_main": 2.3245085775852203, "loss_total": 2.3245085775852203}
{"event": "update", "optimizer_step": 6020, "tokens_seen": 197263360, "lr": 8.092989837078549e-05, "grad_norm": 0.6786741614341736, "elapsed_seconds": 5745.851463232975, "tokens_per_second": 34331.44091215461, "loss_main": 2.294983208179474, "loss_total": 2.294983208179474}
{"event": "update", "optimizer_step": 6030, "tokens_seen": 197591040, "lr": 8.034169341725045e-05, "grad_norm": 0.6336489915847778, "elapsed_seconds": 5755.087492826977, "tokens_per_second": 34333.28168273261, "loss_main": 2.4274136424064636, "loss_total": 2.4274136424064636}
{"event": "update", "optimizer_step": 6040, "tokens_seen": 197918720, "lr": 7.975612543680495e-05, "grad_norm": 0.635672926902771, "elapsed_seconds": 5764.523062824999, "tokens_per_second": 34333.9280358446, "loss_main": 2.553952157497406, "loss_total": 2.553952157497406}
{"event": "update", "optimizer_step": 6050, "tokens_seen": 198246400, "lr": 7.917321266897039e-05, "grad_norm": 0.7448522448539734, "elapsed_seconds": 5773.766309044993, "tokens_per_second": 34335.7159588246, "loss_main": 2.466317445039749, "loss_total": 2.466317445039749}
{"event": "update", "optimizer_step": 6060, "tokens_seen": 198574080, "lr": 7.859297327056285e-05, "grad_norm": 0.6582694053649902, "elapsed_seconds": 5783.013800892979, "tokens_per_second": 34337.472957325015, "loss_main": 2.4530956745147705, "loss_total": 2.4530956745147705}
{"event": "update", "optimizer_step": 6070, "tokens_seen": 198901760, "lr": 7.801542531512675e-05, "grad_norm": 0.6711190342903137, "elapsed_seconds": 5792.268673977989, "tokens_per_second": 34339.18058628298, "loss_main": 2.406044602394104, "loss_total": 2.406044602394104}
{"event": "update", "optimizer_step": 6080, "tokens_seen": 199229440, "lr": 7.74405867923725e-05, "grad_norm": 0.666717529296875, "elapsed_seconds": 5801.684302627982, "tokens_per_second": 34339.93123509931, "loss_main": 2.628666639328003, "loss_total": 2.628666639328003}
{"event": "update", "optimizer_step": 6090, "tokens_seen": 199557120, "lr": 7.686847560761596e-05, "grad_norm": 0.693797767162323, "elapsed_seconds": 5810.922090662003, "tokens_per_second": 34341.730432194745, "loss_main": 2.4982990026474, "loss_total": 2.4982990026474}
{"event": "update", "optimizer_step": 6100, "tokens_seen": 199884800, "lr": 7.629910958122064e-05, "grad_norm": 0.6576876640319824, "elapsed_seconds": 5820.1834865269775, "tokens_per_second": 34343.384613682574, "loss_main": 2.428948163986206, "loss_total": 2.428948163986206}
{"event": "evaluation", "tokens_seen": 200015872, "elapsed_seconds": 5823.889526945975, "parameters": 144630912, "main_loss": 2.4054825752973557, "perplexity": 11.08377774914804}
{"event": "update", "optimizer_step": 6110, "tokens_seen": 200212480, "lr": 7.573250644804267e-05, "grad_norm": 0.6440026760101318, "elapsed_seconds": 5835.594343481003, "tokens_per_second": 34308.84126201459, "loss_main": 2.274974524974823, "loss_total": 2.274974524974823}
{"event": "update", "optimizer_step": 6120, "tokens_seen": 200540160, "lr": 7.51686838568784e-05, "grad_norm": 0.6309708952903748, "elapsed_seconds": 5844.850983508979, "tokens_per_second": 34310.56849281809, "loss_main": 2.4253190755844116, "loss_total": 2.4253190755844116}
{"event": "update", "optimizer_step": 6130, "tokens_seen": 200867840, "lr": 7.460765936991475e-05, "grad_norm": 0.6520408987998962, "elapsed_seconds": 5854.108619824983, "tokens_per_second": 34312.28442187757, "loss_main": 2.533939778804779, "loss_total": 2.533939778804779}
{"event": "update", "optimizer_step": 6140, "tokens_seen": 201195520, "lr": 7.404945046218209e-05, "grad_norm": 0.7281599640846252, "elapsed_seconds": 5863.3542307229945, "tokens_per_second": 34314.06530851729, "loss_main": 2.3006434440612793, "loss_total": 2.3006434440612793}
{"event": "update", "optimizer_step": 6150, "tokens_seen": 201523200, "lr": 7.349407452100979e-05, "grad_norm": 0.6400594115257263, "elapsed_seconds": 5872.802952037979, "tokens_per_second": 34314.65377704652, "loss_main": 2.489353835582733, "loss_total": 2.489353835582733}
{"event": "update", "optimizer_step": 6160, "tokens_seen": 201850880, "lr": 7.294154884548481e-05, "grad_norm": 0.645473837852478, "elapsed_seconds": 5882.067047336983, "tokens_per_second": 34316.3174400375, "loss_main": 2.433869779109955, "loss_total": 2.433869779109955}
{"event": "update", "optimizer_step": 6170, "tokens_seen": 202178560, "lr": 7.239189064591302e-05, "grad_norm": 0.6477470397949219, "elapsed_seconds": 5891.331731017999, "tokens_per_second": 34317.97244339937, "loss_main": 2.4115962386131287, "loss_total": 2.4115962386131287}
{"event": "update", "optimizer_step": 6180, "tokens_seen": 202506240, "lr": 7.184511704328267e-05, "grad_norm": 0.6608268618583679, "elapsed_seconds": 5900.783096103987, "tokens_per_second": 34318.53648945433, "loss_main": 2.5497137904167175, "loss_total": 2.5497137904167175}
{"event": "update", "optimizer_step": 6190, "tokens_seen": 202833920, "lr": 7.130124506873149e-05, "grad_norm": 0.6395586133003235, "elapsed_seconds": 5910.030844683002, "tokens_per_second": 34320.28111705726, "loss_main": 2.363587200641632, "loss_total": 2.363587200641632}
{"event": "update", "optimizer_step": 6200, "tokens_seen": 203161600, "lr": 7.076029166301593e-05, "grad_norm": 0.6561734676361084, "elapsed_seconds": 5919.273943017994, "tokens_per_second": 34322.04725710266, "loss_main": 2.4509961009025574, "loss_total": 2.4509961009025574}
{"event": "update", "optimizer_step": 6210, "tokens_seen": 203489280, "lr": 7.022227367598386e-05, "grad_norm": 0.6822062134742737, "elapsed_seconds": 5928.522108690988, "tokens_per_second": 34323.778552110394, "loss_main": 2.404375374317169, "loss_total": 2.404375374317169}
{"event": "update", "optimizer_step": 6220, "tokens_seen": 203816960, "lr": 6.968720786604919e-05, "grad_norm": 0.6679390072822571, "elapsed_seconds": 5937.958727071993, "tokens_per_second": 34324.415067213195, "loss_main": 2.4882596731185913, "loss_total": 2.4882596731185913}
{"event": "update", "optimizer_step": 6230, "tokens_seen": 204144640, "lr": 6.915511089967033e-05, "grad_norm": 0.7772074937820435, "elapsed_seconds": 5947.220258407993, "tokens_per_second": 34326.06009696492, "loss_main": 2.4148243069648743, "loss_total": 2.4148243069648743}
{"event": "update", "optimizer_step": 6240, "tokens_seen": 204472320, "lr": 6.862599935083085e-05, "grad_norm": 0.653980016708374, "elapsed_seconds": 5956.4877882360015, "tokens_per_second": 34327.665441341225, "loss_main": 2.3634573221206665, "loss_total": 2.3634573221206665}
{"event": "update", "optimizer_step": 6250, "tokens_seen": 204800000, "lr": 6.809988970052328e-05, "grad_norm": 0.6428350806236267, "elapsed_seconds": 5965.921148589987, "tokens_per_second": 34328.31157153382, "loss_main": 2.2578532695770264, "loss_total": 2.2578532695770264}
{"event": "update", "optimizer_step": 6260, "tokens_seen": 205127680, "lr": 6.757679833623564e-05, "grad_norm": 0.6659319400787354, "elapsed_seconds": 5975.1617264339875, "tokens_per_second": 34330.06325042543, "loss_main": 2.426356554031372, "loss_total": 2.426356554031372}
{"event": "update", "optimizer_step": 6270, "tokens_seen": 205455360, "lr": 6.705674155144109e-05, "grad_norm": 0.6650022864341736, "elapsed_seconds": 5984.418576147, "tokens_per_second": 34331.71617020815, "loss_main": 2.4682666659355164, "loss_total": 2.4682666659355164}
{"event": "update", "optimizer_step": 6280, "tokens_seen": 205783040, "lr": 6.653973554509061e-05, "grad_norm": 0.6858813762664795, "elapsed_seconds": 5993.6668924019905, "tokens_per_second": 34333.41286631487, "loss_main": 2.3287301063537598, "loss_total": 2.3287301063537598}
{"event": "update", "optimizer_step": 6290, "tokens_seen": 206110720, "lr": 6.6025796421108e-05, "grad_norm": 0.6375417709350586, "elapsed_seconds": 6003.108906580979, "tokens_per_second": 34333.99646873784, "loss_main": 2.3716776371002197, "loss_total": 2.3716776371002197}
{"event": "update", "optimizer_step": 6300, "tokens_seen": 206438400, "lr": 6.551494018788864e-05, "grad_norm": 0.6456029415130615, "elapsed_seconds": 6012.355121856002, "tokens_per_second": 34335.69638119993, "loss_main": 2.336149215698242, "loss_total": 2.336149215698242}
{"event": "update", "optimizer_step": 6310, "tokens_seen": 206766080, "lr": 6.500718275780055e-05, "grad_norm": 0.6458917856216431, "elapsed_seconds": 6021.604981295997, "tokens_per_second": 34337.37029284489, "loss_main": 2.318107008934021, "loss_total": 2.318107008934021}
{"event": "update", "optimizer_step": 6320, "tokens_seen": 207093760, "lr": 6.45025399466892e-05, "grad_norm": 0.6845124959945679, "elapsed_seconds": 6031.017851154989, "tokens_per_second": 34338.11093103295, "loss_main": 2.4117671251296997, "loss_total": 2.4117671251296997}
{"event": "update", "optimizer_step": 6330, "tokens_seen": 207421440, "lr": 6.400102747338423e-05, "grad_norm": 0.6976778507232666, "elapsed_seconds": 6040.26659224098, "tokens_per_second": 34339.78233120423, "loss_main": 2.3966838121414185, "loss_total": 2.3966838121414185}
{"event": "update", "optimizer_step": 6340, "tokens_seen": 207749120, "lr": 6.350266095921046e-05, "grad_norm": 0.6708207726478577, "elapsed_seconds": 6049.511437929992, "tokens_per_second": 34341.470733889066, "loss_main": 2.337786853313446, "loss_total": 2.337786853313446}
{"event": "update", "optimizer_step": 6350, "tokens_seen": 208076800, "lr": 6.300745592750077e-05, "grad_norm": 0.677661120891571, "elapsed_seconds": 6058.743441315979, "tokens_per_second": 34343.22677885252, "loss_main": 2.429684638977051, "loss_total": 2.429684638977051}
{"event": "update", "optimizer_step": 6360, "tokens_seen": 208404480, "lr": 6.251542780311319e-05, "grad_norm": 0.7318161725997925, "elapsed_seconds": 6068.1759659749805, "tokens_per_second": 34343.842559699966, "loss_main": 2.305597960948944, "loss_total": 2.305597960948944}
{"event": "update", "optimizer_step": 6370, "tokens_seen": 208732160, "lr": 6.202659191194973e-05, "grad_norm": 0.6641485095024109, "elapsed_seconds": 6077.420218822983, "tokens_per_second": 34345.52038272997, "loss_main": 2.3088244795799255, "loss_total": 2.3088244795799255}
{"event": "update", "optimizer_step": 6380, "tokens_seen": 209059840, "lr": 6.154096348047946e-05, "grad_norm": 0.6963565349578857, "elapsed_seconds": 6086.657027751993, "tokens_per_second": 34347.235115564385, "loss_main": 2.291400372982025, "loss_total": 2.291400372982025}
{"event": "update", "optimizer_step": 6390, "tokens_seen": 209387520, "lr": 6.105855763526434e-05, "grad_norm": 0.7092863321304321, "elapsed_seconds": 6096.080799766991, "tokens_per_second": 34347.89119068162, "loss_main": 2.6014404892921448, "loss_total": 2.6014404892921448}
{"event": "update", "optimizer_step": 6400, "tokens_seen": 209715200, "lr": 6.05793894024875e-05, "grad_norm": 0.6497599482536316, "elapsed_seconds": 6105.332004611992, "tokens_per_second": 34349.51610192211, "loss_main": 2.347775876522064, "loss_total": 2.347775876522064}
{"event": "evaluation", "tokens_seen": 210010112, "elapsed_seconds": 6113.663809634978, "parameters": 144630912, "main_loss": 2.3810976147651672, "perplexity": 10.816768995880405}
{"event": "update", "optimizer_step": 6410, "tokens_seen": 210042880, "lr": 6.01034737074858e-05, "grad_norm": 0.6551334261894226, "elapsed_seconds": 6120.533566483995, "tokens_per_second": 34317.740066028484, "loss_main": 2.3073105812072754, "loss_total": 2.3073105812072754}
{"event": "update", "optimizer_step": 6420, "tokens_seen": 210370560, "lr": 5.963082537428446e-05, "grad_norm": 0.713092029094696, "elapsed_seconds": 6129.872877526999, "tokens_per_second": 34318.91071856464, "loss_main": 2.576278030872345, "loss_total": 2.576278030872345}
{"event": "update", "optimizer_step": 6430, "tokens_seen": 210698240, "lr": 5.916145912513576e-05, "grad_norm": 0.7036136388778687, "elapsed_seconds": 6139.1261091889755, "tokens_per_second": 34320.55902624792, "loss_main": 2.267244577407837, "loss_total": 2.267244577407837}
{"event": "update", "optimizer_step": 6440, "tokens_seen": 211025920, "lr": 5.869538958005999e-05, "grad_norm": 0.6895071268081665, "elapsed_seconds": 6148.3690372249985, "tokens_per_second": 34322.259890770045, "loss_main": 2.232633352279663, "loss_total": 2.232633352279663}
{"event": "update", "optimizer_step": 6450, "tokens_seen": 211353600, "lr": 5.823263125639044e-05, "grad_norm": 0.7197562456130981, "elapsed_seconds": 6157.626741185988, "tokens_per_second": 34323.87328487084, "loss_main": 2.5444507002830505, "loss_total": 2.5444507002830505}
{"event": "update", "optimizer_step": 6460, "tokens_seen": 211681280, "lr": 5.777319856832091e-05, "grad_norm": 0.6773397326469421, "elapsed_seconds": 6167.078196928982, "tokens_per_second": 34324.403427446545, "loss_main": 2.253278970718384, "loss_total": 2.253278970718384}
{"event": "update", "optimizer_step": 6470, "tokens_seen": 212008960, "lr": 5.731710582645714e-05, "grad_norm": 0.6869312524795532, "elapsed_seconds": 6176.342247947992, "tokens_per_second": 34325.973446571414, "loss_main": 2.4179964661598206, "loss_total": 2.4179964661598206}
{"event": "update", "optimizer_step": 6480, "tokens_seen": 212336640, "lr": 5.686436723737052e-05, "grad_norm": 0.6843697428703308, "elapsed_seconds": 6185.586825999984, "tokens_per_second": 34327.64683012479, "loss_main": 2.4147603511810303, "loss_total": 2.4147603511810303}
{"event": "update", "optimizer_step": 6490, "tokens_seen": 212664320, "lr": 5.641499690315607e-05, "grad_norm": 0.6443046927452087, "elapsed_seconds": 6195.02067389898, "tokens_per_second": 34328.26639239523, "loss_main": 2.3422443866729736, "loss_total": 2.3422443866729736}
{"event": "update", "optimizer_step": 6500, "tokens_seen": 212992000, "lr": 5.596900882099278e-05, "grad_norm": 0.6889817118644714, "elapsed_seconds": 6204.278684602992, "tokens_per_second": 34329.85699507294, "loss_main": 2.278383493423462, "loss_total": 2.278383493423462}
{"event": "update", "optimizer_step": 6510, "tokens_seen": 213319680, "lr": 5.552641688270798e-05, "grad_norm": 0.6662638783454895, "elapsed_seconds": 6213.527263734984, "tokens_per_second": 34331.4949698591, "loss_main": 2.3876869678497314, "loss_total": 2.3876869678497314}
{"event": "update", "optimizer_step": 6520, "tokens_seen": 213647360, "lr": 5.5087234874344376e-05, "grad_norm": 0.6955314874649048, "elapsed_seconds": 6222.781680802989, "tokens_per_second": 34333.09586596824, "loss_main": 2.3409699201583862, "loss_total": 2.3409699201583862}
{"event": "update", "optimizer_step": 6530, "tokens_seen": 213975040, "lr": 5.465147647573069e-05, "grad_norm": 0.6775073409080505, "elapsed_seconds": 6232.197947260982, "tokens_per_second": 34333.80033990109, "loss_main": 2.271204352378845, "loss_total": 2.271204352378845}
{"event": "update", "optimizer_step": 6540, "tokens_seen": 214302720, "lr": 5.421915526005566e-05, "grad_norm": 0.6496468186378479, "elapsed_seconds": 6241.456814641977, "tokens_per_second": 34335.36854685309, "loss_main": 2.1581494212150574, "loss_total": 2.1581494212150574}
{"event": "update", "optimizer_step": 6550, "tokens_seen": 214630400, "lr": 5.3790284693445154e-05, "grad_norm": 0.6956512331962585, "elapsed_seconds": 6250.711036809982, "tokens_per_second": 34336.95762546968, "loss_main": 2.382685601711273, "loss_total": 2.382685601711273}
{"event": "update", "optimizer_step": 6560, "tokens_seen": 214958080, "lr": 5.3364878134542755e-05, "grad_norm": 0.6978155970573425, "elapsed_seconds": 6259.970986800996, "tokens_per_second": 34338.51058626855, "loss_main": 2.3812034726142883, "loss_total": 2.3812034726142883}
{"event": "update", "optimizer_step": 6570, "tokens_seen": 215285760, "lr": 5.2942948834093566e-05, "grad_norm": 0.6778784394264221, "elapsed_seconds": 6269.405182824994, "tokens_per_second": 34339.10454372519, "loss_main": 2.363754451274872, "loss_total": 2.363754451274872}
{"event": "update", "optimizer_step": 6580, "tokens_seen": 215613440, "lr": 5.2524509934531755e-05, "grad_norm": 0.6827951073646545, "elapsed_seconds": 6278.661455274996, "tokens_per_second": 34340.669828415914, "loss_main": 2.4345425367355347, "loss_total": 2.4345425367355347}
{"event": "update", "optimizer_step": 6590, "tokens_seen": 215941120, "lr": 5.210957446957078e-05, "grad_norm": 0.7065775990486145, "elapsed_seconds": 6287.901996331988, "tokens_per_second": 34342.31642381959, "loss_main": 2.526930272579193, "loss_total": 2.526930272579193}
{"event": "update", "optimizer_step": 6600, "tokens_seen": 216268800, "lr": 5.169815536379779e-05, "grad_norm": 0.6882652044296265, "elapsed_seconds": 6297.316344141, "tokens_per_second": 34343.01028901235, "loss_main": 2.3096359372138977, "loss_total": 2.3096359372138977}
{"event": "update", "optimizer_step": 6610, "tokens_seen": 216596480, "lr": 5.129026543227072e-05, "grad_norm": 0.6873356699943542, "elapsed_seconds": 6306.566886695975, "tokens_per_second": 34344.59411774754, "loss_main": 2.220459431409836, "loss_total": 2.220459431409836}
{"event": "update", "optimizer_step": 6620, "tokens_seen": 216924160, "lr": 5.088591738011939e-05, "grad_norm": 0.6812754273414612, "elapsed_seconds": 6315.818687441992, "tokens_per_second": 34346.166464740265, "loss_main": 2.323228657245636, "loss_total": 2.323228657245636}
{"event": "update", "optimizer_step": 6630, "tokens_seen": 217251840, "lr": 5.048512380214967e-05, "grad_norm": 0.6894628405570984, "elapsed_seconds": 6325.049263808003, "tokens_per_second": 34347.849469429, "loss_main": 2.3371612429618835, "loss_total": 2.3371612429618835}
{"event": "update", "optimizer_step": 6640, "tokens_seen": 217579520, "lr": 5.008789718245102e-05, "grad_norm": 0.6574481725692749, "elapsed_seconds": 6334.455195552, "tokens_per_second": 34348.576678351514, "loss_main": 2.301573395729065, "loss_total": 2.301573395729065}
{"event": "update", "optimizer_step": 6650, "tokens_seen": 217907200, "lr": 4.969424989400787e-05, "grad_norm": 0.7239265441894531, "elapsed_seconds": 6343.6962594829965, "tokens_per_second": 34350.19444290972, "loss_main": 2.2714409232139587, "loss_total": 2.2714409232139587}
{"event": "update", "optimizer_step": 6660, "tokens_seen": 218234880, "lr": 4.9304194198314094e-05, "grad_norm": 0.7031344771385193, "elapsed_seconds": 6352.939600056998, "tokens_per_second": 34351.79519069283, "loss_main": 2.2328943014144897, "loss_total": 2.2328943014144897}
{"event": "update", "optimizer_step": 6670, "tokens_seen": 218562560, "lr": 4.89177422449911e-05, "grad_norm": 0.6561135649681091, "elapsed_seconds": 6362.374642024981, "tokens_per_second": 34352.35620303509, "loss_main": 2.113439053297043, "loss_total": 2.113439053297043}
{"event": "update", "optimizer_step": 6680, "tokens_seen": 218890240, "lr": 4.853490607140933e-05, "grad_norm": 0.7533727288246155, "elapsed_seconds": 6371.627172654, "tokens_per_second": 34353.89957206563, "loss_main": 2.3949713706970215, "loss_total": 2.3949713706970215}
{"event": "update", "optimizer_step": 6690, "tokens_seen": 219217920, "lr": 4.815569760231344e-05, "grad_norm": 0.6930369138717651, "elapsed_seconds": 6380.873018107988, "tokens_per_second": 34355.47445904212, "loss_main": 2.25131893157959, "loss_total": 2.25131893157959}
{"event": "update", "optimizer_step": 6700, "tokens_seen": 219545600, "lr": 4.77801286494508e-05, "grad_norm": 0.7023903131484985, "elapsed_seconds": 6390.114597906999, "tokens_per_second": 34357.06772330959, "loss_main": 2.2939743995666504, "loss_total": 2.2939743995666504}
{"event": "update", "optimizer_step": 6710, "tokens_seen": 219873280, "lr": 4.7408210911203566e-05, "grad_norm": 0.71957927942276, "elapsed_seconds": 6399.529911289981, "tokens_per_second": 34357.72362155882, "loss_main": 2.4491673707962036, "loss_total": 2.4491673707962036}
{"event": "evaluation", "tokens_seen": 220004352, "elapsed_seconds": 6403.2184075549885, "parameters": 144630912, "main_loss": 2.3562469631433487, "perplexity": 10.551277716350654}
{"event": "update", "optimizer_step": 6720, "tokens_seen": 220200960, "lr": 4.7039955972224214e-05, "grad_norm": 0.7328329086303711, "elapsed_seconds": 6414.578022518981, "tokens_per_second": 34328.20666097813, "loss_main": 2.3631547689437866, "loss_total": 2.3631547689437866}
{"event": "update", "optimizer_step": 6730, "tokens_seen": 220528640, "lr": 4.667537530307492e-05, "grad_norm": 0.6847653985023499, "elapsed_seconds": 6423.820804474992, "tokens_per_second": 34329.824369691996, "loss_main": 2.4090793132781982, "loss_total": 2.4090793132781982}
{"event": "update", "optimizer_step": 6740, "tokens_seen": 220856320, "lr": 4.631448025987008e-05, "grad_norm": 0.7035102248191833, "elapsed_seconds": 6433.151070978987, "tokens_per_second": 34330.970555987646, "loss_main": 2.3971725702285767, "loss_total": 2.3971725702285767}
{"event": "update", "optimizer_step": 6750, "tokens_seen": 221184000, "lr": 4.595728208392258e-05, "grad_norm": 0.6719275116920471, "elapsed_seconds": 6442.39266794498, "tokens_per_second": 34332.58595064094, "loss_main": 2.445403277873993, "loss_total": 2.445403277873993}
{"event": "update", "optimizer_step": 6760, "tokens_seen": 221511680, "lr": 4.56037919013938e-05, "grad_norm": 0.6868602633476257, "elapsed_seconds": 6451.644595008984, "tokens_per_second": 34334.141742922766, "loss_main": 2.245804786682129, "loss_total": 2.245804786682129}
{"event": "update", "optimizer_step": 6770, "tokens_seen": 221839360, "lr": 4.525402072294689e-05, "grad_norm": 0.689018189907074, "elapsed_seconds": 6461.095453535003, "tokens_per_second": 34334.63591357824, "loss_main": 2.2167909145355225, "loss_total": 2.2167909145355225}
{"event": "update", "optimizer_step": 6780, "tokens_seen": 222167040, "lr": 4.490797944340393e-05, "grad_norm": 0.711929976940155, "elapsed_seconds": 6470.347523196979, "tokens_per_second": 34336.18352082393, "loss_main": 2.306923270225525, "loss_total": 2.306923270225525}
{"event": "update", "optimizer_step": 6790, "tokens_seen": 222494720, "lr": 4.456567884140644e-05, "grad_norm": 0.6867203712463379, "elapsed_seconds": 6479.606190876977, "tokens_per_second": 34337.69174325186, "loss_main": 2.2129274010658264, "loss_total": 2.2129274010658264}
{"event": "update", "optimizer_step": 6800, "tokens_seen": 222822400, "lr": 4.422712957907979e-05, "grad_norm": 0.7245769500732422, "elapsed_seconds": 6488.866209203989, "tokens_per_second": 34339.188514003035, "loss_main": 2.3684257864952087, "loss_total": 2.3684257864952087}
{"event": "update", "optimizer_step": 6810, "tokens_seen": 223150080, "lr": 4.389234220170099e-05, "grad_norm": 0.7042481899261475, "elapsed_seconds": 6498.2984945209755, "tokens_per_second": 34339.77066275864, "loss_main": 2.186310738325119, "loss_total": 2.186310738325119}
{"event": "update", "optimizer_step": 6820, "tokens_seen": 223477760, "lr": 4.356132713737025e-05, "grad_norm": 0.7091960310935974, "elapsed_seconds": 6507.542253307998, "tokens_per_second": 34341.34597995102, "loss_main": 2.397541880607605, "loss_total": 2.397541880607605}
{"event": "update", "optimizer_step": 6830, "tokens_seen": 223805440, "lr": 4.323409469668616e-05, "grad_norm": 0.7111890316009521, "elapsed_seconds": 6516.808327832987, "tokens_per_second": 34342.79922644607, "loss_main": 2.2458446621894836, "loss_total": 2.2458446621894836}
{"event": "update", "optimizer_step": 6840, "tokens_seen": 224133120, "lr": 4.2910655072424535e-05, "grad_norm": 0.6881747245788574, "elapsed_seconds": 6526.238929157, "tokens_per_second": 34343.382525982925, "loss_main": 2.462873637676239, "loss_total": 2.462873637676239}
{"event": "update", "optimizer_step": 6850, "tokens_seen": 224460800, "lr": 4.259101833922094e-05, "grad_norm": 0.7236155271530151, "elapsed_seconds": 6535.493932298996, "tokens_per_second": 34344.88690911251, "loss_main": 2.339065372943878, "loss_total": 2.339065372943878}
{"event": "update", "optimizer_step": 6860, "tokens_seen": 224788480, "lr": 4.227519445325684e-05, "grad_norm": 0.719656765460968, "elapsed_seconds": 6544.752223499992, "tokens_per_second": 34346.36978201567, "loss_main": 2.3598523139953613, "loss_total": 2.3598523139953613}
{"event": "update", "optimizer_step": 6870, "tokens_seen": 225116160, "lr": 4.196319325194951e-05, "grad_norm": 0.7393293976783752, "elapsed_seconds": 6554.0007296559925, "tokens_per_second": 34347.899746391384, "loss_main": 2.574354648590088, "loss_total": 2.574354648590088}
{"event": "update", "optimizer_step": 6880, "tokens_seen": 225443840, "lr": 4.165502445364564e-05, "grad_norm": 0.6697883605957031, "elapsed_seconds": 6563.435681009985, "tokens_per_second": 34348.44964692464, "loss_main": 2.2834166884422302, "loss_total": 2.2834166884422302}
{"event": "update", "optimizer_step": 6890, "tokens_seen": 225771520, "lr": 4.135069765731858e-05, "grad_norm": 0.7172134518623352, "elapsed_seconds": 6572.682748711988, "tokens_per_second": 34349.97985324077, "loss_main": 2.420271575450897, "loss_total": 2.420271575450897}
{"event": "update", "optimizer_step": 6900, "tokens_seen": 226099200, "lr": 4.105022234226932e-05, "grad_norm": 0.651934027671814, "elapsed_seconds": 6581.930602393986, "tokens_per_second": 34351.50165785142, "loss_main": 2.228950023651123, "loss_total": 2.228950023651123}
{"event": "update", "optimizer_step": 6910, "tokens_seen": 226426880, "lr": 4.0753607867831314e-05, "grad_norm": 0.7082359194755554, "elapsed_seconds": 6591.1710590419825, "tokens_per_second": 34353.05774523637, "loss_main": 2.371127188205719, "loss_total": 2.371127188205719}
{"event": "update", "optimizer_step": 6920, "tokens_seen": 226754560, "lr": 4.04608634730789e-05, "grad_norm": 0.6874322891235352, "elapsed_seconds": 6600.5928277569765, "tokens_per_second": 34353.665786873884, "loss_main": 2.356439232826233, "loss_total": 2.356439232826233}
{"event": "update", "optimizer_step": 6930, "tokens_seen": 227082240, "lr": 4.017199827653953e-05, "grad_norm": 0.7108368873596191, "elapsed_seconds": 6609.840734768979, "tokens_per_second": 34355.17573146742, "loss_main": 2.333196222782135, "loss_total": 2.333196222782135}
{"event": "update", "optimizer_step": 6940, "tokens_seen": 227409920, "lr": 3.9887021275909677e-05, "grad_norm": 0.7105658054351807, "elapsed_seconds": 6619.082601640985, "tokens_per_second": 34356.712808451906, "loss_main": 2.341723084449768, "loss_total": 2.341723084449768}
{"event": "update", "optimizer_step": 6950, "tokens_seen": 227737600, "lr": 3.9605941347774664e-05, "grad_norm": 0.6862490773200989, "elapsed_seconds": 6628.512812147994, "tokens_per_second": 34357.26933839942, "loss_main": 2.482346296310425, "loss_total": 2.482346296310425}
{"event": "update", "optimizer_step": 6960, "tokens_seen": 228065280, "lr": 3.932876724733218e-05, "grad_norm": 0.6779412627220154, "elapsed_seconds": 6637.758364610985, "tokens_per_second": 34358.78009900502, "loss_main": 2.3122410774230957, "loss_total": 2.3122410774230957}
{"event": "update", "optimizer_step": 6970, "tokens_seen": 228392960, "lr": 3.9055507608119435e-05, "grad_norm": 0.7082085013389587, "elapsed_seconds": 6647.009051080997, "tokens_per_second": 34360.260117722675, "loss_main": 2.3250288367271423, "loss_total": 2.3250288367271423}
{"event": "update", "optimizer_step": 6980, "tokens_seen": 228720640, "lr": 3.8786170941744407e-05, "grad_norm": 0.7322373390197754, "elapsed_seconds": 6656.249444511981, "tokens_per_second": 34361.78915869479, "loss_main": 2.181637793779373, "loss_total": 2.181637793779373}
{"event": "update", "optimizer_step": 6990, "tokens_seen": 229048320, "lr": 3.852076563762058e-05, "grad_norm": 0.6931126713752747, "elapsed_seconds": 6665.676724808, "tokens_per_second": 34362.35050936971, "loss_main": 2.2637603878974915, "loss_total": 2.2637603878974915}
{"event": "update", "optimizer_step": 7000, "tokens_seen": 229376000, "lr": 3.8259299962705764e-05, "grad_norm": 0.7330535650253296, "elapsed_seconds": 6674.9310306069965, "tokens_per_second": 34363.80075662614, "loss_main": 2.300654709339142, "loss_total": 2.300654709339142}
{"event": "update", "optimizer_step": 7010, "tokens_seen": 229703680, "lr": 3.800178206124443e-05, "grad_norm": 0.7119521498680115, "elapsed_seconds": 6684.195244114002, "tokens_per_second": 34365.19604993189, "loss_main": 2.2740707993507385, "loss_total": 2.2740707993507385}
{"event": "update", "optimizer_step": 7020, "tokens_seen": 230031360, "lr": 3.774821995451416e-05, "grad_norm": 0.6871557235717773, "elapsed_seconds": 6693.609358301997, "tokens_per_second": 34365.81785501048, "loss_main": 2.345845580101013, "loss_total": 2.345845580101013}
{"event": "evaluation", "tokens_seen": 230031360, "elapsed_seconds": 6693.609358301997, "parameters": 144630912, "main_loss": 2.334061309695244, "perplexity": 10.319768314904373}
{"event": "update", "optimizer_step": 7030, "tokens_seen": 230359040, "lr": 3.749862154057574e-05, "grad_norm": 0.7433782815933228, "elapsed_seconds": 6708.795534093981, "tokens_per_second": 34336.8699834895, "loss_main": 2.252001702785492, "loss_total": 2.252001702785492}
{"event": "update", "optimizer_step": 7040, "tokens_seen": 230686720, "lr": 3.725299459402719e-05, "grad_norm": 0.7060207724571228, "elapsed_seconds": 6718.038368666981, "tokens_per_second": 34338.40465632436, "loss_main": 2.281262159347534, "loss_total": 2.281262159347534}
{"event": "update", "optimizer_step": 7050, "tokens_seen": 231014400, "lr": 3.701134676576152e-05, "grad_norm": 0.688866376876831, "elapsed_seconds": 6727.40052282298, "tokens_per_second": 34339.32604670619, "loss_main": 2.1458333134651184, "loss_total": 2.1458333134651184}
{"event": "update", "optimizer_step": 7060, "tokens_seen": 231342080, "lr": 3.677368558272851e-05, "grad_norm": 0.6649138331413269, "elapsed_seconds": 6736.649390377977, "tokens_per_second": 34340.82235753996, "loss_main": 2.1243772506713867, "loss_total": 2.1243772506713867}
{"event": "update", "optimizer_step": 7070, "tokens_seen": 231669760, "lr": 3.654001844770018e-05, "grad_norm": 0.7130114436149597, "elapsed_seconds": 6745.890534674982, "tokens_per_second": 34342.35388332786, "loss_main": 2.4212164282798767, "loss_total": 2.4212164282798767}
{"event": "update", "optimizer_step": 7080, "tokens_seen": 231997440, "lr": 3.631035263904024e-05, "grad_norm": 0.7006509304046631, "elapsed_seconds": 6755.136859263002, "tokens_per_second": 34343.85488161839, "loss_main": 2.279913365840912, "loss_total": 2.279913365840912}
{"event": "update", "optimizer_step": 7090, "tokens_seen": 232325120, "lr": 3.6084695310477375e-05, "grad_norm": 0.6982004642486572, "elapsed_seconds": 6764.567084342998, "tokens_per_second": 34344.41806893018, "loss_main": 2.3887863159179688, "loss_total": 2.3887863159179688}
{"event": "update", "optimizer_step": 7100, "tokens_seen": 232652800, "lr": 3.586305349088246e-05, "grad_norm": 0.6943554282188416, "elapsed_seconds": 6773.809865588992, "tokens_per_second": 34345.93007723439, "loss_main": 2.239855319261551, "loss_total": 2.239855319261551}
{"event": "update", "optimizer_step": 7110, "tokens_seen": 232980480, "lr": 3.564543408404956e-05, "grad_norm": 0.6971822381019592, "elapsed_seconds": 6783.061316873995, "tokens_per_second": 34347.394062386295, "loss_main": 2.4302499890327454, "loss_total": 2.4302499890327454}
{"event": "update", "optimizer_step": 7120, "tokens_seen": 233308160, "lr": 3.543184386848083e-05, "grad_norm": 0.7437022924423218, "elapsed_seconds": 6792.485092574992, "tokens_per_second": 34347.98263378363, "loss_main": 2.3364858627319336, "loss_total": 2.3364858627319336}
{"event": "update", "optimizer_step": 7130, "tokens_seen": 233635840, "lr": 3.522228949717559e-05, "grad_norm": 0.6941697001457214, "elapsed_seconds": 6801.72346702998, "tokens_per_second": 34349.50584693775, "loss_main": 2.1813302636146545, "loss_total": 2.1813302636146545}
{"event": "update", "optimizer_step": 7140, "tokens_seen": 233963520, "lr": 3.501677749742288e-05, "grad_norm": 0.6684644222259521, "elapsed_seconds": 6810.975987277983, "tokens_per_second": 34350.95358389361, "loss_main": 2.2432384490966797, "loss_total": 2.2432384490966797}
{"event": "update", "optimizer_step": 7150, "tokens_seen": 234291200, "lr": 3.481531427059825e-05, "grad_norm": 0.7152687311172485, "elapsed_seconds": 6820.208180207002, "tokens_per_second": 34352.49977851687, "loss_main": 2.3700344562530518, "loss_total": 2.3700344562530518}
{"event": "update", "optimizer_step": 7160, "tokens_seen": 234618880, "lr": 3.4617906091964294e-05, "grad_norm": 0.6936926245689392, "elapsed_seconds": 6829.632542944979, "tokens_per_second": 34353.07515077977, "loss_main": 2.1940613985061646, "loss_total": 2.1940613985061646}
{"event": "update", "optimizer_step": 7170, "tokens_seen": 234946560, "lr": 3.4424559110475285e-05, "grad_norm": 0.6832090616226196, "elapsed_seconds": 6838.873135420989, "tokens_per_second": 34354.57206877067, "loss_main": 2.265583038330078, "loss_total": 2.265583038330078}
{"event": "update", "optimizer_step": 7180, "tokens_seen": 235274240, "lr": 3.423527934858561e-05, "grad_norm": 0.7068867683410645, "elapsed_seconds": 6848.123424570978, "tokens_per_second": 34356.01630015006, "loss_main": 2.3052316308021545, "loss_total": 2.3052316308021545}
{"event": "update", "optimizer_step": 7190, "tokens_seen": 235601920, "lr": 3.4050072702062084e-05, "grad_norm": 0.7053799629211426, "elapsed_seconds": 6857.435970141989, "tokens_per_second": 34357.14471499785, "loss_main": 2.305708885192871, "loss_total": 2.305708885192871}
{"event": "update", "optimizer_step": 7200, "tokens_seen": 235929600, "lr": 3.386894493980045e-05, "grad_norm": 0.7184086441993713, "elapsed_seconds": 6866.77291523898, "tokens_per_second": 34358.147984829506, "loss_main": 2.2764291763305664, "loss_total": 2.2764291763305664}
{"event": "update", "optimizer_step": 7210, "tokens_seen": 236257280, "lr": 3.369190170364561e-05, "grad_norm": 0.7219663262367249, "elapsed_seconds": 6876.026585007989, "tokens_per_second": 34359.56465251589, "loss_main": 2.2401198148727417, "loss_total": 2.2401198148727417}
{"event": "update", "optimizer_step": 7220, "tokens_seen": 236584960, "lr": 3.35189485082159e-05, "grad_norm": 0.7578518390655518, "elapsed_seconds": 6885.276744226983, "tokens_per_second": 34360.99503166181, "loss_main": 2.50344181060791, "loss_total": 2.50344181060791}
{"event": "update", "optimizer_step": 7230, "tokens_seen": 236912640, "lr": 3.335009074073129e-05, "grad_norm": 0.7233911156654358, "elapsed_seconds": 6894.693954119983, "tokens_per_second": 34361.58900982557, "loss_main": 2.2820741534233093, "loss_total": 2.2820741534233093}
{"event": "update", "optimizer_step": 7240, "tokens_seen": 237240320, "lr": 3.3185333660845665e-05, "grad_norm": 0.7997198700904846, "elapsed_seconds": 6903.948681018985, "tokens_per_second": 34362.99007439677, "loss_main": 2.3134403228759766, "loss_total": 2.3134403228759766}
{"event": "update", "optimizer_step": 7250, "tokens_seen": 237568000, "lr": 3.3024682400482896e-05, "grad_norm": 0.7304033637046814, "elapsed_seconds": 6913.194371783, "tokens_per_second": 34364.43230493579, "loss_main": 2.3200783133506775, "loss_total": 2.3200783133506775}
{"event": "update", "optimizer_step": 7260, "tokens_seen": 237895680, "lr": 3.286814196367707e-05, "grad_norm": 0.7234086394309998, "elapsed_seconds": 6922.458182575996, "tokens_per_second": 34365.780727833, "loss_main": 2.276107907295227, "loss_total": 2.276107907295227}
{"event": "update", "optimizer_step": 7270, "tokens_seen": 238223360, "lr": 3.271571722641656e-05, "grad_norm": 0.7305304408073425, "elapsed_seconds": 6931.876356697991, "tokens_per_second": 34366.360238063746, "loss_main": 2.3835849165916443, "loss_total": 2.3835849165916443}
{"event": "update", "optimizer_step": 7280, "tokens_seen": 238551040, "lr": 3.2567412936492165e-05, "grad_norm": 0.7364185452461243, "elapsed_seconds": 6941.131399559992, "tokens_per_second": 34367.74587138951, "loss_main": 2.261970043182373, "loss_total": 2.261970043182373}
{"event": "update", "optimizer_step": 7290, "tokens_seen": 238878720, "lr": 3.242323371334927e-05, "grad_norm": 0.7380913496017456, "elapsed_seconds": 6950.38341284098, "tokens_per_second": 34369.14279558542, "loss_main": 2.615959405899048, "loss_total": 2.615959405899048}
{"event": "update", "optimizer_step": 7300, "tokens_seen": 239206400, "lr": 3.228318404794388e-05, "grad_norm": 0.745973527431488, "elapsed_seconds": 6959.802016394999, "tokens_per_second": 34369.71331030805, "loss_main": 2.269182026386261, "loss_total": 2.269182026386261}
{"event": "update", "optimizer_step": 7310, "tokens_seen": 239534080, "lr": 3.214726830260278e-05, "grad_norm": 0.7678432464599609, "elapsed_seconds": 6969.041168862983, "tokens_per_second": 34371.16730924415, "loss_main": 2.423461377620697, "loss_total": 2.423461377620697}
{"event": "update", "optimizer_step": 7320, "tokens_seen": 239861760, "lr": 3.201549071088767e-05, "grad_norm": 0.7288507223129272, "elapsed_seconds": 6978.2884393279965, "tokens_per_second": 34372.57747160398, "loss_main": 2.309789478778839, "loss_total": 2.309789478778839}
{"event": "evaluation", "tokens_seen": 240025600, "elapsed_seconds": 6982.908323371987, "parameters": 144630912, "main_loss": 2.3212490305304527, "perplexity": 10.188391974674365}
{"event": "update", "optimizer_step": 7330, "tokens_seen": 240189440, "lr": 3.188785537746326e-05, "grad_norm": 0.6975176334381104, "elapsed_seconds": 6993.534851242002, "tokens_per_second": 34344.49746930825, "loss_main": 2.2533225417137146, "loss_total": 2.2533225417137146}
{"event": "update", "optimizer_step": 7340, "tokens_seen": 240517120, "lr": 3.176436627796941e-05, "grad_norm": 0.7242611050605774, "elapsed_seconds": 7002.782562875975, "tokens_per_second": 34345.93575346169, "loss_main": 2.33145934343338, "loss_total": 2.33145934343338}
{"event": "update", "optimizer_step": 7350, "tokens_seen": 240844800, "lr": 3.164502725889732e-05, "grad_norm": 0.7216863036155701, "elapsed_seconds": 7012.053829377983, "tokens_per_second": 34347.25486432334, "loss_main": 2.314652681350708, "loss_total": 2.314652681350708}
{"event": "update", "optimizer_step": 7360, "tokens_seen": 241172480, "lr": 3.152984203746975e-05, "grad_norm": 0.7215364575386047, "elapsed_seconds": 7021.334134531993, "tokens_per_second": 34348.52627421289, "loss_main": 2.285585194826126, "loss_total": 2.285585194826126}
{"event": "update", "optimizer_step": 7370, "tokens_seen": 241500160, "lr": 3.141881420152517e-05, "grad_norm": 0.7492327690124512, "elapsed_seconds": 7030.785706547002, "tokens_per_second": 34348.95758167075, "loss_main": 2.4337587356567383, "loss_total": 2.4337587356567383}
{"event": "update", "optimizer_step": 7380, "tokens_seen": 241827840, "lr": 3.131194720940601e-05, "grad_norm": 0.7565913796424866, "elapsed_seconds": 7040.034757399, "tokens_per_second": 34350.37586225573, "loss_main": 2.351213186979294, "loss_total": 2.351213186979294}
{"event": "update", "optimizer_step": 7390, "tokens_seen": 242155520, "lr": 3.120924438985098e-05, "grad_norm": 0.8112444281578064, "elapsed_seconds": 7049.292259537993, "tokens_per_second": 34351.74923728737, "loss_main": 2.398153066635132, "loss_total": 2.398153066635132}
{"event": "update", "optimizer_step": 7400, "tokens_seen": 242483200, "lr": 3.11107089418914e-05, "grad_norm": 0.7302159070968628, "elapsed_seconds": 7058.735688753979, "tokens_per_second": 34352.21414882069, "loss_main": 2.386103630065918, "loss_total": 2.386103630065918}
{"event": "update", "optimizer_step": 7410, "tokens_seen": 242810880, "lr": 3.101634393475146e-05, "grad_norm": 0.7298200726509094, "elapsed_seconds": 7067.992181962996, "tokens_per_second": 34353.58638619264, "loss_main": 2.217024087905884, "loss_total": 2.217024087905884}
{"event": "update", "optimizer_step": 7420, "tokens_seen": 243138560, "lr": 3.0926152307752715e-05, "grad_norm": 0.746476948261261, "elapsed_seconds": 7077.25082616898, "tokens_per_second": 34354.94459246324, "loss_main": 2.402014136314392, "loss_total": 2.402014136314392}
{"event": "update", "optimizer_step": 7430, "tokens_seen": 243466240, "lr": 3.0840136870222475e-05, "grad_norm": 0.7355148196220398, "elapsed_seconds": 7086.503894163994, "tokens_per_second": 34356.32628389631, "loss_main": 2.383531332015991, "loss_total": 2.383531332015991}
{"event": "update", "optimizer_step": 7440, "tokens_seen": 243793920, "lr": 3.075830030140633e-05, "grad_norm": 0.7406876683235168, "elapsed_seconds": 7095.919902805996, "tokens_per_second": 34356.91543017483, "loss_main": 2.287990391254425, "loss_total": 2.287990391254425}
{"event": "update", "optimizer_step": 7450, "tokens_seen": 244121600, "lr": 3.068064515038466e-05, "grad_norm": 0.744664192199707, "elapsed_seconds": 7105.176123475976, "tokens_per_second": 34358.275679248254, "loss_main": 2.3786914944648743, "loss_total": 2.3786914944648743}
{"event": "update", "optimizer_step": 7460, "tokens_seen": 244449280, "lr": 3.0607173835993296e-05, "grad_norm": 0.7169368863105774, "elapsed_seconds": 7114.428111392976, "tokens_per_second": 34359.65283120105, "loss_main": 2.2508709728717804, "loss_total": 2.2508709728717804}
{"event": "update", "optimizer_step": 7470, "tokens_seen": 244776960, "lr": 3.05378886467481e-05, "grad_norm": 0.7187445163726807, "elapsed_seconds": 7123.846034668997, "tokens_per_second": 34360.226036436696, "loss_main": 2.2381481528282166, "loss_total": 2.2381481528282166}
{"event": "update", "optimizer_step": 7480, "tokens_seen": 245104640, "lr": 3.0472791740773754e-05, "grad_norm": 0.7273931503295898, "elapsed_seconds": 7133.102454762993, "tokens_per_second": 34361.57570347753, "loss_main": 2.3294132351875305, "loss_total": 2.3294132351875305}
{"event": "update", "optimizer_step": 7490, "tokens_seen": 245432320, "lr": 3.0411885145736462e-05, "grad_norm": 0.7228131294250488, "elapsed_seconds": 7142.362102377985, "tokens_per_second": 34362.90634414706, "loss_main": 2.267628312110901, "loss_total": 2.267628312110901}
{"event": "update", "optimizer_step": 7500, "tokens_seen": 245760000, "lr": 3.0355170758780884e-05, "grad_norm": 0.7641627788543701, "elapsed_seconds": 7151.611068339989, "tokens_per_second": 34364.284865542206, "loss_main": 2.2701046466827393, "loss_total": 2.2701046466827393}
{"event": "update", "optimizer_step": 7510, "tokens_seen": 246087680, "lr": 3.0302650346470967e-05, "grad_norm": 0.7448893189430237, "elapsed_seconds": 7161.054015289992, "tokens_per_second": 34364.72891763748, "loss_main": 2.322181820869446, "loss_total": 2.322181820869446}
{"event": "update", "optimizer_step": 7520, "tokens_seen": 246415360, "lr": 3.0254325544734923e-05, "grad_norm": 0.7628298997879028, "elapsed_seconds": 7170.31435041799, "tokens_per_second": 34366.0470040111, "loss_main": 2.3538267612457275, "loss_total": 2.3538267612457275}
{"event": "update", "optimizer_step": 7530, "tokens_seen": 246743040, "lr": 3.0210197858814328e-05, "grad_norm": 0.757632851600647, "elapsed_seconds": 7179.573098715977, "tokens_per_second": 34367.36928608311, "loss_main": 2.2568745017051697, "loss_total": 2.2568745017051697}
{"event": "update", "optimizer_step": 7540, "tokens_seen": 247070720, "lr": 3.017026866321718e-05, "grad_norm": 0.7217884659767151, "elapsed_seconds": 7189.011617449985, "tokens_per_second": 34367.82872909565, "loss_main": 2.259566843509674, "loss_total": 2.259566843509674}
{"event": "update", "optimizer_step": 7550, "tokens_seen": 247398400, "lr": 3.013453920167512e-05, "grad_norm": 0.7094096541404724, "elapsed_seconds": 7198.256193383975, "tokens_per_second": 34369.21295290762, "loss_main": 1.997145652770996, "loss_total": 1.997145652770996}
{"event": "update", "optimizer_step": 7560, "tokens_seen": 247726080, "lr": 3.0103010587104696e-05, "grad_norm": 0.7338185906410217, "elapsed_seconds": 7207.4942418949795, "tokens_per_second": 34370.62475333569, "loss_main": 2.288335084915161, "loss_total": 2.288335084915161}
{"event": "update", "optimizer_step": 7570, "tokens_seen": 248053760, "lr": 3.0075683801572625e-05, "grad_norm": 0.7803233861923218, "elapsed_seconds": 7216.754615286976, "tokens_per_second": 34371.926610135415, "loss_main": 2.338188886642456, "loss_total": 2.338188886642456}
{"event": "update", "optimizer_step": 7580, "tokens_seen": 248381440, "lr": 3.0052559696265323e-05, "grad_norm": 0.7681897282600403, "elapsed_seconds": 7226.1603082839865, "tokens_per_second": 34372.53387739799, "loss_main": 2.2050512433052063, "loss_total": 2.2050512433052063}
{"event": "update", "optimizer_step": 7590, "tokens_seen": 248709120, "lr": 3.0033638991462287e-05, "grad_norm": 0.7101437449455261, "elapsed_seconds": 7235.4129255639855, "tokens_per_second": 34373.866779775206, "loss_main": 2.229212522506714, "loss_total": 2.229212522506714}
{"event": "update", "optimizer_step": 7600, "tokens_seen": 249036800, "lr": 3.00189222765137e-05, "grad_norm": 0.7388046383857727, "elapsed_seconds": 7244.65672650098, "tokens_per_second": 34375.238110181606, "loss_main": 2.28390771150589, "loss_total": 2.28390771150589}
{"event": "update", "optimizer_step": 7610, "tokens_seen": 249364480, "lr": 3.0008410009822102e-05, "grad_norm": 0.7447761297225952, "elapsed_seconds": 7253.907968210988, "tokens_per_second": 34376.57068338849, "loss_main": 2.415902853012085, "loss_total": 2.415902853012085}
{"event": "update", "optimizer_step": 7620, "tokens_seen": 249692160, "lr": 3.0002102518828067e-05, "grad_norm": 0.7570593357086182, "elapsed_seconds": 7263.327079188981, "tokens_per_second": 34377.10532345743, "loss_main": 2.4679381251335144, "loss_total": 2.4679381251335144}
{"event": "update", "optimizer_step": 7630, "tokens_seen": 250000000, "lr": 2.9999999999999997e-05, "grad_norm": 1.0988174676895142, "elapsed_seconds": 7272.144366569002, "tokens_per_second": 34377.75536322995, "loss_main": 2.138623244691603, "loss_total": 2.138623244691603}
{"event": "evaluation", "tokens_seen": 250000000, "elapsed_seconds": 7272.144366569002, "parameters": 144630912, "main_loss": 2.311445437371731, "perplexity": 10.088997134174441}
{"event": "complete", "tokens_seen": 250000000, "elapsed_seconds": 7272.144366569002, "heldout": {"main_loss": 2.311445437371731, "perplexity": 10.088997134174441}}
