{"event": "model_size", "parameters": null, "dim": 1280, "n_layers": 24, "n_heads": 20, "n_kv_heads": 20, "ffn_dim": 4352}
{"event": "initial_evaluation", "main_loss": 9.942172288894653, "perplexity": 20788.854669755077}
{"event": "update", "optimizer_step": 10, "tokens_seen": 327680, "lr": 1.4999999999999998e-06, "grad_norm": 15.105672836303711, "elapsed_seconds": 37.274215328041464, "tokens_per_second": 8791.063664685269, "loss_main": 9.93953800201416, "loss_total": 9.93953800201416}
{"event": "update", "optimizer_step": 20, "tokens_seen": 655360, "lr": 2.9999999999999997e-06, "grad_norm": 15.228087425231934, "elapsed_seconds": 72.10857025202131, "tokens_per_second": 9088.517463451291, "loss_main": 9.837249755859375, "loss_total": 9.837249755859375}
{"event": "update", "optimizer_step": 30, "tokens_seen": 983040, "lr": 4.499999999999999e-06, "grad_norm": 14.961492538452148, "elapsed_seconds": 107.01822909503244, "tokens_per_second": 9185.724790185588, "loss_main": 9.709861755371094, "loss_total": 9.709861755371094}
{"event": "update", "optimizer_step": 40, "tokens_seen": 1310720, "lr": 5.999999999999999e-06, "grad_norm": 15.569684982299805, "elapsed_seconds": 141.84177589201136, "tokens_per_second": 9240.7190459734, "loss_main": 9.480306625366211, "loss_total": 9.480306625366211}
{"event": "update", "optimizer_step": 50, "tokens_seen": 1638400, "lr": 7.499999999999999e-06, "grad_norm": 14.903731346130371, "elapsed_seconds": 176.64744178100955, "tokens_per_second": 9274.971567553921, "loss_main": 9.22521984577179, "loss_total": 9.22521984577179}
{"event": "update", "optimizer_step": 60, "tokens_seen": 1966080, "lr": 8.999999999999999e-06, "grad_norm": 13.195551872253418, "elapsed_seconds": 211.39241394103738, "tokens_per_second": 9300.617573478246, "loss_main": 8.902685046195984, "loss_total": 8.902685046195984}
{"event": "update", "optimizer_step": 70, "tokens_seen": 2293760, "lr": 1.05e-05, "grad_norm": 13.412491798400879, "elapsed_seconds": 246.1991167300148, "tokens_per_second": 9316.686552191686, "loss_main": 8.521243333816528, "loss_total": 8.521243333816528}
{"event": "update", "optimizer_step": 80, "tokens_seen": 2621440, "lr": 1.1999999999999999e-05, "grad_norm": 9.422679901123047, "elapsed_seconds": 281.02427702903515, "tokens_per_second": 9328.162063838903, "loss_main": 8.233246326446533, "loss_total": 8.233246326446533}
{"event": "update", "optimizer_step": 90, "tokens_seen": 2949120, "lr": 1.3499999999999998e-05, "grad_norm": 7.3062052726745605, "elapsed_seconds": 315.85386145301163, "tokens_per_second": 9336.976240952905, "loss_main": 7.88833624124527, "loss_total": 7.88833624124527}
{"event": "update", "optimizer_step": 100, "tokens_seen": 3276800, "lr": 1.4999999999999999e-05, "grad_norm": 6.289200305938721, "elapsed_seconds": 350.6666851500049, "tokens_per_second": 9344.486199475383, "loss_main": 7.715551376342773, "loss_total": 7.715551376342773}
{"event": "update", "optimizer_step": 110, "tokens_seen": 3604480, "lr": 1.6499999999999998e-05, "grad_norm": 4.8320417404174805, "elapsed_seconds": 385.47013421804877, "tokens_per_second": 9350.867110137915, "loss_main": 7.414072692394257, "loss_total": 7.414072692394257}
{"event": "update", "optimizer_step": 120, "tokens_seen": 3932160, "lr": 1.7999999999999997e-05, "grad_norm": 4.628472328186035, "elapsed_seconds": 420.3084358830238, "tokens_per_second": 9355.415367143289, "loss_main": 7.2271711230278015, "loss_total": 7.2271711230278015}
{"event": "update", "optimizer_step": 130, "tokens_seen": 4259840, "lr": 1.95e-05, "grad_norm": 4.175712585449219, "elapsed_seconds": 455.19278707902413, "tokens_per_second": 9358.320520268848, "loss_main": 6.974230051040649, "loss_total": 6.974230051040649}
{"event": "update", "optimizer_step": 140, "tokens_seen": 4587520, "lr": 2.1e-05, "grad_norm": 4.334601879119873, "elapsed_seconds": 490.2042580569978, "tokens_per_second": 9358.38464191103, "loss_main": 6.748807787895203, "loss_total": 6.748807787895203}
{"event": "update", "optimizer_step": 150, "tokens_seen": 4915200, "lr": 2.2499999999999998e-05, "grad_norm": 4.525136470794678, "elapsed_seconds": 525.041789178038, "tokens_per_second": 9361.540550314729, "loss_main": 6.577809929847717, "loss_total": 6.577809929847717}
{"event": "update", "optimizer_step": 160, "tokens_seen": 5242880, "lr": 2.3999999999999997e-05, "grad_norm": 4.123620510101318, "elapsed_seconds": 559.8892713080277, "tokens_per_second": 9364.137283344346, "loss_main": 6.459095656871796, "loss_total": 6.459095656871796}
{"event": "update", "optimizer_step": 170, "tokens_seen": 5570560, "lr": 2.55e-05, "grad_norm": 4.075735092163086, "elapsed_seconds": 594.7073146220064, "tokens_per_second": 9366.893365925096, "loss_main": 6.453722894191742, "loss_total": 6.453722894191742}
{"event": "update", "optimizer_step": 180, "tokens_seen": 5898240, "lr": 2.6999999999999996e-05, "grad_norm": 5.121829509735107, "elapsed_seconds": 629.5506184950355, "tokens_per_second": 9368.968636866668, "loss_main": 6.151027619838715, "loss_total": 6.151027619838715}
{"event": "update", "optimizer_step": 190, "tokens_seen": 6225920, "lr": 2.8499999999999998e-05, "grad_norm": 4.95383358001709, "elapsed_seconds": 664.5294891160447, "tokens_per_second": 9368.914550777425, "loss_main": 6.11432009935379, "loss_total": 6.11432009935379}
{"event": "update", "optimizer_step": 200, "tokens_seen": 6553600, "lr": 2.9999999999999997e-05, "grad_norm": 4.623733997344971, "elapsed_seconds": 699.4524585400359, "tokens_per_second": 9369.61464640399, "loss_main": 6.002005338668823, "loss_total": 6.002005338668823}
{"event": "update", "optimizer_step": 210, "tokens_seen": 6881280, "lr": 3.15e-05, "grad_norm": 5.244943618774414, "elapsed_seconds": 734.3116307180026, "tokens_per_second": 9371.062246789626, "loss_main": 5.916171729564667, "loss_total": 5.916171729564667}
{"event": "update", "optimizer_step": 220, "tokens_seen": 7208960, "lr": 3.2999999999999996e-05, "grad_norm": 3.997030258178711, "elapsed_seconds": 769.1620413670316, "tokens_per_second": 9372.485396168948, "loss_main": 5.916372179985046, "loss_total": 5.916372179985046}
{"event": "update", "optimizer_step": 230, "tokens_seen": 7536640, "lr": 3.45e-05, "grad_norm": 4.586551666259766, "elapsed_seconds": 804.0130171430064, "tokens_per_second": 9373.778582318015, "loss_main": 5.872329354286194, "loss_total": 5.872329354286194}
{"event": "update", "optimizer_step": 240, "tokens_seen": 7864320, "lr": 3.5999999999999994e-05, "grad_norm": 3.835951805114746, "elapsed_seconds": 838.8421170820366, "tokens_per_second": 9375.20880252951, "loss_main": 5.693892419338226, "loss_total": 5.693892419338226}
{"event": "update", "optimizer_step": 250, "tokens_seen": 8192000, "lr": 3.75e-05, "grad_norm": 4.123013019561768, "elapsed_seconds": 873.6662523749983, "tokens_per_second": 9376.578273145658, "loss_main": 5.660560309886932, "loss_total": 5.660560309886932}
{"event": "update", "optimizer_step": 260, "tokens_seen": 8519680, "lr": 3.9e-05, "grad_norm": 4.528140544891357, "elapsed_seconds": 908.4867357410258, "tokens_per_second": 9377.880451992234, "loss_main": 5.640800833702087, "loss_total": 5.640800833702087}
{"event": "update", "optimizer_step": 270, "tokens_seen": 8847360, "lr": 4.0499999999999995e-05, "grad_norm": 4.317646503448486, "elapsed_seconds": 943.3484956040047, "tokens_per_second": 9378.676110926785, "loss_main": 5.594374060630798, "loss_total": 5.594374060630798}
{"event": "update", "optimizer_step": 280, "tokens_seen": 9175040, "lr": 4.2e-05, "grad_norm": 4.174371242523193, "elapsed_seconds": 978.194936276006, "tokens_per_second": 9379.561945934245, "loss_main": 5.542087018489838, "loss_total": 5.542087018489838}
{"event": "update", "optimizer_step": 290, "tokens_seen": 9502720, "lr": 4.35e-05, "grad_norm": 4.049874305725098, "elapsed_seconds": 1013.0247099430417, "tokens_per_second": 9380.54117212432, "loss_main": 5.477855384349823, "loss_total": 5.477855384349823}
{"event": "update", "optimizer_step": 300, "tokens_seen": 9830400, "lr": 4.4999999999999996e-05, "grad_norm": 4.323486328125, "elapsed_seconds": 1047.8719387450255, "tokens_per_second": 9381.299027601875, "loss_main": 5.336698412895203, "loss_total": 5.336698412895203}
{"event": "update", "optimizer_step": 310, "tokens_seen": 10158080, "lr": 4.649999999999999e-05, "grad_norm": 4.60992956161499, "elapsed_seconds": 1082.7096984000527, "tokens_per_second": 9382.090153076904, "loss_main": 5.19653183221817, "loss_total": 5.19653183221817}
{"event": "update", "optimizer_step": 320, "tokens_seen": 10485760, "lr": 4.7999999999999994e-05, "grad_norm": 4.11477518081665, "elapsed_seconds": 1117.9790354940342, "tokens_per_second": 9379.20986628014, "loss_main": 5.200991332530975, "loss_total": 5.200991332530975}
{"event": "update", "optimizer_step": 330, "tokens_seen": 10813440, "lr": 4.95e-05, "grad_norm": 3.599348306655884, "elapsed_seconds": 1152.9375049570226, "tokens_per_second": 9379.033948941653, "loss_main": 5.2594252824783325, "loss_total": 5.2594252824783325}
{"event": "update", "optimizer_step": 340, "tokens_seen": 11141120, "lr": 5.1e-05, "grad_norm": 4.485596656799316, "elapsed_seconds": 1187.6901677910355, "tokens_per_second": 9380.493585057775, "loss_main": 5.11174213886261, "loss_total": 5.11174213886261}
{"event": "update", "optimizer_step": 350, "tokens_seen": 11468800, "lr": 5.2499999999999995e-05, "grad_norm": 4.091958999633789, "elapsed_seconds": 1222.4086728540133, "tokens_per_second": 9382.132387218155, "loss_main": 5.3690701723098755, "loss_total": 5.3690701723098755}
{"event": "update", "optimizer_step": 360, "tokens_seen": 11796480, "lr": 5.399999999999999e-05, "grad_norm": 3.728062629699707, "elapsed_seconds": 1257.1308679820504, "tokens_per_second": 9383.653126691368, "loss_main": 5.04548305273056, "loss_total": 5.04548305273056}
{"event": "update", "optimizer_step": 370, "tokens_seen": 12124160, "lr": 5.5499999999999994e-05, "grad_norm": 3.529892683029175, "elapsed_seconds": 1291.8064048950328, "tokens_per_second": 9385.431094054038, "loss_main": 5.006346762180328, "loss_total": 5.006346762180328}
{"event": "update", "optimizer_step": 380, "tokens_seen": 12451840, "lr": 5.6999999999999996e-05, "grad_norm": 4.207322120666504, "elapsed_seconds": 1326.5202068700455, "tokens_per_second": 9386.845323208758, "loss_main": 4.964111030101776, "loss_total": 4.964111030101776}
{"event": "update", "optimizer_step": 390, "tokens_seen": 12779520, "lr": 5.85e-05, "grad_norm": 4.2451171875, "elapsed_seconds": 1361.257134377025, "tokens_per_second": 9388.027931878209, "loss_main": 5.0766183733940125, "loss_total": 5.0766183733940125}
{"event": "update", "optimizer_step": 400, "tokens_seen": 13107200, "lr": 5.9999999999999995e-05, "grad_norm": 4.241168022155762, "elapsed_seconds": 1395.9921725000022, "tokens_per_second": 9389.164393756642, "loss_main": 4.970478296279907, "loss_total": 4.970478296279907}
{"event": "update", "optimizer_step": 410, "tokens_seen": 13434880, "lr": 6.149999999999999e-05, "grad_norm": 3.3970954418182373, "elapsed_seconds": 1430.7178334370255, "tokens_per_second": 9390.30721922664, "loss_main": 4.929448246955872, "loss_total": 4.929448246955872}
{"event": "update", "optimizer_step": 420, "tokens_seen": 13762560, "lr": 6.3e-05, "grad_norm": 4.757697105407715, "elapsed_seconds": 1465.456595220021, "tokens_per_second": 9391.311926187562, "loss_main": 4.881432056427002, "loss_total": 4.881432056427002}
{"event": "update", "optimizer_step": 430, "tokens_seen": 14090240, "lr": 6.449999999999998e-05, "grad_norm": 3.573162317276001, "elapsed_seconds": 1500.1795843850123, "tokens_per_second": 9392.368851477333, "loss_main": 4.845229625701904, "loss_total": 4.845229625701904}
{"event": "update", "optimizer_step": 440, "tokens_seen": 14417920, "lr": 6.599999999999999e-05, "grad_norm": 3.032538652420044, "elapsed_seconds": 1534.9022050320054, "tokens_per_second": 9393.380211933021, "loss_main": 4.643884778022766, "loss_total": 4.643884778022766}
{"event": "update", "optimizer_step": 450, "tokens_seen": 14745600, "lr": 6.749999999999999e-05, "grad_norm": 3.1152989864349365, "elapsed_seconds": 1569.6299987600069, "tokens_per_second": 9394.315865298757, "loss_main": 4.693315804004669, "loss_total": 4.693315804004669}
{"event": "update", "optimizer_step": 460, "tokens_seen": 15073280, "lr": 6.9e-05, "grad_norm": 3.2756028175354004, "elapsed_seconds": 1604.3647318489966, "tokens_per_second": 9395.170375397347, "loss_main": 4.616723895072937, "loss_total": 4.616723895072937}
{"event": "update", "optimizer_step": 470, "tokens_seen": 15400960, "lr": 7.049999999999999e-05, "grad_norm": 3.031351089477539, "elapsed_seconds": 1639.0856691220542, "tokens_per_second": 9396.067752974277, "loss_main": 4.812968969345093, "loss_total": 4.812968969345093}
{"event": "update", "optimizer_step": 480, "tokens_seen": 15728640, "lr": 7.199999999999999e-05, "grad_norm": 2.6529903411865234, "elapsed_seconds": 1673.888488733035, "tokens_per_second": 9396.46822704719, "loss_main": 4.550597071647644, "loss_total": 4.550597071647644}
{"event": "update", "optimizer_step": 490, "tokens_seen": 16056320, "lr": 7.35e-05, "grad_norm": 2.6759514808654785, "elapsed_seconds": 1708.6783438030398, "tokens_per_second": 9396.92368562659, "loss_main": 4.735371768474579, "loss_total": 4.735371768474579}
{"event": "update", "optimizer_step": 500, "tokens_seen": 16384000, "lr": 7.5e-05, "grad_norm": 2.8987479209899902, "elapsed_seconds": 1747.9121571730357, "tokens_per_second": 9373.46875972215, "loss_main": 4.551461398601532, "loss_total": 4.551461398601532}
{"event": "update", "optimizer_step": 510, "tokens_seen": 16711680, "lr": 7.65e-05, "grad_norm": 2.916264772415161, "elapsed_seconds": 1795.254031323013, "tokens_per_second": 9308.810735650777, "loss_main": 4.449800610542297, "loss_total": 4.449800610542297}
{"event": "update", "optimizer_step": 520, "tokens_seen": 17039360, "lr": 7.8e-05, "grad_norm": 2.7945003509521484, "elapsed_seconds": 1829.970584218041, "tokens_per_second": 9311.27535434185, "loss_main": 4.481496155261993, "loss_total": 4.481496155261993}
{"event": "update", "optimizer_step": 530, "tokens_seen": 17367040, "lr": 7.949999999999998e-05, "grad_norm": 2.700239896774292, "elapsed_seconds": 1864.679160564032, "tokens_per_second": 9313.688042047288, "loss_main": 4.4481921792030334, "loss_total": 4.4481921792030334}
{"event": "update", "optimizer_step": 540, "tokens_seen": 17694720, "lr": 8.099999999999999e-05, "grad_norm": 2.349074363708496, "elapsed_seconds": 1899.390376247, "tokens_per_second": 9315.999607707261, "loss_main": 4.427253425121307, "loss_total": 4.427253425121307}
{"event": "update", "optimizer_step": 550, "tokens_seen": 18022400, "lr": 8.249999999999999e-05, "grad_norm": 2.8090226650238037, "elapsed_seconds": 1934.1220695180236, "tokens_per_second": 9318.12954520038, "loss_main": 4.513961434364319, "loss_total": 4.513961434364319}
{"event": "update", "optimizer_step": 560, "tokens_seen": 18350080, "lr": 8.4e-05, "grad_norm": 2.8843276500701904, "elapsed_seconds": 1968.856383603008, "tokens_per_second": 9320.171929665761, "loss_main": 4.358805865049362, "loss_total": 4.358805865049362}
{"event": "update", "optimizer_step": 570, "tokens_seen": 18677760, "lr": 8.549999999999999e-05, "grad_norm": 2.4619674682617188, "elapsed_seconds": 2003.591453770001, "tokens_per_second": 9322.139982607494, "loss_main": 4.350799322128296, "loss_total": 4.350799322128296}
{"event": "update", "optimizer_step": 580, "tokens_seen": 19005440, "lr": 8.7e-05, "grad_norm": 2.629380941390991, "elapsed_seconds": 2038.310274411051, "tokens_per_second": 9324.115292256685, "loss_main": 4.315953254699707, "loss_total": 4.315953254699707}
{"event": "update", "optimizer_step": 590, "tokens_seen": 19333120, "lr": 8.85e-05, "grad_norm": 2.848736047744751, "elapsed_seconds": 2073.0570082150516, "tokens_per_second": 9325.898865003355, "loss_main": 4.502314805984497, "loss_total": 4.502314805984497}
{"event": "update", "optimizer_step": 600, "tokens_seen": 19660800, "lr": 8.999999999999999e-05, "grad_norm": 2.4587159156799316, "elapsed_seconds": 2107.79363752302, "tokens_per_second": 9327.668349499549, "loss_main": 4.269017964601517, "loss_total": 4.269017964601517}
{"event": "update", "optimizer_step": 610, "tokens_seen": 19988480, "lr": 9.15e-05, "grad_norm": 2.306298017501831, "elapsed_seconds": 2142.510198723001, "tokens_per_second": 9329.467841933132, "loss_main": 4.140317022800446, "loss_total": 4.140317022800446}
{"event": "update", "optimizer_step": 620, "tokens_seen": 20316160, "lr": 9.299999999999998e-05, "grad_norm": 2.237191915512085, "elapsed_seconds": 2177.2217629270162, "tokens_per_second": 9331.23136372077, "loss_main": 4.37066125869751, "loss_total": 4.37066125869751}
{"event": "update", "optimizer_step": 630, "tokens_seen": 20643840, "lr": 9.449999999999999e-05, "grad_norm": 2.5717179775238037, "elapsed_seconds": 2211.9284422740457, "tokens_per_second": 9332.960147108748, "loss_main": 4.352001905441284, "loss_total": 4.352001905441284}
{"event": "update", "optimizer_step": 640, "tokens_seen": 20971520, "lr": 9.599999999999999e-05, "grad_norm": 2.3689146041870117, "elapsed_seconds": 2246.6262539910385, "tokens_per_second": 9334.672361611088, "loss_main": 4.169543504714966, "loss_total": 4.169543504714966}
{"event": "update", "optimizer_step": 650, "tokens_seen": 21299200, "lr": 9.749999999999998e-05, "grad_norm": 2.1148159503936768, "elapsed_seconds": 2281.341779299022, "tokens_per_second": 9336.259999825415, "loss_main": 4.024852156639099, "loss_total": 4.024852156639099}
{"event": "update", "optimizer_step": 660, "tokens_seen": 21626880, "lr": 9.9e-05, "grad_norm": 2.0109877586364746, "elapsed_seconds": 2316.0333597080316, "tokens_per_second": 9337.896584842962, "loss_main": 4.011981159448624, "loss_total": 4.011981159448624}
{"event": "update", "optimizer_step": 670, "tokens_seen": 21954560, "lr": 0.00010049999999999999, "grad_norm": 2.2096352577209473, "elapsed_seconds": 2350.755844152998, "tokens_per_second": 9339.36208415998, "loss_main": 4.065405011177063, "loss_total": 4.065405011177063}
{"event": "update", "optimizer_step": 680, "tokens_seen": 22282240, "lr": 0.000102, "grad_norm": 2.2175800800323486, "elapsed_seconds": 2385.4710780740133, "tokens_per_second": 9340.813311385977, "loss_main": 4.065282315015793, "loss_total": 4.065282315015793}
{"event": "update", "optimizer_step": 690, "tokens_seen": 22609920, "lr": 0.0001035, "grad_norm": 2.3559117317199707, "elapsed_seconds": 2420.208379916032, "tokens_per_second": 9342.13772153968, "loss_main": 4.157250493764877, "loss_total": 4.157250493764877}
{"event": "update", "optimizer_step": 700, "tokens_seen": 22937600, "lr": 0.00010499999999999999, "grad_norm": 2.053255558013916, "elapsed_seconds": 2454.928358473, "tokens_per_second": 9343.490583272054, "loss_main": 4.04543399810791, "loss_total": 4.04543399810791}
{"event": "update", "optimizer_step": 710, "tokens_seen": 23265280, "lr": 0.0001065, "grad_norm": 1.7887629270553589, "elapsed_seconds": 2489.6144841860514, "tokens_per_second": 9344.932778862063, "loss_main": 3.9240356981754303, "loss_total": 3.9240356981754303}
{"event": "update", "optimizer_step": 720, "tokens_seen": 23592960, "lr": 0.00010799999999999998, "grad_norm": 2.3070547580718994, "elapsed_seconds": 2524.347011930018, "tokens_per_second": 9346.163537936782, "loss_main": 3.9761719405651093, "loss_total": 3.9761719405651093}
{"event": "update", "optimizer_step": 730, "tokens_seen": 23920640, "lr": 0.00010949999999999999, "grad_norm": 2.4073431491851807, "elapsed_seconds": 2559.0680211190484, "tokens_per_second": 9347.402961778173, "loss_main": 3.9623512029647827, "loss_total": 3.9623512029647827}
{"event": "update", "optimizer_step": 740, "tokens_seen": 24248320, "lr": 0.00011099999999999999, "grad_norm": 1.98866605758667, "elapsed_seconds": 2593.795135599037, "tokens_per_second": 9348.587198425696, "loss_main": 3.8101769983768463, "loss_total": 3.8101769983768463}
{"event": "update", "optimizer_step": 750, "tokens_seen": 24576000, "lr": 0.00011249999999999998, "grad_norm": 1.808233380317688, "elapsed_seconds": 2628.559392559051, "tokens_per_second": 9349.608028477483, "loss_main": 3.8405768275260925, "loss_total": 3.8405768275260925}
{"event": "update", "optimizer_step": 760, "tokens_seen": 24903680, "lr": 0.00011399999999999999, "grad_norm": 1.7904846668243408, "elapsed_seconds": 2663.284179577022, "tokens_per_second": 9350.740784993946, "loss_main": 3.8631013929843903, "loss_total": 3.8631013929843903}
{"event": "update", "optimizer_step": 770, "tokens_seen": 25231360, "lr": 0.00011549999999999999, "grad_norm": 1.769946575164795, "elapsed_seconds": 2697.9865726890275, "tokens_per_second": 9351.922005620816, "loss_main": 3.8818357288837433, "loss_total": 3.8818357288837433}
{"event": "update", "optimizer_step": 780, "tokens_seen": 25559040, "lr": 0.000117, "grad_norm": 1.7030211687088013, "elapsed_seconds": 2732.7010192230227, "tokens_per_second": 9353.031971008337, "loss_main": 4.030673086643219, "loss_total": 4.030673086643219}
{"event": "update", "optimizer_step": 790, "tokens_seen": 25886720, "lr": 0.0001185, "grad_norm": 1.7467138767242432, "elapsed_seconds": 2767.4055572210345, "tokens_per_second": 9354.147581460686, "loss_main": 3.7918774485588074, "loss_total": 3.7918774485588074}
{"event": "update", "optimizer_step": 800, "tokens_seen": 26214400, "lr": 0.00011999999999999999, "grad_norm": 1.9213844537734985, "elapsed_seconds": 2802.136549087998, "tokens_per_second": 9355.147238821004, "loss_main": 3.647326558828354, "loss_total": 3.647326558828354}
{"event": "update", "optimizer_step": 810, "tokens_seen": 26542080, "lr": 0.00012149999999999999, "grad_norm": 1.7854286432266235, "elapsed_seconds": 2836.8360400220263, "tokens_per_second": 9356.2263118294, "loss_main": 3.698337882757187, "loss_total": 3.698337882757187}
{"event": "update", "optimizer_step": 820, "tokens_seen": 26869760, "lr": 0.00012299999999999998, "grad_norm": 1.9100840091705322, "elapsed_seconds": 2871.5470443440136, "tokens_per_second": 9357.241788158906, "loss_main": 3.5767917037010193, "loss_total": 3.5767917037010193}
{"event": "update", "optimizer_step": 830, "tokens_seen": 27197440, "lr": 0.0001245, "grad_norm": 1.657120943069458, "elapsed_seconds": 2906.2329119660426, "tokens_per_second": 9358.313949311501, "loss_main": 3.9387370347976685, "loss_total": 3.9387370347976685}
{"event": "update", "optimizer_step": 840, "tokens_seen": 27525120, "lr": 0.000126, "grad_norm": 2.7110605239868164, "elapsed_seconds": 2940.9537167300005, "tokens_per_second": 9359.249635048573, "loss_main": 3.810401529073715, "loss_total": 3.810401529073715}
{"event": "update", "optimizer_step": 850, "tokens_seen": 27852800, "lr": 0.0001275, "grad_norm": 1.5948982238769531, "elapsed_seconds": 2975.6678495620145, "tokens_per_second": 9360.184472235242, "loss_main": 3.8090456426143646, "loss_total": 3.8090456426143646}
{"event": "update", "optimizer_step": 860, "tokens_seen": 28180480, "lr": 0.00012899999999999996, "grad_norm": 1.5809156894683838, "elapsed_seconds": 3010.3623366010142, "tokens_per_second": 9361.158840373497, "loss_main": 3.609916538000107, "loss_total": 3.609916538000107}
{"event": "update", "optimizer_step": 870, "tokens_seen": 28508160, "lr": 0.00013049999999999997, "grad_norm": 1.6101303100585938, "elapsed_seconds": 3045.0875025000423, "tokens_per_second": 9362.016683131293, "loss_main": 3.577059745788574, "loss_total": 3.577059745788574}
{"event": "update", "optimizer_step": 880, "tokens_seen": 28835840, "lr": 0.00013199999999999998, "grad_norm": 1.5168571472167969, "elapsed_seconds": 3079.8064036000287, "tokens_per_second": 9362.874226864838, "loss_main": 3.5835340321063995, "loss_total": 3.5835340321063995}
{"event": "update", "optimizer_step": 890, "tokens_seen": 29163520, "lr": 0.0001335, "grad_norm": 2.2080342769622803, "elapsed_seconds": 3114.5458504990092, "tokens_per_second": 9363.650881982505, "loss_main": 3.629334479570389, "loss_total": 3.629334479570389}
{"event": "update", "optimizer_step": 900, "tokens_seen": 29491200, "lr": 0.00013499999999999997, "grad_norm": 1.6290839910507202, "elapsed_seconds": 3149.2499779880163, "tokens_per_second": 9364.515426254366, "loss_main": 3.5700147449970245, "loss_total": 3.5700147449970245}
{"event": "update", "optimizer_step": 910, "tokens_seen": 29818880, "lr": 0.00013649999999999998, "grad_norm": 3.193981170654297, "elapsed_seconds": 3183.97524424101, "tokens_per_second": 9365.298946320221, "loss_main": 3.539047986268997, "loss_total": 3.539047986268997}
{"event": "update", "optimizer_step": 920, "tokens_seen": 30146560, "lr": 0.000138, "grad_norm": 1.5625098943710327, "elapsed_seconds": 3218.6772464420064, "tokens_per_second": 9366.13325654961, "loss_main": 3.613194555044174, "loss_total": 3.613194555044174}
{"event": "update", "optimizer_step": 930, "tokens_seen": 30474240, "lr": 0.00013949999999999998, "grad_norm": 1.4497038125991821, "elapsed_seconds": 3253.427786101005, "tokens_per_second": 9366.810024242506, "loss_main": 3.2732293009757996, "loss_total": 3.2732293009757996}
{"event": "update", "optimizer_step": 940, "tokens_seen": 30801920, "lr": 0.00014099999999999998, "grad_norm": 1.4251388311386108, "elapsed_seconds": 3288.1178630210343, "tokens_per_second": 9367.644738774668, "loss_main": 3.3624866902828217, "loss_total": 3.3624866902828217}
{"event": "update", "optimizer_step": 950, "tokens_seen": 31129600, "lr": 0.0001425, "grad_norm": 1.3644959926605225, "elapsed_seconds": 3322.798264358018, "tokens_per_second": 9368.489304304605, "loss_main": 3.4259937703609467, "loss_total": 3.4259937703609467}
{"event": "update", "optimizer_step": 960, "tokens_seen": 31457280, "lr": 0.00014399999999999998, "grad_norm": 1.458060622215271, "elapsed_seconds": 3357.5338935410255, "tokens_per_second": 9369.162307047794, "loss_main": 3.4392450749874115, "loss_total": 3.4392450749874115}
{"event": "update", "optimizer_step": 970, "tokens_seen": 31784960, "lr": 0.00014549999999999999, "grad_norm": 1.3885279893875122, "elapsed_seconds": 3392.2437460049987, "tokens_per_second": 9369.892725849295, "loss_main": 3.5630488097667694, "loss_total": 3.5630488097667694}
{"event": "update", "optimizer_step": 980, "tokens_seen": 32112640, "lr": 0.000147, "grad_norm": 1.280449628829956, "elapsed_seconds": 3426.946523619001, "tokens_per_second": 9370.627693976296, "loss_main": 3.472416341304779, "loss_total": 3.472416341304779}
{"event": "update", "optimizer_step": 990, "tokens_seen": 32440320, "lr": 0.0001485, "grad_norm": 1.315447449684143, "elapsed_seconds": 3461.6723763720365, "tokens_per_second": 9371.28545769507, "loss_main": 3.3512983918190002, "loss_total": 3.3512983918190002}
{"event": "update", "optimizer_step": 1000, "tokens_seen": 32768000, "lr": 0.00015, "grad_norm": 1.2820172309875488, "elapsed_seconds": 3496.40952481603, "tokens_per_second": 9371.899878268448, "loss_main": 3.3787382543087006, "loss_total": 3.3787382543087006}
{"event": "update", "optimizer_step": 1010, "tokens_seen": 33095680, "lr": 0.0001515, "grad_norm": 1.2370692491531372, "elapsed_seconds": 3531.143844730046, "tokens_per_second": 9372.509717890052, "loss_main": 3.386964440345764, "loss_total": 3.386964440345764}
{"event": "update", "optimizer_step": 1020, "tokens_seen": 33423360, "lr": 0.000153, "grad_norm": 1.4728103876113892, "elapsed_seconds": 3565.8731989969965, "tokens_per_second": 9373.120729419452, "loss_main": 3.505470395088196, "loss_total": 3.505470395088196}
{"event": "update", "optimizer_step": 1030, "tokens_seen": 33751040, "lr": 0.0001545, "grad_norm": 1.2505030632019043, "elapsed_seconds": 3600.6443350980408, "tokens_per_second": 9373.611181477885, "loss_main": 3.390661746263504, "loss_total": 3.390661746263504}
{"event": "update", "optimizer_step": 1040, "tokens_seen": 34078720, "lr": 0.000156, "grad_norm": 1.2555958032608032, "elapsed_seconds": 3635.3528405350517, "tokens_per_second": 9374.25375056147, "loss_main": 3.410417377948761, "loss_total": 3.410417377948761}
{"event": "update", "optimizer_step": 1050, "tokens_seen": 34406400, "lr": 0.00015749999999999998, "grad_norm": 1.9322973489761353, "elapsed_seconds": 3670.081675430003, "tokens_per_second": 9374.832236116052, "loss_main": 3.3065168857574463, "loss_total": 3.3065168857574463}
{"event": "update", "optimizer_step": 1060, "tokens_seen": 34734080, "lr": 0.00015899999999999996, "grad_norm": 1.2601689100265503, "elapsed_seconds": 3704.7862547600525, "tokens_per_second": 9375.46125781813, "loss_main": 3.2647999823093414, "loss_total": 3.2647999823093414}
{"event": "update", "optimizer_step": 1070, "tokens_seen": 35061760, "lr": 0.00016049999999999997, "grad_norm": 1.189254879951477, "elapsed_seconds": 3739.5192543860176, "tokens_per_second": 9376.007346098477, "loss_main": 3.2856379747390747, "loss_total": 3.2856379747390747}
{"event": "update", "optimizer_step": 1080, "tokens_seen": 35389440, "lr": 0.00016199999999999998, "grad_norm": 1.2297238111495972, "elapsed_seconds": 3774.2252965420485, "tokens_per_second": 9376.610355620229, "loss_main": 3.3517271280288696, "loss_total": 3.3517271280288696}
{"event": "update", "optimizer_step": 1090, "tokens_seen": 35717120, "lr": 0.0001635, "grad_norm": 1.1566299200057983, "elapsed_seconds": 3808.9512933510123, "tokens_per_second": 9377.153250121255, "loss_main": 3.2463615238666534, "loss_total": 3.2463615238666534}
{"event": "update", "optimizer_step": 1100, "tokens_seen": 36044800, "lr": 0.00016499999999999997, "grad_norm": 1.2496002912521362, "elapsed_seconds": 3843.699819686997, "tokens_per_second": 9377.631368449378, "loss_main": 3.333775073289871, "loss_total": 3.333775073289871}
{"event": "update", "optimizer_step": 1110, "tokens_seen": 36372480, "lr": 0.00016649999999999998, "grad_norm": 1.1071149110794067, "elapsed_seconds": 3878.44846380502, "tokens_per_second": 9378.100634684248, "loss_main": 3.097622185945511, "loss_total": 3.097622185945511}
{"event": "update", "optimizer_step": 1120, "tokens_seen": 36700160, "lr": 0.000168, "grad_norm": 1.1467909812927246, "elapsed_seconds": 3913.1604923380073, "tokens_per_second": 9378.649322423433, "loss_main": 3.1568258702754974, "loss_total": 3.1568258702754974}
{"event": "update", "optimizer_step": 1130, "tokens_seen": 37027840, "lr": 0.00016949999999999997, "grad_norm": 1.2186439037322998, "elapsed_seconds": 3947.86003839405, "tokens_per_second": 9379.218016822742, "loss_main": 3.169126272201538, "loss_total": 3.169126272201538}
{"event": "update", "optimizer_step": 1140, "tokens_seen": 37355520, "lr": 0.00017099999999999998, "grad_norm": 1.8523831367492676, "elapsed_seconds": 3982.577949649014, "tokens_per_second": 9379.733547536001, "loss_main": 3.336173266172409, "loss_total": 3.336173266172409}
{"event": "update", "optimizer_step": 1150, "tokens_seen": 37683200, "lr": 0.0001725, "grad_norm": 1.0344321727752686, "elapsed_seconds": 4017.2803532740218, "tokens_per_second": 9380.276377596792, "loss_main": 3.319224715232849, "loss_total": 3.319224715232849}
{"event": "update", "optimizer_step": 1160, "tokens_seen": 38010880, "lr": 0.000174, "grad_norm": 2.083482265472412, "elapsed_seconds": 4052.017820100009, "tokens_per_second": 9380.728735063125, "loss_main": 3.343834549188614, "loss_total": 3.343834549188614}
{"event": "update", "optimizer_step": 1170, "tokens_seen": 38338560, "lr": 0.00017549999999999998, "grad_norm": 1.3242316246032715, "elapsed_seconds": 4086.744367078005, "tokens_per_second": 9381.19846909138, "loss_main": 3.095373958349228, "loss_total": 3.095373958349228}
{"event": "update", "optimizer_step": 1180, "tokens_seen": 38666240, "lr": 0.000177, "grad_norm": 1.0683726072311401, "elapsed_seconds": 4121.421957920014, "tokens_per_second": 9381.771727036159, "loss_main": 2.9798021614551544, "loss_total": 2.9798021614551544}
{"event": "update", "optimizer_step": 1190, "tokens_seen": 38993920, "lr": 0.0001785, "grad_norm": 1.0480889081954956, "elapsed_seconds": 4156.166409002035, "tokens_per_second": 9382.184485092139, "loss_main": 3.1002190113067627, "loss_total": 3.1002190113067627}
{"event": "update", "optimizer_step": 1200, "tokens_seen": 39321600, "lr": 0.00017999999999999998, "grad_norm": 1.043062686920166, "elapsed_seconds": 4190.908162548032, "tokens_per_second": 9382.596438499106, "loss_main": 3.2996194660663605, "loss_total": 3.2996194660663605}
{"event": "update", "optimizer_step": 1210, "tokens_seen": 39649280, "lr": 0.0001815, "grad_norm": 1.0226104259490967, "elapsed_seconds": 4225.6378644510405, "tokens_per_second": 9383.028378640038, "loss_main": 3.1776968836784363, "loss_total": 3.1776968836784363}
{"event": "update", "optimizer_step": 1220, "tokens_seen": 39976960, "lr": 0.000183, "grad_norm": 0.9381406903266907, "elapsed_seconds": 4260.373285903013, "tokens_per_second": 9383.44067931283, "loss_main": 3.108125925064087, "loss_total": 3.108125925064087}
{"event": "update", "optimizer_step": 1230, "tokens_seen": 40304640, "lr": 0.00018449999999999999, "grad_norm": 1.0553205013275146, "elapsed_seconds": 4295.109424732043, "tokens_per_second": 9383.844743958873, "loss_main": 3.1613462269306183, "loss_total": 3.1613462269306183}
{"event": "update", "optimizer_step": 1240, "tokens_seen": 40632320, "lr": 0.00018599999999999997, "grad_norm": 1.0446937084197998, "elapsed_seconds": 4329.842152914032, "tokens_per_second": 9384.249717429997, "loss_main": 3.0222568809986115, "loss_total": 3.0222568809986115}
{"event": "update", "optimizer_step": 1250, "tokens_seen": 40960000, "lr": 0.00018749999999999998, "grad_norm": 0.9915530681610107, "elapsed_seconds": 4364.564079181, "tokens_per_second": 9384.671471632064, "loss_main": 3.112755596637726, "loss_total": 3.112755596637726}
{"event": "update", "optimizer_step": 1260, "tokens_seen": 41287680, "lr": 0.00018899999999999999, "grad_norm": 0.9369810223579407, "elapsed_seconds": 4399.30065831705, "tokens_per_second": 9385.055309176023, "loss_main": 3.152888774871826, "loss_total": 3.152888774871826}
{"event": "update", "optimizer_step": 1270, "tokens_seen": 41615360, "lr": 0.00019049999999999997, "grad_norm": 1.040576457977295, "elapsed_seconds": 4434.045658081013, "tokens_per_second": 9385.41530896425, "loss_main": 3.0858882665634155, "loss_total": 3.0858882665634155}
{"event": "update", "optimizer_step": 1280, "tokens_seen": 41943040, "lr": 0.00019199999999999998, "grad_norm": 0.9764754176139832, "elapsed_seconds": 4468.774234741053, "tokens_per_second": 9385.804204188093, "loss_main": 3.1679112315177917, "loss_total": 3.1679112315177917}
{"event": "update", "optimizer_step": 1290, "tokens_seen": 42270720, "lr": 0.0001935, "grad_norm": 0.9400506019592285, "elapsed_seconds": 4503.526423757023, "tokens_per_second": 9386.137888969255, "loss_main": 3.3123947381973267, "loss_total": 3.3123947381973267}
{"event": "update", "optimizer_step": 1300, "tokens_seen": 42598400, "lr": 0.00019499999999999997, "grad_norm": 0.9680799245834351, "elapsed_seconds": 4538.2438040450215, "tokens_per_second": 9386.538458341804, "loss_main": 3.2878875732421875, "loss_total": 3.2878875732421875}
{"event": "update", "optimizer_step": 1310, "tokens_seen": 42926080, "lr": 0.00019649999999999998, "grad_norm": 0.9901650547981262, "elapsed_seconds": 4573.067066556017, "tokens_per_second": 9386.715605797508, "loss_main": 2.998315691947937, "loss_total": 2.998315691947937}
{"event": "update", "optimizer_step": 1320, "tokens_seen": 43253760, "lr": 0.000198, "grad_norm": 0.8657294511795044, "elapsed_seconds": 4607.763434868015, "tokens_per_second": 9387.14858334279, "loss_main": 3.0629264414310455, "loss_total": 3.0629264414310455}
{"event": "update", "optimizer_step": 1330, "tokens_seen": 43581440, "lr": 0.00019949999999999997, "grad_norm": 1.2435503005981445, "elapsed_seconds": 4642.509534043027, "tokens_per_second": 9387.474528683668, "loss_main": 3.1539610624313354, "loss_total": 3.1539610624313354}
{"event": "update", "optimizer_step": 1340, "tokens_seen": 43909120, "lr": 0.00020099999999999998, "grad_norm": 0.8465051054954529, "elapsed_seconds": 4677.22753593704, "tokens_per_second": 9387.852026147624, "loss_main": 3.095922440290451, "loss_total": 3.095922440290451}
{"event": "update", "optimizer_step": 1350, "tokens_seen": 44236800, "lr": 0.0002025, "grad_norm": 0.9053286910057068, "elapsed_seconds": 4712.522070826031, "tokens_per_second": 9387.07539936168, "loss_main": 3.2035813331604004, "loss_total": 3.2035813331604004}
{"event": "update", "optimizer_step": 1360, "tokens_seen": 44564480, "lr": 0.000204, "grad_norm": 0.9482948184013367, "elapsed_seconds": 4747.508925445029, "tokens_per_second": 9386.91863456003, "loss_main": 3.19287770986557, "loss_total": 3.19287770986557}
{"event": "update", "optimizer_step": 1370, "tokens_seen": 44892160, "lr": 0.00020549999999999998, "grad_norm": 0.8742530345916748, "elapsed_seconds": 4782.2557302960195, "tokens_per_second": 9387.235340762756, "loss_main": 3.0390210151672363, "loss_total": 3.0390210151672363}
{"event": "update", "optimizer_step": 1380, "tokens_seen": 45219840, "lr": 0.000207, "grad_norm": 0.9783077239990234, "elapsed_seconds": 4816.957289062033, "tokens_per_second": 9387.635655952701, "loss_main": 3.277310609817505, "loss_total": 3.277310609817505}
{"event": "update", "optimizer_step": 1390, "tokens_seen": 45547520, "lr": 0.0002085, "grad_norm": 0.8581702709197998, "elapsed_seconds": 4851.709986538044, "tokens_per_second": 9387.93129151988, "loss_main": 2.9938539266586304, "loss_total": 2.9938539266586304}
{"event": "update", "optimizer_step": 1400, "tokens_seen": 45875200, "lr": 0.00020999999999999998, "grad_norm": 0.943077802658081, "elapsed_seconds": 4886.419932551042, "tokens_per_second": 9388.304859842458, "loss_main": 3.232702672481537, "loss_total": 3.232702672481537}
{"event": "update", "optimizer_step": 1410, "tokens_seen": 46202880, "lr": 0.0002115, "grad_norm": 0.8618460297584534, "elapsed_seconds": 4921.178023042041, "tokens_per_second": 9388.581307903905, "loss_main": 3.0992678701877594, "loss_total": 3.0992678701877594}
{"event": "update", "optimizer_step": 1420, "tokens_seen": 46530560, "lr": 0.000213, "grad_norm": 1.0269664525985718, "elapsed_seconds": 4955.8955177790485, "tokens_per_second": 9388.930786186622, "loss_main": 3.15788733959198, "loss_total": 3.15788733959198}
{"event": "update", "optimizer_step": 1430, "tokens_seen": 46858240, "lr": 0.00021449999999999996, "grad_norm": 0.9059686064720154, "elapsed_seconds": 4990.629742486053, "tokens_per_second": 9389.243926690871, "loss_main": 3.1008538007736206, "loss_total": 3.1008538007736206}
{"event": "update", "optimizer_step": 1440, "tokens_seen": 47185920, "lr": 0.00021599999999999996, "grad_norm": 0.8731979727745056, "elapsed_seconds": 5025.388664024009, "tokens_per_second": 9389.506594344992, "loss_main": 3.119071066379547, "loss_total": 3.119071066379547}
{"event": "update", "optimizer_step": 1450, "tokens_seen": 47513600, "lr": 0.00021749999999999997, "grad_norm": 0.8278005719184875, "elapsed_seconds": 5060.122294572997, "tokens_per_second": 9389.812584363532, "loss_main": 3.1211986243724823, "loss_total": 3.1211986243724823}
{"event": "update", "optimizer_step": 1460, "tokens_seen": 47841280, "lr": 0.00021899999999999998, "grad_norm": 0.8826496601104736, "elapsed_seconds": 5094.85419717402, "tokens_per_second": 9390.11758698341, "loss_main": 3.0275216698646545, "loss_total": 3.0275216698646545}
{"event": "update", "optimizer_step": 1470, "tokens_seen": 48168960, "lr": 0.00022049999999999997, "grad_norm": 0.8740967512130737, "elapsed_seconds": 5129.556869941007, "tokens_per_second": 9390.47196888841, "loss_main": 3.100484549999237, "loss_total": 3.100484549999237}
{"event": "update", "optimizer_step": 1480, "tokens_seen": 48496640, "lr": 0.00022199999999999998, "grad_norm": 0.832988440990448, "elapsed_seconds": 5164.286702867015, "tokens_per_second": 9390.7721995908, "loss_main": 3.1784455478191376, "loss_total": 3.1784455478191376}
{"event": "update", "optimizer_step": 1490, "tokens_seen": 48824320, "lr": 0.00022349999999999998, "grad_norm": 0.811723530292511, "elapsed_seconds": 5199.014177639037, "tokens_per_second": 9391.072678738487, "loss_main": 3.0474621951580048, "loss_total": 3.0474621951580048}
{"event": "update", "optimizer_step": 1500, "tokens_seen": 49152000, "lr": 0.00022499999999999997, "grad_norm": 0.770038366317749, "elapsed_seconds": 5233.74345344305, "tokens_per_second": 9391.36593859316, "loss_main": 2.875987857580185, "loss_total": 2.875987857580185}
{"event": "update", "optimizer_step": 1510, "tokens_seen": 49479680, "lr": 0.00022649999999999998, "grad_norm": 0.8373511433601379, "elapsed_seconds": 5268.468091040035, "tokens_per_second": 9391.663600307076, "loss_main": 3.0488336980342865, "loss_total": 3.0488336980342865}
{"event": "update", "optimizer_step": 1520, "tokens_seen": 49807360, "lr": 0.00022799999999999999, "grad_norm": 0.8214302659034729, "elapsed_seconds": 5303.200650251005, "tokens_per_second": 9391.943334756263, "loss_main": 3.1195965707302094, "loss_total": 3.1195965707302094}
{"event": "update", "optimizer_step": 1530, "tokens_seen": 50135040, "lr": 0.0002295, "grad_norm": 0.9093390107154846, "elapsed_seconds": 5337.938141962048, "tokens_per_second": 9392.210750042907, "loss_main": 3.0203621983528137, "loss_total": 3.0203621983528137}
{"event": "update", "optimizer_step": 1540, "tokens_seen": 50462720, "lr": 0.00023099999999999998, "grad_norm": 0.7897034287452698, "elapsed_seconds": 5372.645032546017, "tokens_per_second": 9392.528204322194, "loss_main": 3.145949810743332, "loss_total": 3.145949810743332}
{"event": "update", "optimizer_step": 1550, "tokens_seen": 50790400, "lr": 0.00023249999999999999, "grad_norm": 0.8385958671569824, "elapsed_seconds": 5407.389357364038, "tokens_per_second": 9392.776558771608, "loss_main": 3.0564993619918823, "loss_total": 3.0564993619918823}
{"event": "update", "optimizer_step": 1560, "tokens_seen": 51118080, "lr": 0.000234, "grad_norm": 0.8298031091690063, "elapsed_seconds": 5442.095998645003, "tokens_per_second": 9393.086783608302, "loss_main": 3.0353665351867676, "loss_total": 3.0353665351867676}
{"event": "update", "optimizer_step": 1570, "tokens_seen": 51445760, "lr": 0.00023549999999999998, "grad_norm": 0.8282263875007629, "elapsed_seconds": 5476.816624127037, "tokens_per_second": 9393.369092068162, "loss_main": 3.0668075680732727, "loss_total": 3.0668075680732727}
{"event": "update", "optimizer_step": 1580, "tokens_seen": 51773440, "lr": 0.000237, "grad_norm": 0.791020393371582, "elapsed_seconds": 5511.610540930007, "tokens_per_second": 9393.52293046162, "loss_main": 2.9274283945560455, "loss_total": 2.9274283945560455}
{"event": "update", "optimizer_step": 1590, "tokens_seen": 52101120, "lr": 0.0002385, "grad_norm": 0.8039960265159607, "elapsed_seconds": 5546.327374749002, "tokens_per_second": 9393.805392231796, "loss_main": 3.163444012403488, "loss_total": 3.163444012403488}
{"event": "update", "optimizer_step": 1600, "tokens_seen": 52428800, "lr": 0.00023999999999999998, "grad_norm": 0.8402613401412964, "elapsed_seconds": 5581.027512005006, "tokens_per_second": 9394.112443850818, "loss_main": 3.1116509437561035, "loss_total": 3.1116509437561035}
{"event": "update", "optimizer_step": 1610, "tokens_seen": 52756480, "lr": 0.0002415, "grad_norm": 0.7835885286331177, "elapsed_seconds": 5615.770059800008, "tokens_per_second": 9394.344753830394, "loss_main": 3.1879113018512726, "loss_total": 3.1879113018512726}
{"event": "update", "optimizer_step": 1620, "tokens_seen": 53084160, "lr": 0.00024299999999999997, "grad_norm": 1.0338877439498901, "elapsed_seconds": 5650.501276769035, "tokens_per_second": 9394.593045796744, "loss_main": 3.216467708349228, "loss_total": 3.216467708349228}
{"event": "update", "optimizer_step": 1630, "tokens_seen": 53411840, "lr": 0.0002445, "grad_norm": 0.8009509444236755, "elapsed_seconds": 5685.222711988026, "tokens_per_second": 9394.854468475656, "loss_main": 3.1451737880706787, "loss_total": 3.1451737880706787}
{"event": "update", "optimizer_step": 1640, "tokens_seen": 53739520, "lr": 0.00024599999999999996, "grad_norm": 0.7494713068008423, "elapsed_seconds": 5719.91697012604, "tokens_per_second": 9395.157356421529, "loss_main": 2.723605364561081, "loss_total": 2.723605364561081}
{"event": "update", "optimizer_step": 1650, "tokens_seen": 54067200, "lr": 0.00024749999999999994, "grad_norm": 0.747650682926178, "elapsed_seconds": 5754.620337073051, "tokens_per_second": 9395.44172040027, "loss_main": 2.902951240539551, "loss_total": 2.902951240539551}
{"event": "update", "optimizer_step": 1660, "tokens_seen": 54394880, "lr": 0.000249, "grad_norm": 0.9027553796768188, "elapsed_seconds": 5789.325073331012, "tokens_per_second": 9395.720452902939, "loss_main": 3.151941567659378, "loss_total": 3.151941567659378}
{"event": "update", "optimizer_step": 1670, "tokens_seen": 54722560, "lr": 0.0002505, "grad_norm": 0.7501811981201172, "elapsed_seconds": 5824.036735721049, "tokens_per_second": 9395.984689513645, "loss_main": 3.123671978712082, "loss_total": 3.123671978712082}
{"event": "update", "optimizer_step": 1680, "tokens_seen": 55050240, "lr": 0.000252, "grad_norm": 0.745086133480072, "elapsed_seconds": 5858.793286769011, "tokens_per_second": 9396.17380328483, "loss_main": 3.014923542737961, "loss_total": 3.014923542737961}
{"event": "update", "optimizer_step": 1690, "tokens_seen": 55377920, "lr": 0.0002535, "grad_norm": 0.7287511229515076, "elapsed_seconds": 5893.508994217031, "tokens_per_second": 9396.425805804189, "loss_main": 3.120992988348007, "loss_total": 3.120992988348007}
{"event": "update", "optimizer_step": 1700, "tokens_seen": 55705600, "lr": 0.000255, "grad_norm": 0.7070685029029846, "elapsed_seconds": 5928.22591976705, "tokens_per_second": 9396.672926086621, "loss_main": 2.9056754112243652, "loss_total": 2.9056754112243652}
{"event": "update", "optimizer_step": 1710, "tokens_seen": 56033280, "lr": 0.00025649999999999995, "grad_norm": 0.7520512342453003, "elapsed_seconds": 5962.9362299090135, "tokens_per_second": 9396.92759398418, "loss_main": 3.008039742708206, "loss_total": 3.008039742708206}
{"event": "update", "optimizer_step": 1720, "tokens_seen": 56360960, "lr": 0.00025799999999999993, "grad_norm": 0.9019013047218323, "elapsed_seconds": 5997.647617316048, "tokens_per_second": 9397.17762632103, "loss_main": 2.8357433676719666, "loss_total": 2.8357433676719666}
{"event": "update", "optimizer_step": 1730, "tokens_seen": 56688640, "lr": 0.00025949999999999997, "grad_norm": 0.7247923612594604, "elapsed_seconds": 6032.404602406023, "tokens_per_second": 9397.353748021105, "loss_main": 2.942287713289261, "loss_total": 2.942287713289261}
{"event": "update", "optimizer_step": 1740, "tokens_seen": 57016320, "lr": 0.00026099999999999995, "grad_norm": 0.678473711013794, "elapsed_seconds": 6067.153256839025, "tokens_per_second": 9397.540755333646, "loss_main": 3.033629536628723, "loss_total": 3.033629536628723}
{"event": "update", "optimizer_step": 1750, "tokens_seen": 57344000, "lr": 0.00026249999999999993, "grad_norm": 0.7625147700309753, "elapsed_seconds": 6101.89204412204, "tokens_per_second": 9397.740829459535, "loss_main": 2.9384710788726807, "loss_total": 2.9384710788726807}
{"event": "update", "optimizer_step": 1760, "tokens_seen": 57671680, "lr": 0.00026399999999999997, "grad_norm": 5.6362810134887695, "elapsed_seconds": 6136.613479478052, "tokens_per_second": 9397.965212061108, "loss_main": 2.8737338483333588, "loss_total": 2.8737338483333588}
{"event": "update", "optimizer_step": 1770, "tokens_seen": 57999360, "lr": 0.00026549999999999995, "grad_norm": 0.76957106590271, "elapsed_seconds": 6171.3154351210105, "tokens_per_second": 9398.216735110496, "loss_main": 2.8427042067050934, "loss_total": 2.8427042067050934}
{"event": "update", "optimizer_step": 1780, "tokens_seen": 58327040, "lr": 0.000267, "grad_norm": 0.746006965637207, "elapsed_seconds": 6206.027755998017, "tokens_per_second": 9398.449748090143, "loss_main": 2.865340381860733, "loss_total": 2.865340381860733}
{"event": "update", "optimizer_step": 1790, "tokens_seen": 58654720, "lr": 0.00026849999999999997, "grad_norm": 0.6920819282531738, "elapsed_seconds": 6240.7461516520125, "tokens_per_second": 9398.671020206979, "loss_main": 3.099024176597595, "loss_total": 3.099024176597595}
{"event": "update", "optimizer_step": 1800, "tokens_seen": 58982400, "lr": 0.00026999999999999995, "grad_norm": 0.6777651309967041, "elapsed_seconds": 6275.4714906150475, "tokens_per_second": 9398.879444868491, "loss_main": 2.913814961910248, "loss_total": 2.913814961910248}
{"event": "update", "optimizer_step": 1810, "tokens_seen": 59310080, "lr": 0.0002715, "grad_norm": 0.7406701445579529, "elapsed_seconds": 6310.197377937031, "tokens_per_second": 9399.084758801953, "loss_main": 3.1021608710289, "loss_total": 3.1021608710289}
{"event": "update", "optimizer_step": 1820, "tokens_seen": 59637760, "lr": 0.00027299999999999997, "grad_norm": 0.7516570687294006, "elapsed_seconds": 6344.97764695104, "tokens_per_second": 9399.207265711615, "loss_main": 2.7708961367607117, "loss_total": 2.7708961367607117}
{"event": "update", "optimizer_step": 1830, "tokens_seen": 59965440, "lr": 0.00027449999999999995, "grad_norm": 0.7371247410774231, "elapsed_seconds": 6379.77259776101, "tokens_per_second": 9399.306806177536, "loss_main": 2.856840431690216, "loss_total": 2.856840431690216}
{"event": "update", "optimizer_step": 1840, "tokens_seen": 60293120, "lr": 0.000276, "grad_norm": 0.7405650615692139, "elapsed_seconds": 6414.540215956047, "tokens_per_second": 9399.445318001437, "loss_main": 2.9348514080047607, "loss_total": 2.9348514080047607}
{"event": "update", "optimizer_step": 1850, "tokens_seen": 60620800, "lr": 0.00027749999999999997, "grad_norm": 0.9437680244445801, "elapsed_seconds": 6449.2656604330405, "tokens_per_second": 9399.643803156587, "loss_main": 2.9305244088172913, "loss_total": 2.9305244088172913}
{"event": "update", "optimizer_step": 1860, "tokens_seen": 60948480, "lr": 0.00027899999999999995, "grad_norm": 0.6961517930030823, "elapsed_seconds": 6484.078884990013, "tokens_per_second": 9399.712909275297, "loss_main": 3.038956195116043, "loss_total": 3.038956195116043}
{"event": "update", "optimizer_step": 1870, "tokens_seen": 61276160, "lr": 0.0002805, "grad_norm": 0.69295734167099, "elapsed_seconds": 6518.836136255006, "tokens_per_second": 9399.861987511536, "loss_main": 3.0166079699993134, "loss_total": 3.0166079699993134}
{"event": "update", "optimizer_step": 1880, "tokens_seen": 61603840, "lr": 0.00028199999999999997, "grad_norm": 0.661382794380188, "elapsed_seconds": 6553.574834613013, "tokens_per_second": 9400.036095511785, "loss_main": 2.9766992032527924, "loss_total": 2.9766992032527924}
{"event": "update", "optimizer_step": 1890, "tokens_seen": 61931520, "lr": 0.00028349999999999995, "grad_norm": 0.7253689765930176, "elapsed_seconds": 6588.325290357054, "tokens_per_second": 9400.1915920341, "loss_main": 2.920527696609497, "loss_total": 2.920527696609497}
{"event": "update", "optimizer_step": 1900, "tokens_seen": 62259200, "lr": 0.000285, "grad_norm": 0.726100504398346, "elapsed_seconds": 6623.12391299603, "tokens_per_second": 9400.277092481045, "loss_main": 3.0555229783058167, "loss_total": 3.0555229783058167}
{"event": "update", "optimizer_step": 1910, "tokens_seen": 62586880, "lr": 0.00028649999999999997, "grad_norm": 0.6827483177185059, "elapsed_seconds": 6657.930453537032, "tokens_per_second": 9400.350519845197, "loss_main": 3.082577168941498, "loss_total": 3.082577168941498}
{"event": "update", "optimizer_step": 1920, "tokens_seen": 62914560, "lr": 0.00028799999999999995, "grad_norm": 0.6666483879089355, "elapsed_seconds": 6692.708766028052, "tokens_per_second": 9400.462831933168, "loss_main": 2.808782398700714, "loss_total": 2.808782398700714}
{"event": "update", "optimizer_step": 1930, "tokens_seen": 63242240, "lr": 0.0002895, "grad_norm": 0.8904680013656616, "elapsed_seconds": 6727.448551990034, "tokens_per_second": 9400.627817702512, "loss_main": 2.991621643304825, "loss_total": 2.991621643304825}
{"event": "update", "optimizer_step": 1940, "tokens_seen": 63569920, "lr": 0.00029099999999999997, "grad_norm": 0.769751787185669, "elapsed_seconds": 6762.204717317014, "tokens_per_second": 9400.768337759246, "loss_main": 2.994957447052002, "loss_total": 2.994957447052002}
{"event": "update", "optimizer_step": 1950, "tokens_seen": 63897600, "lr": 0.0002925, "grad_norm": 0.7845108509063721, "elapsed_seconds": 6796.961950073019, "tokens_per_second": 9400.90594435556, "loss_main": 2.843841016292572, "loss_total": 2.843841016292572}
{"event": "update", "optimizer_step": 1960, "tokens_seen": 64225280, "lr": 0.000294, "grad_norm": 0.6943754553794861, "elapsed_seconds": 6831.704793876037, "tokens_per_second": 9401.061951267531, "loss_main": 2.911120653152466, "loss_total": 2.911120653152466}
{"event": "update", "optimizer_step": 1970, "tokens_seen": 64552960, "lr": 0.00029549999999999997, "grad_norm": 0.778642475605011, "elapsed_seconds": 6866.721530274022, "tokens_per_second": 9400.841393581888, "loss_main": 3.248559534549713, "loss_total": 3.248559534549713}
{"event": "update", "optimizer_step": 1980, "tokens_seen": 64880640, "lr": 0.000297, "grad_norm": 0.6837040185928345, "elapsed_seconds": 6901.955057325016, "tokens_per_second": 9400.327800040142, "loss_main": 3.019690901041031, "loss_total": 3.019690901041031}
{"event": "update", "optimizer_step": 1990, "tokens_seen": 65208320, "lr": 0.0002985, "grad_norm": 0.7297185063362122, "elapsed_seconds": 6937.255790227035, "tokens_per_second": 9399.728361157335, "loss_main": 2.738943189382553, "loss_total": 2.738943189382553}
{"event": "update", "optimizer_step": 2000, "tokens_seen": 65536000, "lr": 0.0003, "grad_norm": 0.7166740298271179, "elapsed_seconds": 6972.495966711023, "tokens_per_second": 9399.216623844646, "loss_main": 2.8757362961769104, "loss_total": 2.8757362961769104}
{"event": "update", "optimizer_step": 2010, "tokens_seen": 65863680, "lr": 0.00029999999907964476, "grad_norm": 0.6891205310821533, "elapsed_seconds": 7008.110296782048, "tokens_per_second": 9398.208248840345, "loss_main": 2.731195628643036, "loss_total": 2.731195628643036}
{"event": "update", "optimizer_step": 2020, "tokens_seen": 66191360, "lr": 0.00029999999589817015, "grad_norm": 1.0671626329421997, "elapsed_seconds": 7043.353430353047, "tokens_per_second": 9397.705319564258, "loss_main": 2.973323106765747, "loss_total": 2.973323106765747}
{"event": "update", "optimizer_step": 2030, "tokens_seen": 66519040, "lr": 0.00029999999044421353, "grad_norm": 0.6791675090789795, "elapsed_seconds": 7078.355614636035, "tokens_per_second": 9397.527281966091, "loss_main": 3.019015520811081, "loss_total": 3.019015520811081}
{"event": "update", "optimizer_step": 2040, "tokens_seen": 66846720, "lr": 0.0002999999827177752, "grad_norm": 0.6089930534362793, "elapsed_seconds": 7113.390081629041, "tokens_per_second": 9397.308348467712, "loss_main": 3.0999282002449036, "loss_total": 3.0999282002449036}
{"event": "update", "optimizer_step": 2050, "tokens_seen": 67174400, "lr": 0.00029999997271885535, "grad_norm": 0.9181097745895386, "elapsed_seconds": 7148.368319570029, "tokens_per_second": 9397.165478462715, "loss_main": 2.9984826743602753, "loss_total": 2.9984826743602753}
{"event": "update", "optimizer_step": 2060, "tokens_seen": 67502080, "lr": 0.000299999960447454, "grad_norm": 0.6395466923713684, "elapsed_seconds": 7183.349706937035, "tokens_per_second": 9397.019879849722, "loss_main": 2.9188721776008606, "loss_total": 2.9188721776008606}
{"event": "update", "optimizer_step": 2070, "tokens_seen": 67829760, "lr": 0.0002999999459035713, "grad_norm": 0.7046132683753967, "elapsed_seconds": 7218.356756923022, "tokens_per_second": 9396.842284768685, "loss_main": 3.056373655796051, "loss_total": 3.056373655796051}
{"event": "update", "optimizer_step": 2080, "tokens_seen": 68157440, "lr": 0.0002999999290872077, "grad_norm": 0.6242778301239014, "elapsed_seconds": 7253.270401157031, "tokens_per_second": 9396.787411803594, "loss_main": 2.885335236787796, "loss_total": 2.885335236787796}
{"event": "update", "optimizer_step": 2090, "tokens_seen": 68485120, "lr": 0.00029999990999836324, "grad_norm": 0.7136308550834656, "elapsed_seconds": 7287.955711727031, "tokens_per_second": 9397.027466810861, "loss_main": 2.7783058881759644, "loss_total": 2.7783058881759644}
{"event": "update", "optimizer_step": 2100, "tokens_seen": 68812800, "lr": 0.00029999988863703853, "grad_norm": 0.5895280838012695, "elapsed_seconds": 7322.750494674023, "tokens_per_second": 9397.124762075244, "loss_main": 3.0335984230041504, "loss_total": 3.0335984230041504}
{"event": "update", "optimizer_step": 2110, "tokens_seen": 69140480, "lr": 0.00029999986500323366, "grad_norm": 0.6948567628860474, "elapsed_seconds": 7357.509983910015, "tokens_per_second": 9397.26621522796, "loss_main": 2.860915422439575, "loss_total": 2.860915422439575}
{"event": "update", "optimizer_step": 2120, "tokens_seen": 69468160, "lr": 0.00029999983909694916, "grad_norm": 0.7674775719642639, "elapsed_seconds": 7392.223787006049, "tokens_per_second": 9397.464416879558, "loss_main": 2.9713418185710907, "loss_total": 2.9713418185710907}
{"event": "update", "optimizer_step": 2130, "tokens_seen": 69795840, "lr": 0.0002999998109181855, "grad_norm": 0.605071485042572, "elapsed_seconds": 7426.921722413041, "tokens_per_second": 9397.680843918066, "loss_main": 2.945012152194977, "loss_total": 2.945012152194977}
{"event": "update", "optimizer_step": 2140, "tokens_seen": 70123520, "lr": 0.00029999978046694304, "grad_norm": 0.6256789565086365, "elapsed_seconds": 7461.68302561203, "tokens_per_second": 9397.815447172288, "loss_main": 2.817705065011978, "loss_total": 2.817705065011978}
{"event": "update", "optimizer_step": 2150, "tokens_seen": 70451200, "lr": 0.0002999997477432224, "grad_norm": 0.6294885873794556, "elapsed_seconds": 7496.456840476021, "tokens_per_second": 9397.933116830482, "loss_main": 3.0125772356987, "loss_total": 3.0125772356987}
{"event": "update", "optimizer_step": 2160, "tokens_seen": 70778880, "lr": 0.00029999971274702396, "grad_norm": 0.6656187176704407, "elapsed_seconds": 7531.1988431310165, "tokens_per_second": 9398.089397753098, "loss_main": 2.900651127099991, "loss_total": 2.900651127099991}
{"event": "update", "optimizer_step": 2170, "tokens_seen": 71106560, "lr": 0.0002999996754783486, "grad_norm": 0.6568920016288757, "elapsed_seconds": 7565.924061342026, "tokens_per_second": 9398.265092735715, "loss_main": 2.8990785479545593, "loss_total": 2.8990785479545593}
{"event": "update", "optimizer_step": 2180, "tokens_seen": 71434240, "lr": 0.0002999996359371967, "grad_norm": 0.8118951320648193, "elapsed_seconds": 7600.63346694503, "tokens_per_second": 9398.458735139087, "loss_main": 2.69670233130455, "loss_total": 2.69670233130455}
{"event": "update", "optimizer_step": 2190, "tokens_seen": 71761920, "lr": 0.00029999959412356893, "grad_norm": 1.3160656690597534, "elapsed_seconds": 7635.351558643044, "tokens_per_second": 9398.639924937987, "loss_main": 2.8624788224697113, "loss_total": 2.8624788224697113}
{"event": "update", "optimizer_step": 2200, "tokens_seen": 72089600, "lr": 0.0002999995500374662, "grad_norm": 0.5988584160804749, "elapsed_seconds": 7670.077306880034, "tokens_per_second": 9398.81009221848, "loss_main": 2.8061069548130035, "loss_total": 2.8061069548130035}
{"event": "update", "optimizer_step": 2210, "tokens_seen": 72417280, "lr": 0.0002999995036788891, "grad_norm": 0.6935142278671265, "elapsed_seconds": 7704.786162195029, "tokens_per_second": 9398.999333080637, "loss_main": 2.9078903794288635, "loss_total": 2.9078903794288635}
{"event": "update", "optimizer_step": 2220, "tokens_seen": 72744960, "lr": 0.0002999994550478384, "grad_norm": 0.6163574457168579, "elapsed_seconds": 7739.529699146049, "tokens_per_second": 9399.144757856076, "loss_main": 2.8442966639995575, "loss_total": 2.8442966639995575}
{"event": "update", "optimizer_step": 2230, "tokens_seen": 73072640, "lr": 0.0002999994041443149, "grad_norm": 0.5953915119171143, "elapsed_seconds": 7774.288624070003, "tokens_per_second": 9399.270278409724, "loss_main": 2.7956231236457825, "loss_total": 2.7956231236457825}
{"event": "update", "optimizer_step": 2240, "tokens_seen": 73400320, "lr": 0.00029999935096831963, "grad_norm": 0.7134074568748474, "elapsed_seconds": 7809.017550565011, "tokens_per_second": 9399.43078943256, "loss_main": 2.879596322774887, "loss_total": 2.879596322774887}
{"event": "update", "optimizer_step": 2250, "tokens_seen": 73728000, "lr": 0.0002999992955198533, "grad_norm": 0.7674893736839294, "elapsed_seconds": 7843.7533195710275, "tokens_per_second": 9399.581679352475, "loss_main": 2.866483151912689, "loss_total": 2.866483151912689}
{"event": "update", "optimizer_step": 2260, "tokens_seen": 74055680, "lr": 0.00029999923779891685, "grad_norm": 0.5990723371505737, "elapsed_seconds": 7888.393009994004, "tokens_per_second": 9387.92982375206, "loss_main": 2.990450769662857, "loss_total": 2.990450769662857}
{"event": "update", "optimizer_step": 2270, "tokens_seen": 74383360, "lr": 0.00029999917780551143, "grad_norm": 3.827441692352295, "elapsed_seconds": 7945.230697306048, "tokens_per_second": 9362.01387144376, "loss_main": 2.704804867506027, "loss_total": 2.704804867506027}
{"event": "update", "optimizer_step": 2280, "tokens_seen": 74711040, "lr": 0.00029999911553963777, "grad_norm": 0.5948278307914734, "elapsed_seconds": 7983.514670831035, "tokens_per_second": 9358.164051851494, "loss_main": 2.8463725447654724, "loss_total": 2.8463725447654724}
{"event": "update", "optimizer_step": 2290, "tokens_seen": 75038720, "lr": 0.00029999905100129716, "grad_norm": 0.6223818063735962, "elapsed_seconds": 8018.3429601910175, "tokens_per_second": 9358.38244541892, "loss_main": 2.897553414106369, "loss_total": 2.897553414106369}
{"event": "update", "optimizer_step": 2300, "tokens_seen": 75366400, "lr": 0.0002999989841904907, "grad_norm": 0.689352810382843, "elapsed_seconds": 8053.107668214012, "tokens_per_second": 9358.672838496208, "loss_main": 2.841932624578476, "loss_total": 2.841932624578476}
{"event": "update", "optimizer_step": 2310, "tokens_seen": 75694080, "lr": 0.0002999989151072193, "grad_norm": 0.5900322794914246, "elapsed_seconds": 8090.217947887024, "tokens_per_second": 9356.247320848695, "loss_main": 2.8393571078777313, "loss_total": 2.8393571078777313}
{"event": "update", "optimizer_step": 2320, "tokens_seen": 76021760, "lr": 0.00029999884375148426, "grad_norm": 0.6336846351623535, "elapsed_seconds": 8128.499914205051, "tokens_per_second": 9352.495639096622, "loss_main": 2.9247141778469086, "loss_total": 2.9247141778469086}
{"event": "update", "optimizer_step": 2330, "tokens_seen": 76349440, "lr": 0.00029999877012328675, "grad_norm": 0.6090348362922668, "elapsed_seconds": 8163.307022198045, "tokens_per_second": 9352.758605352836, "loss_main": 2.847171902656555, "loss_total": 2.847171902656555}
{"event": "update", "optimizer_step": 2340, "tokens_seen": 76677120, "lr": 0.00029999869422262806, "grad_norm": 0.6079418659210205, "elapsed_seconds": 8198.219619734038, "tokens_per_second": 9352.898989852569, "loss_main": 2.871032863855362, "loss_total": 2.871032863855362}
{"event": "update", "optimizer_step": 2350, "tokens_seen": 77004800, "lr": 0.00029999861604950936, "grad_norm": 0.6030636429786682, "elapsed_seconds": 8233.210719347, "tokens_per_second": 9352.949004335393, "loss_main": 2.815322667360306, "loss_total": 2.815322667360306}
{"event": "update", "optimizer_step": 2360, "tokens_seen": 77332480, "lr": 0.0002999985356039321, "grad_norm": 0.6168110370635986, "elapsed_seconds": 8268.064792372053, "tokens_per_second": 9353.153602684071, "loss_main": 2.925778329372406, "loss_total": 2.925778329372406}
{"event": "update", "optimizer_step": 2370, "tokens_seen": 77660160, "lr": 0.0002999984528858975, "grad_norm": 0.5591376423835754, "elapsed_seconds": 8303.30219712801, "tokens_per_second": 9352.924674578448, "loss_main": 2.8678597509860992, "loss_total": 2.8678597509860992}
{"event": "update", "optimizer_step": 2380, "tokens_seen": 77987840, "lr": 0.00029999836789540706, "grad_norm": 0.5718734264373779, "elapsed_seconds": 8338.738251283998, "tokens_per_second": 9352.47487687858, "loss_main": 2.725878208875656, "loss_total": 2.725878208875656}
{"event": "update", "optimizer_step": 2390, "tokens_seen": 78315520, "lr": 0.00029999828063246214, "grad_norm": 0.6164847016334534, "elapsed_seconds": 8373.648249317019, "tokens_per_second": 9352.616406640638, "loss_main": 2.973646432161331, "loss_total": 2.973646432161331}
{"event": "update", "optimizer_step": 2400, "tokens_seen": 78643200, "lr": 0.0002999981910970644, "grad_norm": 0.5527234077453613, "elapsed_seconds": 8408.547956224007, "tokens_per_second": 9352.768207950614, "loss_main": 2.829756796360016, "loss_total": 2.829756796360016}
{"event": "update", "optimizer_step": 2410, "tokens_seen": 78970880, "lr": 0.000299998099289215, "grad_norm": 0.6078835129737854, "elapsed_seconds": 8443.550237900054, "tokens_per_second": 9352.805132316047, "loss_main": 2.680770069360733, "loss_total": 2.680770069360733}
{"event": "update", "optimizer_step": 2420, "tokens_seen": 79298560, "lr": 0.00029999800520891576, "grad_norm": 0.9542945623397827, "elapsed_seconds": 8478.443218531029, "tokens_per_second": 9352.96232528632, "loss_main": 2.7534503638744354, "loss_total": 2.7534503638744354}
{"event": "update", "optimizer_step": 2430, "tokens_seen": 79626240, "lr": 0.00029999790885616815, "grad_norm": 0.5885773301124573, "elapsed_seconds": 8513.258266004035, "tokens_per_second": 9353.203851217717, "loss_main": 2.5596326887607574, "loss_total": 2.5596326887607574}
{"event": "update", "optimizer_step": 2440, "tokens_seen": 79953920, "lr": 0.00029999781023097377, "grad_norm": 0.6310234069824219, "elapsed_seconds": 8548.101144793036, "tokens_per_second": 9353.412956361997, "loss_main": 2.738121837377548, "loss_total": 2.738121837377548}
{"event": "update", "optimizer_step": 2450, "tokens_seen": 80281600, "lr": 0.00029999770933333435, "grad_norm": 0.586255669593811, "elapsed_seconds": 8582.985329531017, "tokens_per_second": 9353.575349101367, "loss_main": 2.9412582516670227, "loss_total": 2.9412582516670227}
{"event": "update", "optimizer_step": 2460, "tokens_seen": 80609280, "lr": 0.0002999976061632516, "grad_norm": 0.6533898711204529, "elapsed_seconds": 8617.788516754052, "tokens_per_second": 9353.824341742147, "loss_main": 2.7937531173229218, "loss_total": 2.7937531173229218}
{"event": "update", "optimizer_step": 2470, "tokens_seen": 80936960, "lr": 0.00029999750072072723, "grad_norm": 0.6286925673484802, "elapsed_seconds": 8652.559726679, "tokens_per_second": 9354.105901221556, "loss_main": 2.8768050372600555, "loss_total": 2.8768050372600555}
{"event": "update", "optimizer_step": 2480, "tokens_seen": 81264640, "lr": 0.000299997393005763, "grad_norm": 0.6103219389915466, "elapsed_seconds": 8687.332705117005, "tokens_per_second": 9354.383302499002, "loss_main": 2.669519364833832, "loss_total": 2.669519364833832}
{"event": "update", "optimizer_step": 2490, "tokens_seen": 81592320, "lr": 0.0002999972830183608, "grad_norm": 0.596804678440094, "elapsed_seconds": 8722.110039314022, "tokens_per_second": 9354.653820260342, "loss_main": 2.829927682876587, "loss_total": 2.829927682876587}
{"event": "update", "optimizer_step": 2500, "tokens_seen": 81920000, "lr": 0.0002999971707585223, "grad_norm": 0.5909073352813721, "elapsed_seconds": 8756.894690809015, "tokens_per_second": 9354.914372326628, "loss_main": 2.76185542345047, "loss_total": 2.76185542345047}
{"event": "update", "optimizer_step": 2510, "tokens_seen": 82247680, "lr": 0.00029999705622624955, "grad_norm": 0.5508650541305542, "elapsed_seconds": 8791.663384481042, "tokens_per_second": 9355.189843276165, "loss_main": 2.886490076780319, "loss_total": 2.886490076780319}
{"event": "update", "optimizer_step": 2520, "tokens_seen": 82575360, "lr": 0.0002999969394215444, "grad_norm": 0.5595921874046326, "elapsed_seconds": 8826.430886357033, "tokens_per_second": 9355.464407208614, "loss_main": 2.801796078681946, "loss_total": 2.801796078681946}
{"event": "update", "optimizer_step": 2530, "tokens_seen": 82903040, "lr": 0.0002999968203444089, "grad_norm": 0.5799343585968018, "elapsed_seconds": 8861.197919075028, "tokens_per_second": 9355.737311942785, "loss_main": 2.7466424107551575, "loss_total": 2.7466424107551575}
{"event": "update", "optimizer_step": 2540, "tokens_seen": 83230720, "lr": 0.00029999669899484493, "grad_norm": 0.6032176613807678, "elapsed_seconds": 8895.987195019028, "tokens_per_second": 9355.98469010858, "loss_main": 2.572435885667801, "loss_total": 2.572435885667801}
{"event": "update", "optimizer_step": 2550, "tokens_seen": 83558400, "lr": 0.0002999965753728547, "grad_norm": 0.6206203103065491, "elapsed_seconds": 8930.747979696025, "tokens_per_second": 9356.259989641323, "loss_main": 2.7135254442691803, "loss_total": 2.7135254442691803}
{"event": "update", "optimizer_step": 2560, "tokens_seen": 83886080, "lr": 0.0002999964494784401, "grad_norm": 0.5895578861236572, "elapsed_seconds": 8965.508303201, "tokens_per_second": 9356.533635694668, "loss_main": 2.9079495668411255, "loss_total": 2.9079495668411255}
{"event": "update", "optimizer_step": 2570, "tokens_seen": 84213760, "lr": 0.0002999963213116034, "grad_norm": 0.5445266962051392, "elapsed_seconds": 9000.27800422901, "tokens_per_second": 9356.795419033724, "loss_main": 2.6416909098625183, "loss_total": 2.6416909098625183}
{"event": "update", "optimizer_step": 2580, "tokens_seen": 84541440, "lr": 0.00029999619087234665, "grad_norm": 0.61906898021698, "elapsed_seconds": 9035.046833765053, "tokens_per_second": 9357.05609007565, "loss_main": 2.8082730174064636, "loss_total": 2.8082730174064636}
{"event": "update", "optimizer_step": 2590, "tokens_seen": 84869120, "lr": 0.0002999960581606721, "grad_norm": 0.5705194473266602, "elapsed_seconds": 9069.825878994016, "tokens_per_second": 9357.304223067764, "loss_main": 2.7930117547512054, "loss_total": 2.7930117547512054}
{"event": "update", "optimizer_step": 2600, "tokens_seen": 85196800, "lr": 0.000299995923176582, "grad_norm": 0.5437287092208862, "elapsed_seconds": 9104.61627377005, "tokens_per_second": 9357.538795506161, "loss_main": 2.7524604201316833, "loss_total": 2.7524604201316833}
{"event": "update", "optimizer_step": 2610, "tokens_seen": 85524480, "lr": 0.00029999578592007864, "grad_norm": 0.6718055605888367, "elapsed_seconds": 9139.390732947038, "tokens_per_second": 9357.787898452421, "loss_main": 2.847656697034836, "loss_total": 2.847656697034836}
{"event": "update", "optimizer_step": 2620, "tokens_seen": 85852160, "lr": 0.0002999956463911643, "grad_norm": 0.5943097472190857, "elapsed_seconds": 9174.161232434039, "tokens_per_second": 9358.039152013265, "loss_main": 2.592942863702774, "loss_total": 2.592942863702774}
{"event": "update", "optimizer_step": 2630, "tokens_seen": 86179840, "lr": 0.0002999955045898413, "grad_norm": 0.5514994859695435, "elapsed_seconds": 9208.966726334009, "tokens_per_second": 9358.252946398392, "loss_main": 2.94374018907547, "loss_total": 2.94374018907547}
{"event": "update", "optimizer_step": 2640, "tokens_seen": 86507520, "lr": 0.00029999536051611203, "grad_norm": 0.5551493167877197, "elapsed_seconds": 9243.732124592003, "tokens_per_second": 9358.50572409553, "loss_main": 2.7829399406909943, "loss_total": 2.7829399406909943}
{"event": "update", "optimizer_step": 2650, "tokens_seen": 86835200, "lr": 0.000299995214169979, "grad_norm": 0.5428823232650757, "elapsed_seconds": 9278.507019282028, "tokens_per_second": 9358.747028971837, "loss_main": 2.7244020998477936, "loss_total": 2.7244020998477936}
{"event": "update", "optimizer_step": 2660, "tokens_seen": 87162880, "lr": 0.00029999506555144454, "grad_norm": 0.6109210848808289, "elapsed_seconds": 9313.300500193029, "tokens_per_second": 9358.967854435004, "loss_main": 2.659985452890396, "loss_total": 2.659985452890396}
{"event": "update", "optimizer_step": 2670, "tokens_seen": 87490560, "lr": 0.0002999949146605112, "grad_norm": 0.5569534301757812, "elapsed_seconds": 9348.115745405026, "tokens_per_second": 9359.165246002129, "loss_main": 2.8181911408901215, "loss_total": 2.8181911408901215}
{"event": "update", "optimizer_step": 2680, "tokens_seen": 87818240, "lr": 0.00029999476149718154, "grad_norm": 0.6492401361465454, "elapsed_seconds": 9382.917283426039, "tokens_per_second": 9359.37484551014, "loss_main": 2.6433464884757996, "loss_total": 2.6433464884757996}
{"event": "update", "optimizer_step": 2690, "tokens_seen": 88145920, "lr": 0.0002999946060614582, "grad_norm": 0.5542341470718384, "elapsed_seconds": 9417.760785330029, "tokens_per_second": 9359.54119128872, "loss_main": 2.755656987428665, "loss_total": 2.755656987428665}
{"event": "update", "optimizer_step": 2700, "tokens_seen": 88473600, "lr": 0.00029999444835334375, "grad_norm": 0.5397301316261292, "elapsed_seconds": 9452.55492517905, "tokens_per_second": 9359.755187915413, "loss_main": 2.7117508947849274, "loss_total": 2.7117508947849274}
{"event": "update", "optimizer_step": 2710, "tokens_seen": 88801280, "lr": 0.00029999428837284073, "grad_norm": 0.5491457581520081, "elapsed_seconds": 9487.341951577051, "tokens_per_second": 9359.97463285687, "loss_main": 2.6988914906978607, "loss_total": 2.6988914906978607}
{"event": "update", "optimizer_step": 2720, "tokens_seen": 89128960, "lr": 0.000299994126119952, "grad_norm": 0.5576073527336121, "elapsed_seconds": 9522.12837859802, "tokens_per_second": 9360.1930635935, "loss_main": 2.8413792848587036, "loss_total": 2.8413792848587036}
{"event": "update", "optimizer_step": 2730, "tokens_seen": 89456640, "lr": 0.0002999939615946802, "grad_norm": 0.5570823550224304, "elapsed_seconds": 9556.957913604041, "tokens_per_second": 9360.367682760345, "loss_main": 2.6328446865081787, "loss_total": 2.6328446865081787}
{"event": "update", "optimizer_step": 2740, "tokens_seen": 89784320, "lr": 0.00029999379479702824, "grad_norm": 0.5436695218086243, "elapsed_seconds": 9591.755092943029, "tokens_per_second": 9360.572609496388, "loss_main": 2.7041558027267456, "loss_total": 2.7041558027267456}
{"event": "update", "optimizer_step": 2750, "tokens_seen": 90112000, "lr": 0.00029999362572699867, "grad_norm": 0.5496362447738647, "elapsed_seconds": 9626.529610957019, "tokens_per_second": 9360.798090459677, "loss_main": 2.9001563787460327, "loss_total": 2.9001563787460327}
{"event": "update", "optimizer_step": 2760, "tokens_seen": 90439680, "lr": 0.00029999345438459454, "grad_norm": 1.169901728630066, "elapsed_seconds": 9661.304401691013, "tokens_per_second": 9361.021684004738, "loss_main": 2.71251118183136, "loss_total": 2.71251118183136}
{"event": "update", "optimizer_step": 2770, "tokens_seen": 90767360, "lr": 0.00029999328076981855, "grad_norm": 0.5747000575065613, "elapsed_seconds": 9696.182986695028, "tokens_per_second": 9361.143464861352, "loss_main": 2.691103219985962, "loss_total": 2.691103219985962}
{"event": "update", "optimizer_step": 2780, "tokens_seen": 91095040, "lr": 0.00029999310488267386, "grad_norm": 0.5415940880775452, "elapsed_seconds": 9731.03271832905, "tokens_per_second": 9361.292129705453, "loss_main": 2.787010908126831, "loss_total": 2.787010908126831}
{"event": "update", "optimizer_step": 2790, "tokens_seen": 91422720, "lr": 0.0002999929267231633, "grad_norm": 0.577722430229187, "elapsed_seconds": 9765.857740704028, "tokens_per_second": 9361.46341953669, "loss_main": 2.7791513204574585, "loss_total": 2.7791513204574585}
{"event": "update", "optimizer_step": 2800, "tokens_seen": 91750400, "lr": 0.00029999274629128995, "grad_norm": 0.5570493936538696, "elapsed_seconds": 9800.877212024003, "tokens_per_second": 9361.447757700496, "loss_main": 2.6588579416275024, "loss_total": 2.6588579416275024}
{"event": "update", "optimizer_step": 2810, "tokens_seen": 92078080, "lr": 0.0002999925635870567, "grad_norm": 0.578956663608551, "elapsed_seconds": 9835.79689512105, "tokens_per_second": 9361.527182985492, "loss_main": 2.7388725578784943, "loss_total": 2.7388725578784943}
{"event": "update", "optimizer_step": 2820, "tokens_seen": 92405760, "lr": 0.00029999237861046666, "grad_norm": 0.5956316590309143, "elapsed_seconds": 9870.727666700026, "tokens_per_second": 9361.595529754193, "loss_main": 2.769528478384018, "loss_total": 2.769528478384018}
{"event": "update", "optimizer_step": 2830, "tokens_seen": 92733440, "lr": 0.000299992191361523, "grad_norm": 0.5751761198043823, "elapsed_seconds": 9905.78553239, "tokens_per_second": 9361.543281628661, "loss_main": 2.9662216305732727, "loss_total": 2.9662216305732727}
{"event": "update", "optimizer_step": 2840, "tokens_seen": 93061120, "lr": 0.00029999200184022893, "grad_norm": 0.6597632765769958, "elapsed_seconds": 9940.65995790303, "tokens_per_second": 9361.664154502589, "loss_main": 2.7864236533641815, "loss_total": 2.7864236533641815}
{"event": "update", "optimizer_step": 2850, "tokens_seen": 93388800, "lr": 0.00029999181004658764, "grad_norm": 0.5428057909011841, "elapsed_seconds": 9975.55986889603, "tokens_per_second": 9361.760264823622, "loss_main": 2.6514426469802856, "loss_total": 2.6514426469802856}
{"event": "update", "optimizer_step": 2860, "tokens_seen": 93716480, "lr": 0.00029999161598060213, "grad_norm": 0.5451863408088684, "elapsed_seconds": 10010.456078354036, "tokens_per_second": 9361.859166701352, "loss_main": 2.5130655169487, "loss_total": 2.5130655169487}
{"event": "update", "optimizer_step": 2870, "tokens_seen": 94044160, "lr": 0.0002999914196422759, "grad_norm": 0.8874414563179016, "elapsed_seconds": 10045.316226829018, "tokens_per_second": 9361.990989275875, "loss_main": 2.6947688460350037, "loss_total": 2.6947688460350037}
{"event": "update", "optimizer_step": 2880, "tokens_seen": 94371840, "lr": 0.00029999122103161217, "grad_norm": 0.5651000142097473, "elapsed_seconds": 10080.279643848015, "tokens_per_second": 9362.02598879239, "loss_main": 2.817221075296402, "loss_total": 2.817221075296402}
{"event": "update", "optimizer_step": 2890, "tokens_seen": 94699520, "lr": 0.0002999910201486143, "grad_norm": 0.526752769947052, "elapsed_seconds": 10115.111668919038, "tokens_per_second": 9362.18235642278, "loss_main": 2.790750026702881, "loss_total": 2.790750026702881}
{"event": "update", "optimizer_step": 2900, "tokens_seen": 95027200, "lr": 0.0002999908169932857, "grad_norm": 0.519443154335022, "elapsed_seconds": 10149.947693159047, "tokens_per_second": 9362.333961981625, "loss_main": 2.706649661064148, "loss_total": 2.706649661064148}
{"event": "update", "optimizer_step": 2910, "tokens_seen": 95354880, "lr": 0.0002999906115656297, "grad_norm": 0.5615038275718689, "elapsed_seconds": 10184.750486643054, "tokens_per_second": 9362.515078307968, "loss_main": 2.600200831890106, "loss_total": 2.600200831890106}
{"event": "update", "optimizer_step": 2920, "tokens_seen": 95682560, "lr": 0.0002999904038656499, "grad_norm": 0.5332208275794983, "elapsed_seconds": 10219.483711778012, "tokens_per_second": 9362.758696872848, "loss_main": 2.782556861639023, "loss_total": 2.782556861639023}
{"event": "update", "optimizer_step": 2930, "tokens_seen": 96010240, "lr": 0.0002999901938933496, "grad_norm": 0.5308547019958496, "elapsed_seconds": 10254.256407178007, "tokens_per_second": 9362.96462538157, "loss_main": 2.634828954935074, "loss_total": 2.634828954935074}
{"event": "update", "optimizer_step": 2940, "tokens_seen": 96337920, "lr": 0.00029998998164873253, "grad_norm": 0.5666388273239136, "elapsed_seconds": 10288.989165501029, "tokens_per_second": 9363.205505456353, "loss_main": 2.770951062440872, "loss_total": 2.770951062440872}
{"event": "update", "optimizer_step": 2950, "tokens_seen": 96665600, "lr": 0.00029998976713180216, "grad_norm": 0.5381262898445129, "elapsed_seconds": 10323.738678260997, "tokens_per_second": 9363.429568742535, "loss_main": 2.710642546415329, "loss_total": 2.710642546415329}
{"event": "update", "optimizer_step": 2960, "tokens_seen": 96993280, "lr": 0.00029998955034256207, "grad_norm": 0.5856751799583435, "elapsed_seconds": 10358.519342804037, "tokens_per_second": 9363.623968842641, "loss_main": 2.690031200647354, "loss_total": 2.690031200647354}
{"event": "update", "optimizer_step": 2970, "tokens_seen": 97320960, "lr": 0.00029998933128101604, "grad_norm": 1.4441955089569092, "elapsed_seconds": 10393.377854690014, "tokens_per_second": 9363.746932002852, "loss_main": 2.7061107456684113, "loss_total": 2.7061107456684113}
{"event": "update", "optimizer_step": 2980, "tokens_seen": 97648640, "lr": 0.00029998910994716765, "grad_norm": 0.8707683682441711, "elapsed_seconds": 10428.179058746027, "tokens_per_second": 9363.920532041775, "loss_main": 2.753054529428482, "loss_total": 2.753054529428482}
{"event": "update", "optimizer_step": 2990, "tokens_seen": 97976320, "lr": 0.0002999888863410206, "grad_norm": 0.5499663949012756, "elapsed_seconds": 10462.949071965006, "tokens_per_second": 9364.120892313533, "loss_main": 2.7323368191719055, "loss_total": 2.7323368191719055}
{"event": "update", "optimizer_step": 3000, "tokens_seen": 98304000, "lr": 0.0002999886604625788, "grad_norm": 0.5754238963127136, "elapsed_seconds": 10497.724165300024, "tokens_per_second": 9364.315393706145, "loss_main": 2.7614063024520874, "loss_total": 2.7614063024520874}
{"event": "update", "optimizer_step": 3010, "tokens_seen": 98631680, "lr": 0.0002999884323118459, "grad_norm": 0.5899289846420288, "elapsed_seconds": 10532.511986360012, "tokens_per_second": 9364.497294447101, "loss_main": 2.739584803581238, "loss_total": 2.739584803581238}
{"event": "update", "optimizer_step": 3020, "tokens_seen": 98959360, "lr": 0.0002999882018888257, "grad_norm": 0.5235388278961182, "elapsed_seconds": 10567.291283685016, "tokens_per_second": 9364.685551233428, "loss_main": 2.6706361174583435, "loss_total": 2.6706361174583435}
{"event": "update", "optimizer_step": 3030, "tokens_seen": 99287040, "lr": 0.00029998796919352224, "grad_norm": 0.5296488404273987, "elapsed_seconds": 10602.077231594012, "tokens_per_second": 9364.86669839815, "loss_main": 2.5710288882255554, "loss_total": 2.5710288882255554}
{"event": "update", "optimizer_step": 3040, "tokens_seen": 99614720, "lr": 0.0002999877342259394, "grad_norm": 0.5836250185966492, "elapsed_seconds": 10636.84717155504, "tokens_per_second": 9365.06075469325, "loss_main": 2.7262964844703674, "loss_total": 2.7262964844703674}
{"event": "update", "optimizer_step": 3050, "tokens_seen": 99942400, "lr": 0.0002999874969860811, "grad_norm": 0.5781050324440002, "elapsed_seconds": 10671.650012883998, "tokens_per_second": 9365.224672786164, "loss_main": 2.766772598028183, "loss_total": 2.766772598028183}
{"event": "evaluation", "tokens_seen": 100007936, "elapsed_seconds": 10678.613932895998, "parameters": 600375552, "main_loss": 2.8176530823111534, "perplexity": 16.73752295204676}
{"event": "update", "optimizer_step": 3060, "tokens_seen": 100270080, "lr": 0.0002999872574739515, "grad_norm": 0.5415082573890686, "elapsed_seconds": 10730.784687502019, "tokens_per_second": 9344.151701858582, "loss_main": 2.8938329815864563, "loss_total": 2.8938329815864563}
{"event": "update", "optimizer_step": 3070, "tokens_seen": 100597760, "lr": 0.0002999870156895543, "grad_norm": 0.5364830493927002, "elapsed_seconds": 10832.928519383015, "tokens_per_second": 9286.294081974567, "loss_main": 2.6991580724716187, "loss_total": 2.6991580724716187}
{"event": "update", "optimizer_step": 3080, "tokens_seen": 100925440, "lr": 0.0002999867716328938, "grad_norm": 0.6528351306915283, "elapsed_seconds": 10947.147739208012, "tokens_per_second": 9219.336616653865, "loss_main": 2.7894977927207947, "loss_total": 2.7894977927207947}
{"event": "update", "optimizer_step": 3090, "tokens_seen": 101253120, "lr": 0.00029998652530397395, "grad_norm": 0.5694859623908997, "elapsed_seconds": 11061.58519548102, "tokens_per_second": 9153.581354810236, "loss_main": 2.7972653210163116, "loss_total": 2.7972653210163116}
{"event": "update", "optimizer_step": 3100, "tokens_seen": 101580800, "lr": 0.00029998627670279915, "grad_norm": 0.5459376573562622, "elapsed_seconds": 11175.440944814007, "tokens_per_second": 9089.645813674926, "loss_main": 2.811495929956436, "loss_total": 2.811495929956436}
{"event": "update", "optimizer_step": 3110, "tokens_seen": 101908480, "lr": 0.0002999860258293734, "grad_norm": 0.5647948980331421, "elapsed_seconds": 11290.040662593034, "tokens_per_second": 9026.405045435347, "loss_main": 2.891764521598816, "loss_total": 2.891764521598816}
{"event": "update", "optimizer_step": 3120, "tokens_seen": 102236160, "lr": 0.0002999857726837009, "grad_norm": 0.5608254671096802, "elapsed_seconds": 11404.49631166103, "tokens_per_second": 8964.548473347668, "loss_main": 2.693443775177002, "loss_total": 2.693443775177002}
{"event": "update", "optimizer_step": 3130, "tokens_seen": 102563840, "lr": 0.000299985517265786, "grad_norm": 0.5244524478912354, "elapsed_seconds": 11518.52685580001, "tokens_per_second": 8904.249760754368, "loss_main": 2.701472908258438, "loss_total": 2.701472908258438}
{"event": "update", "optimizer_step": 3140, "tokens_seen": 102891520, "lr": 0.0002999852595756329, "grad_norm": 0.7172046899795532, "elapsed_seconds": 11632.775695133023, "tokens_per_second": 8844.96724569771, "loss_main": 2.746846556663513, "loss_total": 2.746846556663513}
{"event": "update", "optimizer_step": 3150, "tokens_seen": 103219200, "lr": 0.0002999849996132461, "grad_norm": 0.650113046169281, "elapsed_seconds": 11747.350476769032, "tokens_per_second": 8786.594066817117, "loss_main": 2.761342316865921, "loss_total": 2.761342316865921}
{"event": "update", "optimizer_step": 3160, "tokens_seen": 103546880, "lr": 0.00029998473737862983, "grad_norm": 0.535467267036438, "elapsed_seconds": 11861.247270712047, "tokens_per_second": 8729.84751407041, "loss_main": 2.8074439764022827, "loss_total": 2.8074439764022827}
{"event": "update", "optimizer_step": 3170, "tokens_seen": 103874560, "lr": 0.0002999844728717886, "grad_norm": 0.6822394728660583, "elapsed_seconds": 11976.020487813046, "tokens_per_second": 8673.54561606705, "loss_main": 2.770048037171364, "loss_total": 2.770048037171364}
{"event": "update", "optimizer_step": 3180, "tokens_seen": 104202240, "lr": 0.00029998420609272675, "grad_norm": 0.5525319576263428, "elapsed_seconds": 12090.501232016017, "tokens_per_second": 8618.521101843924, "loss_main": 2.568212926387787, "loss_total": 2.568212926387787}
{"event": "update", "optimizer_step": 3190, "tokens_seen": 104529920, "lr": 0.00029998393704144897, "grad_norm": 0.5322185158729553, "elapsed_seconds": 12205.289129322045, "tokens_per_second": 8564.313298312354, "loss_main": 2.914977014064789, "loss_total": 2.914977014064789}
{"event": "update", "optimizer_step": 3200, "tokens_seen": 104857600, "lr": 0.0002999836657179596, "grad_norm": 0.5404627919197083, "elapsed_seconds": 12319.747926168027, "tokens_per_second": 8511.342977827893, "loss_main": 2.7034290730953217, "loss_total": 2.7034290730953217}
{"event": "update", "optimizer_step": 3210, "tokens_seen": 105185280, "lr": 0.00029998339212226313, "grad_norm": 0.5325472354888916, "elapsed_seconds": 12435.480814476032, "tokens_per_second": 8458.481145140344, "loss_main": 2.417091801762581, "loss_total": 2.417091801762581}
{"event": "update", "optimizer_step": 3220, "tokens_seen": 105512960, "lr": 0.0002999831162543644, "grad_norm": 0.54228675365448, "elapsed_seconds": 12550.173965524009, "tokens_per_second": 8407.290631177677, "loss_main": 2.6363348960876465, "loss_total": 2.6363348960876465}
{"event": "update", "optimizer_step": 3230, "tokens_seen": 105840640, "lr": 0.00029998283811426805, "grad_norm": 0.5535995960235596, "elapsed_seconds": 12664.756702864019, "tokens_per_second": 8357.100138849499, "loss_main": 2.6299004554748535, "loss_total": 2.6299004554748535}
{"event": "update", "optimizer_step": 3240, "tokens_seen": 106168320, "lr": 0.0002999825577019785, "grad_norm": 2.4630141258239746, "elapsed_seconds": 12778.944851241016, "tokens_per_second": 8308.066216412974, "loss_main": 2.5898752212524414, "loss_total": 2.5898752212524414}
{"event": "update", "optimizer_step": 3250, "tokens_seen": 106496000, "lr": 0.0002999822750175008, "grad_norm": 0.5308093428611755, "elapsed_seconds": 12893.292522931006, "tokens_per_second": 8259.798636430105, "loss_main": 2.5134454667568207, "loss_total": 2.5134454667568207}
{"event": "update", "optimizer_step": 3260, "tokens_seen": 106823680, "lr": 0.00029998199006083946, "grad_norm": 0.5547651052474976, "elapsed_seconds": 13007.90636570804, "tokens_per_second": 8212.21163473415, "loss_main": 2.5821169912815094, "loss_total": 2.5821169912815094}
{"event": "update", "optimizer_step": 3270, "tokens_seen": 107151360, "lr": 0.00029998170283199936, "grad_norm": 0.5354256629943848, "elapsed_seconds": 13122.909051170049, "tokens_per_second": 8165.213946251217, "loss_main": 2.679365396499634, "loss_total": 2.679365396499634}
{"event": "update", "optimizer_step": 3280, "tokens_seen": 107479040, "lr": 0.00029998141333098527, "grad_norm": 0.5878662467002869, "elapsed_seconds": 13237.70760033303, "tokens_per_second": 8119.158032867872, "loss_main": 2.823390007019043, "loss_total": 2.823390007019043}
{"event": "update", "optimizer_step": 3290, "tokens_seen": 107806720, "lr": 0.0002999811215578023, "grad_norm": 0.5297868847846985, "elapsed_seconds": 13352.63424501603, "tokens_per_second": 8073.8165984168745, "loss_main": 2.6456210613250732, "loss_total": 2.6456210613250732}
{"event": "update", "optimizer_step": 3300, "tokens_seen": 108134400, "lr": 0.0002999808275124551, "grad_norm": 0.5313875675201416, "elapsed_seconds": 13467.07342652505, "tokens_per_second": 8029.539646454742, "loss_main": 2.6319058537483215, "loss_total": 2.6319058537483215}
{"event": "update", "optimizer_step": 3310, "tokens_seen": 108462080, "lr": 0.00029998053119494863, "grad_norm": 0.5767461061477661, "elapsed_seconds": 13581.835582173022, "tokens_per_second": 7985.818952363333, "loss_main": 2.80914843082428, "loss_total": 2.80914843082428}
{"event": "update", "optimizer_step": 3320, "tokens_seen": 108789760, "lr": 0.00029998023260528804, "grad_norm": 0.563395619392395, "elapsed_seconds": 13696.293666661019, "tokens_per_second": 7943.007257854858, "loss_main": 2.8306972682476044, "loss_total": 2.8306972682476044}
{"event": "update", "optimizer_step": 3330, "tokens_seen": 109117440, "lr": 0.0002999799317434783, "grad_norm": 0.5696702599525452, "elapsed_seconds": 13811.507466802024, "tokens_per_second": 7900.4728674462, "loss_main": 2.669877976179123, "loss_total": 2.669877976179123}
{"event": "update", "optimizer_step": 3340, "tokens_seen": 109445120, "lr": 0.0002999796286095244, "grad_norm": 0.5140722393989563, "elapsed_seconds": 13926.268883514043, "tokens_per_second": 7858.897520610236, "loss_main": 2.633167266845703, "loss_total": 2.633167266845703}
{"event": "update", "optimizer_step": 3350, "tokens_seen": 109772800, "lr": 0.0002999793232034315, "grad_norm": 0.5319183468818665, "elapsed_seconds": 14040.77670899703, "tokens_per_second": 7818.142989886018, "loss_main": 2.7357854545116425, "loss_total": 2.7357854545116425}
{"event": "update", "optimizer_step": 3360, "tokens_seen": 110100480, "lr": 0.00029997901552520484, "grad_norm": 0.616722583770752, "elapsed_seconds": 14155.502867822011, "tokens_per_second": 7777.927850961627, "loss_main": 2.686876356601715, "loss_total": 2.686876356601715}
{"event": "update", "optimizer_step": 3370, "tokens_seen": 110428160, "lr": 0.0002999787055748494, "grad_norm": 0.5827340483665466, "elapsed_seconds": 14270.017304904002, "tokens_per_second": 7738.474147613718, "loss_main": 2.6527114510536194, "loss_total": 2.6527114510536194}
{"event": "update", "optimizer_step": 3380, "tokens_seen": 110755840, "lr": 0.00029997839335237043, "grad_norm": 0.5289705991744995, "elapsed_seconds": 14384.263485842035, "tokens_per_second": 7699.792214527591, "loss_main": 2.5530310571193695, "loss_total": 2.5530310571193695}
{"event": "update", "optimizer_step": 3390, "tokens_seen": 111083520, "lr": 0.0002999780788577734, "grad_norm": 0.6194133758544922, "elapsed_seconds": 14497.79541222204, "tokens_per_second": 7662.097363186236, "loss_main": 2.7635872960090637, "loss_total": 2.7635872960090637}
{"event": "update", "optimizer_step": 3400, "tokens_seen": 111411200, "lr": 0.0002999777620910633, "grad_norm": 0.5858262777328491, "elapsed_seconds": 14613.40419927705, "tokens_per_second": 7623.904634452779, "loss_main": 2.5974813997745514, "loss_total": 2.5974813997745514}
{"event": "update", "optimizer_step": 3410, "tokens_seen": 111738880, "lr": 0.0002999774430522457, "grad_norm": 0.5695030093193054, "elapsed_seconds": 14728.931426895026, "tokens_per_second": 7586.3534672966725, "loss_main": 2.5994420647621155, "loss_total": 2.5994420647621155}
{"event": "update", "optimizer_step": 3420, "tokens_seen": 112066560, "lr": 0.0002999771217413258, "grad_norm": 0.615728497505188, "elapsed_seconds": 14844.860550007026, "tokens_per_second": 7549.182400365961, "loss_main": 2.6675902009010315, "loss_total": 2.6675902009010315}
{"event": "update", "optimizer_step": 3430, "tokens_seen": 112394240, "lr": 0.00029997679815830917, "grad_norm": 0.5478755235671997, "elapsed_seconds": 14960.341966959008, "tokens_per_second": 7512.8122236931995, "loss_main": 2.6659817695617676, "loss_total": 2.6659817695617676}
{"event": "update", "optimizer_step": 3440, "tokens_seen": 112721920, "lr": 0.0002999764723032012, "grad_norm": 0.5543984174728394, "elapsed_seconds": 15076.154470475041, "tokens_per_second": 7476.835039117784, "loss_main": 2.645515203475952, "loss_total": 2.645515203475952}
{"event": "update", "optimizer_step": 3450, "tokens_seen": 113049600, "lr": 0.00029997614417600726, "grad_norm": 0.5481609106063843, "elapsed_seconds": 15191.833119496005, "tokens_per_second": 7441.471948169377, "loss_main": 2.5523515939712524, "loss_total": 2.5523515939712524}
{"event": "update", "optimizer_step": 3460, "tokens_seen": 113377280, "lr": 0.000299975813776733, "grad_norm": 0.5132910013198853, "elapsed_seconds": 15269.394144906022, "tokens_per_second": 7425.13284574709, "loss_main": 2.7782531082630157, "loss_total": 2.7782531082630157}
{"event": "update", "optimizer_step": 3470, "tokens_seen": 113704960, "lr": 0.000299975481105384, "grad_norm": 0.5351325869560242, "elapsed_seconds": 15346.495687541028, "tokens_per_second": 7409.180722105228, "loss_main": 2.6296418607234955, "loss_total": 2.6296418607234955}
{"event": "update", "optimizer_step": 3480, "tokens_seen": 114032640, "lr": 0.00029997514616196574, "grad_norm": 0.5411931276321411, "elapsed_seconds": 15423.333686441008, "tokens_per_second": 7393.514419016208, "loss_main": 2.758863866329193, "loss_total": 2.758863866329193}
{"event": "update", "optimizer_step": 3490, "tokens_seen": 114360320, "lr": 0.00029997480894648407, "grad_norm": 0.539474368095398, "elapsed_seconds": 15500.814791609999, "tokens_per_second": 7377.6973363941415, "loss_main": 2.587699979543686, "loss_total": 2.587699979543686}
{"event": "update", "optimizer_step": 3500, "tokens_seen": 114688000, "lr": 0.00029997446945894443, "grad_norm": 0.5557568073272705, "elapsed_seconds": 15578.235521626018, "tokens_per_second": 7362.0661236497435, "loss_main": 2.6009463369846344, "loss_total": 2.6009463369846344}
{"event": "update", "optimizer_step": 3510, "tokens_seen": 115015680, "lr": 0.00029997412769935256, "grad_norm": 0.635351836681366, "elapsed_seconds": 15655.305510798004, "tokens_per_second": 7346.7541033082825, "loss_main": 2.6782366931438446, "loss_total": 2.6782366931438446}
{"event": "update", "optimizer_step": 3520, "tokens_seen": 115343360, "lr": 0.0002999737836677143, "grad_norm": 0.5358275771141052, "elapsed_seconds": 15732.402427680034, "tokens_per_second": 7331.579555647625, "loss_main": 2.823424994945526, "loss_total": 2.823424994945526}
{"event": "update", "optimizer_step": 3530, "tokens_seen": 115671040, "lr": 0.00029997343736403543, "grad_norm": 0.5281205177307129, "elapsed_seconds": 15809.39307146403, "tokens_per_second": 7316.602191945391, "loss_main": 2.6592197120189667, "loss_total": 2.6592197120189667}
{"event": "update", "optimizer_step": 3540, "tokens_seen": 115998720, "lr": 0.0002999730887883219, "grad_norm": 0.5457947850227356, "elapsed_seconds": 15886.502361210005, "tokens_per_second": 7301.71546653551, "loss_main": 2.683448076248169, "loss_total": 2.683448076248169}
{"event": "update", "optimizer_step": 3550, "tokens_seen": 116326400, "lr": 0.0002999727379405793, "grad_norm": 0.5082102417945862, "elapsed_seconds": 15963.217259590048, "tokens_per_second": 7287.152590128149, "loss_main": 2.521921545267105, "loss_total": 2.521921545267105}
{"event": "update", "optimizer_step": 3560, "tokens_seen": 116654080, "lr": 0.0002999723848208137, "grad_norm": 0.5509511232376099, "elapsed_seconds": 16040.110153469024, "tokens_per_second": 7272.648310009954, "loss_main": 2.6019356846809387, "loss_total": 2.6019356846809387}
{"event": "update", "optimizer_step": 3570, "tokens_seen": 116981760, "lr": 0.00029997202942903106, "grad_norm": 0.5383828282356262, "elapsed_seconds": 16117.154595873028, "tokens_per_second": 7258.2141781995715, "loss_main": 2.6130678951740265, "loss_total": 2.6130678951740265}
{"event": "update", "optimizer_step": 3580, "tokens_seen": 117309440, "lr": 0.0002999716717652374, "grad_norm": 0.5370795130729675, "elapsed_seconds": 16193.990706256009, "tokens_per_second": 7244.010579472631, "loss_main": 2.8016742765903473, "loss_total": 2.8016742765903473}
{"event": "update", "optimizer_step": 3590, "tokens_seen": 117637120, "lr": 0.0002999713118294386, "grad_norm": 0.5146169066429138, "elapsed_seconds": 16271.204019249999, "tokens_per_second": 7229.773522649391, "loss_main": 2.6768419593572617, "loss_total": 2.6768419593572617}
{"event": "update", "optimizer_step": 3600, "tokens_seen": 117964800, "lr": 0.00029997094962164075, "grad_norm": 0.5895506143569946, "elapsed_seconds": 16348.442451548006, "tokens_per_second": 7215.659861764392, "loss_main": 2.8736656308174133, "loss_total": 2.8736656308174133}
{"event": "update", "optimizer_step": 3610, "tokens_seen": 118292480, "lr": 0.0002999705851418501, "grad_norm": 0.6408206224441528, "elapsed_seconds": 16425.505287948006, "tokens_per_second": 7201.755923258904, "loss_main": 2.6244172751903534, "loss_total": 2.6244172751903534}
{"event": "update", "optimizer_step": 3620, "tokens_seen": 118620160, "lr": 0.0002999702183900726, "grad_norm": 0.5208759903907776, "elapsed_seconds": 16502.544371906028, "tokens_per_second": 7187.992186340626, "loss_main": 2.6784194707870483, "loss_total": 2.6784194707870483}
{"event": "update", "optimizer_step": 3630, "tokens_seen": 118947840, "lr": 0.00029996984936631445, "grad_norm": 0.5968194603919983, "elapsed_seconds": 16579.383658856037, "tokens_per_second": 7174.442816905493, "loss_main": 2.6626841127872467, "loss_total": 2.6626841127872467}
{"event": "update", "optimizer_step": 3640, "tokens_seen": 119275520, "lr": 0.000299969478070582, "grad_norm": 0.5613266825675964, "elapsed_seconds": 16656.04159617203, "tokens_per_second": 7161.09642926279, "loss_main": 2.471389561891556, "loss_total": 2.471389561891556}
{"event": "update", "optimizer_step": 3650, "tokens_seen": 119603200, "lr": 0.00029996910450288137, "grad_norm": 0.5334008932113647, "elapsed_seconds": 16731.57822756702, "tokens_per_second": 7148.351361316367, "loss_main": 2.5861417055130005, "loss_total": 2.5861417055130005}
{"event": "update", "optimizer_step": 3660, "tokens_seen": 119930880, "lr": 0.0002999687286632189, "grad_norm": 0.5277584791183472, "elapsed_seconds": 16806.357926529017, "tokens_per_second": 7136.042236175859, "loss_main": 2.598706141114235, "loss_total": 2.598706141114235}
{"event": "update", "optimizer_step": 3670, "tokens_seen": 120258560, "lr": 0.00029996835055160094, "grad_norm": 0.5177963376045227, "elapsed_seconds": 16880.70688321005, "tokens_per_second": 7124.023942362984, "loss_main": 2.7429806292057037, "loss_total": 2.7429806292057037}
{"event": "update", "optimizer_step": 3680, "tokens_seen": 120586240, "lr": 0.00029996797016803374, "grad_norm": 0.5128991603851318, "elapsed_seconds": 16956.884188329044, "tokens_per_second": 7111.34419865863, "loss_main": 2.709203451871872, "loss_total": 2.709203451871872}
{"event": "update", "optimizer_step": 3690, "tokens_seen": 120913920, "lr": 0.0002999675875125238, "grad_norm": 0.525357186794281, "elapsed_seconds": 17033.08996073302, "tokens_per_second": 7098.766006564111, "loss_main": 2.604888826608658, "loss_total": 2.604888826608658}
{"event": "update", "optimizer_step": 3700, "tokens_seen": 121241600, "lr": 0.00029996720258507756, "grad_norm": 0.5532511472702026, "elapsed_seconds": 17081.178788070043, "tokens_per_second": 7097.964461602522, "loss_main": 2.6900030374526978, "loss_total": 2.6900030374526978}
{"event": "update", "optimizer_step": 3710, "tokens_seen": 121569280, "lr": 0.0002999668153857016, "grad_norm": 0.5516794919967651, "elapsed_seconds": 17116.009133588, "tokens_per_second": 7102.665057676073, "loss_main": 2.7579157054424286, "loss_total": 2.7579157054424286}
{"event": "update", "optimizer_step": 3720, "tokens_seen": 121896960, "lr": 0.0002999664259144022, "grad_norm": 0.551712691783905, "elapsed_seconds": 17150.854750015016, "tokens_per_second": 7107.340233284483, "loss_main": 2.6742143630981445, "loss_total": 2.6742143630981445}
{"event": "update", "optimizer_step": 3730, "tokens_seen": 122224640, "lr": 0.000299966034171186, "grad_norm": 0.5679110884666443, "elapsed_seconds": 17185.692633102997, "tokens_per_second": 7111.999650486679, "loss_main": 2.7554254829883575, "loss_total": 2.7554254829883575}
{"event": "update", "optimizer_step": 3740, "tokens_seen": 122552320, "lr": 0.0002999656401560597, "grad_norm": 0.5523133277893066, "elapsed_seconds": 17220.554663061048, "tokens_per_second": 7116.630236242092, "loss_main": 2.637698620557785, "loss_total": 2.637698620557785}
{"event": "update", "optimizer_step": 3750, "tokens_seen": 122880000, "lr": 0.0002999652438690298, "grad_norm": 0.5374543070793152, "elapsed_seconds": 17255.37090446404, "tokens_per_second": 7121.261007968852, "loss_main": 2.51972696185112, "loss_total": 2.51972696185112}
{"event": "update", "optimizer_step": 3760, "tokens_seen": 123207680, "lr": 0.00029996484531010306, "grad_norm": 0.5984548330307007, "elapsed_seconds": 17290.210747782025, "tokens_per_second": 7125.863403128559, "loss_main": 2.699025720357895, "loss_total": 2.699025720357895}
{"event": "update", "optimizer_step": 3770, "tokens_seen": 123535360, "lr": 0.00029996444447928617, "grad_norm": 0.528819739818573, "elapsed_seconds": 17325.07062783005, "tokens_per_second": 7130.43904141779, "loss_main": 2.7309239208698273, "loss_total": 2.7309239208698273}
{"event": "update", "optimizer_step": 3780, "tokens_seen": 123863040, "lr": 0.00029996404137658586, "grad_norm": 0.5451042652130127, "elapsed_seconds": 17359.92416348704, "tokens_per_second": 7134.998910912291, "loss_main": 2.7955623269081116, "loss_total": 2.7955623269081116}
{"event": "update", "optimizer_step": 3790, "tokens_seen": 124190720, "lr": 0.00029996363600200897, "grad_norm": 0.532935380935669, "elapsed_seconds": 17394.870739252015, "tokens_per_second": 7139.50232005807, "loss_main": 2.6256174743175507, "loss_total": 2.6256174743175507}
{"event": "update", "optimizer_step": 3800, "tokens_seen": 124518400, "lr": 0.0002999632283555623, "grad_norm": 0.5447831749916077, "elapsed_seconds": 17429.731996735034, "tokens_per_second": 7144.022640355284, "loss_main": 2.483874559402466, "loss_total": 2.483874559402466}
{"event": "update", "optimizer_step": 3810, "tokens_seen": 124846080, "lr": 0.0002999628184372526, "grad_norm": 0.5705592632293701, "elapsed_seconds": 17464.60576291202, "tokens_per_second": 7148.519794539203, "loss_main": 2.481695055961609, "loss_total": 2.481695055961609}
{"event": "update", "optimizer_step": 3820, "tokens_seen": 125173760, "lr": 0.00029996240624708694, "grad_norm": 0.5769949555397034, "elapsed_seconds": 17499.458742647024, "tokens_per_second": 7153.007521023808, "loss_main": 2.8100867867469788, "loss_total": 2.8100867867469788}
{"event": "update", "optimizer_step": 3830, "tokens_seen": 125501440, "lr": 0.0002999619917850721, "grad_norm": 0.6757977604866028, "elapsed_seconds": 17534.304969043005, "tokens_per_second": 7157.48016368907, "loss_main": 2.6437437534332275, "loss_total": 2.6437437534332275}
{"event": "update", "optimizer_step": 3840, "tokens_seen": 125829120, "lr": 0.00029996157505121515, "grad_norm": 0.5182996392250061, "elapsed_seconds": 17569.159222499, "tokens_per_second": 7161.931792322975, "loss_main": 2.613349571824074, "loss_total": 2.613349571824074}
{"event": "update", "optimizer_step": 3850, "tokens_seen": 126156800, "lr": 0.00029996115604552314, "grad_norm": 0.5471101999282837, "elapsed_seconds": 17604.019555269042, "tokens_per_second": 7166.363318554718, "loss_main": 2.8282066583633423, "loss_total": 2.8282066583633423}
{"event": "update", "optimizer_step": 3860, "tokens_seen": 126484480, "lr": 0.0002999607347680031, "grad_norm": 0.5258088707923889, "elapsed_seconds": 17638.84905782604, "tokens_per_second": 7170.789861931559, "loss_main": 2.6479978561401367, "loss_total": 2.6479978561401367}
{"event": "update", "optimizer_step": 3870, "tokens_seen": 126812160, "lr": 0.0002999603112186621, "grad_norm": 0.592535138130188, "elapsed_seconds": 17673.68665252003, "tokens_per_second": 7175.19567327614, "loss_main": 2.8620240092277527, "loss_total": 2.8620240092277527}
{"event": "update", "optimizer_step": 3880, "tokens_seen": 127139840, "lr": 0.0002999598853975072, "grad_norm": 0.5974695682525635, "elapsed_seconds": 17708.526884812047, "tokens_per_second": 7179.583080343243, "loss_main": 2.6450478434562683, "loss_total": 2.6450478434562683}
{"event": "update", "optimizer_step": 3890, "tokens_seen": 127467520, "lr": 0.0002999594573045457, "grad_norm": 0.5842093825340271, "elapsed_seconds": 17743.35757620301, "tokens_per_second": 7183.957120435682, "loss_main": 2.6269491612911224, "loss_total": 2.6269491612911224}
{"event": "update", "optimizer_step": 3900, "tokens_seen": 127795200, "lr": 0.00029995902693978464, "grad_norm": 0.6038106679916382, "elapsed_seconds": 17778.227643826045, "tokens_per_second": 7188.298100366615, "loss_main": 2.7738857865333557, "loss_total": 2.7738857865333557}
{"event": "update", "optimizer_step": 3910, "tokens_seen": 128122880, "lr": 0.00029995859430323143, "grad_norm": 0.5769075751304626, "elapsed_seconds": 17813.061671890027, "tokens_per_second": 7192.636637091131, "loss_main": 2.641835570335388, "loss_total": 2.641835570335388}
{"event": "update", "optimizer_step": 3920, "tokens_seen": 128450560, "lr": 0.00029995815939489335, "grad_norm": 0.5233997106552124, "elapsed_seconds": 17847.92188744404, "tokens_per_second": 7196.947678842352, "loss_main": 2.628187447786331, "loss_total": 2.628187447786331}
{"event": "update", "optimizer_step": 3930, "tokens_seen": 128778240, "lr": 0.00029995772221477757, "grad_norm": 0.5612857341766357, "elapsed_seconds": 17882.782008423004, "tokens_per_second": 7201.24195101992, "loss_main": 2.7019565403461456, "loss_total": 2.7019565403461456}
{"event": "update", "optimizer_step": 3940, "tokens_seen": 129105920, "lr": 0.00029995728276289155, "grad_norm": 0.6315088272094727, "elapsed_seconds": 17917.596923715028, "tokens_per_second": 7205.537692899011, "loss_main": 2.580432415008545, "loss_total": 2.580432415008545}
{"event": "update", "optimizer_step": 3950, "tokens_seen": 129433600, "lr": 0.0002999568410392427, "grad_norm": 0.5457955002784729, "elapsed_seconds": 17952.441553888028, "tokens_per_second": 7209.804839719312, "loss_main": 2.5966558158397675, "loss_total": 2.5966558158397675}
{"event": "update", "optimizer_step": 3960, "tokens_seen": 129761280, "lr": 0.00029995639704383833, "grad_norm": 0.5516451001167297, "elapsed_seconds": 17987.272484086046, "tokens_per_second": 7214.060948640447, "loss_main": 2.797388195991516, "loss_total": 2.797388195991516}
{"event": "update", "optimizer_step": 3970, "tokens_seen": 130088960, "lr": 0.0002999559507766862, "grad_norm": 0.5620389580726624, "elapsed_seconds": 18022.114699761034, "tokens_per_second": 7218.2960860705725, "loss_main": 2.5749511420726776, "loss_total": 2.5749511420726776}
{"event": "update", "optimizer_step": 3980, "tokens_seen": 130416640, "lr": 0.00029995550223779353, "grad_norm": 0.5198606848716736, "elapsed_seconds": 18056.959363795002, "tokens_per_second": 7222.513900180287, "loss_main": 2.5436728298664093, "loss_total": 2.5436728298664093}
{"event": "update", "optimizer_step": 3990, "tokens_seen": 130744320, "lr": 0.00029995505142716794, "grad_norm": 0.5721313953399658, "elapsed_seconds": 18091.822627306043, "tokens_per_second": 7226.7080378439705, "loss_main": 2.5804515182971954, "loss_total": 2.5804515182971954}
{"event": "update", "optimizer_step": 4000, "tokens_seen": 131072000, "lr": 0.0002999545983448171, "grad_norm": 0.553627610206604, "elapsed_seconds": 18126.68503096304, "tokens_per_second": 7230.886385244174, "loss_main": 2.51325860619545, "loss_total": 2.51325860619545}
{"event": "update", "optimizer_step": 4010, "tokens_seen": 131399680, "lr": 0.00029995414299074864, "grad_norm": 0.5569756627082825, "elapsed_seconds": 18161.63232568605, "tokens_per_second": 7235.01487331406, "loss_main": 2.5014213025569916, "loss_total": 2.5014213025569916}
{"event": "update", "optimizer_step": 4020, "tokens_seen": 131727360, "lr": 0.0002999536853649701, "grad_norm": 0.5157914161682129, "elapsed_seconds": 18196.520398765046, "tokens_per_second": 7239.151063680286, "loss_main": 2.7153598964214325, "loss_total": 2.7153598964214325}
{"event": "update", "optimizer_step": 4030, "tokens_seen": 132055040, "lr": 0.00029995322546748924, "grad_norm": 0.5882714986801147, "elapsed_seconds": 18231.381502121047, "tokens_per_second": 7243.282138802079, "loss_main": 2.723310351371765, "loss_total": 2.723310351371765}
{"event": "update", "optimizer_step": 4040, "tokens_seen": 132382720, "lr": 0.0002999527632983139, "grad_norm": 0.5265896320343018, "elapsed_seconds": 18266.23994242202, "tokens_per_second": 7247.398502225448, "loss_main": 2.5393353700637817, "loss_total": 2.5393353700637817}
{"event": "update", "optimizer_step": 4050, "tokens_seen": 132710400, "lr": 0.00029995229885745184, "grad_norm": 0.558845579624176, "elapsed_seconds": 18301.12074766704, "tokens_per_second": 7251.490322903719, "loss_main": 2.746965765953064, "loss_total": 2.746965765953064}
{"event": "update", "optimizer_step": 4060, "tokens_seen": 133038080, "lr": 0.0002999518321449107, "grad_norm": 0.5442759394645691, "elapsed_seconds": 18335.973701677052, "tokens_per_second": 7255.577596505389, "loss_main": 2.579018473625183, "loss_total": 2.579018473625183}
{"event": "update", "optimizer_step": 4070, "tokens_seen": 133365760, "lr": 0.00029995136316069847, "grad_norm": 0.5582401156425476, "elapsed_seconds": 18370.945069584006, "tokens_per_second": 7259.602567796473, "loss_main": 2.831365793943405, "loss_total": 2.831365793943405}
{"event": "update", "optimizer_step": 4080, "tokens_seen": 133693440, "lr": 0.0002999508919048231, "grad_norm": 0.513239324092865, "elapsed_seconds": 18405.818209435034, "tokens_per_second": 7263.65100854181, "loss_main": 2.8336861431598663, "loss_total": 2.8336861431598663}
{"event": "update", "optimizer_step": 4090, "tokens_seen": 134021120, "lr": 0.00029995041837729234, "grad_norm": 1.2456220388412476, "elapsed_seconds": 18440.697784056014, "tokens_per_second": 7267.6816012827785, "loss_main": 2.6997325122356415, "loss_total": 2.6997325122356415}
{"event": "update", "optimizer_step": 4100, "tokens_seen": 134348800, "lr": 0.0002999499425781144, "grad_norm": 0.5332164168357849, "elapsed_seconds": 18475.55549002101, "tokens_per_second": 7271.7055826854175, "loss_main": 2.576355516910553, "loss_total": 2.576355516910553}
{"event": "update", "optimizer_step": 4110, "tokens_seen": 134676480, "lr": 0.0002999494645072971, "grad_norm": 0.5687175393104553, "elapsed_seconds": 18510.391280116048, "tokens_per_second": 7275.723022920111, "loss_main": 2.608168751001358, "loss_total": 2.608168751001358}
{"event": "update", "optimizer_step": 4120, "tokens_seen": 135004160, "lr": 0.00029994898416484854, "grad_norm": 0.5371731519699097, "elapsed_seconds": 18545.25552501704, "tokens_per_second": 7279.714200641943, "loss_main": 2.703749656677246, "loss_total": 2.703749656677246}
{"event": "update", "optimizer_step": 4130, "tokens_seen": 135331840, "lr": 0.0002999485015507768, "grad_norm": 0.5280058979988098, "elapsed_seconds": 18580.118466175045, "tokens_per_second": 7283.6909111408795, "loss_main": 2.701175719499588, "loss_total": 2.701175719499588}
{"event": "update", "optimizer_step": 4140, "tokens_seen": 135659520, "lr": 0.00029994801666509007, "grad_norm": 0.6039499044418335, "elapsed_seconds": 18614.97426076705, "tokens_per_second": 7287.65552396794, "loss_main": 2.74633651971817, "loss_total": 2.74633651971817}
{"event": "update", "optimizer_step": 4150, "tokens_seen": 135987200, "lr": 0.0002999475295077965, "grad_norm": 0.540561318397522, "elapsed_seconds": 18649.825866838044, "tokens_per_second": 7291.606954990607, "loss_main": 2.6628978848457336, "loss_total": 2.6628978848457336}
{"event": "update", "optimizer_step": 4160, "tokens_seen": 136314880, "lr": 0.0002999470400789041, "grad_norm": 0.6829391121864319, "elapsed_seconds": 18684.691315689008, "tokens_per_second": 7295.538240203104, "loss_main": 2.582462102174759, "loss_total": 2.582462102174759}
{"event": "update", "optimizer_step": 4170, "tokens_seen": 136642560, "lr": 0.0002999465483784215, "grad_norm": 0.5440269112586975, "elapsed_seconds": 18719.579040247016, "tokens_per_second": 7299.44619514248, "loss_main": 2.7573414742946625, "loss_total": 2.7573414742946625}
{"event": "update", "optimizer_step": 4180, "tokens_seen": 136970240, "lr": 0.0002999460544063565, "grad_norm": 0.5794777274131775, "elapsed_seconds": 18754.44219018903, "tokens_per_second": 7303.349180475916, "loss_main": 2.5865894556045532, "loss_total": 2.5865894556045532}
{"event": "update", "optimizer_step": 4190, "tokens_seen": 137297920, "lr": 0.0002999455581627178, "grad_norm": 0.5353679060935974, "elapsed_seconds": 18789.33874676301, "tokens_per_second": 7307.224690046818, "loss_main": 2.7277246713638306, "loss_total": 2.7277246713638306}
{"event": "update", "optimizer_step": 4200, "tokens_seen": 137625600, "lr": 0.0002999450596475135, "grad_norm": 0.5649775266647339, "elapsed_seconds": 18824.212921644037, "tokens_per_second": 7311.0945234665505, "loss_main": 2.7308601438999176, "loss_total": 2.7308601438999176}
{"event": "update", "optimizer_step": 4210, "tokens_seen": 137953280, "lr": 0.0002999445588607523, "grad_norm": 0.6848071813583374, "elapsed_seconds": 18859.081072125, "tokens_per_second": 7314.952381423519, "loss_main": 2.556816965341568, "loss_total": 2.556816965341568}
{"event": "update", "optimizer_step": 4220, "tokens_seen": 138280960, "lr": 0.0002999440558024422, "grad_norm": 0.5397973656654358, "elapsed_seconds": 18893.979591185052, "tokens_per_second": 7318.784236673712, "loss_main": 2.69042107462883, "loss_total": 2.69042107462883}
{"event": "update", "optimizer_step": 4230, "tokens_seen": 138608640, "lr": 0.0002999435504725921, "grad_norm": 0.5620618462562561, "elapsed_seconds": 18928.847212845052, "tokens_per_second": 7322.613915227793, "loss_main": 2.6138147115707397, "loss_total": 2.6138147115707397}
{"event": "update", "optimizer_step": 4240, "tokens_seen": 138936320, "lr": 0.00029994304287121016, "grad_norm": 3.455491781234741, "elapsed_seconds": 18963.679511160997, "tokens_per_second": 7326.443157733687, "loss_main": 2.777286648750305, "loss_total": 2.777286648750305}
{"event": "update", "optimizer_step": 4250, "tokens_seen": 139264000, "lr": 0.0002999425329983051, "grad_norm": 0.5528764128684998, "elapsed_seconds": 18998.527366859023, "tokens_per_second": 7330.252356450096, "loss_main": 2.658739894628525, "loss_total": 2.658739894628525}
{"event": "update", "optimizer_step": 4260, "tokens_seen": 139591680, "lr": 0.00029994202085388544, "grad_norm": 0.5953053832054138, "elapsed_seconds": 19033.414571840025, "tokens_per_second": 7334.032444526594, "loss_main": 2.801150530576706, "loss_total": 2.801150530576706}
{"event": "update", "optimizer_step": 4270, "tokens_seen": 139919360, "lr": 0.0002999415064379599, "grad_norm": 0.5278624296188354, "elapsed_seconds": 19068.261443354015, "tokens_per_second": 7337.814221587936, "loss_main": 2.5936607122421265, "loss_total": 2.5936607122421265}
{"event": "update", "optimizer_step": 4280, "tokens_seen": 140247040, "lr": 0.000299940989750537, "grad_norm": 0.5463561415672302, "elapsed_seconds": 19103.399065313046, "tokens_per_second": 7341.470463999951, "loss_main": 2.7476551830768585, "loss_total": 2.7476551830768585}
{"event": "update", "optimizer_step": 4290, "tokens_seen": 140574720, "lr": 0.0002999404707916256, "grad_norm": 0.6499925851821899, "elapsed_seconds": 19138.75781146303, "tokens_per_second": 7345.028417455793, "loss_main": 2.479683518409729, "loss_total": 2.479683518409729}
{"event": "update", "optimizer_step": 4300, "tokens_seen": 140902400, "lr": 0.00029993994956123426, "grad_norm": 0.5370621681213379, "elapsed_seconds": 19173.65981428005, "tokens_per_second": 7348.748301827046, "loss_main": 2.746087372303009, "loss_total": 2.746087372303009}
{"event": "update", "optimizer_step": 4310, "tokens_seen": 141230080, "lr": 0.00029993942605937185, "grad_norm": 0.5648504495620728, "elapsed_seconds": 19208.544194528018, "tokens_per_second": 7352.461413511625, "loss_main": 2.668837010860443, "loss_total": 2.668837010860443}
{"event": "update", "optimizer_step": 4320, "tokens_seen": 141557760, "lr": 0.00029993890028604724, "grad_norm": 0.536952018737793, "elapsed_seconds": 19243.441530055017, "tokens_per_second": 7356.156110585032, "loss_main": 2.651851773262024, "loss_total": 2.651851773262024}
{"event": "update", "optimizer_step": 4330, "tokens_seen": 141885440, "lr": 0.0002999383722412692, "grad_norm": 1.061820149421692, "elapsed_seconds": 19278.34112642205, "tokens_per_second": 7359.836568382849, "loss_main": 2.642342060804367, "loss_total": 2.642342060804367}
{"event": "update", "optimizer_step": 4340, "tokens_seen": 142213120, "lr": 0.0002999378419250465, "grad_norm": 0.5410163998603821, "elapsed_seconds": 19313.27776086802, "tokens_per_second": 7363.489603414079, "loss_main": 2.712399870157242, "loss_total": 2.712399870157242}
{"event": "update", "optimizer_step": 4350, "tokens_seen": 142540800, "lr": 0.0002999373093373883, "grad_norm": 0.5253478288650513, "elapsed_seconds": 19348.157615797012, "tokens_per_second": 7367.151065774915, "loss_main": 2.641030788421631, "loss_total": 2.641030788421631}
{"event": "update", "optimizer_step": 4360, "tokens_seen": 142868480, "lr": 0.0002999367744783034, "grad_norm": 0.5370582938194275, "elapsed_seconds": 19383.041975003027, "tokens_per_second": 7370.797637659127, "loss_main": 2.4715971052646637, "loss_total": 2.4715971052646637}
{"event": "update", "optimizer_step": 4370, "tokens_seen": 143196160, "lr": 0.000299936237347801, "grad_norm": 0.5352779030799866, "elapsed_seconds": 19417.921856881003, "tokens_per_second": 7374.4328077649825, "loss_main": 2.559764564037323, "loss_total": 2.559764564037323}
{"event": "update", "optimizer_step": 4380, "tokens_seen": 143523840, "lr": 0.00029993569794589, "grad_norm": 0.5154494643211365, "elapsed_seconds": 19452.799567903043, "tokens_per_second": 7378.05576513589, "loss_main": 2.757025331258774, "loss_total": 2.757025331258774}
{"event": "update", "optimizer_step": 4390, "tokens_seen": 143851520, "lr": 0.0002999351562725794, "grad_norm": 0.5240175127983093, "elapsed_seconds": 19487.67070837505, "tokens_per_second": 7381.668243099887, "loss_main": 2.6019092798233032, "loss_total": 2.6019092798233032}
{"event": "update", "optimizer_step": 4400, "tokens_seen": 144179200, "lr": 0.00029993461232787836, "grad_norm": 0.5309885740280151, "elapsed_seconds": 19522.52733371005, "tokens_per_second": 7385.273306855207, "loss_main": 2.393657684326172, "loss_total": 2.393657684326172}
{"event": "update", "optimizer_step": 4410, "tokens_seen": 144506880, "lr": 0.0002999340661117961, "grad_norm": 0.5279374122619629, "elapsed_seconds": 19557.379547659017, "tokens_per_second": 7388.867186826019, "loss_main": 2.6894701719284058, "loss_total": 2.6894701719284058}
{"event": "update", "optimizer_step": 4420, "tokens_seen": 144834560, "lr": 0.0002999335176243419, "grad_norm": 0.5797094106674194, "elapsed_seconds": 19592.27482343401, "tokens_per_second": 7392.432032791091, "loss_main": 2.573045700788498, "loss_total": 2.573045700788498}
{"event": "update", "optimizer_step": 4430, "tokens_seen": 145162240, "lr": 0.00029993296686552475, "grad_norm": 0.5417789220809937, "elapsed_seconds": 19627.15236888005, "tokens_per_second": 7395.990884045046, "loss_main": 2.586675673723221, "loss_total": 2.586675673723221}
{"event": "update", "optimizer_step": 4440, "tokens_seen": 145489920, "lr": 0.00029993241383535416, "grad_norm": 0.5217981934547424, "elapsed_seconds": 19661.998503081035, "tokens_per_second": 7399.548930756034, "loss_main": 2.4454425871372223, "loss_total": 2.4454425871372223}
{"event": "update", "optimizer_step": 4450, "tokens_seen": 145817600, "lr": 0.0002999318585338393, "grad_norm": 0.5375454425811768, "elapsed_seconds": 19696.880254801014, "tokens_per_second": 7403.081001340693, "loss_main": 2.701418161392212, "loss_total": 2.701418161392212}
{"event": "update", "optimizer_step": 4460, "tokens_seen": 146145280, "lr": 0.00029993130096098955, "grad_norm": 0.5441330075263977, "elapsed_seconds": 19731.740125572018, "tokens_per_second": 7406.608797294977, "loss_main": 2.747151792049408, "loss_total": 2.747151792049408}
{"event": "update", "optimizer_step": 4470, "tokens_seen": 146472960, "lr": 0.0002999307411168143, "grad_norm": 0.5999721884727478, "elapsed_seconds": 19766.62434556405, "tokens_per_second": 7410.1150221368425, "loss_main": 2.555125653743744, "loss_total": 2.555125653743744}
{"event": "update", "optimizer_step": 4480, "tokens_seen": 146800640, "lr": 0.0002999301790013231, "grad_norm": 0.5437661409378052, "elapsed_seconds": 19801.489264603006, "tokens_per_second": 7413.616119390562, "loss_main": 2.6095112562179565, "loss_total": 2.6095112562179565}
{"event": "update", "optimizer_step": 4490, "tokens_seen": 147128320, "lr": 0.0002999296146145252, "grad_norm": 0.5201687216758728, "elapsed_seconds": 19836.354026061017, "tokens_per_second": 7417.104968317399, "loss_main": 2.5564555525779724, "loss_total": 2.5564555525779724}
{"event": "update", "optimizer_step": 4500, "tokens_seen": 147456000, "lr": 0.00029992904795643005, "grad_norm": 0.5633096098899841, "elapsed_seconds": 19871.250528399018, "tokens_per_second": 7420.56972153127, "loss_main": 2.448398381471634, "loss_total": 2.448398381471634}
{"event": "update", "optimizer_step": 4510, "tokens_seen": 147783680, "lr": 0.0002999284790270475, "grad_norm": 0.5364583730697632, "elapsed_seconds": 19906.137844789017, "tokens_per_second": 7424.025752875336, "loss_main": 2.69118994474411, "loss_total": 2.69118994474411}
{"event": "update", "optimizer_step": 4520, "tokens_seen": 148111360, "lr": 0.00029992790782638694, "grad_norm": 0.5726287961006165, "elapsed_seconds": 19941.024666154, "tokens_per_second": 7427.469875777755, "loss_main": 2.568993866443634, "loss_total": 2.568993866443634}
{"event": "update", "optimizer_step": 4530, "tokens_seen": 148439040, "lr": 0.00029992733435445793, "grad_norm": 0.5630647540092468, "elapsed_seconds": 19975.875640599, "tokens_per_second": 7430.91530357309, "loss_main": 2.457016274333, "loss_total": 2.457016274333}
{"event": "update", "optimizer_step": 4540, "tokens_seen": 148766720, "lr": 0.0002999267586112702, "grad_norm": 0.5140170454978943, "elapsed_seconds": 20010.739082608023, "tokens_per_second": 7434.344098229632, "loss_main": 2.553999811410904, "loss_total": 2.553999811410904}
{"event": "update", "optimizer_step": 4550, "tokens_seen": 149094400, "lr": 0.00029992618059683344, "grad_norm": 0.7345069050788879, "elapsed_seconds": 20045.606141705997, "tokens_per_second": 7437.759624030566, "loss_main": 2.4941961765289307, "loss_total": 2.4941961765289307}
{"event": "update", "optimizer_step": 4560, "tokens_seen": 149422080, "lr": 0.0002999256003111574, "grad_norm": 0.5789147615432739, "elapsed_seconds": 20080.437107579026, "tokens_per_second": 7441.1766636097345, "loss_main": 2.592362195253372, "loss_total": 2.592362195253372}
{"event": "update", "optimizer_step": 4570, "tokens_seen": 149749760, "lr": 0.0002999250177542518, "grad_norm": 0.551399290561676, "elapsed_seconds": 20115.304496124038, "tokens_per_second": 7444.568389648532, "loss_main": 2.4975515604019165, "loss_total": 2.4975515604019165}
{"event": "update", "optimizer_step": 4580, "tokens_seen": 150077440, "lr": 0.0002999244329261265, "grad_norm": 0.5503552556037903, "elapsed_seconds": 20150.158483721025, "tokens_per_second": 7447.953331049234, "loss_main": 2.701915591955185, "loss_total": 2.701915591955185}
{"event": "update", "optimizer_step": 4590, "tokens_seen": 150405120, "lr": 0.0002999238458267913, "grad_norm": 0.5285909175872803, "elapsed_seconds": 20185.02018279303, "tokens_per_second": 7451.323736015618, "loss_main": 2.7366796731948853, "loss_total": 2.7366796731948853}
{"event": "update", "optimizer_step": 4600, "tokens_seen": 150732800, "lr": 0.0002999232564562561, "grad_norm": 0.5218777656555176, "elapsed_seconds": 20219.879072171054, "tokens_per_second": 7454.6835548317395, "loss_main": 2.7355480790138245, "loss_total": 2.7355480790138245}
{"event": "update", "optimizer_step": 4610, "tokens_seen": 151060480, "lr": 0.0002999226648145308, "grad_norm": 0.5924164652824402, "elapsed_seconds": 20254.718108955014, "tokens_per_second": 7458.039118955358, "loss_main": 2.6151673793792725, "loss_total": 2.6151673793792725}
{"event": "update", "optimizer_step": 4620, "tokens_seen": 151388160, "lr": 0.0002999220709016254, "grad_norm": 0.5657711029052734, "elapsed_seconds": 20289.63074176002, "tokens_per_second": 7461.356094983712, "loss_main": 2.4971781373023987, "loss_total": 2.4971781373023987}
{"event": "update", "optimizer_step": 4630, "tokens_seen": 151715840, "lr": 0.00029992147471754986, "grad_norm": 0.5975332260131836, "elapsed_seconds": 20324.475261704007, "tokens_per_second": 7464.686691610071, "loss_main": 2.499305784702301, "loss_total": 2.499305784702301}
{"event": "update", "optimizer_step": 4640, "tokens_seen": 152043520, "lr": 0.0002999208762623143, "grad_norm": 0.5828943252563477, "elapsed_seconds": 20359.319039289025, "tokens_per_second": 7468.006160058169, "loss_main": 2.4321441650390625, "loss_total": 2.4321441650390625}
{"event": "update", "optimizer_step": 4650, "tokens_seen": 152371200, "lr": 0.00029992027553592856, "grad_norm": 0.5737163424491882, "elapsed_seconds": 20394.157738583046, "tokens_per_second": 7471.3161461791515, "loss_main": 2.7406947314739227, "loss_total": 2.7406947314739227}
{"event": "update", "optimizer_step": 4660, "tokens_seen": 152698880, "lr": 0.00029991967253840306, "grad_norm": 0.5287234783172607, "elapsed_seconds": 20428.955553800042, "tokens_per_second": 7474.6298016981145, "loss_main": 2.5742446780204773, "loss_total": 2.5742446780204773}
{"event": "update", "optimizer_step": 4670, "tokens_seen": 153026560, "lr": 0.00029991906726974777, "grad_norm": 0.5383467674255371, "elapsed_seconds": 20463.783898324007, "tokens_per_second": 7477.921031629588, "loss_main": 2.466656133532524, "loss_total": 2.466656133532524}
{"event": "update", "optimizer_step": 4680, "tokens_seen": 153354240, "lr": 0.0002999184597299729, "grad_norm": 0.5451590418815613, "elapsed_seconds": 20498.616273299034, "tokens_per_second": 7481.199606617119, "loss_main": 2.705659031867981, "loss_total": 2.705659031867981}
{"event": "update", "optimizer_step": 4690, "tokens_seen": 153681920, "lr": 0.0002999178499190887, "grad_norm": 0.5749771595001221, "elapsed_seconds": 20533.441070806002, "tokens_per_second": 7484.46982023396, "loss_main": 2.483843892812729, "loss_total": 2.483843892812729}
{"event": "update", "optimizer_step": 4700, "tokens_seen": 154009600, "lr": 0.0002999172378371054, "grad_norm": 0.5344381332397461, "elapsed_seconds": 20568.261091920023, "tokens_per_second": 7487.730698853326, "loss_main": 2.459950178861618, "loss_total": 2.459950178861618}
{"event": "update", "optimizer_step": 4710, "tokens_seen": 154337280, "lr": 0.0002999166234840333, "grad_norm": 0.5725466012954712, "elapsed_seconds": 20603.087148360035, "tokens_per_second": 7490.978361089199, "loss_main": 2.5591545403003693, "loss_total": 2.5591545403003693}
{"event": "update", "optimizer_step": 4720, "tokens_seen": 154664960, "lr": 0.0002999160068598828, "grad_norm": 0.5359981060028076, "elapsed_seconds": 20637.902527334052, "tokens_per_second": 7494.218939892396, "loss_main": 2.607020914554596, "loss_total": 2.607020914554596}
{"event": "update", "optimizer_step": 4730, "tokens_seen": 154992640, "lr": 0.0002999153879646643, "grad_norm": 0.585799515247345, "elapsed_seconds": 20672.71330188302, "tokens_per_second": 7497.450273539185, "loss_main": 2.7145574390888214, "loss_total": 2.7145574390888214}
{"event": "update", "optimizer_step": 4740, "tokens_seen": 155320320, "lr": 0.0002999147667983881, "grad_norm": 0.5317695140838623, "elapsed_seconds": 20707.542171446024, "tokens_per_second": 7500.664188634312, "loss_main": 2.6275703608989716, "loss_total": 2.6275703608989716}
{"event": "update", "optimizer_step": 4750, "tokens_seen": 155648000, "lr": 0.00029991414336106475, "grad_norm": 0.5598187446594238, "elapsed_seconds": 20742.37638108805, "tokens_per_second": 7503.865378795881, "loss_main": 2.7106085419654846, "loss_total": 2.7106085419654846}
{"event": "update", "optimizer_step": 4760, "tokens_seen": 155975680, "lr": 0.00029991351765270473, "grad_norm": 0.7974338531494141, "elapsed_seconds": 20777.236171099998, "tokens_per_second": 7507.046592508472, "loss_main": 2.6533820033073425, "loss_total": 2.6533820033073425}
{"event": "update", "optimizer_step": 4770, "tokens_seen": 156303360, "lr": 0.0002999128896733186, "grad_norm": 0.54640793800354, "elapsed_seconds": 20812.083586133027, "tokens_per_second": 7510.221614915291, "loss_main": 2.6595029830932617, "loss_total": 2.6595029830932617}
{"event": "update", "optimizer_step": 4780, "tokens_seen": 156631040, "lr": 0.0002999122594229168, "grad_norm": 0.548103392124176, "elapsed_seconds": 20846.91554581601, "tokens_per_second": 7513.3915929081395, "loss_main": 2.8049974739551544, "loss_total": 2.8049974739551544}
{"event": "update", "optimizer_step": 4790, "tokens_seen": 156958720, "lr": 0.0002999116269015101, "grad_norm": 0.5124689936637878, "elapsed_seconds": 20881.803530946025, "tokens_per_second": 7516.530828737721, "loss_main": 2.6633016765117645, "loss_total": 2.6633016765117645}
{"event": "update", "optimizer_step": 4800, "tokens_seen": 157286400, "lr": 0.0002999109921091091, "grad_norm": 0.5783029198646545, "elapsed_seconds": 20916.704624476028, "tokens_per_second": 7519.654879858499, "loss_main": 2.5366398096084595, "loss_total": 2.5366398096084595}
{"event": "update", "optimizer_step": 4810, "tokens_seen": 157614080, "lr": 0.0002999103550457244, "grad_norm": 0.5154475569725037, "elapsed_seconds": 20951.60152711405, "tokens_per_second": 7522.77002767675, "loss_main": 2.392162501811981, "loss_total": 2.392162501811981}
{"event": "update", "optimizer_step": 4820, "tokens_seen": 157941760, "lr": 0.0002999097157113668, "grad_norm": 0.5342373251914978, "elapsed_seconds": 20986.496166760044, "tokens_per_second": 7525.87562711682, "loss_main": 2.588117629289627, "loss_total": 2.588117629289627}
{"event": "update", "optimizer_step": 4830, "tokens_seen": 158269440, "lr": 0.00029990907410604715, "grad_norm": 0.6063977479934692, "elapsed_seconds": 21021.377392719034, "tokens_per_second": 7528.975720440575, "loss_main": 2.700894743204117, "loss_total": 2.700894743204117}
{"event": "update", "optimizer_step": 4840, "tokens_seen": 158597120, "lr": 0.00029990843022977606, "grad_norm": 0.5452914834022522, "elapsed_seconds": 21056.245510468027, "tokens_per_second": 7532.070231663764, "loss_main": 2.5967143177986145, "loss_total": 2.5967143177986145}
{"event": "update", "optimizer_step": 4850, "tokens_seen": 158924800, "lr": 0.0002999077840825645, "grad_norm": 0.5410233736038208, "elapsed_seconds": 21091.08732293104, "tokens_per_second": 7535.163909127192, "loss_main": 2.5008805990219116, "loss_total": 2.5008805990219116}
{"event": "update", "optimizer_step": 4860, "tokens_seen": 159252480, "lr": 0.00029990713566442324, "grad_norm": 0.5680263042449951, "elapsed_seconds": 21125.936426077038, "tokens_per_second": 7538.244780639636, "loss_main": 2.6578232645988464, "loss_total": 2.6578232645988464}
{"event": "update", "optimizer_step": 4870, "tokens_seen": 159580160, "lr": 0.0002999064849753632, "grad_norm": 0.6009361147880554, "elapsed_seconds": 21160.78435159003, "tokens_per_second": 7541.315924237424, "loss_main": 2.586196184158325, "loss_total": 2.586196184158325}
{"event": "update", "optimizer_step": 4880, "tokens_seen": 159907840, "lr": 0.00029990583201539554, "grad_norm": 0.5311205387115479, "elapsed_seconds": 21195.638596577046, "tokens_per_second": 7544.374719892801, "loss_main": 2.6209448277950287, "loss_total": 2.6209448277950287}
{"event": "update", "optimizer_step": 4890, "tokens_seen": 160235520, "lr": 0.0002999051767845311, "grad_norm": 0.5407257676124573, "elapsed_seconds": 21230.45525410003, "tokens_per_second": 7547.436834594269, "loss_main": 2.434345543384552, "loss_total": 2.434345543384552}
{"event": "update", "optimizer_step": 4900, "tokens_seen": 160563200, "lr": 0.00029990451928278087, "grad_norm": 0.5403807163238525, "elapsed_seconds": 21265.36154365301, "tokens_per_second": 7550.4570975856595, "loss_main": 2.524286463856697, "loss_total": 2.524286463856697}
{"event": "update", "optimizer_step": 4910, "tokens_seen": 160890880, "lr": 0.000299903859510156, "grad_norm": 0.5226059556007385, "elapsed_seconds": 21300.23337722401, "tokens_per_second": 7553.479680276085, "loss_main": 2.70299431681633, "loss_total": 2.70299431681633}
{"event": "update", "optimizer_step": 4920, "tokens_seen": 161218560, "lr": 0.0002999031974666675, "grad_norm": 0.5319061279296875, "elapsed_seconds": 21335.059262033028, "tokens_per_second": 7556.508656476889, "loss_main": 2.5038194358348846, "loss_total": 2.5038194358348846}
{"event": "update", "optimizer_step": 4930, "tokens_seen": 161546240, "lr": 0.00029990253315232654, "grad_norm": 0.5340093970298767, "elapsed_seconds": 21369.90233891405, "tokens_per_second": 7559.521678572597, "loss_main": 2.348190039396286, "loss_total": 2.348190039396286}
{"event": "update", "optimizer_step": 4940, "tokens_seen": 161873920, "lr": 0.0002999018665671444, "grad_norm": 0.598726212978363, "elapsed_seconds": 21404.751844546, "tokens_per_second": 7562.522620006267, "loss_main": 2.6692526638507843, "loss_total": 2.6692526638507843}
{"event": "update", "optimizer_step": 4950, "tokens_seen": 162201600, "lr": 0.0002999011977111323, "grad_norm": 0.5193790793418884, "elapsed_seconds": 21439.621593596006, "tokens_per_second": 7565.506662134814, "loss_main": 2.4500572979450226, "loss_total": 2.4500572979450226}
{"event": "update", "optimizer_step": 4960, "tokens_seen": 162529280, "lr": 0.0002999005265843013, "grad_norm": 0.5630890130996704, "elapsed_seconds": 21474.48115075304, "tokens_per_second": 7568.484605473256, "loss_main": 2.508964627981186, "loss_total": 2.508964627981186}
{"event": "update", "optimizer_step": 4970, "tokens_seen": 162856960, "lr": 0.000299899853186663, "grad_norm": 1.9152532815933228, "elapsed_seconds": 21509.356606621004, "tokens_per_second": 7571.447299816928, "loss_main": 2.432382971048355, "loss_total": 2.432382971048355}
{"event": "update", "optimizer_step": 4980, "tokens_seen": 163184640, "lr": 0.00029989917751822837, "grad_norm": 0.6060558557510376, "elapsed_seconds": 21544.237725466024, "tokens_per_second": 7574.398411279606, "loss_main": 2.583702653646469, "loss_total": 2.583702653646469}
{"event": "update", "optimizer_step": 4990, "tokens_seen": 163512320, "lr": 0.0002998984995790092, "grad_norm": 0.5633992552757263, "elapsed_seconds": 21579.076303365, "tokens_per_second": 7577.354920168766, "loss_main": 2.544752359390259, "loss_total": 2.544752359390259}
{"event": "update", "optimizer_step": 5000, "tokens_seen": 163840000, "lr": 0.00029989781936901657, "grad_norm": 0.7084037661552429, "elapsed_seconds": 21613.94231194601, "tokens_per_second": 7580.292277797269, "loss_main": 2.4290518760681152, "loss_total": 2.4290518760681152}
{"event": "update", "optimizer_step": 5010, "tokens_seen": 164167680, "lr": 0.00029989713688826193, "grad_norm": 0.5835191607475281, "elapsed_seconds": 21648.847878144006, "tokens_per_second": 7583.206317678389, "loss_main": 2.5801272690296173, "loss_total": 2.5801272690296173}
{"event": "update", "optimizer_step": 5020, "tokens_seen": 164495360, "lr": 0.0002998964521367571, "grad_norm": 0.5227599143981934, "elapsed_seconds": 21683.709501730045, "tokens_per_second": 7586.126349224318, "loss_main": 2.4974059462547302, "loss_total": 2.4974059462547302}
{"event": "update", "optimizer_step": 5030, "tokens_seen": 164823040, "lr": 0.0002998957651145132, "grad_norm": 0.6483461856842041, "elapsed_seconds": 21718.56278255803, "tokens_per_second": 7589.03992175614, "loss_main": 2.533095806837082, "loss_total": 2.533095806837082}
{"event": "update", "optimizer_step": 5040, "tokens_seen": 165150720, "lr": 0.0002998950758215421, "grad_norm": 0.5392672419548035, "elapsed_seconds": 21753.44902636303, "tokens_per_second": 7591.932653982992, "loss_main": 2.4757597595453262, "loss_total": 2.4757597595453262}
{"event": "update", "optimizer_step": 5050, "tokens_seen": 165478400, "lr": 0.00029989438425785523, "grad_norm": 0.5762115120887756, "elapsed_seconds": 21788.292863056005, "tokens_per_second": 7594.830904838047, "loss_main": 2.605750560760498, "loss_total": 2.605750560760498}
{"event": "update", "optimizer_step": 5060, "tokens_seen": 165806080, "lr": 0.00029989369042346435, "grad_norm": 0.5663569569587708, "elapsed_seconds": 21823.147922087053, "tokens_per_second": 7597.715993676093, "loss_main": 2.6430110931396484, "loss_total": 2.6430110931396484}
{"event": "update", "optimizer_step": 5070, "tokens_seen": 166133760, "lr": 0.00029989299431838106, "grad_norm": 0.5551384687423706, "elapsed_seconds": 21857.975023064006, "tokens_per_second": 7600.601603062483, "loss_main": 2.4252380430698395, "loss_total": 2.4252380430698395}
{"event": "update", "optimizer_step": 5080, "tokens_seen": 166461440, "lr": 0.00029989229594261705, "grad_norm": 0.6039730906486511, "elapsed_seconds": 21892.813110404997, "tokens_per_second": 7603.474215969343, "loss_main": 2.562673658132553, "loss_total": 2.562673658132553}
{"event": "update", "optimizer_step": 5090, "tokens_seen": 166789120, "lr": 0.00029989159529618414, "grad_norm": 0.6208455562591553, "elapsed_seconds": 21927.68400374701, "tokens_per_second": 7606.326321170034, "loss_main": 2.5579513609409332, "loss_total": 2.5579513609409332}
{"event": "update", "optimizer_step": 5100, "tokens_seen": 167116800, "lr": 0.00029989089237909415, "grad_norm": 0.5907710194587708, "elapsed_seconds": 21962.53311517305, "tokens_per_second": 7609.176916142956, "loss_main": 2.5269704163074493, "loss_total": 2.5269704163074493}
{"event": "update", "optimizer_step": 5110, "tokens_seen": 167444480, "lr": 0.0002998901871913588, "grad_norm": 0.552185595035553, "elapsed_seconds": 21997.366400850005, "tokens_per_second": 7612.023955446309, "loss_main": 2.5901122987270355, "loss_total": 2.5901122987270355}
{"event": "update", "optimizer_step": 5120, "tokens_seen": 167772160, "lr": 0.00029988947973299, "grad_norm": 0.5500027537345886, "elapsed_seconds": 22032.21771913505, "tokens_per_second": 7614.855759812565, "loss_main": 2.5604299306869507, "loss_total": 2.5604299306869507}
{"event": "update", "optimizer_step": 5130, "tokens_seen": 168099840, "lr": 0.0002998887700039998, "grad_norm": 0.5395806431770325, "elapsed_seconds": 22067.05386405805, "tokens_per_second": 7617.683857372298, "loss_main": 2.5906855016946793, "loss_total": 2.5906855016946793}
{"event": "update", "optimizer_step": 5140, "tokens_seen": 168427520, "lr": 0.0002998880580044, "grad_norm": 0.8882752060890198, "elapsed_seconds": 22101.893921110022, "tokens_per_second": 7620.501690994501, "loss_main": 2.5561040341854095, "loss_total": 2.5561040341854095}
{"event": "update", "optimizer_step": 5150, "tokens_seen": 168755200, "lr": 0.00029988734373420254, "grad_norm": 0.5939075946807861, "elapsed_seconds": 22136.747144654044, "tokens_per_second": 7623.306120689636, "loss_main": 2.827193111181259, "loss_total": 2.827193111181259}
{"event": "update", "optimizer_step": 5160, "tokens_seen": 169082880, "lr": 0.00029988662719341967, "grad_norm": 0.5851777791976929, "elapsed_seconds": 22171.600424261997, "tokens_per_second": 7626.101714108809, "loss_main": 2.607475131750107, "loss_total": 2.607475131750107}
{"event": "update", "optimizer_step": 5170, "tokens_seen": 169410560, "lr": 0.0002998859083820632, "grad_norm": 0.5794180631637573, "elapsed_seconds": 22206.455672931042, "tokens_per_second": 7628.887855638576, "loss_main": 2.7052146196365356, "loss_total": 2.7052146196365356}
{"event": "update", "optimizer_step": 5180, "tokens_seen": 169738240, "lr": 0.0002998851873001454, "grad_norm": 1.0584460496902466, "elapsed_seconds": 22241.33849509305, "tokens_per_second": 7631.655803334325, "loss_main": 2.509996145963669, "loss_total": 2.509996145963669}
{"event": "update", "optimizer_step": 5190, "tokens_seen": 170065920, "lr": 0.0002998844639476783, "grad_norm": 0.9863776564598083, "elapsed_seconds": 22276.207401291, "tokens_per_second": 7634.4198514754335, "loss_main": 2.627762407064438, "loss_total": 2.627762407064438}
{"event": "update", "optimizer_step": 5200, "tokens_seen": 170393600, "lr": 0.0002998837383246741, "grad_norm": 0.5321925282478333, "elapsed_seconds": 22311.020416088053, "tokens_per_second": 7637.194391930743, "loss_main": 2.456770032644272, "loss_total": 2.456770032644272}
{"event": "update", "optimizer_step": 5210, "tokens_seen": 170721280, "lr": 0.000299883010431145, "grad_norm": 0.5859174132347107, "elapsed_seconds": 22345.92579784902, "tokens_per_second": 7639.928707560343, "loss_main": 2.496849089860916, "loss_total": 2.496849089860916}
{"event": "update", "optimizer_step": 5220, "tokens_seen": 171048960, "lr": 0.0002998822802671034, "grad_norm": 0.6161355972290039, "elapsed_seconds": 22380.764298871043, "tokens_per_second": 7642.67733290182, "loss_main": 2.7319851219654083, "loss_total": 2.7319851219654083}
{"event": "update", "optimizer_step": 5230, "tokens_seen": 171376640, "lr": 0.0002998815478325613, "grad_norm": 0.5559627413749695, "elapsed_seconds": 22415.598049993045, "tokens_per_second": 7645.4190344501285, "loss_main": 2.623112827539444, "loss_total": 2.623112827539444}
{"event": "update", "optimizer_step": 5240, "tokens_seen": 171704320, "lr": 0.0002998808131275313, "grad_norm": 0.5960837602615356, "elapsed_seconds": 22450.46331717103, "tokens_per_second": 7648.1414915242985, "loss_main": 2.499045968055725, "loss_total": 2.499045968055725}
{"event": "update", "optimizer_step": 5250, "tokens_seen": 172032000, "lr": 0.00029988007615202575, "grad_norm": 0.5798555016517639, "elapsed_seconds": 22485.354342155042, "tokens_per_second": 7650.846741493338, "loss_main": 2.5250041782855988, "loss_total": 2.5250041782855988}
{"event": "update", "optimizer_step": 5260, "tokens_seen": 172359680, "lr": 0.00029987933690605695, "grad_norm": 0.5388740301132202, "elapsed_seconds": 22520.200314863003, "tokens_per_second": 7653.558919999709, "loss_main": 2.6086214780807495, "loss_total": 2.6086214780807495}
{"event": "update", "optimizer_step": 5270, "tokens_seen": 172687360, "lr": 0.0002998785953896373, "grad_norm": 0.6006259322166443, "elapsed_seconds": 22555.080201931007, "tokens_per_second": 7656.251206112569, "loss_main": 2.7380895018577576, "loss_total": 2.7380895018577576}
{"event": "update", "optimizer_step": 5280, "tokens_seen": 173015040, "lr": 0.00029987785160277944, "grad_norm": 0.6307111382484436, "elapsed_seconds": 22590.002556813008, "tokens_per_second": 7658.920779883653, "loss_main": 2.7038537859916687, "loss_total": 2.7038537859916687}
{"event": "update", "optimizer_step": 5290, "tokens_seen": 173342720, "lr": 0.0002998771055454958, "grad_norm": 0.5906282663345337, "elapsed_seconds": 22624.931865156046, "tokens_per_second": 7661.579757813977, "loss_main": 2.5989052057266235, "loss_total": 2.5989052057266235}
{"event": "update", "optimizer_step": 5300, "tokens_seen": 173670400, "lr": 0.0002998763572177989, "grad_norm": 0.556697428226471, "elapsed_seconds": 22659.888286664034, "tokens_per_second": 7664.221367861279, "loss_main": 2.4077404141426086, "loss_total": 2.4077404141426086}
{"event": "update", "optimizer_step": 5310, "tokens_seen": 173998080, "lr": 0.0002998756066197013, "grad_norm": 0.5536531209945679, "elapsed_seconds": 22694.88193154201, "tokens_per_second": 7666.842265355537, "loss_main": 2.613608479499817, "loss_total": 2.613608479499817}
{"event": "update", "optimizer_step": 5320, "tokens_seen": 174325760, "lr": 0.0002998748537512159, "grad_norm": 0.5454333424568176, "elapsed_seconds": 22730.602899992024, "tokens_per_second": 7669.2096891130495, "loss_main": 2.346371501684189, "loss_total": 2.346371501684189}
{"event": "update", "optimizer_step": 5330, "tokens_seen": 174653440, "lr": 0.00029987409861235504, "grad_norm": 0.5597679615020752, "elapsed_seconds": 22765.62876325805, "tokens_per_second": 7671.803920561028, "loss_main": 2.453822761774063, "loss_total": 2.453822761774063}
{"event": "update", "optimizer_step": 5340, "tokens_seen": 174981120, "lr": 0.0002998733412031317, "grad_norm": 0.5462995767593384, "elapsed_seconds": 22800.628672098042, "tokens_per_second": 7674.398917523303, "loss_main": 2.728252559900284, "loss_total": 2.728252559900284}
{"event": "update", "optimizer_step": 5350, "tokens_seen": 175308800, "lr": 0.00029987258152355844, "grad_norm": 0.5535678863525391, "elapsed_seconds": 22835.53875341901, "tokens_per_second": 7677.016158585364, "loss_main": 2.5024950206279755, "loss_total": 2.5024950206279755}
{"event": "update", "optimizer_step": 5360, "tokens_seen": 175636480, "lr": 0.00029987181957364805, "grad_norm": 0.6638058423995972, "elapsed_seconds": 22870.36615698604, "tokens_per_second": 7679.653171899464, "loss_main": 2.561389446258545, "loss_total": 2.561389446258545}
{"event": "update", "optimizer_step": 5370, "tokens_seen": 175964160, "lr": 0.00029987105535341353, "grad_norm": 0.5913784503936768, "elapsed_seconds": 22905.241113709053, "tokens_per_second": 7682.266216996223, "loss_main": 2.6763707995414734, "loss_total": 2.6763707995414734}
{"event": "update", "optimizer_step": 5380, "tokens_seen": 176291840, "lr": 0.0002998702888628676, "grad_norm": 0.5884562730789185, "elapsed_seconds": 22940.077854843054, "tokens_per_second": 7684.8841192045775, "loss_main": 2.346807077527046, "loss_total": 2.346807077527046}
{"event": "update", "optimizer_step": 5390, "tokens_seen": 176619520, "lr": 0.0002998695201020232, "grad_norm": 0.6070657968521118, "elapsed_seconds": 22974.907817438012, "tokens_per_second": 7687.496350516164, "loss_main": 2.6931145191192627, "loss_total": 2.6931145191192627}
{"event": "update", "optimizer_step": 5400, "tokens_seen": 176947200, "lr": 0.0002998687490708933, "grad_norm": 0.5479507446289062, "elapsed_seconds": 23009.749699704, "tokens_per_second": 7690.096689851271, "loss_main": 2.6190001368522644, "loss_total": 2.6190001368522644}
{"event": "update", "optimizer_step": 5410, "tokens_seen": 177274880, "lr": 0.0002998679757694908, "grad_norm": 0.5534085035324097, "elapsed_seconds": 23044.585396823997, "tokens_per_second": 7692.691230818672, "loss_main": 2.572495073080063, "loss_total": 2.572495073080063}
{"event": "update", "optimizer_step": 5420, "tokens_seen": 177602560, "lr": 0.0002998672001978288, "grad_norm": 0.5889377593994141, "elapsed_seconds": 23079.401597014046, "tokens_per_second": 7695.284440259394, "loss_main": 2.5625182390213013, "loss_total": 2.5625182390213013}
{"event": "update", "optimizer_step": 5430, "tokens_seen": 177930240, "lr": 0.0002998664223559204, "grad_norm": 0.905464231967926, "elapsed_seconds": 23114.23583154002, "tokens_per_second": 7697.863831483852, "loss_main": 2.531593769788742, "loss_total": 2.531593769788742}
{"event": "update", "optimizer_step": 5440, "tokens_seen": 178257920, "lr": 0.0002998656422437785, "grad_norm": 0.5386261940002441, "elapsed_seconds": 23149.071602159005, "tokens_per_second": 7700.434948906319, "loss_main": 2.68076628446579, "loss_total": 2.68076628446579}
{"event": "update", "optimizer_step": 5450, "tokens_seen": 178585600, "lr": 0.0002998648598614164, "grad_norm": 0.5772690773010254, "elapsed_seconds": 23183.948838854034, "tokens_per_second": 7702.984562349791, "loss_main": 2.662423938512802, "loss_total": 2.662423938512802}
{"event": "update", "optimizer_step": 5460, "tokens_seen": 178913280, "lr": 0.00029986407520884723, "grad_norm": 0.5823779106140137, "elapsed_seconds": 23218.797849455033, "tokens_per_second": 7705.535883469491, "loss_main": 2.476719319820404, "loss_total": 2.476719319820404}
{"event": "update", "optimizer_step": 5470, "tokens_seen": 179240960, "lr": 0.00029986328828608406, "grad_norm": 0.5525972843170166, "elapsed_seconds": 23253.676058944024, "tokens_per_second": 7708.069878743273, "loss_main": 2.621683031320572, "loss_total": 2.621683031320572}
{"event": "update", "optimizer_step": 5480, "tokens_seen": 179568640, "lr": 0.00029986249909314043, "grad_norm": 0.5627267956733704, "elapsed_seconds": 23288.527273201034, "tokens_per_second": 7710.605221766696, "loss_main": 2.519954174757004, "loss_total": 2.519954174757004}
{"event": "update", "optimizer_step": 5490, "tokens_seen": 179896320, "lr": 0.00029986170763002945, "grad_norm": 0.6195988059043884, "elapsed_seconds": 23323.360827212047, "tokens_per_second": 7713.138828179072, "loss_main": 2.611282378435135, "loss_total": 2.611282378435135}
{"event": "update", "optimizer_step": 5500, "tokens_seen": 180224000, "lr": 0.00029986091389676436, "grad_norm": 0.5350629091262817, "elapsed_seconds": 23358.19771911204, "tokens_per_second": 7715.6637754007, "loss_main": 2.529684990644455, "loss_total": 2.529684990644455}
{"event": "update", "optimizer_step": 5510, "tokens_seen": 180551680, "lr": 0.0002998601178933586, "grad_norm": 0.5428510308265686, "elapsed_seconds": 23393.013020347047, "tokens_per_second": 7718.188325845741, "loss_main": 2.353269934654236, "loss_total": 2.353269934654236}
{"event": "update", "optimizer_step": 5520, "tokens_seen": 180879360, "lr": 0.0002998593196198257, "grad_norm": 0.5350353717803955, "elapsed_seconds": 23427.864564012038, "tokens_per_second": 7720.6934292189835, "loss_main": 2.555904746055603, "loss_total": 2.555904746055603}
{"event": "update", "optimizer_step": 5530, "tokens_seen": 181207040, "lr": 0.0002998585190761788, "grad_norm": 0.5908305644989014, "elapsed_seconds": 23462.694648380042, "tokens_per_second": 7723.198154160492, "loss_main": 2.4614464938640594, "loss_total": 2.4614464938640594}
{"event": "update", "optimizer_step": 5540, "tokens_seen": 181534720, "lr": 0.0002998577162624317, "grad_norm": 0.6117324233055115, "elapsed_seconds": 23497.532409831998, "tokens_per_second": 7725.692929528252, "loss_main": 2.521598666906357, "loss_total": 2.521598666906357}
{"event": "update", "optimizer_step": 5550, "tokens_seen": 181862400, "lr": 0.00029985691117859767, "grad_norm": 0.5573903918266296, "elapsed_seconds": 23532.38891536405, "tokens_per_second": 7728.174162601229, "loss_main": 2.586455062031746, "loss_total": 2.586455062031746}
{"event": "update", "optimizer_step": 5560, "tokens_seen": 182190080, "lr": 0.00029985610382469053, "grad_norm": 0.5945726037025452, "elapsed_seconds": 23567.221881201025, "tokens_per_second": 7730.6557776896225, "loss_main": 2.518807530403137, "loss_total": 2.518807530403137}
{"event": "update", "optimizer_step": 5570, "tokens_seen": 182517760, "lr": 0.0002998552942007235, "grad_norm": 0.5220416188240051, "elapsed_seconds": 23602.065733873053, "tokens_per_second": 7733.126500789946, "loss_main": 2.380083054304123, "loss_total": 2.380083054304123}
{"event": "update", "optimizer_step": 5580, "tokens_seen": 182845440, "lr": 0.0002998544823067105, "grad_norm": 0.543398380279541, "elapsed_seconds": 23636.928711535, "tokens_per_second": 7735.583680580719, "loss_main": 2.6302004158496857, "loss_total": 2.6302004158496857}
{"event": "update", "optimizer_step": 5590, "tokens_seen": 183173120, "lr": 0.0002998536681426651, "grad_norm": 0.5641484260559082, "elapsed_seconds": 23671.738827921043, "tokens_per_second": 7738.050902451895, "loss_main": 2.7179667353630066, "loss_total": 2.7179667353630066}
{"event": "update", "optimizer_step": 5600, "tokens_seen": 183500800, "lr": 0.0002998528517086011, "grad_norm": 0.5551895499229431, "elapsed_seconds": 23706.556588314997, "tokens_per_second": 7740.508382834809, "loss_main": 2.5403950810432434, "loss_total": 2.5403950810432434}
{"event": "update", "optimizer_step": 5610, "tokens_seen": 183828480, "lr": 0.000299852033004532, "grad_norm": 0.5779709815979004, "elapsed_seconds": 23741.383022377035, "tokens_per_second": 7742.955826403862, "loss_main": 2.511584460735321, "loss_total": 2.511584460735321}
{"event": "update", "optimizer_step": 5620, "tokens_seen": 184156160, "lr": 0.0002998512120304718, "grad_norm": 0.5640758275985718, "elapsed_seconds": 23776.20719597605, "tokens_per_second": 7745.396836513399, "loss_main": 2.414414554834366, "loss_total": 2.414414554834366}
{"event": "update", "optimizer_step": 5630, "tokens_seen": 184483840, "lr": 0.0002998503887864342, "grad_norm": 0.5454006791114807, "elapsed_seconds": 23811.062521552027, "tokens_per_second": 7747.8205700824465, "loss_main": 2.6406594812870026, "loss_total": 2.6406594812870026}
{"event": "update", "optimizer_step": 5640, "tokens_seen": 184811520, "lr": 0.0002998495632724332, "grad_norm": 0.5300759077072144, "elapsed_seconds": 23845.88895195804, "tokens_per_second": 7750.246609482122, "loss_main": 2.637757122516632, "loss_total": 2.637757122516632}
{"event": "update", "optimizer_step": 5650, "tokens_seen": 185139200, "lr": 0.00029984873548848264, "grad_norm": 0.5374214053153992, "elapsed_seconds": 23880.70089407201, "tokens_per_second": 7752.670276355153, "loss_main": 2.60038885474205, "loss_total": 2.60038885474205}
{"event": "update", "optimizer_step": 5660, "tokens_seen": 185466880, "lr": 0.00029984790543459634, "grad_norm": 0.5924215912818909, "elapsed_seconds": 23915.542119484046, "tokens_per_second": 7755.077391655685, "loss_main": 2.5685544908046722, "loss_total": 2.5685544908046722}
{"event": "update", "optimizer_step": 5670, "tokens_seen": 185794560, "lr": 0.00029984707311078837, "grad_norm": 0.5400601625442505, "elapsed_seconds": 23950.374271203997, "tokens_per_second": 7757.480442524208, "loss_main": 2.3936069011688232, "loss_total": 2.3936069011688232}
{"event": "update", "optimizer_step": 5680, "tokens_seen": 186122240, "lr": 0.0002998462385170727, "grad_norm": 0.5572673678398132, "elapsed_seconds": 23985.211788747052, "tokens_per_second": 7759.874777812946, "loss_main": 2.490657716989517, "loss_total": 2.490657716989517}
{"event": "update", "optimizer_step": 5690, "tokens_seen": 186449920, "lr": 0.0002998454016534635, "grad_norm": 0.560584545135498, "elapsed_seconds": 24020.028176244, "tokens_per_second": 7762.2689961871265, "loss_main": 2.3616513907909393, "loss_total": 2.3616513907909393}
{"event": "update", "optimizer_step": 5700, "tokens_seen": 186777600, "lr": 0.0002998445625199747, "grad_norm": 0.582915723323822, "elapsed_seconds": 24054.90056941402, "tokens_per_second": 7764.638205883464, "loss_main": 2.468841850757599, "loss_total": 2.468841850757599}
{"event": "update", "optimizer_step": 5710, "tokens_seen": 187105280, "lr": 0.00029984372111662046, "grad_norm": 0.5866100788116455, "elapsed_seconds": 24089.740808327042, "tokens_per_second": 7767.010923393736, "loss_main": 2.5270360708236694, "loss_total": 2.5270360708236694}
{"event": "update", "optimizer_step": 5720, "tokens_seen": 187432960, "lr": 0.00029984287744341494, "grad_norm": 0.5478004217147827, "elapsed_seconds": 24124.58092666202, "tokens_per_second": 7769.376826473811, "loss_main": 2.512639194726944, "loss_total": 2.512639194726944}
{"event": "update", "optimizer_step": 5730, "tokens_seen": 187760640, "lr": 0.00029984203150037255, "grad_norm": 0.5927432775497437, "elapsed_seconds": 24159.48386419902, "tokens_per_second": 7771.7156978769335, "loss_main": 2.458963632583618, "loss_total": 2.458963632583618}
{"event": "update", "optimizer_step": 5740, "tokens_seen": 188088320, "lr": 0.00029984118328750715, "grad_norm": 0.5459929704666138, "elapsed_seconds": 24194.331087875005, "tokens_per_second": 7774.065722951957, "loss_main": 2.621520459651947, "loss_total": 2.621520459651947}
{"event": "update", "optimizer_step": 5750, "tokens_seen": 188416000, "lr": 0.0002998403328048333, "grad_norm": 0.5605201721191406, "elapsed_seconds": 24229.209924921044, "tokens_per_second": 7776.398841887289, "loss_main": 2.5152353942394257, "loss_total": 2.5152353942394257}
{"event": "update", "optimizer_step": 5760, "tokens_seen": 188743680, "lr": 0.00029983948005236525, "grad_norm": 0.5199512243270874, "elapsed_seconds": 24270.901337933028, "tokens_per_second": 7776.541850343738, "loss_main": 2.6251771450042725, "loss_total": 2.6251771450042725}
{"event": "update", "optimizer_step": 5770, "tokens_seen": 189071360, "lr": 0.00029983862503011737, "grad_norm": 0.6473609805107117, "elapsed_seconds": 24326.508908786054, "tokens_per_second": 7772.235659006242, "loss_main": 2.6863488852977753, "loss_total": 2.6863488852977753}
{"event": "update", "optimizer_step": 5780, "tokens_seen": 189399040, "lr": 0.00029983776773810395, "grad_norm": 0.5315260291099548, "elapsed_seconds": 24365.73617434001, "tokens_per_second": 7773.171253469431, "loss_main": 2.660329431295395, "loss_total": 2.660329431295395}
{"event": "update", "optimizer_step": 5790, "tokens_seen": 189726720, "lr": 0.0002998369081763395, "grad_norm": 0.7653589844703674, "elapsed_seconds": 24400.564915633004, "tokens_per_second": 7775.5052252272035, "loss_main": 2.578965723514557, "loss_total": 2.578965723514557}
{"event": "update", "optimizer_step": 5800, "tokens_seen": 190054400, "lr": 0.0002998360463448386, "grad_norm": 0.5239379405975342, "elapsed_seconds": 24435.41930642503, "tokens_per_second": 7777.824379302845, "loss_main": 2.552136719226837, "loss_total": 2.552136719226837}
{"event": "update", "optimizer_step": 5810, "tokens_seen": 190382080, "lr": 0.0002998351822436155, "grad_norm": 0.5712883472442627, "elapsed_seconds": 24470.259468515054, "tokens_per_second": 7780.141450684548, "loss_main": 2.3830526620149612, "loss_total": 2.3830526620149612}
{"event": "update", "optimizer_step": 5820, "tokens_seen": 190709760, "lr": 0.000299834315872685, "grad_norm": 0.5412467122077942, "elapsed_seconds": 24505.08517831203, "tokens_per_second": 7782.456523300954, "loss_main": 2.55011522769928, "loss_total": 2.55011522769928}
{"event": "update", "optimizer_step": 5830, "tokens_seen": 191037440, "lr": 0.0002998334472320615, "grad_norm": 0.542130172252655, "elapsed_seconds": 24539.893591663043, "tokens_per_second": 7784.770512000154, "loss_main": 2.548453211784363, "loss_total": 2.548453211784363}
{"event": "update", "optimizer_step": 5840, "tokens_seen": 191365120, "lr": 0.0002998325763217597, "grad_norm": 0.5969539284706116, "elapsed_seconds": 24574.72817773203, "tokens_per_second": 7787.069652042061, "loss_main": 2.590489476919174, "loss_total": 2.590489476919174}
{"event": "update", "optimizer_step": 5850, "tokens_seen": 191692800, "lr": 0.0002998317031417943, "grad_norm": 0.6320845484733582, "elapsed_seconds": 24609.55854234303, "tokens_per_second": 7789.363619431642, "loss_main": 2.5741043090820312, "loss_total": 2.5741043090820312}
{"event": "update", "optimizer_step": 5860, "tokens_seen": 192020480, "lr": 0.00029983082769217994, "grad_norm": 0.5682817697525024, "elapsed_seconds": 24644.396850663004, "tokens_per_second": 7791.648591100906, "loss_main": 2.616569846868515, "loss_total": 2.616569846868515}
{"event": "update", "optimizer_step": 5870, "tokens_seen": 192348160, "lr": 0.0002998299499729313, "grad_norm": 0.5468941926956177, "elapsed_seconds": 24679.23608014104, "tokens_per_second": 7793.926820724378, "loss_main": 2.578487664461136, "loss_total": 2.578487664461136}
{"event": "update", "optimizer_step": 5880, "tokens_seen": 192675840, "lr": 0.0002998290699840633, "grad_norm": 0.5891025066375732, "elapsed_seconds": 24714.052965260053, "tokens_per_second": 7796.205675808811, "loss_main": 2.5919631123542786, "loss_total": 2.5919631123542786}
{"event": "update", "optimizer_step": 5890, "tokens_seen": 193003520, "lr": 0.00029982818772559064, "grad_norm": 0.6510517001152039, "elapsed_seconds": 24748.895449464035, "tokens_per_second": 7798.470052698037, "loss_main": 2.620600074529648, "loss_total": 2.620600074529648}
{"event": "update", "optimizer_step": 5900, "tokens_seen": 193331200, "lr": 0.0002998273031975282, "grad_norm": 0.5542791485786438, "elapsed_seconds": 24783.75370142603, "tokens_per_second": 7800.723099861823, "loss_main": 2.5723807513713837, "loss_total": 2.5723807513713837}
{"event": "update", "optimizer_step": 5910, "tokens_seen": 193658880, "lr": 0.0002998264163998909, "grad_norm": 0.6057222485542297, "elapsed_seconds": 24818.593617394043, "tokens_per_second": 7802.975582962715, "loss_main": 2.548139125108719, "loss_total": 2.548139125108719}
{"event": "update", "optimizer_step": 5920, "tokens_seen": 193986560, "lr": 0.00029982552733269366, "grad_norm": 0.5805497169494629, "elapsed_seconds": 24853.424445515033, "tokens_per_second": 7805.224604974152, "loss_main": 2.583055019378662, "loss_total": 2.583055019378662}
{"event": "update", "optimizer_step": 5930, "tokens_seen": 194314240, "lr": 0.0002998246359959514, "grad_norm": 0.5289538502693176, "elapsed_seconds": 24888.264050518046, "tokens_per_second": 7807.464578709955, "loss_main": 2.538016617298126, "loss_total": 2.538016617298126}
{"event": "update", "optimizer_step": 5940, "tokens_seen": 194641920, "lr": 0.0002998237423896792, "grad_norm": 0.5660988688468933, "elapsed_seconds": 24923.106566762028, "tokens_per_second": 7809.697377757013, "loss_main": 2.27303284406662, "loss_total": 2.27303284406662}
{"event": "update", "optimizer_step": 5950, "tokens_seen": 194969600, "lr": 0.000299822846513892, "grad_norm": 0.5803746581077576, "elapsed_seconds": 24957.93793967401, "tokens_per_second": 7811.927430513781, "loss_main": 2.585318446159363, "loss_total": 2.585318446159363}
{"event": "update", "optimizer_step": 5960, "tokens_seen": 195297280, "lr": 0.0002998219483686049, "grad_norm": 0.5332390666007996, "elapsed_seconds": 24992.794971591036, "tokens_per_second": 7814.143244962866, "loss_main": 2.4516990780830383, "loss_total": 2.4516990780830383}
{"event": "update", "optimizer_step": 5970, "tokens_seen": 195624960, "lr": 0.0002998210479538331, "grad_norm": 0.5783056020736694, "elapsed_seconds": 25027.629169640015, "tokens_per_second": 7816.360018523232, "loss_main": 2.6153402030467987, "loss_total": 2.6153402030467987}
{"event": "update", "optimizer_step": 5980, "tokens_seen": 195952640, "lr": 0.00029982014526959183, "grad_norm": 0.5362731218338013, "elapsed_seconds": 25062.482644706033, "tokens_per_second": 7818.564616198995, "loss_main": 2.353547230362892, "loss_total": 2.353547230362892}
{"event": "update", "optimizer_step": 5990, "tokens_seen": 196280320, "lr": 0.000299819240315896, "grad_norm": 0.5488733649253845, "elapsed_seconds": 25097.313944869034, "tokens_per_second": 7820.770000772457, "loss_main": 2.6295940279960632, "loss_total": 2.6295940279960632}
{"event": "update", "optimizer_step": 6000, "tokens_seen": 196608000, "lr": 0.00029981833309276104, "grad_norm": 0.5564189553260803, "elapsed_seconds": 25132.146731129033, "tokens_per_second": 7822.9688097626195, "loss_main": 2.5689197778701782, "loss_total": 2.5689197778701782}
{"event": "update", "optimizer_step": 6010, "tokens_seen": 196935680, "lr": 0.0002998174236002023, "grad_norm": 0.5712389349937439, "elapsed_seconds": 25167.10809670604, "tokens_per_second": 7825.121553229854, "loss_main": 2.610899180173874, "loss_total": 2.610899180173874}
{"event": "update", "optimizer_step": 6020, "tokens_seen": 197263360, "lr": 0.00029981651183823483, "grad_norm": 0.5855940580368042, "elapsed_seconds": 25201.944112769037, "tokens_per_second": 7827.307255238806, "loss_main": 2.553855150938034, "loss_total": 2.553855150938034}
{"event": "update", "optimizer_step": 6030, "tokens_seen": 197591040, "lr": 0.00029981559780687425, "grad_norm": 0.5152739882469177, "elapsed_seconds": 25236.777017758053, "tokens_per_second": 7829.48788828952, "loss_main": 2.5159503519535065, "loss_total": 2.5159503519535065}
{"event": "update", "optimizer_step": 6040, "tokens_seen": 197918720, "lr": 0.00029981468150613584, "grad_norm": 0.5608457922935486, "elapsed_seconds": 25271.610011438024, "tokens_per_second": 7831.662482541526, "loss_main": 2.6492075324058533, "loss_total": 2.6492075324058533}
{"event": "update", "optimizer_step": 6050, "tokens_seen": 198246400, "lr": 0.0002998137629360349, "grad_norm": 0.5602812170982361, "elapsed_seconds": 25306.48131333501, "tokens_per_second": 7833.819231737126, "loss_main": 2.5759242177009583, "loss_total": 2.5759242177009583}
{"event": "update", "optimizer_step": 6060, "tokens_seen": 198574080, "lr": 0.0002998128420965871, "grad_norm": 0.5899797677993774, "elapsed_seconds": 25341.304918779002, "tokens_per_second": 7835.98479385519, "loss_main": 2.5150511264801025, "loss_total": 2.5150511264801025}
{"event": "update", "optimizer_step": 6070, "tokens_seen": 198901760, "lr": 0.0002998119189878078, "grad_norm": 0.6143695116043091, "elapsed_seconds": 25376.14878627105, "tokens_per_second": 7838.138153871852, "loss_main": 2.566272556781769, "loss_total": 2.566272556781769}
{"event": "update", "optimizer_step": 6080, "tokens_seen": 199229440, "lr": 0.0002998109936097126, "grad_norm": 0.5573749542236328, "elapsed_seconds": 25411.00351330702, "tokens_per_second": 7840.282257867904, "loss_main": 2.5167429447174072, "loss_total": 2.5167429447174072}
{"event": "update", "optimizer_step": 6090, "tokens_seen": 199557120, "lr": 0.00029981006596231695, "grad_norm": 1.2664273977279663, "elapsed_seconds": 25445.856859395048, "tokens_per_second": 7842.420913655344, "loss_main": 2.5106994807720184, "loss_total": 2.5106994807720184}
{"event": "update", "optimizer_step": 6100, "tokens_seen": 199884800, "lr": 0.0002998091360456367, "grad_norm": 0.6324672698974609, "elapsed_seconds": 25480.69853034505, "tokens_per_second": 7844.557313134745, "loss_main": 2.5310314744710922, "loss_total": 2.5310314744710922}
{"event": "evaluation", "tokens_seen": 200015872, "elapsed_seconds": 25494.63449936401, "parameters": 600375552, "main_loss": 2.632065623998642, "perplexity": 13.902457512899653}
{"event": "update", "optimizer_step": 6110, "tokens_seen": 200212480, "lr": 0.0002998082038596874, "grad_norm": 0.5951824188232422, "elapsed_seconds": 25537.861586855026, "tokens_per_second": 7839.829475113702, "loss_main": 2.5147480070590973, "loss_total": 2.5147480070590973}
{"event": "update", "optimizer_step": 6120, "tokens_seen": 200540160, "lr": 0.00029980726940448464, "grad_norm": 0.6166260838508606, "elapsed_seconds": 25573.019705032, "tokens_per_second": 7841.864680553926, "loss_main": 2.694814831018448, "loss_total": 2.694814831018448}
{"event": "update", "optimizer_step": 6130, "tokens_seen": 200867840, "lr": 0.0002998063326800442, "grad_norm": 0.5618962645530701, "elapsed_seconds": 25607.99189619301, "tokens_per_second": 7843.951248276592, "loss_main": 2.684037357568741, "loss_total": 2.684037357568741}
{"event": "update", "optimizer_step": 6140, "tokens_seen": 201195520, "lr": 0.000299805393686382, "grad_norm": 0.6023858785629272, "elapsed_seconds": 25642.971513950033, "tokens_per_second": 7846.0298522949115, "loss_main": 2.3968041837215424, "loss_total": 2.3968041837215424}
{"event": "update", "optimizer_step": 6150, "tokens_seen": 201523200, "lr": 0.00029980445242351367, "grad_norm": 0.5677000880241394, "elapsed_seconds": 25677.942613780033, "tokens_per_second": 7848.105396569149, "loss_main": 2.6239942610263824, "loss_total": 2.6239942610263824}
{"event": "update", "optimizer_step": 6160, "tokens_seen": 201850880, "lr": 0.0002998035088914551, "grad_norm": 0.5367409586906433, "elapsed_seconds": 25712.92171345401, "tokens_per_second": 7850.172852756119, "loss_main": 2.3770356327295303, "loss_total": 2.3770356327295303}
{"event": "update", "optimizer_step": 6170, "tokens_seen": 202178560, "lr": 0.0002998025630902222, "grad_norm": 0.5697048306465149, "elapsed_seconds": 25748.09115583304, "tokens_per_second": 7852.1766439450375, "loss_main": 2.3310766965150833, "loss_total": 2.3310766965150833}
{"event": "update", "optimizer_step": 6180, "tokens_seen": 202506240, "lr": 0.0002998016150198308, "grad_norm": 0.5877001285552979, "elapsed_seconds": 25783.272879959026, "tokens_per_second": 7854.171227323326, "loss_main": 2.64755055308342, "loss_total": 2.64755055308342}
{"event": "update", "optimizer_step": 6190, "tokens_seen": 202833920, "lr": 0.00029980066468029704, "grad_norm": 0.5557261109352112, "elapsed_seconds": 25818.24120036105, "tokens_per_second": 7856.225310853611, "loss_main": 2.3897618651390076, "loss_total": 2.3897618651390076}
{"event": "update", "optimizer_step": 6200, "tokens_seen": 203161600, "lr": 0.0002997997120716368, "grad_norm": 0.5473785400390625, "elapsed_seconds": 25853.256280944042, "tokens_per_second": 7858.259624716855, "loss_main": 2.5581870675086975, "loss_total": 2.5581870675086975}
{"event": "update", "optimizer_step": 6210, "tokens_seen": 203489280, "lr": 0.000299798757193866, "grad_norm": 0.5472704172134399, "elapsed_seconds": 25888.270245093037, "tokens_per_second": 7860.288774549166, "loss_main": 2.482711046934128, "loss_total": 2.482711046934128}
{"event": "update", "optimizer_step": 6220, "tokens_seen": 203816960, "lr": 0.00029979780004700095, "grad_norm": 0.5693106055259705, "elapsed_seconds": 25923.302734610043, "tokens_per_second": 7862.3068243494, "loss_main": 2.5884990096092224, "loss_total": 2.5884990096092224}
{"event": "update", "optimizer_step": 6230, "tokens_seen": 204144640, "lr": 0.00029979684063105756, "grad_norm": 0.5861596465110779, "elapsed_seconds": 25958.344878289034, "tokens_per_second": 7864.316502349189, "loss_main": 2.413266211748123, "loss_total": 2.413266211748123}
{"event": "update", "optimizer_step": 6240, "tokens_seen": 204472320, "lr": 0.00029979587894605217, "grad_norm": 0.5616465210914612, "elapsed_seconds": 25993.355244038044, "tokens_per_second": 7866.330378680094, "loss_main": 2.690692752599716, "loss_total": 2.690692752599716}
{"event": "update", "optimizer_step": 6250, "tokens_seen": 204800000, "lr": 0.0002997949149920008, "grad_norm": 0.5475040078163147, "elapsed_seconds": 26028.95266213204, "tokens_per_second": 7868.161376233597, "loss_main": 2.6979428827762604, "loss_total": 2.6979428827762604}
{"event": "update", "optimizer_step": 6260, "tokens_seen": 205127680, "lr": 0.0002997939487689198, "grad_norm": 0.5504080653190613, "elapsed_seconds": 26063.961192146002, "tokens_per_second": 7870.165186626055, "loss_main": 2.4987992346286774, "loss_total": 2.4987992346286774}
{"event": "update", "optimizer_step": 6270, "tokens_seen": 205455360, "lr": 0.0002997929802768253, "grad_norm": 0.6315039992332458, "elapsed_seconds": 26100.640947521024, "tokens_per_second": 7871.659566257267, "loss_main": 2.6007241904735565, "loss_total": 2.6007241904735565}
{"event": "update", "optimizer_step": 6280, "tokens_seen": 205783040, "lr": 0.0002997920095157338, "grad_norm": 0.8810595870018005, "elapsed_seconds": 26176.99443352403, "tokens_per_second": 7861.217242589941, "loss_main": 2.478434130549431, "loss_total": 2.478434130549431}
{"event": "update", "optimizer_step": 6290, "tokens_seen": 206110720, "lr": 0.0002997910364856614, "grad_norm": 0.5849412679672241, "elapsed_seconds": 26253.47795309301, "tokens_per_second": 7850.796773222094, "loss_main": 2.4173550605773926, "loss_total": 2.4173550605773926}
{"event": "update", "optimizer_step": 6300, "tokens_seen": 206438400, "lr": 0.00029979006118662464, "grad_norm": 0.5385941863059998, "elapsed_seconds": 26330.838602609, "tokens_per_second": 7840.17566305484, "loss_main": 2.402078866958618, "loss_total": 2.402078866958618}
{"event": "update", "optimizer_step": 6310, "tokens_seen": 206766080, "lr": 0.00029978908361863997, "grad_norm": 0.6151477098464966, "elapsed_seconds": 26407.320789969002, "tokens_per_second": 7829.877239138227, "loss_main": 2.57686847448349, "loss_total": 2.57686847448349}
{"event": "update", "optimizer_step": 6320, "tokens_seen": 207093760, "lr": 0.0002997881037817237, "grad_norm": 0.5373945832252502, "elapsed_seconds": 26483.822766243014, "tokens_per_second": 7819.632453664024, "loss_main": 2.3536714017391205, "loss_total": 2.3536714017391205}
{"event": "update", "optimizer_step": 6330, "tokens_seen": 207421440, "lr": 0.0002997871216758924, "grad_norm": 0.5716152787208557, "elapsed_seconds": 26560.40631353605, "tokens_per_second": 7809.422700521388, "loss_main": 2.639406681060791, "loss_total": 2.639406681060791}
{"event": "update", "optimizer_step": 6340, "tokens_seen": 207749120, "lr": 0.00029978613730116265, "grad_norm": 0.5515068769454956, "elapsed_seconds": 26636.779752762, "tokens_per_second": 7799.333174966777, "loss_main": 2.425138771533966, "loss_total": 2.425138771533966}
{"event": "update", "optimizer_step": 6350, "tokens_seen": 208076800, "lr": 0.0002997851506575509, "grad_norm": 0.5919297933578491, "elapsed_seconds": 26713.194292836997, "tokens_per_second": 7789.289357124719, "loss_main": 2.5255231261253357, "loss_total": 2.5255231261253357}
{"event": "update", "optimizer_step": 6360, "tokens_seen": 208404480, "lr": 0.0002997841617450739, "grad_norm": 0.5635196566581726, "elapsed_seconds": 26789.89639973303, "tokens_per_second": 7779.219332930187, "loss_main": 2.544462352991104, "loss_total": 2.544462352991104}
{"event": "update", "optimizer_step": 6370, "tokens_seen": 208732160, "lr": 0.0002997831705637482, "grad_norm": 0.5229083895683289, "elapsed_seconds": 26866.31513831002, "tokens_per_second": 7769.288751562301, "loss_main": 2.3859339505434036, "loss_total": 2.3859339505434036}
{"event": "update", "optimizer_step": 6380, "tokens_seen": 209059840, "lr": 0.00029978217711359046, "grad_norm": 0.5583575367927551, "elapsed_seconds": 26942.688896972046, "tokens_per_second": 7759.427457275625, "loss_main": 2.5145373344421387, "loss_total": 2.5145373344421387}
{"event": "update", "optimizer_step": 6390, "tokens_seen": 209387520, "lr": 0.0002997811813946176, "grad_norm": 0.5904561877250671, "elapsed_seconds": 27019.260064898, "tokens_per_second": 7749.565291465004, "loss_main": 2.6734016835689545, "loss_total": 2.6734016835689545}
{"event": "update", "optimizer_step": 6400, "tokens_seen": 209715200, "lr": 0.00029978018340684606, "grad_norm": 0.5682854652404785, "elapsed_seconds": 27095.932191662025, "tokens_per_second": 7739.730027244963, "loss_main": 2.5341500341892242, "loss_total": 2.5341500341892242}
{"event": "update", "optimizer_step": 6410, "tokens_seen": 210042880, "lr": 0.0002997791831502929, "grad_norm": 1.0945451259613037, "elapsed_seconds": 27172.83223685401, "tokens_per_second": 7729.88543001869, "loss_main": 2.4224496334791183, "loss_total": 2.4224496334791183}
{"event": "update", "optimizer_step": 6420, "tokens_seen": 210370560, "lr": 0.00029977818062497483, "grad_norm": 0.5516742467880249, "elapsed_seconds": 27249.971538374026, "tokens_per_second": 7720.028613745575, "loss_main": 2.4427193701267242, "loss_total": 2.4427193701267242}
{"event": "update", "optimizer_step": 6430, "tokens_seen": 210698240, "lr": 0.00029977717583090885, "grad_norm": 0.555169403553009, "elapsed_seconds": 27327.265442085045, "tokens_per_second": 7710.183825254486, "loss_main": 2.576112747192383, "loss_total": 2.576112747192383}
{"event": "update", "optimizer_step": 6440, "tokens_seen": 211025920, "lr": 0.00029977616876811165, "grad_norm": 0.8918293118476868, "elapsed_seconds": 27404.453228360042, "tokens_per_second": 7700.424388749185, "loss_main": 2.5088161528110504, "loss_total": 2.5088161528110504}
{"event": "update", "optimizer_step": 6450, "tokens_seen": 211353600, "lr": 0.0002997751594366005, "grad_norm": 0.5888943672180176, "elapsed_seconds": 27481.41945181304, "tokens_per_second": 7690.781779689197, "loss_main": 2.5245330035686493, "loss_total": 2.5245330035686493}
{"event": "update", "optimizer_step": 6460, "tokens_seen": 211681280, "lr": 0.00029977414783639205, "grad_norm": 0.553107500076294, "elapsed_seconds": 27559.124687653035, "tokens_per_second": 7680.987055979934, "loss_main": 2.4782512187957764, "loss_total": 2.4782512187957764}
{"event": "update", "optimizer_step": 6470, "tokens_seen": 212008960, "lr": 0.00029977313396750357, "grad_norm": 0.5876730680465698, "elapsed_seconds": 27635.849050862016, "tokens_per_second": 7671.519684805451, "loss_main": 2.7974181175231934, "loss_total": 2.7974181175231934}
{"event": "update", "optimizer_step": 6480, "tokens_seen": 212336640, "lr": 0.0002997721178299521, "grad_norm": 0.6042001247406006, "elapsed_seconds": 27712.529333214043, "tokens_per_second": 7662.116923607912, "loss_main": 2.4749797880649567, "loss_total": 2.4749797880649567}
{"event": "update", "optimizer_step": 6490, "tokens_seen": 212664320, "lr": 0.0002997710994237546, "grad_norm": 0.556376576423645, "elapsed_seconds": 27789.300611109997, "tokens_per_second": 7652.740994675414, "loss_main": 2.652610331773758, "loss_total": 2.652610331773758}
{"event": "update", "optimizer_step": 6500, "tokens_seen": 212992000, "lr": 0.00029977007874892837, "grad_norm": 0.5728198885917664, "elapsed_seconds": 27866.08412014402, "tokens_per_second": 7643.413372388082, "loss_main": 2.518341064453125, "loss_total": 2.518341064453125}
{"event": "update", "optimizer_step": 6510, "tokens_seen": 213319680, "lr": 0.0002997690558054905, "grad_norm": 0.5605196356773376, "elapsed_seconds": 27942.76618384203, "tokens_per_second": 7634.164727876962, "loss_main": 2.446855515241623, "loss_total": 2.446855515241623}
{"event": "update", "optimizer_step": 6520, "tokens_seen": 213647360, "lr": 0.00029976803059345817, "grad_norm": 0.5943723320960999, "elapsed_seconds": 28019.51057119004, "tokens_per_second": 7624.949745541755, "loss_main": 2.609568268060684, "loss_total": 2.609568268060684}
{"event": "update", "optimizer_step": 6530, "tokens_seen": 213975040, "lr": 0.0002997670031128488, "grad_norm": 0.707783043384552, "elapsed_seconds": 28096.229229278048, "tokens_per_second": 7615.79207849801, "loss_main": 2.631856143474579, "loss_total": 2.631856143474579}
{"event": "update", "optimizer_step": 6540, "tokens_seen": 214302720, "lr": 0.0002997659733636796, "grad_norm": 0.6059149503707886, "elapsed_seconds": 28172.975417624053, "tokens_per_second": 7606.676853376996, "loss_main": 2.7135607600212097, "loss_total": 2.7135607600212097}
{"event": "update", "optimizer_step": 6550, "tokens_seen": 214630400, "lr": 0.00029976494134596786, "grad_norm": 0.5914286375045776, "elapsed_seconds": 28249.717151393997, "tokens_per_second": 7597.612353064177, "loss_main": 2.5307778120040894, "loss_total": 2.5307778120040894}
{"event": "update", "optimizer_step": 6560, "tokens_seen": 214958080, "lr": 0.000299763907059731, "grad_norm": 0.5762994885444641, "elapsed_seconds": 28326.450970198028, "tokens_per_second": 7588.599088045135, "loss_main": 2.457527279853821, "loss_total": 2.457527279853821}
{"event": "update", "optimizer_step": 6570, "tokens_seen": 215285760, "lr": 0.0002997628705049863, "grad_norm": 0.5989516377449036, "elapsed_seconds": 28403.42433691601, "tokens_per_second": 7579.570598471554, "loss_main": 2.5208461582660675, "loss_total": 2.5208461582660675}
{"event": "update", "optimizer_step": 6580, "tokens_seen": 215613440, "lr": 0.0002997618316817515, "grad_norm": 0.5883907675743103, "elapsed_seconds": 28480.371366289037, "tokens_per_second": 7570.597912048723, "loss_main": 2.555283099412918, "loss_total": 2.555283099412918}
{"event": "update", "optimizer_step": 6590, "tokens_seen": 215941120, "lr": 0.0002997607905900438, "grad_norm": 0.5525968670845032, "elapsed_seconds": 28557.11173363903, "tokens_per_second": 7561.728301312446, "loss_main": 2.5558147877454758, "loss_total": 2.5558147877454758}
{"event": "update", "optimizer_step": 6600, "tokens_seen": 216268800, "lr": 0.00029975974722988097, "grad_norm": 0.5903827548027039, "elapsed_seconds": 28633.39570927102, "tokens_per_second": 7553.026619541871, "loss_main": 2.3695622980594635, "loss_total": 2.3695622980594635}
{"event": "update", "optimizer_step": 6610, "tokens_seen": 216596480, "lr": 0.00029975870160128034, "grad_norm": 0.5650376677513123, "elapsed_seconds": 28710.249621279014, "tokens_per_second": 7544.221414204159, "loss_main": 2.4796482920646667, "loss_total": 2.4796482920646667}
{"event": "update", "optimizer_step": 6620, "tokens_seen": 216924160, "lr": 0.00029975765370425956, "grad_norm": 0.5548149943351746, "elapsed_seconds": 28787.15589789505, "tokens_per_second": 7535.449516770837, "loss_main": 2.494873583316803, "loss_total": 2.494873583316803}
{"event": "update", "optimizer_step": 6630, "tokens_seen": 217251840, "lr": 0.0002997566035388364, "grad_norm": 0.5894870162010193, "elapsed_seconds": 28863.98124895303, "tokens_per_second": 7526.745466129357, "loss_main": 2.498526632785797, "loss_total": 2.498526632785797}
{"event": "update", "optimizer_step": 6640, "tokens_seen": 217579520, "lr": 0.00029975555110502844, "grad_norm": 0.5733940005302429, "elapsed_seconds": 28940.82738971105, "tokens_per_second": 7518.082225850709, "loss_main": 2.619272768497467, "loss_total": 2.619272768497467}
{"event": "update", "optimizer_step": 6650, "tokens_seen": 217907200, "lr": 0.00029975449640285345, "grad_norm": 0.5402289628982544, "elapsed_seconds": 29017.742122708005, "tokens_per_second": 7509.447119577076, "loss_main": 2.450913965702057, "loss_total": 2.450913965702057}
{"event": "update", "optimizer_step": 6660, "tokens_seen": 218234880, "lr": 0.000299753439432329, "grad_norm": 0.6180582642555237, "elapsed_seconds": 29094.548578168033, "tokens_per_second": 7500.885583897978, "loss_main": 2.6200112402439117, "loss_total": 2.6200112402439117}
{"event": "update", "optimizer_step": 6670, "tokens_seen": 218562560, "lr": 0.0002997523801934732, "grad_norm": 0.6590996980667114, "elapsed_seconds": 29171.520607880026, "tokens_per_second": 7492.3266064148975, "loss_main": 2.56673526763916, "loss_total": 2.56673526763916}
{"event": "update", "optimizer_step": 6680, "tokens_seen": 218890240, "lr": 0.0002997513186863036, "grad_norm": 0.5382577180862427, "elapsed_seconds": 29248.44866188802, "tokens_per_second": 7483.823929616594, "loss_main": 2.5065824687480927, "loss_total": 2.5065824687480927}
{"event": "update", "optimizer_step": 6690, "tokens_seen": 219217920, "lr": 0.0002997502549108383, "grad_norm": 0.5525915622711182, "elapsed_seconds": 29325.281998106046, "tokens_per_second": 7475.390006962526, "loss_main": 2.6224092841148376, "loss_total": 2.6224092841148376}
{"event": "update", "optimizer_step": 6700, "tokens_seen": 219545600, "lr": 0.000299749188867095, "grad_norm": 0.6007184982299805, "elapsed_seconds": 29402.05694584403, "tokens_per_second": 7467.014991651212, "loss_main": 2.364076554775238, "loss_total": 2.364076554775238}
{"event": "update", "optimizer_step": 6710, "tokens_seen": 219873280, "lr": 0.0002997481205550918, "grad_norm": 0.5613266229629517, "elapsed_seconds": 29478.959648126038, "tokens_per_second": 7458.65127618156, "loss_main": 2.5294211506843567, "loss_total": 2.5294211506843567}
{"event": "update", "optimizer_step": 6720, "tokens_seen": 220200960, "lr": 0.0002997470499748466, "grad_norm": 0.5600265860557556, "elapsed_seconds": 29555.942903140036, "tokens_per_second": 7450.310779176859, "loss_main": 2.598740130662918, "loss_total": 2.598740130662918}
{"event": "update", "optimizer_step": 6730, "tokens_seen": 220528640, "lr": 0.00029974597712637734, "grad_norm": 0.5908982753753662, "elapsed_seconds": 29632.98471739702, "tokens_per_second": 7441.998911116483, "loss_main": 2.683478057384491, "loss_total": 2.683478057384491}
{"event": "update", "optimizer_step": 6740, "tokens_seen": 220856320, "lr": 0.0002997449020097022, "grad_norm": 0.5845374464988708, "elapsed_seconds": 29709.844460436027, "tokens_per_second": 7433.775706705894, "loss_main": 2.5871782302856445, "loss_total": 2.5871782302856445}
{"event": "update", "optimizer_step": 6750, "tokens_seen": 221184000, "lr": 0.0002997438246248393, "grad_norm": 0.5543290376663208, "elapsed_seconds": 29786.72707113804, "tokens_per_second": 7425.589238849845, "loss_main": 2.4051104933023453, "loss_total": 2.4051104933023453}
{"event": "update", "optimizer_step": 6760, "tokens_seen": 221511680, "lr": 0.00029974274497180677, "grad_norm": 0.5937435626983643, "elapsed_seconds": 29863.42196445004, "tokens_per_second": 7417.491547475421, "loss_main": 2.5715616643428802, "loss_total": 2.5715616643428802}
{"event": "update", "optimizer_step": 6770, "tokens_seen": 221839360, "lr": 0.0002997416630506226, "grad_norm": 0.6008633375167847, "elapsed_seconds": 29940.980333129002, "tokens_per_second": 7409.2216598045015, "loss_main": 2.588884085416794, "loss_total": 2.588884085416794}
{"event": "update", "optimizer_step": 6780, "tokens_seen": 222167040, "lr": 0.0002997405788613053, "grad_norm": 0.6536750197410583, "elapsed_seconds": 30017.81345471705, "tokens_per_second": 7401.17331780834, "loss_main": 2.26152640581131, "loss_total": 2.26152640581131}
{"event": "update", "optimizer_step": 6790, "tokens_seen": 222494720, "lr": 0.0002997394924038729, "grad_norm": 0.5929886102676392, "elapsed_seconds": 30094.50040042901, "tokens_per_second": 7393.201981742426, "loss_main": 2.454031229019165, "loss_total": 2.454031229019165}
{"event": "update", "optimizer_step": 6800, "tokens_seen": 222822400, "lr": 0.0002997384036783437, "grad_norm": 0.5734497308731079, "elapsed_seconds": 30171.467834507, "tokens_per_second": 7385.2025106037045, "loss_main": 2.5292461961507797, "loss_total": 2.5292461961507797}
{"event": "update", "optimizer_step": 6810, "tokens_seen": 223150080, "lr": 0.0002997373126847362, "grad_norm": 0.5810667872428894, "elapsed_seconds": 30248.520907536033, "tokens_per_second": 7377.22286263607, "loss_main": 2.540083169937134, "loss_total": 2.540083169937134}
{"event": "update", "optimizer_step": 6820, "tokens_seen": 223477760, "lr": 0.0002997362194230686, "grad_norm": 0.5565114617347717, "elapsed_seconds": 30325.261835121026, "tokens_per_second": 7369.359618889771, "loss_main": 2.495450496673584, "loss_total": 2.495450496673584}
{"event": "update", "optimizer_step": 6830, "tokens_seen": 223805440, "lr": 0.0002997351238933593, "grad_norm": 0.6914798617362976, "elapsed_seconds": 30402.06222679303, "tokens_per_second": 7361.521673446301, "loss_main": 2.572658985853195, "loss_total": 2.572658985853195}
{"event": "update", "optimizer_step": 6840, "tokens_seen": 224133120, "lr": 0.0002997340260956268, "grad_norm": 0.5935165286064148, "elapsed_seconds": 30478.489808398997, "tokens_per_second": 7353.813178047796, "loss_main": 2.3904396295547485, "loss_total": 2.3904396295547485}
{"event": "update", "optimizer_step": 6850, "tokens_seen": 224460800, "lr": 0.0002997329260298895, "grad_norm": 0.573382556438446, "elapsed_seconds": 30554.913858199026, "tokens_per_second": 7346.144094586239, "loss_main": 2.6673814058303833, "loss_total": 2.6673814058303833}
{"event": "update", "optimizer_step": 6860, "tokens_seen": 224788480, "lr": 0.0002997318236961662, "grad_norm": 0.5800734162330627, "elapsed_seconds": 30630.123056812037, "tokens_per_second": 7338.8043392142945, "loss_main": 2.48302161693573, "loss_total": 2.48302161693573}
{"event": "update", "optimizer_step": 6870, "tokens_seen": 225116160, "lr": 0.00029973071909447505, "grad_norm": 0.5381152629852295, "elapsed_seconds": 30704.721543021034, "tokens_per_second": 7331.6463620940185, "loss_main": 2.5860349982976913, "loss_total": 2.5860349982976913}
{"event": "update", "optimizer_step": 6880, "tokens_seen": 225443840, "lr": 0.00029972961222483495, "grad_norm": 0.5801618695259094, "elapsed_seconds": 30779.327839273028, "tokens_per_second": 7324.521223375901, "loss_main": 2.500769704580307, "loss_total": 2.500769704580307}
{"event": "update", "optimizer_step": 6890, "tokens_seen": 225771520, "lr": 0.0002997285030872643, "grad_norm": 0.5640180110931396, "elapsed_seconds": 30855.363365022, "tokens_per_second": 7317.091596981069, "loss_main": 2.3777957260608673, "loss_total": 2.3777957260608673}
{"event": "update", "optimizer_step": 6900, "tokens_seen": 226099200, "lr": 0.000299727391681782, "grad_norm": 0.5540508031845093, "elapsed_seconds": 30931.51234596403, "tokens_per_second": 7309.671685985364, "loss_main": 2.399223417043686, "loss_total": 2.399223417043686}
{"event": "update", "optimizer_step": 6910, "tokens_seen": 226426880, "lr": 0.0002997262780084066, "grad_norm": 0.5694924592971802, "elapsed_seconds": 30973.611150006996, "tokens_per_second": 7310.3158331587965, "loss_main": 2.6247519850730896, "loss_total": 2.6247519850730896}
{"event": "update", "optimizer_step": 6920, "tokens_seen": 226754560, "lr": 0.00029972516206715693, "grad_norm": 0.589826226234436, "elapsed_seconds": 31008.462263558, "tokens_per_second": 7312.667041425276, "loss_main": 2.4421707093715668, "loss_total": 2.4421707093715668}
{"event": "update", "optimizer_step": 6930, "tokens_seen": 227082240, "lr": 0.00029972404385805176, "grad_norm": 0.5871867537498474, "elapsed_seconds": 31043.32587465801, "tokens_per_second": 7315.010025564848, "loss_main": 2.620586633682251, "loss_total": 2.620586633682251}
{"event": "update", "optimizer_step": 6940, "tokens_seen": 227409920, "lr": 0.00029972292338110973, "grad_norm": 0.6414605975151062, "elapsed_seconds": 31078.156462551036, "tokens_per_second": 7317.3555282800435, "loss_main": 2.4754416793584824, "loss_total": 2.4754416793584824}
{"event": "update", "optimizer_step": 6950, "tokens_seen": 227737600, "lr": 0.00029972180063635005, "grad_norm": 0.6163371205329895, "elapsed_seconds": 31112.998069707013, "tokens_per_second": 7319.6931870649705, "loss_main": 2.446979194879532, "loss_total": 2.446979194879532}
{"event": "update", "optimizer_step": 6960, "tokens_seen": 228065280, "lr": 0.00029972067562379135, "grad_norm": 0.544356107711792, "elapsed_seconds": 31147.875900860003, "tokens_per_second": 7322.017100809851, "loss_main": 2.474998265504837, "loss_total": 2.474998265504837}
{"event": "update", "optimizer_step": 6970, "tokens_seen": 228392960, "lr": 0.0002997195483434526, "grad_norm": 0.5488377213478088, "elapsed_seconds": 31182.755595002032, "tokens_per_second": 7324.3353783848015, "loss_main": 2.469328612089157, "loss_total": 2.469328612089157}
{"event": "update", "optimizer_step": 6980, "tokens_seen": 228720640, "lr": 0.0002997184187953529, "grad_norm": 0.5994338393211365, "elapsed_seconds": 31217.599735690048, "tokens_per_second": 7326.656819758992, "loss_main": 2.4852686375379562, "loss_total": 2.4852686375379562}
{"event": "update", "optimizer_step": 6990, "tokens_seen": 229048320, "lr": 0.00029971728697951124, "grad_norm": 0.5819717049598694, "elapsed_seconds": 31252.437394230044, "tokens_per_second": 7328.974604786757, "loss_main": 2.5725317895412445, "loss_total": 2.5725317895412445}
{"event": "update", "optimizer_step": 7000, "tokens_seen": 229376000, "lr": 0.00029971615289594656, "grad_norm": 0.6488181948661804, "elapsed_seconds": 31287.318839517015, "tokens_per_second": 7331.276968043993, "loss_main": 2.428841143846512, "loss_total": 2.428841143846512}
{"event": "update", "optimizer_step": 7010, "tokens_seen": 229703680, "lr": 0.00029971501654467794, "grad_norm": 0.5542535185813904, "elapsed_seconds": 31322.178160205018, "tokens_per_second": 7333.579383436356, "loss_main": 2.483955144882202, "loss_total": 2.483955144882202}
{"event": "update", "optimizer_step": 7020, "tokens_seen": 230031360, "lr": 0.0002997138779257247, "grad_norm": 0.5873448848724365, "elapsed_seconds": 31357.039138216, "tokens_per_second": 7335.876291956792, "loss_main": 2.5831856727600098, "loss_total": 2.5831856727600098}
{"event": "update", "optimizer_step": 7030, "tokens_seen": 230359040, "lr": 0.0002997127370391058, "grad_norm": 0.5546241402626038, "elapsed_seconds": 31391.901923409023, "tokens_per_second": 7338.167676556757, "loss_main": 2.547053962945938, "loss_total": 2.547053962945938}
{"event": "update", "optimizer_step": 7040, "tokens_seen": 230686720, "lr": 0.00029971159388484064, "grad_norm": 0.5902804136276245, "elapsed_seconds": 31426.772544152045, "tokens_per_second": 7340.4521471590515, "loss_main": 2.472740650177002, "loss_total": 2.472740650177002}
{"event": "update", "optimizer_step": 7050, "tokens_seen": 231014400, "lr": 0.0002997104484629482, "grad_norm": 0.6059980392456055, "elapsed_seconds": 31461.67539425305, "tokens_per_second": 7342.724031861262, "loss_main": 2.614233762025833, "loss_total": 2.614233762025833}
{"event": "update", "optimizer_step": 7060, "tokens_seen": 231342080, "lr": 0.00029970930077344803, "grad_norm": 0.5561679601669312, "elapsed_seconds": 31496.571077703033, "tokens_per_second": 7344.99255265825, "loss_main": 2.5220384299755096, "loss_total": 2.5220384299755096}
{"event": "update", "optimizer_step": 7070, "tokens_seen": 231669760, "lr": 0.0002997081508163594, "grad_norm": 0.5297204852104187, "elapsed_seconds": 31531.452258954, "tokens_per_second": 7347.259431547833, "loss_main": 2.5371762216091156, "loss_total": 2.5371762216091156}
{"event": "update", "optimizer_step": 7080, "tokens_seen": 231997440, "lr": 0.00029970699859170147, "grad_norm": 0.5493305325508118, "elapsed_seconds": 31566.305543010007, "tokens_per_second": 7349.527795829536, "loss_main": 2.5958472043275833, "loss_total": 2.5958472043275833}
{"event": "update", "optimizer_step": 7090, "tokens_seen": 232325120, "lr": 0.0002997058440994938, "grad_norm": 0.5518240928649902, "elapsed_seconds": 31601.197256475047, "tokens_per_second": 7351.78221617527, "loss_main": 2.4439950585365295, "loss_total": 2.4439950585365295}
{"event": "update", "optimizer_step": 7100, "tokens_seen": 232652800, "lr": 0.0002997046873397558, "grad_norm": 0.5859121084213257, "elapsed_seconds": 31636.081020258018, "tokens_per_second": 7354.033511642035, "loss_main": 2.3688608705997467, "loss_total": 2.3688608705997467}
{"event": "update", "optimizer_step": 7110, "tokens_seen": 232980480, "lr": 0.00029970352831250693, "grad_norm": 0.5248317122459412, "elapsed_seconds": 31671.078270648024, "tokens_per_second": 7356.253488089181, "loss_main": 2.5424825698137283, "loss_total": 2.5424825698137283}
{"event": "update", "optimizer_step": 7120, "tokens_seen": 233308160, "lr": 0.00029970236701776676, "grad_norm": 0.5739650726318359, "elapsed_seconds": 31705.97057315905, "tokens_per_second": 7358.492920494568, "loss_main": 2.5138244330883026, "loss_total": 2.5138244330883026}
{"event": "update", "optimizer_step": 7130, "tokens_seen": 233635840, "lr": 0.0002997012034555547, "grad_norm": 0.5757525563240051, "elapsed_seconds": 31740.884073085035, "tokens_per_second": 7360.722513652781, "loss_main": 2.5599048733711243, "loss_total": 2.5599048733711243}
{"event": "update", "optimizer_step": 7140, "tokens_seen": 233963520, "lr": 0.00029970003762589043, "grad_norm": 0.5822916030883789, "elapsed_seconds": 31775.77445793501, "tokens_per_second": 7362.952563429179, "loss_main": 2.699556201696396, "loss_total": 2.699556201696396}
{"event": "update", "optimizer_step": 7150, "tokens_seen": 234291200, "lr": 0.00029969886952879363, "grad_norm": 0.5488998889923096, "elapsed_seconds": 31810.663175658032, "tokens_per_second": 7365.178107298402, "loss_main": 2.3864459097385406, "loss_total": 2.3864459097385406}
{"event": "update", "optimizer_step": 7160, "tokens_seen": 234618880, "lr": 0.0002996976991642838, "grad_norm": 0.5311091542243958, "elapsed_seconds": 31845.52911276801, "tokens_per_second": 7367.404044982029, "loss_main": 2.423544019460678, "loss_total": 2.423544019460678}
{"event": "update", "optimizer_step": 7170, "tokens_seen": 234946560, "lr": 0.00029969652653238075, "grad_norm": 0.6394777297973633, "elapsed_seconds": 31880.42021368502, "tokens_per_second": 7369.619296898308, "loss_main": 2.3073177337646484, "loss_total": 2.3073177337646484}
{"event": "update", "optimizer_step": 7180, "tokens_seen": 235274240, "lr": 0.00029969535163310436, "grad_norm": 0.597909688949585, "elapsed_seconds": 31915.29733409302, "tokens_per_second": 7371.832934442756, "loss_main": 2.468975603580475, "loss_total": 2.468975603580475}
{"event": "update", "optimizer_step": 7190, "tokens_seen": 235601920, "lr": 0.0002996941744664741, "grad_norm": 0.549705982208252, "elapsed_seconds": 31950.190797985997, "tokens_per_second": 7374.037967086298, "loss_main": 2.618728816509247, "loss_total": 2.618728816509247}
{"event": "update", "optimizer_step": 7200, "tokens_seen": 235929600, "lr": 0.00029969299503251, "grad_norm": 0.5758450627326965, "elapsed_seconds": 31985.062857674027, "tokens_per_second": 7376.243124793313, "loss_main": 2.4580794870853424, "loss_total": 2.4580794870853424}
{"event": "update", "optimizer_step": 7210, "tokens_seen": 236257280, "lr": 0.00029969181333123183, "grad_norm": 0.5587723255157471, "elapsed_seconds": 32019.944062914, "tokens_per_second": 7378.4413719084805, "loss_main": 2.506271153688431, "loss_total": 2.506271153688431}
{"event": "update", "optimizer_step": 7220, "tokens_seen": 236584960, "lr": 0.00029969062936265945, "grad_norm": 0.5593081116676331, "elapsed_seconds": 32054.812711620005, "tokens_per_second": 7380.637726023492, "loss_main": 2.5412614047527313, "loss_total": 2.5412614047527313}
{"event": "update", "optimizer_step": 7230, "tokens_seen": 236912640, "lr": 0.0002996894431268129, "grad_norm": 0.5855425000190735, "elapsed_seconds": 32089.705311133002, "tokens_per_second": 7382.823796696163, "loss_main": 2.5735904574394226, "loss_total": 2.5735904574394226}
{"event": "update", "optimizer_step": 7240, "tokens_seen": 237240320, "lr": 0.0002996882546237121, "grad_norm": 0.5745823383331299, "elapsed_seconds": 32124.613342277997, "tokens_per_second": 7385.001570984729, "loss_main": 2.4628049433231354, "loss_total": 2.4628049433231354}
{"event": "update", "optimizer_step": 7250, "tokens_seen": 237568000, "lr": 0.0002996870638533771, "grad_norm": 0.5615835189819336, "elapsed_seconds": 32159.488469984033, "tokens_per_second": 7387.1821755415485, "loss_main": 2.572352260351181, "loss_total": 2.572352260351181}
{"event": "update", "optimizer_step": 7260, "tokens_seen": 237895680, "lr": 0.0002996858708158278, "grad_norm": 0.5654317140579224, "elapsed_seconds": 32194.354303359054, "tokens_per_second": 7389.360189006144, "loss_main": 2.7188456058502197, "loss_total": 2.7188456058502197}
{"event": "update", "optimizer_step": 7270, "tokens_seen": 238223360, "lr": 0.0002996846755110845, "grad_norm": 0.5998531579971313, "elapsed_seconds": 32229.23447965004, "tokens_per_second": 7391.530200644925, "loss_main": 2.534394472837448, "loss_total": 2.534394472837448}
{"event": "update", "optimizer_step": 7280, "tokens_seen": 238551040, "lr": 0.0002996834779391671, "grad_norm": 0.6959952116012573, "elapsed_seconds": 32264.09575668804, "tokens_per_second": 7393.699851344839, "loss_main": 2.509439706802368, "loss_total": 2.509439706802368}
{"event": "update", "optimizer_step": 7290, "tokens_seen": 238878720, "lr": 0.0002996822781000958, "grad_norm": 0.5793776512145996, "elapsed_seconds": 32298.950277794036, "tokens_per_second": 7395.866365484711, "loss_main": 2.3640224039554596, "loss_total": 2.3640224039554596}
{"event": "update", "optimizer_step": 7300, "tokens_seen": 239206400, "lr": 0.00029968107599389097, "grad_norm": 0.5593850612640381, "elapsed_seconds": 32333.812081974, "tokens_per_second": 7398.026542418017, "loss_main": 2.5976055562496185, "loss_total": 2.5976055562496185}
{"event": "update", "optimizer_step": 7310, "tokens_seen": 239534080, "lr": 0.00029967987162057266, "grad_norm": 0.5557632446289062, "elapsed_seconds": 32368.705161672027, "tokens_per_second": 7400.174915975128, "loss_main": 2.482377350330353, "loss_total": 2.482377350330353}
{"event": "update", "optimizer_step": 7320, "tokens_seen": 239861760, "lr": 0.00029967866498016127, "grad_norm": 0.5898126363754272, "elapsed_seconds": 32403.589131467044, "tokens_per_second": 7402.320743755847, "loss_main": 2.5173548460006714, "loss_total": 2.5173548460006714}
{"event": "update", "optimizer_step": 7330, "tokens_seen": 240189440, "lr": 0.00029967745607267706, "grad_norm": 0.5859862565994263, "elapsed_seconds": 32438.471244287037, "tokens_per_second": 7404.46238021471, "loss_main": 2.6909838020801544, "loss_total": 2.6909838020801544}
{"event": "update", "optimizer_step": 7340, "tokens_seen": 240517120, "lr": 0.0002996762448981403, "grad_norm": 0.5742062926292419, "elapsed_seconds": 32473.362995376054, "tokens_per_second": 7406.597217363897, "loss_main": 2.4946055710315704, "loss_total": 2.4946055710315704}
{"event": "update", "optimizer_step": 7350, "tokens_seen": 240844800, "lr": 0.0002996750314565715, "grad_norm": 0.5758067965507507, "elapsed_seconds": 32508.26195037202, "tokens_per_second": 7408.725829996082, "loss_main": 2.4043439626693726, "loss_total": 2.4043439626693726}
{"event": "update", "optimizer_step": 7360, "tokens_seen": 241172480, "lr": 0.00029967381574799105, "grad_norm": 0.5665095448493958, "elapsed_seconds": 32543.160146027047, "tokens_per_second": 7410.850050143116, "loss_main": 2.3965408205986023, "loss_total": 2.3965408205986023}
{"event": "update", "optimizer_step": 7370, "tokens_seen": 241500160, "lr": 0.0002996725977724193, "grad_norm": 0.5870290994644165, "elapsed_seconds": 32578.08312098903, "tokens_per_second": 7412.964080885688, "loss_main": 2.6165554225444794, "loss_total": 2.6165554225444794}
{"event": "update", "optimizer_step": 7380, "tokens_seen": 241827840, "lr": 0.000299671377529877, "grad_norm": 0.6241506338119507, "elapsed_seconds": 32613.002148447034, "tokens_per_second": 7415.074481620986, "loss_main": 2.52629816532135, "loss_total": 2.52629816532135}
{"event": "update", "optimizer_step": 7390, "tokens_seen": 242155520, "lr": 0.0002996701550203845, "grad_norm": 0.5765838027000427, "elapsed_seconds": 32647.976943869027, "tokens_per_second": 7417.167698210913, "loss_main": 2.6364736557006836, "loss_total": 2.6364736557006836}
{"event": "update", "optimizer_step": 7400, "tokens_seen": 242483200, "lr": 0.0002996689302439624, "grad_norm": 0.5634010434150696, "elapsed_seconds": 32682.91076784802, "tokens_per_second": 7419.265735613245, "loss_main": 2.5541791021823883, "loss_total": 2.5541791021823883}
{"event": "update", "optimizer_step": 7410, "tokens_seen": 242810880, "lr": 0.0002996677032006313, "grad_norm": 0.5423657298088074, "elapsed_seconds": 32717.82670157001, "tokens_per_second": 7421.363350773796, "loss_main": 2.4263595938682556, "loss_total": 2.4263595938682556}
{"event": "update", "optimizer_step": 7420, "tokens_seen": 243138560, "lr": 0.0002996664738904119, "grad_norm": 0.637260377407074, "elapsed_seconds": 32752.753008052998, "tokens_per_second": 7423.454142624864, "loss_main": 2.340203106403351, "loss_total": 2.340203106403351}
{"event": "update", "optimizer_step": 7430, "tokens_seen": 243466240, "lr": 0.00029966524231332496, "grad_norm": 0.6138861179351807, "elapsed_seconds": 32787.64925660705, "tokens_per_second": 7425.547287472554, "loss_main": 2.798999547958374, "loss_total": 2.798999547958374}
{"event": "update", "optimizer_step": 7440, "tokens_seen": 243793920, "lr": 0.00029966400846939104, "grad_norm": 0.5405113101005554, "elapsed_seconds": 32822.58624219202, "tokens_per_second": 7427.626762896991, "loss_main": 2.466513842344284, "loss_total": 2.466513842344284}
{"event": "update", "optimizer_step": 7450, "tokens_seen": 244121600, "lr": 0.00029966277235863117, "grad_norm": 0.5997023582458496, "elapsed_seconds": 32857.50472839404, "tokens_per_second": 7429.705999221562, "loss_main": 2.7109371721744537, "loss_total": 2.7109371721744537}
{"event": "update", "optimizer_step": 7460, "tokens_seen": 244449280, "lr": 0.00029966153398106586, "grad_norm": 0.5905454754829407, "elapsed_seconds": 32892.396174027, "tokens_per_second": 7431.786930531555, "loss_main": 2.709492653608322, "loss_total": 2.709492653608322}
{"event": "update", "optimizer_step": 7470, "tokens_seen": 244776960, "lr": 0.0002996602933367161, "grad_norm": 0.5459926724433899, "elapsed_seconds": 32927.296639518, "tokens_per_second": 7433.8614153409935, "loss_main": 2.3703047335147858, "loss_total": 2.3703047335147858}
{"event": "update", "optimizer_step": 7480, "tokens_seen": 245104640, "lr": 0.0002996590504256028, "grad_norm": 0.5599812269210815, "elapsed_seconds": 32962.191040932026, "tokens_per_second": 7435.932875203356, "loss_main": 2.554078161716461, "loss_total": 2.554078161716461}
{"event": "update", "optimizer_step": 7490, "tokens_seen": 245432320, "lr": 0.0002996578052477469, "grad_norm": 0.5662155747413635, "elapsed_seconds": 32997.09445569804, "tokens_per_second": 7437.997922196389, "loss_main": 2.4120973944664, "loss_total": 2.4120973944664}
{"event": "update", "optimizer_step": 7500, "tokens_seen": 245760000, "lr": 0.00029965655780316925, "grad_norm": 0.5886983275413513, "elapsed_seconds": 33031.970400683, "tokens_per_second": 7440.064792347914, "loss_main": 2.6985282599925995, "loss_total": 2.6985282599925995}
{"event": "update", "optimizer_step": 7510, "tokens_seen": 246087680, "lr": 0.0002996553080918909, "grad_norm": 0.5617474913597107, "elapsed_seconds": 33066.90813883103, "tokens_per_second": 7442.113395265253, "loss_main": 2.6998115479946136, "loss_total": 2.6998115479946136}
{"event": "update", "optimizer_step": 7520, "tokens_seen": 246415360, "lr": 0.00029965405611393295, "grad_norm": 0.6000247001647949, "elapsed_seconds": 33101.778884536005, "tokens_per_second": 7444.172739463154, "loss_main": 2.5450848042964935, "loss_total": 2.5450848042964935}
{"event": "update", "optimizer_step": 7530, "tokens_seen": 246743040, "lr": 0.00029965280186931636, "grad_norm": 0.5905812978744507, "elapsed_seconds": 33136.67865151004, "tokens_per_second": 7446.221227991295, "loss_main": 2.4909607470035553, "loss_total": 2.4909607470035553}
{"event": "update", "optimizer_step": 7540, "tokens_seen": 247070720, "lr": 0.0002996515453580624, "grad_norm": 0.5599324107170105, "elapsed_seconds": 33171.58458315703, "tokens_per_second": 7448.264021895742, "loss_main": 2.5527664124965668, "loss_total": 2.5527664124965668}
{"event": "update", "optimizer_step": 7550, "tokens_seen": 247398400, "lr": 0.000299650286580192, "grad_norm": 0.7337929606437683, "elapsed_seconds": 33206.45787854504, "tokens_per_second": 7450.309843491199, "loss_main": 2.6032098531723022, "loss_total": 2.6032098531723022}
{"event": "update", "optimizer_step": 7560, "tokens_seen": 247726080, "lr": 0.00029964902553572656, "grad_norm": 0.5539454221725464, "elapsed_seconds": 33241.37028318504, "tokens_per_second": 7452.3426047003495, "loss_main": 2.4977840781211853, "loss_total": 2.4977840781211853}
{"event": "update", "optimizer_step": 7570, "tokens_seen": 248053760, "lr": 0.0002996477622246871, "grad_norm": 0.5860897302627563, "elapsed_seconds": 33276.25461773202, "tokens_per_second": 7454.377388608477, "loss_main": 2.456364184617996, "loss_total": 2.456364184617996}
{"event": "update", "optimizer_step": 7580, "tokens_seen": 248381440, "lr": 0.0002996464966470952, "grad_norm": 0.5663480162620544, "elapsed_seconds": 33311.16077280202, "tokens_per_second": 7456.403026423478, "loss_main": 2.381941005587578, "loss_total": 2.381941005587578}
{"event": "update", "optimizer_step": 7590, "tokens_seen": 248709120, "lr": 0.00029964522880297187, "grad_norm": 0.6599311828613281, "elapsed_seconds": 33346.075654566, "tokens_per_second": 7458.422471549358, "loss_main": 2.2982906252145767, "loss_total": 2.2982906252145767}
{"event": "update", "optimizer_step": 7600, "tokens_seen": 249036800, "lr": 0.00029964395869233845, "grad_norm": 0.6696294546127319, "elapsed_seconds": 33380.97883373505, "tokens_per_second": 7460.440307649747, "loss_main": 2.46099129319191, "loss_total": 2.46099129319191}
{"event": "update", "optimizer_step": 7610, "tokens_seen": 249364480, "lr": 0.0002996426863152166, "grad_norm": 0.5485243797302246, "elapsed_seconds": 33415.84812316403, "tokens_per_second": 7462.461496739306, "loss_main": 2.4488346874713898, "loss_total": 2.4488346874713898}
{"event": "update", "optimizer_step": 7620, "tokens_seen": 249692160, "lr": 0.00029964141167162746, "grad_norm": 0.5603365302085876, "elapsed_seconds": 33450.744857892045, "tokens_per_second": 7464.472347649085, "loss_main": 2.657177656888962, "loss_total": 2.657177656888962}
{"event": "update", "optimizer_step": 7630, "tokens_seen": 250019840, "lr": 0.0002996401347615926, "grad_norm": 0.5018571615219116, "elapsed_seconds": 33485.67721097602, "tokens_per_second": 7466.4710653678485, "loss_main": 2.2603931725025177, "loss_total": 2.2603931725025177}
{"event": "update", "optimizer_step": 7640, "tokens_seen": 250347520, "lr": 0.0002996388555851335, "grad_norm": 0.5629133582115173, "elapsed_seconds": 33521.301272424054, "tokens_per_second": 7468.311506330028, "loss_main": 2.3479342311620712, "loss_total": 2.3479342311620712}
{"event": "update", "optimizer_step": 7650, "tokens_seen": 250675200, "lr": 0.00029963757414227165, "grad_norm": 0.5501651763916016, "elapsed_seconds": 33556.25015746604, "tokens_per_second": 7470.298344531397, "loss_main": 2.498225122690201, "loss_total": 2.498225122690201}
{"event": "update", "optimizer_step": 7660, "tokens_seen": 251002880, "lr": 0.0002996362904330288, "grad_norm": 0.5574901700019836, "elapsed_seconds": 33591.179666248034, "tokens_per_second": 7472.285358653371, "loss_main": 2.393626779317856, "loss_total": 2.393626779317856}
{"event": "update", "optimizer_step": 7670, "tokens_seen": 251330560, "lr": 0.0002996350044574263, "grad_norm": 0.5716913938522339, "elapsed_seconds": 33626.144611316035, "tokens_per_second": 7474.260368089329, "loss_main": 2.6448273360729218, "loss_total": 2.6448273360729218}
{"event": "update", "optimizer_step": 7680, "tokens_seen": 251658240, "lr": 0.0002996337162154859, "grad_norm": 0.5704896450042725, "elapsed_seconds": 33661.036169724015, "tokens_per_second": 7476.247573933887, "loss_main": 2.5833783745765686, "loss_total": 2.5833783745765686}
{"event": "update", "optimizer_step": 7690, "tokens_seen": 251985920, "lr": 0.00029963242570722943, "grad_norm": 0.5856988430023193, "elapsed_seconds": 33695.93661211501, "tokens_per_second": 7478.228692696472, "loss_main": 2.551557630300522, "loss_total": 2.551557630300522}
{"event": "update", "optimizer_step": 7700, "tokens_seen": 252313600, "lr": 0.0002996311329326784, "grad_norm": 0.6288444995880127, "elapsed_seconds": 33730.85040882905, "tokens_per_second": 7480.202750356893, "loss_main": 2.5108973383903503, "loss_total": 2.5108973383903503}
{"event": "update", "optimizer_step": 7710, "tokens_seen": 252641280, "lr": 0.0002996298378918547, "grad_norm": 0.6116805076599121, "elapsed_seconds": 33765.76803295, "tokens_per_second": 7482.171877549547, "loss_main": 2.6837053894996643, "loss_total": 2.6837053894996643}
{"event": "update", "optimizer_step": 7720, "tokens_seen": 252968960, "lr": 0.0002996285405847801, "grad_norm": 0.5503686666488647, "elapsed_seconds": 33800.684998714016, "tokens_per_second": 7484.137082121989, "loss_main": 2.5707570016384125, "loss_total": 2.5707570016384125}
{"event": "update", "optimizer_step": 7730, "tokens_seen": 253296640, "lr": 0.0002996272410114763, "grad_norm": 0.6276175379753113, "elapsed_seconds": 33835.61430578603, "tokens_per_second": 7486.09550016904, "loss_main": 2.560024857521057, "loss_total": 2.560024857521057}
{"event": "update", "optimizer_step": 7740, "tokens_seen": 253624320, "lr": 0.00029962593917196544, "grad_norm": 0.695890486240387, "elapsed_seconds": 33870.53690623504, "tokens_per_second": 7488.051361633767, "loss_main": 2.4446886777877808, "loss_total": 2.4446886777877808}
{"event": "update", "optimizer_step": 7750, "tokens_seen": 253952000, "lr": 0.0002996246350662693, "grad_norm": 0.5409324765205383, "elapsed_seconds": 33905.40635402303, "tokens_per_second": 7490.014935917955, "loss_main": 2.519515112042427, "loss_total": 2.519515112042427}
{"event": "update", "optimizer_step": 7760, "tokens_seen": 254279680, "lr": 0.00029962332869440974, "grad_norm": 0.538324773311615, "elapsed_seconds": 33940.31176439603, "tokens_per_second": 7491.966537170815, "loss_main": 2.2958199828863144, "loss_total": 2.2958199828863144}
{"event": "update", "optimizer_step": 7770, "tokens_seen": 254607360, "lr": 0.00029962202005640894, "grad_norm": 0.5598760843276978, "elapsed_seconds": 33975.20702899003, "tokens_per_second": 7493.916366212313, "loss_main": 2.301952674984932, "loss_total": 2.301952674984932}
{"event": "update", "optimizer_step": 7780, "tokens_seen": 254935040, "lr": 0.00029962070915228877, "grad_norm": 0.5745048522949219, "elapsed_seconds": 34010.118978830054, "tokens_per_second": 7495.858516657555, "loss_main": 2.4629603922367096, "loss_total": 2.4629603922367096}
{"event": "update", "optimizer_step": 7790, "tokens_seen": 255262720, "lr": 0.00029961939598207134, "grad_norm": 0.5938539505004883, "elapsed_seconds": 34045.01604857802, "tokens_per_second": 7497.799960962619, "loss_main": 2.5676944851875305, "loss_total": 2.5676944851875305}
{"event": "update", "optimizer_step": 7800, "tokens_seen": 255590400, "lr": 0.0002996180805457788, "grad_norm": 0.5330151319503784, "elapsed_seconds": 34079.95983311802, "tokens_per_second": 7499.727149080261, "loss_main": 2.5611546635627747, "loss_total": 2.5611546635627747}
{"event": "update", "optimizer_step": 7810, "tokens_seen": 255918080, "lr": 0.0002996167628434332, "grad_norm": 0.6265240907669067, "elapsed_seconds": 34114.876917441026, "tokens_per_second": 7501.656260385434, "loss_main": 2.3405131101608276, "loss_total": 2.3405131101608276}
{"event": "update", "optimizer_step": 7820, "tokens_seen": 256245760, "lr": 0.00029961544287505687, "grad_norm": 0.6294622421264648, "elapsed_seconds": 34149.78596605302, "tokens_per_second": 7503.583192431249, "loss_main": 2.3863628804683685, "loss_total": 2.3863628804683685}
{"event": "update", "optimizer_step": 7830, "tokens_seen": 256573440, "lr": 0.00029961412064067195, "grad_norm": 0.5730318427085876, "elapsed_seconds": 34184.68925283203, "tokens_per_second": 7505.5074540057185, "loss_main": 2.7149490416049957, "loss_total": 2.7149490416049957}
{"event": "update", "optimizer_step": 7840, "tokens_seen": 256901120, "lr": 0.0002996127961403007, "grad_norm": 0.5526576638221741, "elapsed_seconds": 34219.61469666305, "tokens_per_second": 7507.422929138122, "loss_main": 2.4629609882831573, "loss_total": 2.4629609882831573}
{"event": "update", "optimizer_step": 7850, "tokens_seen": 257228800, "lr": 0.00029961146937396534, "grad_norm": 0.5725628733634949, "elapsed_seconds": 34254.51397767104, "tokens_per_second": 7509.340233747755, "loss_main": 2.322547435760498, "loss_total": 2.322547435760498}
{"event": "update", "optimizer_step": 7860, "tokens_seen": 257556480, "lr": 0.0002996101403416883, "grad_norm": 0.5656293034553528, "elapsed_seconds": 34289.402947024035, "tokens_per_second": 7511.25589436235, "loss_main": 2.5589829087257385, "loss_total": 2.5589829087257385}
{"event": "update", "optimizer_step": 7870, "tokens_seen": 257884160, "lr": 0.00029960880904349185, "grad_norm": 0.6139897108078003, "elapsed_seconds": 34324.30055460404, "tokens_per_second": 7513.165769823942, "loss_main": 2.2559021562337875, "loss_total": 2.2559021562337875}
{"event": "update", "optimizer_step": 7880, "tokens_seen": 258211840, "lr": 0.0002996074754793986, "grad_norm": 0.5375508666038513, "elapsed_seconds": 34359.22812986304, "tokens_per_second": 7515.065211129621, "loss_main": 2.58449724316597, "loss_total": 2.58449724316597}
{"event": "update", "optimizer_step": 7890, "tokens_seen": 258539520, "lr": 0.0002996061396494308, "grad_norm": 0.5555793046951294, "elapsed_seconds": 34394.15112724004, "tokens_per_second": 7516.961795147712, "loss_main": 2.493712842464447, "loss_total": 2.493712842464447}
{"event": "update", "optimizer_step": 7900, "tokens_seen": 258867200, "lr": 0.000299604801553611, "grad_norm": 0.5518521666526794, "elapsed_seconds": 34429.06815436104, "tokens_per_second": 7518.855835405756, "loss_main": 2.558408111333847, "loss_total": 2.558408111333847}
{"event": "update", "optimizer_step": 7910, "tokens_seen": 259194880, "lr": 0.00029960346119196186, "grad_norm": 0.5523294806480408, "elapsed_seconds": 34463.98631734704, "tokens_per_second": 7520.745789918601, "loss_main": 2.5116105675697327, "loss_total": 2.5116105675697327}
{"event": "update", "optimizer_step": 7920, "tokens_seen": 259522560, "lr": 0.0002996021185645057, "grad_norm": 0.5401474833488464, "elapsed_seconds": 34498.937917262025, "tokens_per_second": 7522.624627529309, "loss_main": 2.444151759147644, "loss_total": 2.444151759147644}
{"event": "update", "optimizer_step": 7930, "tokens_seen": 259850240, "lr": 0.0002996007736712652, "grad_norm": 0.5625491142272949, "elapsed_seconds": 34533.870228421, "tokens_per_second": 7524.503864792602, "loss_main": 2.4923936426639557, "loss_total": 2.4923936426639557}
{"event": "update", "optimizer_step": 7940, "tokens_seen": 260177920, "lr": 0.0002995994265122631, "grad_norm": 0.5412532687187195, "elapsed_seconds": 34568.80246013502, "tokens_per_second": 7526.379321355982, "loss_main": 2.3696483075618744, "loss_total": 2.3696483075618744}
{"event": "update", "optimizer_step": 7950, "tokens_seen": 260505600, "lr": 0.000299598077087522, "grad_norm": 0.5839541554450989, "elapsed_seconds": 34603.788693815004, "tokens_per_second": 7528.23924296365, "loss_main": 2.618593692779541, "loss_total": 2.618593692779541}
{"event": "update", "optimizer_step": 7960, "tokens_seen": 260833280, "lr": 0.00029959672539706453, "grad_norm": 0.5995908379554749, "elapsed_seconds": 34638.72392046603, "tokens_per_second": 7530.106495807965, "loss_main": 2.348462298512459, "loss_total": 2.348462298512459}
{"event": "update", "optimizer_step": 7970, "tokens_seen": 261160960, "lr": 0.00029959537144091367, "grad_norm": 0.5757227540016174, "elapsed_seconds": 34673.63621643203, "tokens_per_second": 7531.974967085637, "loss_main": 2.3763196766376495, "loss_total": 2.3763196766376495}
{"event": "update", "optimizer_step": 7980, "tokens_seen": 261488640, "lr": 0.0002995940152190921, "grad_norm": 0.6013790965080261, "elapsed_seconds": 34708.56062700605, "tokens_per_second": 7533.837049887364, "loss_main": 2.623511105775833, "loss_total": 2.623511105775833}
{"event": "update", "optimizer_step": 7990, "tokens_seen": 261816320, "lr": 0.00029959265673162253, "grad_norm": 0.5798766613006592, "elapsed_seconds": 34743.44948076701, "tokens_per_second": 7535.703101240252, "loss_main": 2.544556975364685, "loss_total": 2.544556975364685}
{"event": "update", "optimizer_step": 8000, "tokens_seen": 262144000, "lr": 0.0002995912959785279, "grad_norm": 0.6162712574005127, "elapsed_seconds": 34778.385955125035, "tokens_per_second": 7537.555087756157, "loss_main": 2.5598785877227783, "loss_total": 2.5598785877227783}
{"event": "update", "optimizer_step": 8010, "tokens_seen": 262471680, "lr": 0.0002995899329598313, "grad_norm": 0.5600762367248535, "elapsed_seconds": 34813.40630161401, "tokens_per_second": 7539.385193336607, "loss_main": 2.483225166797638, "loss_total": 2.483225166797638}
{"event": "update", "optimizer_step": 8020, "tokens_seen": 262799360, "lr": 0.00029958856767555537, "grad_norm": 0.561040461063385, "elapsed_seconds": 34848.357043807046, "tokens_per_second": 7541.226683072638, "loss_main": 2.5938223898410797, "loss_total": 2.5938223898410797}
{"event": "update", "optimizer_step": 8030, "tokens_seen": 263127040, "lr": 0.0002995872001257233, "grad_norm": 0.5503941178321838, "elapsed_seconds": 34883.278064779006, "tokens_per_second": 7543.070909544893, "loss_main": 2.464781701564789, "loss_total": 2.464781701564789}
{"event": "update", "optimizer_step": 8040, "tokens_seen": 263454720, "lr": 0.000299585830310358, "grad_norm": 0.5456441640853882, "elapsed_seconds": 34918.234033265035, "tokens_per_second": 7544.903896028032, "loss_main": 2.367653965950012, "loss_total": 2.367653965950012}
{"event": "update", "optimizer_step": 8050, "tokens_seen": 263782400, "lr": 0.00029958445822948266, "grad_norm": 0.6025686860084534, "elapsed_seconds": 34953.155366769, "tokens_per_second": 7546.740694283233, "loss_main": 2.43889120221138, "loss_total": 2.43889120221138}
{"event": "update", "optimizer_step": 8060, "tokens_seen": 264110080, "lr": 0.00029958308388312025, "grad_norm": 0.5540381669998169, "elapsed_seconds": 34988.091318435036, "tokens_per_second": 7548.570672125857, "loss_main": 2.3680714666843414, "loss_total": 2.3680714666843414}
{"event": "update", "optimizer_step": 8070, "tokens_seen": 264437760, "lr": 0.000299581707271294, "grad_norm": 0.5772863030433655, "elapsed_seconds": 35023.019179947034, "tokens_per_second": 7550.3987432188, "loss_main": 2.690794825553894, "loss_total": 2.690794825553894}
{"event": "update", "optimizer_step": 8080, "tokens_seen": 264765440, "lr": 0.00029958032839402695, "grad_norm": 0.5387104749679565, "elapsed_seconds": 35057.960305315035, "tokens_per_second": 7552.220314421991, "loss_main": 2.2373624593019485, "loss_total": 2.2373624593019485}
{"event": "update", "optimizer_step": 8090, "tokens_seen": 265093120, "lr": 0.00029957894725134247, "grad_norm": 0.56694096326828, "elapsed_seconds": 35092.854028562026, "tokens_per_second": 7554.048461952997, "loss_main": 2.4777179062366486, "loss_total": 2.4777179062366486}
{"event": "update", "optimizer_step": 8100, "tokens_seen": 265420800, "lr": 0.0002995775638432636, "grad_norm": 0.5657640099525452, "elapsed_seconds": 35127.76191369101, "tokens_per_second": 7555.869931370507, "loss_main": 2.4623803198337555, "loss_total": 2.4623803198337555}
{"event": "update", "optimizer_step": 8110, "tokens_seen": 265748480, "lr": 0.00029957617816981394, "grad_norm": 0.6347807049751282, "elapsed_seconds": 35162.645997252024, "tokens_per_second": 7557.692900038534, "loss_main": 2.461704671382904, "loss_total": 2.461704671382904}
{"event": "update", "optimizer_step": 8120, "tokens_seen": 266076160, "lr": 0.0002995747902310165, "grad_norm": 0.588042676448822, "elapsed_seconds": 35197.55270464404, "tokens_per_second": 7559.507396231367, "loss_main": 2.356857180595398, "loss_total": 2.356857180595398}
{"event": "update", "optimizer_step": 8130, "tokens_seen": 266403840, "lr": 0.0002995734000268949, "grad_norm": 0.5714373588562012, "elapsed_seconds": 35232.444586231024, "tokens_per_second": 7561.321478785825, "loss_main": 2.539950728416443, "loss_total": 2.539950728416443}
{"event": "update", "optimizer_step": 8140, "tokens_seen": 266731520, "lr": 0.00029957200755747235, "grad_norm": 0.5540736317634583, "elapsed_seconds": 35267.335071198, "tokens_per_second": 7563.132271307715, "loss_main": 2.5909014344215393, "loss_total": 2.5909014344215393}
{"event": "update", "optimizer_step": 8150, "tokens_seen": 267059200, "lr": 0.0002995706128227723, "grad_norm": 0.581789493560791, "elapsed_seconds": 35302.21379367, "tokens_per_second": 7564.942005078618, "loss_main": 2.6618784368038177, "loss_total": 2.6618784368038177}
{"event": "update", "optimizer_step": 8160, "tokens_seen": 267386880, "lr": 0.00029956921582281835, "grad_norm": 0.5775821805000305, "elapsed_seconds": 35337.096742188034, "tokens_per_second": 7566.747261406277, "loss_main": 2.4547081291675568, "loss_total": 2.4547081291675568}
{"event": "update", "optimizer_step": 8170, "tokens_seen": 267714560, "lr": 0.00029956781655763394, "grad_norm": 0.5606499314308167, "elapsed_seconds": 35372.001485783025, "tokens_per_second": 7568.544293644277, "loss_main": 2.5137461721897125, "loss_total": 2.5137461721897125}
{"event": "update", "optimizer_step": 8180, "tokens_seen": 268042240, "lr": 0.00029956641502724263, "grad_norm": 0.5464511513710022, "elapsed_seconds": 35406.96585256001, "tokens_per_second": 7570.325034801588, "loss_main": 2.610422670841217, "loss_total": 2.610422670841217}
{"event": "update", "optimizer_step": 8190, "tokens_seen": 268369920, "lr": 0.00029956501123166806, "grad_norm": 0.5564028024673462, "elapsed_seconds": 35442.01366678503, "tokens_per_second": 7572.084434116297, "loss_main": 2.5455715656280518, "loss_total": 2.5455715656280518}
{"event": "update", "optimizer_step": 8200, "tokens_seen": 268697600, "lr": 0.00029956360517093385, "grad_norm": 0.5943335890769958, "elapsed_seconds": 35477.020990266, "tokens_per_second": 7573.849001406399, "loss_main": 2.481228768825531, "loss_total": 2.481228768825531}
{"event": "update", "optimizer_step": 8210, "tokens_seen": 269025280, "lr": 0.00029956219684506354, "grad_norm": 0.5792495012283325, "elapsed_seconds": 35512.014044120035, "tokens_per_second": 7575.613133790826, "loss_main": 2.4055399298667908, "loss_total": 2.4055399298667908}
{"event": "update", "optimizer_step": 8220, "tokens_seen": 269352960, "lr": 0.000299560786254081, "grad_norm": 0.6280505061149597, "elapsed_seconds": 35547.04564240301, "tokens_per_second": 7577.365576583863, "loss_main": 2.3628380447626114, "loss_total": 2.3628380447626114}
{"event": "update", "optimizer_step": 8230, "tokens_seen": 269680640, "lr": 0.0002995593733980099, "grad_norm": 0.5868687629699707, "elapsed_seconds": 35582.06456409203, "tokens_per_second": 7579.117268876825, "loss_main": 2.520807057619095, "loss_total": 2.520807057619095}
{"event": "update", "optimizer_step": 8240, "tokens_seen": 270008320, "lr": 0.00029955795827687397, "grad_norm": 0.5506705641746521, "elapsed_seconds": 35632.40196875902, "tokens_per_second": 7577.606478416242, "loss_main": 2.552643835544586, "loss_total": 2.552643835544586}
{"event": "update", "optimizer_step": 8250, "tokens_seen": 270336000, "lr": 0.0002995565408906972, "grad_norm": 0.5709156394004822, "elapsed_seconds": 35686.432533606014, "tokens_per_second": 7575.3159059937925, "loss_main": 2.58014178276062, "loss_total": 2.58014178276062}
{"event": "update", "optimizer_step": 8260, "tokens_seen": 270663680, "lr": 0.0002995551212395033, "grad_norm": 0.635355532169342, "elapsed_seconds": 35721.437590738, "tokens_per_second": 7577.0657133401255, "loss_main": 2.624265044927597, "loss_total": 2.624265044927597}
{"event": "update", "optimizer_step": 8270, "tokens_seen": 270991360, "lr": 0.0002995536993233162, "grad_norm": 0.545975387096405, "elapsed_seconds": 35756.428090020025, "tokens_per_second": 7578.8151802454895, "loss_main": 2.435780704021454, "loss_total": 2.435780704021454}
{"event": "update", "optimizer_step": 8280, "tokens_seen": 271319040, "lr": 0.00029955227514215984, "grad_norm": 0.5796274542808533, "elapsed_seconds": 35791.43394084001, "tokens_per_second": 7580.5579750860425, "loss_main": 2.3787977397441864, "loss_total": 2.3787977397441864}
{"event": "update", "optimizer_step": 8290, "tokens_seen": 271646720, "lr": 0.0002995508486960582, "grad_norm": 0.5797891616821289, "elapsed_seconds": 35826.43395533803, "tokens_per_second": 7582.2985993705215, "loss_main": 2.5760357081890106, "loss_total": 2.5760357081890106}
{"event": "update", "optimizer_step": 8300, "tokens_seen": 271974400, "lr": 0.00029954941998503533, "grad_norm": 0.564711332321167, "elapsed_seconds": 35861.44215245702, "tokens_per_second": 7584.034095554795, "loss_main": 2.345004588365555, "loss_total": 2.345004588365555}
{"event": "update", "optimizer_step": 8310, "tokens_seen": 272302080, "lr": 0.0002995479890091151, "grad_norm": 0.5673872232437134, "elapsed_seconds": 35896.44481625705, "tokens_per_second": 7585.767375956903, "loss_main": 2.4318325221538544, "loss_total": 2.4318325221538544}
{"event": "update", "optimizer_step": 8320, "tokens_seen": 272629760, "lr": 0.0002995465557683219, "grad_norm": 0.5643576979637146, "elapsed_seconds": 35931.46667911101, "tokens_per_second": 7587.493225220754, "loss_main": 2.369553044438362, "loss_total": 2.369553044438362}
{"event": "update", "optimizer_step": 8330, "tokens_seen": 272957440, "lr": 0.0002995451202626796, "grad_norm": 0.5820602774620056, "elapsed_seconds": 35966.48658445105, "tokens_per_second": 7589.216126492721, "loss_main": 2.5801643431186676, "loss_total": 2.5801643431186676}
{"event": "update", "optimizer_step": 8340, "tokens_seen": 273285120, "lr": 0.0002995436824922126, "grad_norm": 0.5653446912765503, "elapsed_seconds": 36001.45986910403, "tokens_per_second": 7590.94550592182, "loss_main": 2.3706628531217575, "loss_total": 2.3706628531217575}
{"event": "update", "optimizer_step": 8350, "tokens_seen": 273612800, "lr": 0.0002995422424569448, "grad_norm": 0.5500363111495972, "elapsed_seconds": 36036.47321889602, "tokens_per_second": 7592.663087144968, "loss_main": 2.5954562723636627, "loss_total": 2.5954562723636627}
{"event": "update", "optimizer_step": 8360, "tokens_seen": 273940480, "lr": 0.00029954080015690064, "grad_norm": 0.571898877620697, "elapsed_seconds": 36071.48517829605, "tokens_per_second": 7594.37762670299, "loss_main": 2.347443252801895, "loss_total": 2.347443252801895}
{"event": "update", "optimizer_step": 8370, "tokens_seen": 274268160, "lr": 0.0002995393555921044, "grad_norm": 0.537763774394989, "elapsed_seconds": 36106.52248615702, "tokens_per_second": 7596.083508323252, "loss_main": 2.3981014788150787, "loss_total": 2.3981014788150787}
{"event": "update", "optimizer_step": 8380, "tokens_seen": 274595840, "lr": 0.00029953790876258027, "grad_norm": 0.5981760621070862, "elapsed_seconds": 36141.587755479035, "tokens_per_second": 7597.780204284785, "loss_main": 2.4824603348970413, "loss_total": 2.4824603348970413}
{"event": "update", "optimizer_step": 8390, "tokens_seen": 274923520, "lr": 0.00029953645966835285, "grad_norm": 0.5679672360420227, "elapsed_seconds": 36176.65356750501, "tokens_per_second": 7599.473497099379, "loss_main": 2.5821757912635803, "loss_total": 2.5821757912635803}
{"event": "update", "optimizer_step": 8400, "tokens_seen": 275251200, "lr": 0.0002995350083094463, "grad_norm": 0.5945225954055786, "elapsed_seconds": 36211.705836876004, "tokens_per_second": 7601.166353221045, "loss_main": 2.4856840074062347, "loss_total": 2.4856840074062347}
{"event": "update", "optimizer_step": 8410, "tokens_seen": 275578880, "lr": 0.00029953355468588505, "grad_norm": 0.5461695790290833, "elapsed_seconds": 36246.75945287, "tokens_per_second": 7602.85565274663, "loss_main": 2.6106760501861572, "loss_total": 2.6106760501861572}
{"event": "update", "optimizer_step": 8420, "tokens_seen": 275906560, "lr": 0.0002995320987976937, "grad_norm": 0.5415414571762085, "elapsed_seconds": 36281.79971228901, "tokens_per_second": 7604.544487536755, "loss_main": 2.4136069416999817, "loss_total": 2.4136069416999817}
{"event": "update", "optimizer_step": 8430, "tokens_seen": 276234240, "lr": 0.0002995306406448967, "grad_norm": 0.6238653659820557, "elapsed_seconds": 36316.843791313004, "tokens_per_second": 7606.229263405188, "loss_main": 2.6366406083106995, "loss_total": 2.6366406083106995}
{"event": "update", "optimizer_step": 8440, "tokens_seen": 276561920, "lr": 0.00029952918022751866, "grad_norm": 0.5346122980117798, "elapsed_seconds": 36351.85511809902, "tokens_per_second": 7607.917645509766, "loss_main": 2.501550853252411, "loss_total": 2.501550853252411}
{"event": "update", "optimizer_step": 8450, "tokens_seen": 276889600, "lr": 0.000299527717545584, "grad_norm": 0.5725162625312805, "elapsed_seconds": 36386.87059051305, "tokens_per_second": 7609.601911525525, "loss_main": 2.493606388568878, "loss_total": 2.493606388568878}
{"event": "update", "optimizer_step": 8460, "tokens_seen": 277217280, "lr": 0.00029952625259911745, "grad_norm": 0.7872255444526672, "elapsed_seconds": 36421.90957018302, "tokens_per_second": 7611.278026645404, "loss_main": 2.4874112606048584, "loss_total": 2.4874112606048584}
{"event": "update", "optimizer_step": 8470, "tokens_seen": 277544960, "lr": 0.00029952478538814375, "grad_norm": 0.545685887336731, "elapsed_seconds": 36456.98511049, "tokens_per_second": 7612.9432853223025, "loss_main": 2.410476967692375, "loss_total": 2.410476967692375}
{"event": "update", "optimizer_step": 8480, "tokens_seen": 277872640, "lr": 0.0002995233159126875, "grad_norm": 0.5854732394218445, "elapsed_seconds": 36492.02637469, "tokens_per_second": 7614.612494983995, "loss_main": 2.4748322665691376, "loss_total": 2.4748322665691376}
{"event": "update", "optimizer_step": 8490, "tokens_seen": 278200320, "lr": 0.0002995218441727733, "grad_norm": 0.5870155692100525, "elapsed_seconds": 36527.055214400054, "tokens_per_second": 7616.281092660465, "loss_main": 2.346287488937378, "loss_total": 2.346287488937378}
{"event": "update", "optimizer_step": 8500, "tokens_seen": 278528000, "lr": 0.00029952037016842624, "grad_norm": 0.7565934062004089, "elapsed_seconds": 36562.16806358204, "tokens_per_second": 7617.928989211924, "loss_main": 2.5187695026397705, "loss_total": 2.5187695026397705}
{"event": "update", "optimizer_step": 8510, "tokens_seen": 278855680, "lr": 0.0002995188938996709, "grad_norm": 0.5623030662536621, "elapsed_seconds": 36597.203699544014, "tokens_per_second": 7619.5897995199675, "loss_main": 2.3895398676395416, "loss_total": 2.3895398676395416}
{"event": "update", "optimizer_step": 8520, "tokens_seen": 279183360, "lr": 0.0002995174153665322, "grad_norm": 0.571242094039917, "elapsed_seconds": 36632.239278586, "tokens_per_second": 7621.247444821136, "loss_main": 2.5498875230550766, "loss_total": 2.5498875230550766}
{"event": "update", "optimizer_step": 8530, "tokens_seen": 279511040, "lr": 0.000299515934569035, "grad_norm": 0.6320220828056335, "elapsed_seconds": 36667.26815919904, "tokens_per_second": 7622.903314924938, "loss_main": 2.492528885602951, "loss_total": 2.492528885602951}
{"event": "update", "optimizer_step": 8540, "tokens_seen": 279838720, "lr": 0.0002995144515072042, "grad_norm": 0.5777179002761841, "elapsed_seconds": 36702.25185745902, "tokens_per_second": 7624.56541050432, "loss_main": 2.422930061817169, "loss_total": 2.422930061817169}
{"event": "update", "optimizer_step": 8550, "tokens_seen": 280166400, "lr": 0.0002995129661810649, "grad_norm": 0.5918588638305664, "elapsed_seconds": 36737.256258914014, "tokens_per_second": 7626.220042821509, "loss_main": 2.4566018879413605, "loss_total": 2.4566018879413605}
{"event": "update", "optimizer_step": 8560, "tokens_seen": 280494080, "lr": 0.00029951147859064197, "grad_norm": 0.5735771059989929, "elapsed_seconds": 36772.278632144036, "tokens_per_second": 7627.867796987961, "loss_main": 2.4144920706748962, "loss_total": 2.4144920706748962}
{"event": "update", "optimizer_step": 8570, "tokens_seen": 280821760, "lr": 0.0002995099887359605, "grad_norm": 0.5511442422866821, "elapsed_seconds": 36807.238180249, "tokens_per_second": 7629.52543803438, "loss_main": 2.4204315543174744, "loss_total": 2.4204315543174744}
{"event": "update", "optimizer_step": 8580, "tokens_seen": 281149440, "lr": 0.00029950849661704564, "grad_norm": 0.5955325961112976, "elapsed_seconds": 36842.246844610025, "tokens_per_second": 7631.16975970025, "loss_main": 2.421856552362442, "loss_total": 2.421856552362442}
{"event": "update", "optimizer_step": 8590, "tokens_seen": 281477120, "lr": 0.0002995070022339223, "grad_norm": 0.565991222858429, "elapsed_seconds": 36877.35295401601, "tokens_per_second": 7632.790790352718, "loss_main": 2.514442205429077, "loss_total": 2.514442205429077}
{"event": "update", "optimizer_step": 8600, "tokens_seen": 281804800, "lr": 0.0002995055055866158, "grad_norm": 0.5916779637336731, "elapsed_seconds": 36912.32481128501, "tokens_per_second": 7634.436504358167, "loss_main": 2.4925002455711365, "loss_total": 2.4925002455711365}
{"event": "update", "optimizer_step": 8610, "tokens_seen": 282132480, "lr": 0.00029950400667515134, "grad_norm": 0.5996550917625427, "elapsed_seconds": 36947.32208424405, "tokens_per_second": 7636.073850134692, "loss_main": 2.449072927236557, "loss_total": 2.449072927236557}
{"event": "update", "optimizer_step": 8620, "tokens_seen": 282460160, "lr": 0.0002995025054995542, "grad_norm": 0.573517918586731, "elapsed_seconds": 36982.30760300503, "tokens_per_second": 7637.710524506277, "loss_main": 2.322580963373184, "loss_total": 2.322580963373184}
{"event": "update", "optimizer_step": 8630, "tokens_seen": 282787840, "lr": 0.00029950100205984945, "grad_norm": 0.5801157355308533, "elapsed_seconds": 37017.30517923203, "tokens_per_second": 7639.341616867713, "loss_main": 2.5166188180446625, "loss_total": 2.5166188180446625}
{"event": "update", "optimizer_step": 8640, "tokens_seen": 283115520, "lr": 0.00029949949635606253, "grad_norm": 0.5520126223564148, "elapsed_seconds": 37052.314773512015, "tokens_per_second": 7640.967149571822, "loss_main": 2.3987337946891785, "loss_total": 2.3987337946891785}
{"event": "update", "optimizer_step": 8650, "tokens_seen": 283443200, "lr": 0.00029949798838821873, "grad_norm": 0.56461101770401, "elapsed_seconds": 37087.366913857, "tokens_per_second": 7642.580845880886, "loss_main": 2.387863039970398, "loss_total": 2.387863039970398}
{"event": "update", "optimizer_step": 8660, "tokens_seen": 283770880, "lr": 0.0002994964781563434, "grad_norm": 0.5845732092857361, "elapsed_seconds": 37123.19357240602, "tokens_per_second": 7644.032010514561, "loss_main": 2.3323874771595, "loss_total": 2.3323874771595}
{"event": "update", "optimizer_step": 8670, "tokens_seen": 284098560, "lr": 0.00029949496566046216, "grad_norm": 0.5524959564208984, "elapsed_seconds": 37158.27901333402, "tokens_per_second": 7645.632885690239, "loss_main": 2.426498770713806, "loss_total": 2.426498770713806}
{"event": "update", "optimizer_step": 8680, "tokens_seen": 284426240, "lr": 0.00029949345090060035, "grad_norm": 0.5898032188415527, "elapsed_seconds": 37193.342482342036, "tokens_per_second": 7647.235258165749, "loss_main": 2.5359609872102737, "loss_total": 2.5359609872102737}
{"event": "update", "optimizer_step": 8690, "tokens_seen": 284753920, "lr": 0.00029949193387678345, "grad_norm": 0.5626631379127502, "elapsed_seconds": 37228.37769872905, "tokens_per_second": 7648.840416962927, "loss_main": 2.3646661043167114, "loss_total": 2.3646661043167114}
{"event": "update", "optimizer_step": 8700, "tokens_seen": 285081600, "lr": 0.00029949041458903695, "grad_norm": 0.569793164730072, "elapsed_seconds": 37263.396648222, "tokens_per_second": 7650.445897116105, "loss_main": 2.4302917420864105, "loss_total": 2.4302917420864105}
{"event": "update", "optimizer_step": 8710, "tokens_seen": 285409280, "lr": 0.00029948889303738654, "grad_norm": 0.5898241996765137, "elapsed_seconds": 37298.417214991, "tokens_per_second": 7652.048030748289, "loss_main": 2.51520574092865, "loss_total": 2.51520574092865}
{"event": "update", "optimizer_step": 8720, "tokens_seen": 285736960, "lr": 0.0002994873692218577, "grad_norm": 0.5362585783004761, "elapsed_seconds": 37333.41355675203, "tokens_per_second": 7653.652124942706, "loss_main": 2.5285910964012146, "loss_total": 2.5285910964012146}
{"event": "update", "optimizer_step": 8730, "tokens_seen": 286064640, "lr": 0.00029948584314247624, "grad_norm": 0.5720512866973877, "elapsed_seconds": 37368.43284381705, "tokens_per_second": 7655.248514049795, "loss_main": 2.470483422279358, "loss_total": 2.470483422279358}
{"event": "update", "optimizer_step": 8740, "tokens_seen": 286392320, "lr": 0.00029948431479926774, "grad_norm": 0.5968157052993774, "elapsed_seconds": 37403.45395619905, "tokens_per_second": 7656.841540232539, "loss_main": 2.6014682948589325, "loss_total": 2.6014682948589325}
{"event": "update", "optimizer_step": 8750, "tokens_seen": 286720000, "lr": 0.0002994827841922579, "grad_norm": 0.5907500982284546, "elapsed_seconds": 37438.44588298304, "tokens_per_second": 7658.43755630688, "loss_main": 2.601763755083084, "loss_total": 2.601763755083084}
{"event": "update", "optimizer_step": 8760, "tokens_seen": 287047680, "lr": 0.0002994812513214725, "grad_norm": 0.6219497919082642, "elapsed_seconds": 37473.464906846, "tokens_per_second": 7660.025052755649, "loss_main": 2.5766331553459167, "loss_total": 2.5766331553459167}
{"event": "update", "optimizer_step": 8770, "tokens_seen": 287375360, "lr": 0.0002994797161869375, "grad_norm": 0.5474734902381897, "elapsed_seconds": 37508.44691075804, "tokens_per_second": 7661.617146765308, "loss_main": 2.502952069044113, "loss_total": 2.502952069044113}
{"event": "update", "optimizer_step": 8780, "tokens_seen": 287703040, "lr": 0.00029947817878867857, "grad_norm": 0.6130680441856384, "elapsed_seconds": 37543.515476881, "tokens_per_second": 7663.188605157799, "loss_main": 2.4310841262340546, "loss_total": 2.4310841262340546}
{"event": "update", "optimizer_step": 8790, "tokens_seen": 288030720, "lr": 0.0002994766391267216, "grad_norm": 0.6075844168663025, "elapsed_seconds": 37578.51613919204, "tokens_per_second": 7664.770980661527, "loss_main": 2.458175450563431, "loss_total": 2.458175450563431}
{"event": "update", "optimizer_step": 8800, "tokens_seen": 288358400, "lr": 0.00029947509720109255, "grad_norm": 0.641359806060791, "elapsed_seconds": 37613.47449104104, "tokens_per_second": 7666.3590349432525, "loss_main": 2.6231618225574493, "loss_total": 2.6231618225574493}
{"event": "update", "optimizer_step": 8810, "tokens_seen": 288686080, "lr": 0.0002994735530118174, "grad_norm": 0.5906445980072021, "elapsed_seconds": 37648.452466079034, "tokens_per_second": 7667.94014335925, "loss_main": 2.5346644818782806, "loss_total": 2.5346644818782806}
{"event": "update", "optimizer_step": 8820, "tokens_seen": 289013760, "lr": 0.0002994720065589221, "grad_norm": 0.6144046783447266, "elapsed_seconds": 37683.43529405602, "tokens_per_second": 7669.517328893511, "loss_main": 2.425237536430359, "loss_total": 2.425237536430359}
{"event": "update", "optimizer_step": 8830, "tokens_seen": 289341440, "lr": 0.0002994704578424327, "grad_norm": 0.5825384259223938, "elapsed_seconds": 37718.418939444, "tokens_per_second": 7671.091422589335, "loss_main": 2.370663195848465, "loss_total": 2.370663195848465}
{"event": "update", "optimizer_step": 8840, "tokens_seen": 289669120, "lr": 0.00029946890686237523, "grad_norm": 0.5435967445373535, "elapsed_seconds": 37753.39809205802, "tokens_per_second": 7672.663512133921, "loss_main": 2.4005150496959686, "loss_total": 2.4005150496959686}
{"event": "update", "optimizer_step": 8850, "tokens_seen": 289996800, "lr": 0.00029946735361877585, "grad_norm": 0.5578165054321289, "elapsed_seconds": 37788.37537860504, "tokens_per_second": 7674.233070209997, "loss_main": 2.37717142701149, "loss_total": 2.37717142701149}
{"event": "update", "optimizer_step": 8860, "tokens_seen": 290324480, "lr": 0.0002994657981116607, "grad_norm": 0.5867820978164673, "elapsed_seconds": 37823.377976055024, "tokens_per_second": 7675.794588833306, "loss_main": 2.5017262399196625, "loss_total": 2.5017262399196625}
{"event": "update", "optimizer_step": 8870, "tokens_seen": 290652160, "lr": 0.000299464240341056, "grad_norm": 0.5711570978164673, "elapsed_seconds": 37858.35068156704, "tokens_per_second": 7677.359281832541, "loss_main": 2.409891903400421, "loss_total": 2.409891903400421}
{"event": "update", "optimizer_step": 8880, "tokens_seen": 290979840, "lr": 0.00029946268030698795, "grad_norm": 0.5534964799880981, "elapsed_seconds": 37893.32604440802, "tokens_per_second": 7678.92054814598, "loss_main": 2.405634790658951, "loss_total": 2.405634790658951}
{"event": "update", "optimizer_step": 8890, "tokens_seen": 291307520, "lr": 0.0002994611180094827, "grad_norm": 1.2011438608169556, "elapsed_seconds": 37928.293750929006, "tokens_per_second": 7680.480485438784, "loss_main": 2.498033255338669, "loss_total": 2.498033255338669}
{"event": "update", "optimizer_step": 8900, "tokens_seen": 291635200, "lr": 0.0002994595534485667, "grad_norm": 0.5547124147415161, "elapsed_seconds": 37963.27036797104, "tokens_per_second": 7682.035745952162, "loss_main": 2.4398501068353653, "loss_total": 2.4398501068353653}
{"event": "update", "optimizer_step": 8910, "tokens_seen": 291962880, "lr": 0.00029945798662426616, "grad_norm": 0.6057582497596741, "elapsed_seconds": 37998.25124399102, "tokens_per_second": 7683.587282090265, "loss_main": 2.419955223798752, "loss_total": 2.419955223798752}
{"event": "update", "optimizer_step": 8920, "tokens_seen": 292290560, "lr": 0.00029945641753660753, "grad_norm": 0.5681542158126831, "elapsed_seconds": 38033.256435131014, "tokens_per_second": 7685.131050992877, "loss_main": 2.588570863008499, "loss_total": 2.588570863008499}
{"event": "update", "optimizer_step": 8930, "tokens_seen": 292618240, "lr": 0.00029945484618561723, "grad_norm": 0.5633423924446106, "elapsed_seconds": 38068.240708279016, "tokens_per_second": 7686.676204512963, "loss_main": 2.3759859204292297, "loss_total": 2.3759859204292297}
{"event": "update", "optimizer_step": 8940, "tokens_seen": 292945920, "lr": 0.0002994532725713217, "grad_norm": 0.707105815410614, "elapsed_seconds": 38103.23088994104, "tokens_per_second": 7688.217328503118, "loss_main": 2.6615651845932007, "loss_total": 2.6615651845932007}
{"event": "update", "optimizer_step": 8950, "tokens_seen": 293273600, "lr": 0.00029945169669374735, "grad_norm": 0.5912482142448425, "elapsed_seconds": 38138.21025567403, "tokens_per_second": 7689.757805464091, "loss_main": 2.6154598891735077, "loss_total": 2.6154598891735077}
{"event": "update", "optimizer_step": 8960, "tokens_seen": 293601280, "lr": 0.0002994501185529209, "grad_norm": 0.5494416356086731, "elapsed_seconds": 38173.20534382301, "tokens_per_second": 7691.2922914268465, "loss_main": 2.356718748807907, "loss_total": 2.356718748807907}
{"event": "update", "optimizer_step": 8970, "tokens_seen": 293928960, "lr": 0.0002994485381488687, "grad_norm": 0.564080536365509, "elapsed_seconds": 38208.19408641703, "tokens_per_second": 7692.825244114099, "loss_main": 2.5962730646133423, "loss_total": 2.5962730646133423}
{"event": "update", "optimizer_step": 8980, "tokens_seen": 294256640, "lr": 0.0002994469554816174, "grad_norm": 0.5774507522583008, "elapsed_seconds": 38243.206264270004, "tokens_per_second": 7694.350676734945, "loss_main": 2.4451105892658234, "loss_total": 2.4451105892658234}
{"event": "update", "optimizer_step": 8990, "tokens_seen": 294584320, "lr": 0.00029944537055119386, "grad_norm": 0.5846719741821289, "elapsed_seconds": 38278.18808557, "tokens_per_second": 7695.879422021324, "loss_main": 2.403404414653778, "loss_total": 2.403404414653778}
{"event": "update", "optimizer_step": 9000, "tokens_seen": 294912000, "lr": 0.00029944378335762447, "grad_norm": 0.6283907890319824, "elapsed_seconds": 38313.20670243702, "tokens_per_second": 7697.397983167024, "loss_main": 2.5272366106510162, "loss_total": 2.5272366106510162}
{"event": "update", "optimizer_step": 9010, "tokens_seen": 295239680, "lr": 0.000299442193900936, "grad_norm": 0.5933524370193481, "elapsed_seconds": 38348.20989165403, "tokens_per_second": 7698.9168681966285, "loss_main": 2.679340898990631, "loss_total": 2.679340898990631}
{"event": "update", "optimizer_step": 9020, "tokens_seen": 295567360, "lr": 0.0002994406021811553, "grad_norm": 0.5738686919212341, "elapsed_seconds": 38383.25402447401, "tokens_per_second": 7700.424768872898, "loss_main": 2.679738461971283, "loss_total": 2.679738461971283}
{"event": "update", "optimizer_step": 9030, "tokens_seen": 295895040, "lr": 0.0002994390081983092, "grad_norm": 0.5872421860694885, "elapsed_seconds": 38418.24749282701, "tokens_per_second": 7701.940075617607, "loss_main": 2.3308704793453217, "loss_total": 2.3308704793453217}
{"event": "update", "optimizer_step": 9040, "tokens_seen": 296222720, "lr": 0.0002994374119524245, "grad_norm": 0.6004660725593567, "elapsed_seconds": 38453.32046387304, "tokens_per_second": 7703.436697444678, "loss_main": 2.5491117238998413, "loss_total": 2.5491117238998413}
{"event": "update", "optimizer_step": 9050, "tokens_seen": 296550400, "lr": 0.00029943581344352794, "grad_norm": 0.573556661605835, "elapsed_seconds": 38488.37101474503, "tokens_per_second": 7704.935079907395, "loss_main": 2.4047653675079346, "loss_total": 2.4047653675079346}
{"event": "update", "optimizer_step": 9060, "tokens_seen": 296878080, "lr": 0.0002994342126716466, "grad_norm": 0.5518101453781128, "elapsed_seconds": 38523.47424345702, "tokens_per_second": 7706.42019782063, "loss_main": 2.3479406237602234, "loss_total": 2.3479406237602234}
{"event": "update", "optimizer_step": 9070, "tokens_seen": 297205760, "lr": 0.00029943260963680727, "grad_norm": 0.5580191016197205, "elapsed_seconds": 38558.542224945035, "tokens_per_second": 7707.909657635499, "loss_main": 2.450467884540558, "loss_total": 2.450467884540558}
{"event": "update", "optimizer_step": 9080, "tokens_seen": 297533440, "lr": 0.000299431004339037, "grad_norm": 0.5871821641921997, "elapsed_seconds": 38593.572336993006, "tokens_per_second": 7709.4039754077385, "loss_main": 2.4567510783672333, "loss_total": 2.4567510783672333}
{"event": "update", "optimizer_step": 9090, "tokens_seen": 297861120, "lr": 0.0002994293967783629, "grad_norm": 0.5714888572692871, "elapsed_seconds": 38628.614286308, "tokens_per_second": 7710.893220044332, "loss_main": 2.449020266532898, "loss_total": 2.449020266532898}
{"event": "update", "optimizer_step": 9100, "tokens_seen": 298188800, "lr": 0.00029942778695481187, "grad_norm": 0.6091176271438599, "elapsed_seconds": 38663.652179506025, "tokens_per_second": 7712.380574281529, "loss_main": 2.6636537313461304, "loss_total": 2.6636537313461304}
{"event": "update", "optimizer_step": 9110, "tokens_seen": 298516480, "lr": 0.0002994261748684112, "grad_norm": 0.5775455236434937, "elapsed_seconds": 38698.70950144605, "tokens_per_second": 7713.861362453065, "loss_main": 2.5548674166202545, "loss_total": 2.5548674166202545}
{"event": "update", "optimizer_step": 9120, "tokens_seen": 298844160, "lr": 0.0002994245605191879, "grad_norm": 0.5614288449287415, "elapsed_seconds": 38733.76379590505, "tokens_per_second": 7715.340073189426, "loss_main": 2.3207397162914276, "loss_total": 2.3207397162914276}
{"event": "update", "optimizer_step": 9130, "tokens_seen": 299171840, "lr": 0.00029942294390716915, "grad_norm": 0.5578426122665405, "elapsed_seconds": 38768.753128902, "tokens_per_second": 7716.829040265631, "loss_main": 2.508872777223587, "loss_total": 2.508872777223587}
{"event": "update", "optimizer_step": 9140, "tokens_seen": 299499520, "lr": 0.0002994213250323821, "grad_norm": 0.5532094836235046, "elapsed_seconds": 38803.73629308905, "tokens_per_second": 7718.31654915511, "loss_main": 2.4709343314170837, "loss_total": 2.4709343314170837}
{"event": "update", "optimizer_step": 9150, "tokens_seen": 299827200, "lr": 0.0002994197038948542, "grad_norm": 0.5971693396568298, "elapsed_seconds": 38838.712748121005, "tokens_per_second": 7719.802711909021, "loss_main": 2.4563511312007904, "loss_total": 2.4563511312007904}
{"event": "evaluation", "tokens_seen": 300023808, "elapsed_seconds": 38859.720941504, "parameters": 600375552, "main_loss": 2.565099187195301, "perplexity": 13.001947932464393}
{"event": "update", "optimizer_step": 9160, "tokens_seen": 300154880, "lr": 0.00029941808049461247, "grad_norm": 0.5816534757614136, "elapsed_seconds": 38893.551387629006, "tokens_per_second": 7717.343088794694, "loss_main": 2.3640301525592804, "loss_total": 2.3640301525592804}
{"event": "update", "optimizer_step": 9170, "tokens_seen": 300482560, "lr": 0.0002994164548316845, "grad_norm": 0.5560405850410461, "elapsed_seconds": 38928.519823373004, "tokens_per_second": 7718.828287418927, "loss_main": 2.538736641407013, "loss_total": 2.538736641407013}
{"event": "update", "optimizer_step": 9180, "tokens_seen": 300810240, "lr": 0.00029941482690609754, "grad_norm": 0.6823222637176514, "elapsed_seconds": 38963.492445793, "tokens_per_second": 7720.309990653297, "loss_main": 2.544144719839096, "loss_total": 2.544144719839096}
{"event": "update", "optimizer_step": 9190, "tokens_seen": 301137920, "lr": 0.00029941319671787897, "grad_norm": 0.5769182443618774, "elapsed_seconds": 38998.41756086401, "tokens_per_second": 7721.798442975805, "loss_main": 2.329309105873108, "loss_total": 2.329309105873108}
{"event": "update", "optimizer_step": 9200, "tokens_seen": 301465600, "lr": 0.0002994115642670562, "grad_norm": 0.6406776905059814, "elapsed_seconds": 39033.35973177804, "tokens_per_second": 7723.280856978583, "loss_main": 2.6563009917736053, "loss_total": 2.6563009917736053}
{"event": "update", "optimizer_step": 9210, "tokens_seen": 301793280, "lr": 0.00029940992955365675, "grad_norm": 0.6012796759605408, "elapsed_seconds": 39068.36246278201, "tokens_per_second": 7724.748645083336, "loss_main": 2.56588351726532, "loss_total": 2.56588351726532}
{"event": "update", "optimizer_step": 9220, "tokens_seen": 302120960, "lr": 0.0002994082925777083, "grad_norm": 0.6138710379600525, "elapsed_seconds": 39104.04933569301, "tokens_per_second": 7726.078632072331, "loss_main": 2.516716420650482, "loss_total": 2.516716420650482}
{"event": "update", "optimizer_step": 9230, "tokens_seen": 302448640, "lr": 0.00029940665333923807, "grad_norm": 0.5580074191093445, "elapsed_seconds": 39178.81577937602, "tokens_per_second": 7719.698362072774, "loss_main": 2.3460436314344406, "loss_total": 2.3460436314344406}
{"event": "update", "optimizer_step": 9240, "tokens_seen": 302776320, "lr": 0.00029940501183827405, "grad_norm": 0.5524972081184387, "elapsed_seconds": 39231.026746192016, "tokens_per_second": 7717.777104301487, "loss_main": 2.3463521748781204, "loss_total": 2.3463521748781204}
{"event": "update", "optimizer_step": 9250, "tokens_seen": 303104000, "lr": 0.00029940336807484356, "grad_norm": 0.5680330395698547, "elapsed_seconds": 39266.05086517305, "tokens_per_second": 7719.238205053046, "loss_main": 2.3842417895793915, "loss_total": 2.3842417895793915}
{"event": "update", "optimizer_step": 9260, "tokens_seen": 303431680, "lr": 0.00029940172204897424, "grad_norm": 0.5811018347740173, "elapsed_seconds": 39326.91742980003, "tokens_per_second": 7715.623288848828, "loss_main": 2.512411892414093, "loss_total": 2.512411892414093}
{"event": "update", "optimizer_step": 9270, "tokens_seen": 303759360, "lr": 0.00029940007376069407, "grad_norm": 0.6038913726806641, "elapsed_seconds": 39404.07564106502, "tokens_per_second": 7708.831004360288, "loss_main": 2.460944503545761, "loss_total": 2.460944503545761}
{"event": "update", "optimizer_step": 9280, "tokens_seen": 304087040, "lr": 0.0002993984232100307, "grad_norm": 0.5460332036018372, "elapsed_seconds": 39481.11320600001, "tokens_per_second": 7702.088804167442, "loss_main": 2.3592205941677094, "loss_total": 2.3592205941677094}
{"event": "update", "optimizer_step": 9290, "tokens_seen": 304414720, "lr": 0.00029939677039701176, "grad_norm": 0.5645684599876404, "elapsed_seconds": 39558.120287204045, "tokens_per_second": 7695.378794286889, "loss_main": 2.398858070373535, "loss_total": 2.398858070373535}
{"event": "update", "optimizer_step": 9300, "tokens_seen": 304742400, "lr": 0.00029939511532166524, "grad_norm": 0.6115888953208923, "elapsed_seconds": 39635.53562151204, "tokens_per_second": 7688.615663228282, "loss_main": 2.5110707879066467, "loss_total": 2.5110707879066467}
{"event": "update", "optimizer_step": 9310, "tokens_seen": 305070080, "lr": 0.0002993934579840189, "grad_norm": 0.5899880528450012, "elapsed_seconds": 39712.698283164005, "tokens_per_second": 7681.92777596613, "loss_main": 2.5032737851142883, "loss_total": 2.5032737851142883}
{"event": "update", "optimizer_step": 9320, "tokens_seen": 305397760, "lr": 0.0002993917983841008, "grad_norm": 0.574230968952179, "elapsed_seconds": 39789.71359820303, "tokens_per_second": 7675.294250265532, "loss_main": 2.5988430082798004, "loss_total": 2.5988430082798004}
{"event": "update", "optimizer_step": 9330, "tokens_seen": 305725440, "lr": 0.0002993901365219387, "grad_norm": 0.57551509141922, "elapsed_seconds": 39866.95303871605, "tokens_per_second": 7668.643242013013, "loss_main": 2.57826891541481, "loss_total": 2.57826891541481}
{"event": "update", "optimizer_step": 9340, "tokens_seen": 306053120, "lr": 0.00029938847239756046, "grad_norm": 0.5637845993041992, "elapsed_seconds": 39944.17202435905, "tokens_per_second": 7662.021879270908, "loss_main": 2.410366415977478, "loss_total": 2.410366415977478}
{"event": "update", "optimizer_step": 9350, "tokens_seen": 306380800, "lr": 0.0002993868060109945, "grad_norm": 0.5694207549095154, "elapsed_seconds": 40021.17521459004, "tokens_per_second": 7655.467345904086, "loss_main": 2.5490127950906754, "loss_total": 2.5490127950906754}
{"event": "update", "optimizer_step": 9360, "tokens_seen": 306708480, "lr": 0.00029938513736226847, "grad_norm": 0.5422511100769043, "elapsed_seconds": 40098.240484724054, "tokens_per_second": 7648.926144698159, "loss_main": 2.321212023496628, "loss_total": 2.321212023496628}
{"event": "update", "optimizer_step": 9370, "tokens_seen": 307036160, "lr": 0.00029938346645141066, "grad_norm": 0.5439488291740417, "elapsed_seconds": 40175.464607428, "tokens_per_second": 7642.3798206239635, "loss_main": 2.3767025768756866, "loss_total": 2.3767025768756866}
{"event": "update", "optimizer_step": 9380, "tokens_seen": 307363840, "lr": 0.00029938179327844926, "grad_norm": 0.6066261529922485, "elapsed_seconds": 40252.83901894302, "tokens_per_second": 7635.8301051847375, "loss_main": 2.3593226969242096, "loss_total": 2.3593226969242096}
{"event": "update", "optimizer_step": 9390, "tokens_seen": 307691520, "lr": 0.00029938011784341224, "grad_norm": 0.5948292016983032, "elapsed_seconds": 40329.95403829601, "tokens_per_second": 7629.354591077048, "loss_main": 2.597296357154846, "loss_total": 2.597296357154846}
{"event": "update", "optimizer_step": 9400, "tokens_seen": 308019200, "lr": 0.0002993784401463279, "grad_norm": 0.6361023783683777, "elapsed_seconds": 40407.449446549, "tokens_per_second": 7622.832032678727, "loss_main": 2.3192798495292664, "loss_total": 2.3192798495292664}
{"event": "update", "optimizer_step": 9410, "tokens_seen": 308346880, "lr": 0.00029937676018722454, "grad_norm": 0.5618257522583008, "elapsed_seconds": 40484.971764960035, "tokens_per_second": 7616.329382422243, "loss_main": 2.4845032393932343, "loss_total": 2.4845032393932343}
{"event": "update", "optimizer_step": 9420, "tokens_seen": 308674560, "lr": 0.00029937507796613035, "grad_norm": 0.5794161558151245, "elapsed_seconds": 40562.11732017301, "tokens_per_second": 7609.922272141473, "loss_main": 2.3691268265247345, "loss_total": 2.3691268265247345}
{"event": "update", "optimizer_step": 9430, "tokens_seen": 309002240, "lr": 0.0002993733934830736, "grad_norm": 0.587242603302002, "elapsed_seconds": 40639.182651276, "tokens_per_second": 7603.554496938138, "loss_main": 2.6238774061203003, "loss_total": 2.6238774061203003}
{"event": "update", "optimizer_step": 9440, "tokens_seen": 309329920, "lr": 0.00029937170673808276, "grad_norm": 0.5309141874313354, "elapsed_seconds": 40717.046026177006, "tokens_per_second": 7597.061923429604, "loss_main": 2.2532766610383987, "loss_total": 2.2532766610383987}
{"event": "update", "optimizer_step": 9450, "tokens_seen": 309657600, "lr": 0.0002993700177311863, "grad_norm": 2.6394436359405518, "elapsed_seconds": 40794.06277786504, "tokens_per_second": 7590.751666147384, "loss_main": 2.4983080327510834, "loss_total": 2.4983080327510834}
{"event": "update", "optimizer_step": 9460, "tokens_seen": 309985280, "lr": 0.0002993683264624124, "grad_norm": 0.5978782773017883, "elapsed_seconds": 40871.506176732015, "tokens_per_second": 7584.386018454915, "loss_main": 2.4943323731422424, "loss_total": 2.4943323731422424}
{"event": "update", "optimizer_step": 9470, "tokens_seen": 310312960, "lr": 0.0002993666329317897, "grad_norm": 0.5440590977668762, "elapsed_seconds": 40949.10703554802, "tokens_per_second": 7578.015308871487, "loss_main": 2.325280010700226, "loss_total": 2.325280010700226}
{"event": "update", "optimizer_step": 9480, "tokens_seen": 310640640, "lr": 0.0002993649371393467, "grad_norm": 0.5293159484863281, "elapsed_seconds": 41026.516411685036, "tokens_per_second": 7571.704038501411, "loss_main": 2.286812514066696, "loss_total": 2.286812514066696}
{"event": "update", "optimizer_step": 9490, "tokens_seen": 310968320, "lr": 0.0002993632390851118, "grad_norm": 0.5547010898590088, "elapsed_seconds": 41103.952919135045, "tokens_per_second": 7565.4115459838295, "loss_main": 2.4535239040851593, "loss_total": 2.4535239040851593}
{"event": "update", "optimizer_step": 9500, "tokens_seen": 311296000, "lr": 0.0002993615387691138, "grad_norm": 0.5670726299285889, "elapsed_seconds": 41181.34807975404, "tokens_per_second": 7559.15030749181, "loss_main": 2.5045492947101593, "loss_total": 2.5045492947101593}
{"event": "update", "optimizer_step": 9510, "tokens_seen": 311623680, "lr": 0.00029935983619138124, "grad_norm": 0.5848605036735535, "elapsed_seconds": 41258.57971231203, "tokens_per_second": 7552.942495182595, "loss_main": 2.479028344154358, "loss_total": 2.479028344154358}
{"event": "update", "optimizer_step": 9520, "tokens_seen": 311951360, "lr": 0.0002993581313519428, "grad_norm": 0.5713379979133606, "elapsed_seconds": 41336.03744418104, "tokens_per_second": 7546.716601010677, "loss_main": 2.3188189417123795, "loss_total": 2.3188189417123795}
{"event": "update", "optimizer_step": 9530, "tokens_seen": 312279040, "lr": 0.00029935642425082704, "grad_norm": 0.6140593886375427, "elapsed_seconds": 41413.42285051104, "tokens_per_second": 7540.527165002169, "loss_main": 2.552644819021225, "loss_total": 2.552644819021225}
{"event": "update", "optimizer_step": 9540, "tokens_seen": 312606720, "lr": 0.00029935471488806286, "grad_norm": 0.5516531467437744, "elapsed_seconds": 41490.824079728045, "tokens_per_second": 7534.357943802233, "loss_main": 2.66234627366066, "loss_total": 2.66234627366066}
{"event": "update", "optimizer_step": 9550, "tokens_seen": 312934400, "lr": 0.00029935300326367896, "grad_norm": 0.5671369433403015, "elapsed_seconds": 41568.31847548002, "tokens_per_second": 7528.194824252783, "loss_main": 2.3791399896144867, "loss_total": 2.3791399896144867}
{"event": "update", "optimizer_step": 9560, "tokens_seen": 313262080, "lr": 0.0002993512893777041, "grad_norm": 0.6816481947898865, "elapsed_seconds": 41645.922850135015, "tokens_per_second": 7522.0347770246235, "loss_main": 2.407208502292633, "loss_total": 2.407208502292633}
{"event": "update", "optimizer_step": 9570, "tokens_seen": 313589760, "lr": 0.0002993495732301673, "grad_norm": 0.5613878965377808, "elapsed_seconds": 41723.386144396034, "tokens_per_second": 7515.923058467271, "loss_main": 2.3782602846622467, "loss_total": 2.3782602846622467}
{"event": "update", "optimizer_step": 9580, "tokens_seen": 313917440, "lr": 0.0002993478548210972, "grad_norm": 0.5394761562347412, "elapsed_seconds": 41800.33017479605, "tokens_per_second": 7509.927282566773, "loss_main": 2.492334634065628, "loss_total": 2.492334634065628}
{"event": "update", "optimizer_step": 9590, "tokens_seen": 314245120, "lr": 0.00029934613415052297, "grad_norm": 0.610966682434082, "elapsed_seconds": 41877.65005441103, "tokens_per_second": 7503.886192078729, "loss_main": 2.474629431962967, "loss_total": 2.474629431962967}
{"event": "update", "optimizer_step": 9600, "tokens_seen": 314572800, "lr": 0.00029934441121847344, "grad_norm": 0.5860916972160339, "elapsed_seconds": 41955.17913959903, "tokens_per_second": 7497.8299807351605, "loss_main": 2.5157255083322525, "loss_total": 2.5157255083322525}
{"event": "update", "optimizer_step": 9610, "tokens_seen": 314900480, "lr": 0.0002993426860249777, "grad_norm": 0.6010521650314331, "elapsed_seconds": 42032.68955160701, "tokens_per_second": 7491.799438943127, "loss_main": 2.5906288623809814, "loss_total": 2.5906288623809814}
{"event": "update", "optimizer_step": 9620, "tokens_seen": 315228160, "lr": 0.0002993409585700646, "grad_norm": 0.5758509635925293, "elapsed_seconds": 42110.032214117, "tokens_per_second": 7485.820917855357, "loss_main": 2.326380208134651, "loss_total": 2.326380208134651}
{"event": "update", "optimizer_step": 9630, "tokens_seen": 315555840, "lr": 0.00029933922885376355, "grad_norm": 0.6019344329833984, "elapsed_seconds": 42187.38148211903, "tokens_per_second": 7479.863146608121, "loss_main": 2.3463460206985474, "loss_total": 2.3463460206985474}
{"event": "update", "optimizer_step": 9640, "tokens_seen": 315883520, "lr": 0.0002993374968761033, "grad_norm": 0.5761049389839172, "elapsed_seconds": 42264.86882602604, "tokens_per_second": 7473.902765444854, "loss_main": 2.3669608682394028, "loss_total": 2.3669608682394028}
{"event": "update", "optimizer_step": 9650, "tokens_seen": 316211200, "lr": 0.00029933576263711326, "grad_norm": 0.6060117483139038, "elapsed_seconds": 42342.425826676015, "tokens_per_second": 7467.951914100888, "loss_main": 2.521773189306259, "loss_total": 2.521773189306259}
{"event": "update", "optimizer_step": 9660, "tokens_seen": 316538880, "lr": 0.0002993340261368225, "grad_norm": 0.6745941638946533, "elapsed_seconds": 42420.092830543, "tokens_per_second": 7462.003472375432, "loss_main": 2.3830019533634186, "loss_total": 2.3830019533634186}
{"event": "update", "optimizer_step": 9670, "tokens_seen": 316866560, "lr": 0.00029933228737526033, "grad_norm": 0.5555424690246582, "elapsed_seconds": 42497.417881510046, "tokens_per_second": 7456.136767732038, "loss_main": 2.5001728236675262, "loss_total": 2.5001728236675262}
{"event": "update", "optimizer_step": 9680, "tokens_seen": 317194240, "lr": 0.0002993305463524559, "grad_norm": 0.5773594975471497, "elapsed_seconds": 42574.92618806404, "tokens_per_second": 7450.259305180569, "loss_main": 2.4589765667915344, "loss_total": 2.4589765667915344}
{"event": "update", "optimizer_step": 9690, "tokens_seen": 317521920, "lr": 0.00029932880306843864, "grad_norm": 0.5928150415420532, "elapsed_seconds": 42652.554813825, "tokens_per_second": 7444.382203738038, "loss_main": 2.592436045408249, "loss_total": 2.592436045408249}
{"event": "update", "optimizer_step": 9700, "tokens_seen": 317849600, "lr": 0.00029932705752323786, "grad_norm": 0.6474587321281433, "elapsed_seconds": 42729.92688246601, "tokens_per_second": 7438.571118417425, "loss_main": 2.2960000336170197, "loss_total": 2.2960000336170197}
{"event": "update", "optimizer_step": 9710, "tokens_seen": 318177280, "lr": 0.0002993253097168829, "grad_norm": 0.6422767639160156, "elapsed_seconds": 42807.586357412045, "tokens_per_second": 7432.731136566597, "loss_main": 2.561620146036148, "loss_total": 2.561620146036148}
{"event": "update", "optimizer_step": 9720, "tokens_seen": 318504960, "lr": 0.0002993235596494033, "grad_norm": 0.5918411612510681, "elapsed_seconds": 42885.08214903902, "tokens_per_second": 7426.940652534978, "loss_main": 2.6167724430561066, "loss_total": 2.6167724430561066}
{"event": "update", "optimizer_step": 9730, "tokens_seen": 318832640, "lr": 0.0002993218073208283, "grad_norm": 0.5400570034980774, "elapsed_seconds": 42962.62167248002, "tokens_per_second": 7421.1635041869495, "loss_main": 2.3103028386831284, "loss_total": 2.3103028386831284}
{"event": "update", "optimizer_step": 9740, "tokens_seen": 319160320, "lr": 0.00029932005273118764, "grad_norm": 0.5988774299621582, "elapsed_seconds": 43040.192541921046, "tokens_per_second": 7415.401771010634, "loss_main": 2.436213418841362, "loss_total": 2.436213418841362}
{"event": "update", "optimizer_step": 9750, "tokens_seen": 319488000, "lr": 0.00029931829588051076, "grad_norm": 0.6436326503753662, "elapsed_seconds": 43117.35744669405, "tokens_per_second": 7409.730533578797, "loss_main": 2.5723156929016113, "loss_total": 2.5723156929016113}
{"event": "update", "optimizer_step": 9760, "tokens_seen": 319815680, "lr": 0.0002993165367688271, "grad_norm": 0.5618022084236145, "elapsed_seconds": 43194.65799499402, "tokens_per_second": 7404.056308006063, "loss_main": 2.373876988887787, "loss_total": 2.373876988887787}
{"event": "update", "optimizer_step": 9770, "tokens_seen": 320143360, "lr": 0.0002993147753961665, "grad_norm": 0.5816047191619873, "elapsed_seconds": 43272.62795688602, "tokens_per_second": 7398.287904283734, "loss_main": 2.5179584324359894, "loss_total": 2.5179584324359894}
{"event": "update", "optimizer_step": 9780, "tokens_seen": 320471040, "lr": 0.00029931301176255843, "grad_norm": 0.582758903503418, "elapsed_seconds": 43349.74985571805, "tokens_per_second": 7392.684872845425, "loss_main": 2.598425805568695, "loss_total": 2.598425805568695}
{"event": "update", "optimizer_step": 9790, "tokens_seen": 320798720, "lr": 0.00029931124586803266, "grad_norm": 0.5838210582733154, "elapsed_seconds": 43427.008189367014, "tokens_per_second": 7387.078534195379, "loss_main": 2.640263944864273, "loss_total": 2.640263944864273}
{"event": "update", "optimizer_step": 9800, "tokens_seen": 321126400, "lr": 0.0002993094777126189, "grad_norm": 0.5997679233551025, "elapsed_seconds": 43504.10458005505, "tokens_per_second": 7381.519585331818, "loss_main": 2.44055038690567, "loss_total": 2.44055038690567}
{"event": "update", "optimizer_step": 9810, "tokens_seen": 321454080, "lr": 0.000299307707296347, "grad_norm": 0.5681531429290771, "elapsed_seconds": 43581.23445152305, "tokens_per_second": 7375.974637835575, "loss_main": 2.4382715821266174, "loss_total": 2.4382715821266174}
{"event": "update", "optimizer_step": 9820, "tokens_seen": 321781760, "lr": 0.0002993059346192466, "grad_norm": 0.5767355561256409, "elapsed_seconds": 43658.29681542504, "tokens_per_second": 7370.460679224443, "loss_main": 2.3732339441776276, "loss_total": 2.3732339441776276}
{"event": "update", "optimizer_step": 9830, "tokens_seen": 322109440, "lr": 0.0002993041596813476, "grad_norm": 0.5859004259109497, "elapsed_seconds": 43734.943178710004, "tokens_per_second": 7365.036206490411, "loss_main": 2.3986793756484985, "loss_total": 2.3986793756484985}
{"event": "update", "optimizer_step": 9840, "tokens_seen": 322437120, "lr": 0.00029930238248267996, "grad_norm": 0.590519905090332, "elapsed_seconds": 43810.784126109036, "tokens_per_second": 7359.766012675486, "loss_main": 2.422944664955139, "loss_total": 2.422944664955139}
{"event": "update", "optimizer_step": 9850, "tokens_seen": 322764800, "lr": 0.0002993006030232735, "grad_norm": 0.5581468939781189, "elapsed_seconds": 43886.05552592705, "tokens_per_second": 7354.609479754148, "loss_main": 2.5613272190093994, "loss_total": 2.5613272190093994}
{"event": "update", "optimizer_step": 9860, "tokens_seen": 323092480, "lr": 0.0002992988213031582, "grad_norm": 0.5788832902908325, "elapsed_seconds": 43960.321995167, "tokens_per_second": 7349.638613555214, "loss_main": 2.4793945252895355, "loss_total": 2.4793945252895355}
{"event": "update", "optimizer_step": 9870, "tokens_seen": 323420160, "lr": 0.0002992970373223641, "grad_norm": 0.5348740816116333, "elapsed_seconds": 44036.44130010001, "tokens_per_second": 7344.375486564703, "loss_main": 2.3865039944648743, "loss_total": 2.3865039944648743}
{"event": "update", "optimizer_step": 9880, "tokens_seen": 323747840, "lr": 0.0002992952510809211, "grad_norm": 0.604366660118103, "elapsed_seconds": 44112.72914495302, "tokens_per_second": 7339.102483008362, "loss_main": 2.4830507934093475, "loss_total": 2.4830507934093475}
{"event": "update", "optimizer_step": 9890, "tokens_seen": 324075520, "lr": 0.0002992934625788594, "grad_norm": 0.5726720094680786, "elapsed_seconds": 44174.555861714005, "tokens_per_second": 7336.24851859293, "loss_main": 2.5086716413497925, "loss_total": 2.5086716413497925}
{"event": "update", "optimizer_step": 9900, "tokens_seen": 324403200, "lr": 0.00029929167181620903, "grad_norm": 0.5796667337417603, "elapsed_seconds": 44209.45079584204, "tokens_per_second": 7337.8699386718135, "loss_main": 2.488039016723633, "loss_total": 2.488039016723633}
{"event": "update", "optimizer_step": 9910, "tokens_seen": 324730880, "lr": 0.0002992898787930003, "grad_norm": 0.6059994697570801, "elapsed_seconds": 44244.37600205705, "tokens_per_second": 7339.483779472951, "loss_main": 2.333605542778969, "loss_total": 2.333605542778969}
{"event": "update", "optimizer_step": 9920, "tokens_seen": 325058560, "lr": 0.0002992880835092631, "grad_norm": 0.5705229043960571, "elapsed_seconds": 44279.345396522025, "tokens_per_second": 7341.087748454658, "loss_main": 2.384923994541168, "loss_total": 2.384923994541168}
{"event": "update", "optimizer_step": 9930, "tokens_seen": 325386240, "lr": 0.00029928628596502787, "grad_norm": 0.5805565118789673, "elapsed_seconds": 44314.82342576404, "tokens_per_second": 7342.604908379818, "loss_main": 2.556201696395874, "loss_total": 2.556201696395874}
{"event": "update", "optimizer_step": 9940, "tokens_seen": 325713920, "lr": 0.0002992844861603248, "grad_norm": 0.56984543800354, "elapsed_seconds": 44350.03198778402, "tokens_per_second": 7344.164263279813, "loss_main": 2.351312756538391, "loss_total": 2.351312756538391}
{"event": "update", "optimizer_step": 9950, "tokens_seen": 326041600, "lr": 0.00029928268409518425, "grad_norm": 0.5440353155136108, "elapsed_seconds": 44384.98248018004, "tokens_per_second": 7345.763854826184, "loss_main": 2.488142877817154, "loss_total": 2.488142877817154}
{"event": "update", "optimizer_step": 9960, "tokens_seen": 326369280, "lr": 0.00029928087976963645, "grad_norm": 0.6083481311798096, "elapsed_seconds": 44419.94412015303, "tokens_per_second": 7347.359085306199, "loss_main": 2.4853525161743164, "loss_total": 2.4853525161743164}
{"event": "update", "optimizer_step": 9970, "tokens_seen": 326696960, "lr": 0.00029927907318371186, "grad_norm": 0.5396570563316345, "elapsed_seconds": 44454.92934185604, "tokens_per_second": 7348.947908289714, "loss_main": 2.3436902463436127, "loss_total": 2.3436902463436127}
{"event": "update", "optimizer_step": 9980, "tokens_seen": 327024640, "lr": 0.00029927726433744085, "grad_norm": 0.632849395275116, "elapsed_seconds": 44489.90731246403, "tokens_per_second": 7350.535430501622, "loss_main": 2.5252031683921814, "loss_total": 2.5252031683921814}
{"event": "update", "optimizer_step": 9990, "tokens_seen": 327352320, "lr": 0.0002992754532308538, "grad_norm": 0.5598306655883789, "elapsed_seconds": 44524.88486918103, "tokens_per_second": 7352.120526797472, "loss_main": 2.5902509093284607, "loss_total": 2.5902509093284607}
{"event": "update", "optimizer_step": 10000, "tokens_seen": 327680000, "lr": 0.0002992736398639813, "grad_norm": 0.573745608329773, "elapsed_seconds": 44559.82826148602, "tokens_per_second": 7353.708772778655, "loss_main": 2.3334440886974335, "loss_total": 2.3334440886974335}
{"event": "update", "optimizer_step": 10010, "tokens_seen": 328007680, "lr": 0.00029927182423685383, "grad_norm": 0.5653126239776611, "elapsed_seconds": 44594.859589534, "tokens_per_second": 7355.280025973675, "loss_main": 2.2674419283866882, "loss_total": 2.2674419283866882}
{"event": "update", "optimizer_step": 10020, "tokens_seen": 328335360, "lr": 0.000299270006349502, "grad_norm": 0.6049395799636841, "elapsed_seconds": 44629.82943121903, "tokens_per_second": 7356.858948027393, "loss_main": 2.40450718998909, "loss_total": 2.40450718998909}
{"event": "update", "optimizer_step": 10030, "tokens_seen": 328663040, "lr": 0.0002992681862019564, "grad_norm": 0.5883051156997681, "elapsed_seconds": 44664.787939347036, "tokens_per_second": 7358.43726486088, "loss_main": 2.469894587993622, "loss_total": 2.469894587993622}
{"event": "update", "optimizer_step": 10040, "tokens_seen": 328990720, "lr": 0.0002992663637942476, "grad_norm": 0.5803083777427673, "elapsed_seconds": 44699.74651548604, "tokens_per_second": 7360.01310177503, "loss_main": 2.6262564957141876, "loss_total": 2.6262564957141876}
{"event": "update", "optimizer_step": 10050, "tokens_seen": 329318400, "lr": 0.0002992645391264063, "grad_norm": 0.5878444314002991, "elapsed_seconds": 44734.69458891405, "tokens_per_second": 7361.588204105236, "loss_main": 2.5289989709854126, "loss_total": 2.5289989709854126}
{"event": "update", "optimizer_step": 10060, "tokens_seen": 329646080, "lr": 0.0002992627121984633, "grad_norm": 0.5960741639137268, "elapsed_seconds": 44769.609367471014, "tokens_per_second": 7363.1663232584815, "loss_main": 2.4183236062526703, "loss_total": 2.4183236062526703}
{"event": "update", "optimizer_step": 10070, "tokens_seen": 329973760, "lr": 0.00029926088301044924, "grad_norm": 0.5687652230262756, "elapsed_seconds": 44804.554974028026, "tokens_per_second": 7364.736915505059, "loss_main": 2.3290508687496185, "loss_total": 2.3290508687496185}
{"event": "update", "optimizer_step": 10080, "tokens_seen": 330301440, "lr": 0.00029925905156239505, "grad_norm": 0.5478507280349731, "elapsed_seconds": 44839.50422202202, "tokens_per_second": 7366.3044614525215, "loss_main": 2.3380686044692993, "loss_total": 2.3380686044692993}
{"event": "update", "optimizer_step": 10090, "tokens_seen": 330629120, "lr": 0.0002992572178543314, "grad_norm": 0.5600838661193848, "elapsed_seconds": 44874.43821192102, "tokens_per_second": 7367.872070923608, "loss_main": 2.461798280477524, "loss_total": 2.461798280477524}
{"event": "update", "optimizer_step": 10100, "tokens_seen": 330956800, "lr": 0.0002992553818862892, "grad_norm": 0.5897506475448608, "elapsed_seconds": 44909.404766626016, "tokens_per_second": 7369.431897835959, "loss_main": 2.350356638431549, "loss_total": 2.350356638431549}
{"event": "update", "optimizer_step": 10110, "tokens_seen": 331284480, "lr": 0.00029925354365829934, "grad_norm": 0.5523960590362549, "elapsed_seconds": 44944.35039050301, "tokens_per_second": 7370.992730378905, "loss_main": 2.65005561709404, "loss_total": 2.65005561709404}
{"event": "update", "optimizer_step": 10120, "tokens_seen": 331612160, "lr": 0.00029925170317039295, "grad_norm": 0.5700964331626892, "elapsed_seconds": 44979.27979820105, "tokens_per_second": 7372.553795609303, "loss_main": 2.344126373529434, "loss_total": 2.344126373529434}
{"event": "update", "optimizer_step": 10130, "tokens_seen": 331939840, "lr": 0.0002992498604226008, "grad_norm": 0.5416901111602783, "elapsed_seconds": 45014.23537645402, "tokens_per_second": 7374.108150987957, "loss_main": 2.380009710788727, "loss_total": 2.380009710788727}
{"event": "update", "optimizer_step": 10140, "tokens_seen": 332267520, "lr": 0.00029924801541495393, "grad_norm": 0.5820235013961792, "elapsed_seconds": 45049.16738292202, "tokens_per_second": 7375.663953468792, "loss_main": 2.4548216462135315, "loss_total": 2.4548216462135315}
{"event": "update", "optimizer_step": 10150, "tokens_seen": 332595200, "lr": 0.00029924616814748354, "grad_norm": 0.601006805896759, "elapsed_seconds": 45084.08907267905, "tokens_per_second": 7377.219033167792, "loss_main": 2.631720155477524, "loss_total": 2.631720155477524}
{"event": "update", "optimizer_step": 10160, "tokens_seen": 332922880, "lr": 0.00029924431862022054, "grad_norm": 0.5687598586082458, "elapsed_seconds": 45119.08240313904, "tokens_per_second": 7378.759989516937, "loss_main": 2.36813548207283, "loss_total": 2.36813548207283}
{"event": "update", "optimizer_step": 10170, "tokens_seen": 333250560, "lr": 0.00029924246683319614, "grad_norm": 0.580563485622406, "elapsed_seconds": 45154.03156560805, "tokens_per_second": 7380.305776590348, "loss_main": 2.5264673829078674, "loss_total": 2.5264673829078674}
{"event": "update", "optimizer_step": 10180, "tokens_seen": 333578240, "lr": 0.0002992406127864416, "grad_norm": 0.576687216758728, "elapsed_seconds": 45188.97420705302, "tokens_per_second": 7381.85023788249, "loss_main": 2.377998113632202, "loss_total": 2.377998113632202}
{"event": "update", "optimizer_step": 10190, "tokens_seen": 333905920, "lr": 0.0002992387564799881, "grad_norm": 0.6208873987197876, "elapsed_seconds": 45223.95391409303, "tokens_per_second": 7383.386261057234, "loss_main": 2.2802987694740295, "loss_total": 2.2802987694740295}
{"event": "update", "optimizer_step": 10200, "tokens_seen": 334233600, "lr": 0.00029923689791386667, "grad_norm": 0.5876526832580566, "elapsed_seconds": 45258.91295718402, "tokens_per_second": 7384.92328165709, "loss_main": 2.594896078109741, "loss_total": 2.594896078109741}
{"event": "update", "optimizer_step": 10210, "tokens_seen": 334561280, "lr": 0.00029923503708810897, "grad_norm": 0.5860821604728699, "elapsed_seconds": 45293.89294690103, "tokens_per_second": 7386.454513684949, "loss_main": 2.5004516392946243, "loss_total": 2.5004516392946243}
{"event": "update", "optimizer_step": 10220, "tokens_seen": 334888960, "lr": 0.0002992331740027459, "grad_norm": 0.5878170728683472, "elapsed_seconds": 45328.89760305901, "tokens_per_second": 7387.979362140942, "loss_main": 2.4537917971611023, "loss_total": 2.4537917971611023}
{"event": "update", "optimizer_step": 10230, "tokens_seen": 335216640, "lr": 0.0002992313086578092, "grad_norm": 0.536492645740509, "elapsed_seconds": 45363.871399151045, "tokens_per_second": 7389.506884244305, "loss_main": 2.4166199564933777, "loss_total": 2.4166199564933777}
{"event": "update", "optimizer_step": 10240, "tokens_seen": 335544320, "lr": 0.00029922944105333007, "grad_norm": 0.5786730051040649, "elapsed_seconds": 45398.82911788003, "tokens_per_second": 7391.034670271883, "loss_main": 2.471540868282318, "loss_total": 2.471540868282318}
{"event": "update", "optimizer_step": 10250, "tokens_seen": 335872000, "lr": 0.00029922757118933997, "grad_norm": 0.5586825013160706, "elapsed_seconds": 45433.780936126015, "tokens_per_second": 7392.561065348982, "loss_main": 2.4804290533065796, "loss_total": 2.4804290533065796}
{"event": "update", "optimizer_step": 10260, "tokens_seen": 336199680, "lr": 0.0002992256990658705, "grad_norm": 0.5596898198127747, "elapsed_seconds": 45468.725613217044, "tokens_per_second": 7394.086275034549, "loss_main": 2.5287559032440186, "loss_total": 2.5287559032440186}
{"event": "update", "optimizer_step": 10270, "tokens_seen": 336527360, "lr": 0.00029922382468295294, "grad_norm": 0.5445481538772583, "elapsed_seconds": 45503.69653655001, "tokens_per_second": 7395.604876401428, "loss_main": 2.4120796471834183, "loss_total": 2.4120796471834183}
{"event": "update", "optimizer_step": 10280, "tokens_seen": 336855040, "lr": 0.000299221948040619, "grad_norm": 0.553741455078125, "elapsed_seconds": 45538.64222195803, "tokens_per_second": 7397.125244932615, "loss_main": 2.4052520990371704, "loss_total": 2.4052520990371704}
{"event": "update", "optimizer_step": 10290, "tokens_seen": 337182720, "lr": 0.0002992200691389002, "grad_norm": 0.5787622332572937, "elapsed_seconds": 45573.58201059105, "tokens_per_second": 7398.644239148035, "loss_main": 2.422861635684967, "loss_total": 2.422861635684967}
{"event": "update", "optimizer_step": 10300, "tokens_seen": 337510400, "lr": 0.00029921818797782826, "grad_norm": 0.5932295918464661, "elapsed_seconds": 45608.55470888002, "tokens_per_second": 7400.155566304022, "loss_main": 2.4897072315216064, "loss_total": 2.4897072315216064}
{"event": "update", "optimizer_step": 10310, "tokens_seen": 337838080, "lr": 0.00029921630455743487, "grad_norm": 0.5643137097358704, "elapsed_seconds": 45643.47983827302, "tokens_per_second": 7401.672291355744, "loss_main": 2.5163074135780334, "loss_total": 2.5163074135780334}
{"event": "update", "optimizer_step": 10320, "tokens_seen": 338165760, "lr": 0.0002992144188777516, "grad_norm": 0.6080564260482788, "elapsed_seconds": 45678.44504468102, "tokens_per_second": 7403.1802017169875, "loss_main": 2.433761715888977, "loss_total": 2.433761715888977}
{"event": "update", "optimizer_step": 10330, "tokens_seen": 338493440, "lr": 0.00029921253093881026, "grad_norm": 0.5495458245277405, "elapsed_seconds": 45713.38688309904, "tokens_per_second": 7404.689590504753, "loss_main": 2.1902149319648743, "loss_total": 2.1902149319648743}
{"event": "update", "optimizer_step": 10340, "tokens_seen": 338821120, "lr": 0.00029921064074064257, "grad_norm": 0.5634440183639526, "elapsed_seconds": 45748.31395299302, "tokens_per_second": 7406.199064475754, "loss_main": 2.523338794708252, "loss_total": 2.523338794708252}
{"event": "update", "optimizer_step": 10350, "tokens_seen": 339148800, "lr": 0.0002992087482832804, "grad_norm": 0.6232091188430786, "elapsed_seconds": 45783.278052432, "tokens_per_second": 7407.700243997371, "loss_main": 2.387565642595291, "loss_total": 2.387565642595291}
{"event": "update", "optimizer_step": 10360, "tokens_seen": 339476480, "lr": 0.0002992068535667557, "grad_norm": 0.5662674307823181, "elapsed_seconds": 45818.26737812301, "tokens_per_second": 7409.195053108684, "loss_main": 2.305496945977211, "loss_total": 2.305496945977211}
{"event": "update", "optimizer_step": 10370, "tokens_seen": 339804160, "lr": 0.00029920495659110013, "grad_norm": 0.5845512747764587, "elapsed_seconds": 45853.254238188034, "tokens_per_second": 7410.687979415001, "loss_main": 2.4972651600837708, "loss_total": 2.4972651600837708}
{"event": "update", "optimizer_step": 10380, "tokens_seen": 340131840, "lr": 0.00029920305735634586, "grad_norm": 0.5462517142295837, "elapsed_seconds": 45888.244578866, "tokens_per_second": 7412.178066986877, "loss_main": 2.500238001346588, "loss_total": 2.500238001346588}
{"event": "update", "optimizer_step": 10390, "tokens_seen": 340459520, "lr": 0.00029920115586252473, "grad_norm": 0.5902960896492004, "elapsed_seconds": 45923.23861906602, "tokens_per_second": 7413.665286634443, "loss_main": 2.559389501810074, "loss_total": 2.559389501810074}
{"event": "update", "optimizer_step": 10400, "tokens_seen": 340787200, "lr": 0.00029919925210966875, "grad_norm": 0.579922080039978, "elapsed_seconds": 45958.23929681, "tokens_per_second": 7415.149170513464, "loss_main": 2.3533185720443726, "loss_total": 2.3533185720443726}
{"event": "update", "optimizer_step": 10410, "tokens_seen": 341114880, "lr": 0.0002991973460978101, "grad_norm": 0.5649268627166748, "elapsed_seconds": 45993.233283243026, "tokens_per_second": 7416.631874938879, "loss_main": 2.4237133860588074, "loss_total": 2.4237133860588074}
{"event": "update", "optimizer_step": 10420, "tokens_seen": 341442560, "lr": 0.00029919543782698076, "grad_norm": 0.5731635689735413, "elapsed_seconds": 46028.21403345, "tokens_per_second": 7418.1144580553155, "loss_main": 2.4566873759031296, "loss_total": 2.4566873759031296}
{"event": "update", "optimizer_step": 10430, "tokens_seen": 341770240, "lr": 0.00029919352729721274, "grad_norm": 0.5449908375740051, "elapsed_seconds": 46063.13836853503, "tokens_per_second": 7419.603876436209, "loss_main": 2.366560786962509, "loss_total": 2.366560786962509}
{"event": "update", "optimizer_step": 10440, "tokens_seen": 342097920, "lr": 0.0002991916145085383, "grad_norm": 0.582053005695343, "elapsed_seconds": 46098.181281772035, "tokens_per_second": 7421.071948781438, "loss_main": 2.305508613586426, "loss_total": 2.305508613586426}
{"event": "update", "optimizer_step": 10450, "tokens_seen": 342425600, "lr": 0.0002991896994609897, "grad_norm": 0.5624741911888123, "elapsed_seconds": 46133.132447260024, "tokens_per_second": 7422.5525524733275, "loss_main": 2.6398321390151978, "loss_total": 2.6398321390151978}
{"event": "update", "optimizer_step": 10460, "tokens_seen": 342753280, "lr": 0.00029918778215459925, "grad_norm": 0.5713832378387451, "elapsed_seconds": 46168.120300301, "tokens_per_second": 7424.0250148924815, "loss_main": 2.4862921237945557, "loss_total": 2.4862921237945557}
{"event": "update", "optimizer_step": 10470, "tokens_seen": 343080960, "lr": 0.000299185862589399, "grad_norm": 0.5576903223991394, "elapsed_seconds": 46203.10285948403, "tokens_per_second": 7425.496098030489, "loss_main": 2.4037582874298096, "loss_total": 2.4037582874298096}
{"event": "update", "optimizer_step": 10480, "tokens_seen": 343408640, "lr": 0.00029918394076542136, "grad_norm": 0.5524740219116211, "elapsed_seconds": 46238.06518187205, "tokens_per_second": 7426.9682057249165, "loss_main": 2.4542226344347, "loss_total": 2.4542226344347}
{"event": "update", "optimizer_step": 10490, "tokens_seen": 343736320, "lr": 0.0002991820166826987, "grad_norm": 0.5609263181686401, "elapsed_seconds": 46273.031840746, "tokens_per_second": 7428.437392713068, "loss_main": 2.5301193296909332, "loss_total": 2.5301193296909332}
{"event": "update", "optimizer_step": 10500, "tokens_seen": 344064000, "lr": 0.00029918009034126335, "grad_norm": 0.5615147948265076, "elapsed_seconds": 46308.01157631102, "tokens_per_second": 7429.902262873381, "loss_main": 2.353319138288498, "loss_total": 2.353319138288498}
{"event": "update", "optimizer_step": 10510, "tokens_seen": 344391680, "lr": 0.0002991781617411478, "grad_norm": 0.5753422379493713, "elapsed_seconds": 46342.98921314301, "tokens_per_second": 7431.365258206725, "loss_main": 2.3855571150779724, "loss_total": 2.3855571150779724}
{"event": "update", "optimizer_step": 10520, "tokens_seen": 344719360, "lr": 0.00029917623088238446, "grad_norm": 0.5816757082939148, "elapsed_seconds": 46377.982116811036, "tokens_per_second": 7432.823600038574, "loss_main": 2.461265414953232, "loss_total": 2.461265414953232}
{"event": "update", "optimizer_step": 10530, "tokens_seen": 345047040, "lr": 0.00029917429776500594, "grad_norm": 0.6129141449928284, "elapsed_seconds": 46412.912291418004, "tokens_per_second": 7434.2897905978, "loss_main": 2.530462384223938, "loss_total": 2.530462384223938}
{"event": "update", "optimizer_step": 10540, "tokens_seen": 345374720, "lr": 0.00029917236238904466, "grad_norm": 0.5600360035896301, "elapsed_seconds": 46447.860702478036, "tokens_per_second": 7435.750856477529, "loss_main": 2.4631159901618958, "loss_total": 2.4631159901618958}
{"event": "update", "optimizer_step": 10550, "tokens_seen": 345702400, "lr": 0.0002991704247545333, "grad_norm": 0.5608346462249756, "elapsed_seconds": 46482.839800507005, "tokens_per_second": 7437.204815447384, "loss_main": 2.565866708755493, "loss_total": 2.565866708755493}
{"event": "update", "optimizer_step": 10560, "tokens_seen": 346030080, "lr": 0.0002991684848615044, "grad_norm": 0.5760760307312012, "elapsed_seconds": 46517.81521401805, "tokens_per_second": 7438.657176997525, "loss_main": 2.4208641052246094, "loss_total": 2.4208641052246094}
{"event": "update", "optimizer_step": 10570, "tokens_seen": 346357760, "lr": 0.00029916654270999057, "grad_norm": 0.5323594212532043, "elapsed_seconds": 46552.76468075102, "tokens_per_second": 7440.111503049239, "loss_main": 2.261137992143631, "loss_total": 2.261137992143631}
{"event": "update", "optimizer_step": 10580, "tokens_seen": 346685440, "lr": 0.00029916459830002463, "grad_norm": 0.5941122174263, "elapsed_seconds": 46587.71887124103, "tokens_per_second": 7441.562892533288, "loss_main": 2.3890930712223053, "loss_total": 2.3890930712223053}
{"event": "update", "optimizer_step": 10590, "tokens_seen": 347013120, "lr": 0.0002991626516316392, "grad_norm": 0.5678194761276245, "elapsed_seconds": 46622.70170828904, "tokens_per_second": 7443.007532493652, "loss_main": 2.3999515175819397, "loss_total": 2.3999515175819397}
{"event": "update", "optimizer_step": 10600, "tokens_seen": 347340800, "lr": 0.0002991607027048672, "grad_norm": 0.5635156035423279, "elapsed_seconds": 46657.67147106503, "tokens_per_second": 7444.452092201065, "loss_main": 2.4790005683898926, "loss_total": 2.4790005683898926}
{"event": "update", "optimizer_step": 10610, "tokens_seen": 347668480, "lr": 0.0002991587515197413, "grad_norm": 0.5636751055717468, "elapsed_seconds": 46692.65124262002, "tokens_per_second": 7445.892892084395, "loss_main": 2.4358620941638947, "loss_total": 2.4358620941638947}
{"event": "update", "optimizer_step": 10620, "tokens_seen": 347996160, "lr": 0.00029915679807629436, "grad_norm": 0.5705142021179199, "elapsed_seconds": 46727.61830343102, "tokens_per_second": 7447.3335606417595, "loss_main": 2.4383561611175537, "loss_total": 2.4383561611175537}
{"event": "update", "optimizer_step": 10630, "tokens_seen": 348323840, "lr": 0.00029915484237455926, "grad_norm": 0.5756407976150513, "elapsed_seconds": 46762.55953204102, "tokens_per_second": 7448.776189449887, "loss_main": 2.4339880645275116, "loss_total": 2.4339880645275116}
{"event": "update", "optimizer_step": 10640, "tokens_seen": 348651520, "lr": 0.00029915288441456904, "grad_norm": 0.5619145035743713, "elapsed_seconds": 46797.504627392045, "tokens_per_second": 7450.216048398515, "loss_main": 2.339425951242447, "loss_total": 2.339425951242447}
{"event": "update", "optimizer_step": 10650, "tokens_seen": 348979200, "lr": 0.00029915092419635647, "grad_norm": 0.5916029214859009, "elapsed_seconds": 46832.502496792, "tokens_per_second": 7451.645361550023, "loss_main": 2.5333334505558014, "loss_total": 2.5333334505558014}
{"event": "update", "optimizer_step": 10660, "tokens_seen": 349306880, "lr": 0.0002991489617199547, "grad_norm": 0.623084545135498, "elapsed_seconds": 46867.43584631005, "tokens_per_second": 7453.0828002936605, "loss_main": 2.414298266172409, "loss_total": 2.414298266172409}
{"event": "update", "optimizer_step": 10670, "tokens_seen": 349634560, "lr": 0.0002991469969853966, "grad_norm": 0.572396457195282, "elapsed_seconds": 46902.417352798046, "tokens_per_second": 7454.510443887429, "loss_main": 2.6270863115787506, "loss_total": 2.6270863115787506}
{"event": "update", "optimizer_step": 10680, "tokens_seen": 349962240, "lr": 0.00029914502999271546, "grad_norm": 0.5896543264389038, "elapsed_seconds": 46937.346094743, "tokens_per_second": 7455.944341071212, "loss_main": 2.4896712005138397, "loss_total": 2.4896712005138397}
{"event": "update", "optimizer_step": 10690, "tokens_seen": 350289920, "lr": 0.0002991430607419442, "grad_norm": 0.5490491390228271, "elapsed_seconds": 46972.28425096604, "tokens_per_second": 7457.3746111313685, "loss_main": 2.4744163155555725, "loss_total": 2.4744163155555725}
{"event": "update", "optimizer_step": 10700, "tokens_seen": 350617600, "lr": 0.00029914108923311607, "grad_norm": 0.5893685817718506, "elapsed_seconds": 47007.21012963605, "tokens_per_second": 7458.804703216167, "loss_main": 2.396182507276535, "loss_total": 2.396182507276535}
{"event": "update", "optimizer_step": 10710, "tokens_seen": 350945280, "lr": 0.0002991391154662643, "grad_norm": 0.593088686466217, "elapsed_seconds": 47042.20676590805, "tokens_per_second": 7460.221450630022, "loss_main": 2.4446205645799637, "loss_total": 2.4446205645799637}
{"event": "update", "optimizer_step": 10720, "tokens_seen": 351272960, "lr": 0.00029913713944142194, "grad_norm": 0.6017628908157349, "elapsed_seconds": 47077.13423977705, "tokens_per_second": 7461.647053766448, "loss_main": 2.3703368306159973, "loss_total": 2.3703368306159973}
{"event": "update", "optimizer_step": 10730, "tokens_seen": 351600640, "lr": 0.00029913516115862243, "grad_norm": 0.5651916861534119, "elapsed_seconds": 47112.06199881801, "tokens_per_second": 7463.0704979294105, "loss_main": 2.37296524643898, "loss_total": 2.37296524643898}
{"event": "update", "optimizer_step": 10740, "tokens_seen": 351928320, "lr": 0.00029913318061789904, "grad_norm": 0.5985091924667358, "elapsed_seconds": 47146.99686465901, "tokens_per_second": 7464.490707865265, "loss_main": 2.5928913354873657, "loss_total": 2.5928913354873657}
{"event": "update", "optimizer_step": 10750, "tokens_seen": 352256000, "lr": 0.00029913119781928494, "grad_norm": 0.5663366913795471, "elapsed_seconds": 47181.91823525401, "tokens_per_second": 7465.910950114714, "loss_main": 2.283262461423874, "loss_total": 2.283262461423874}
{"event": "update", "optimizer_step": 10760, "tokens_seen": 352583680, "lr": 0.00029912921276281374, "grad_norm": 0.5776836276054382, "elapsed_seconds": 47216.84356883005, "tokens_per_second": 7467.328464809881, "loss_main": 2.550917237997055, "loss_total": 2.550917237997055}
{"event": "update", "optimizer_step": 10770, "tokens_seen": 352911360, "lr": 0.00029912722544851874, "grad_norm": 0.7054335474967957, "elapsed_seconds": 47251.80282916402, "tokens_per_second": 7468.738521489418, "loss_main": 2.45230633020401, "loss_total": 2.45230633020401}
{"event": "update", "optimizer_step": 10780, "tokens_seen": 353239040, "lr": 0.0002991252358764334, "grad_norm": 0.5767573118209839, "elapsed_seconds": 47286.75483230804, "tokens_per_second": 7470.147639707645, "loss_main": 2.438133090734482, "loss_total": 2.438133090734482}
{"event": "update", "optimizer_step": 10790, "tokens_seen": 353566720, "lr": 0.0002991232440465912, "grad_norm": 0.5761369466781616, "elapsed_seconds": 47321.704558175, "tokens_per_second": 7471.555035921039, "loss_main": 2.342077523469925, "loss_total": 2.342077523469925}
{"event": "update", "optimizer_step": 10800, "tokens_seen": 353894400, "lr": 0.00029912124995902577, "grad_norm": 0.5745285153388977, "elapsed_seconds": 47356.68361861305, "tokens_per_second": 7472.955725744813, "loss_main": 2.332973688840866, "loss_total": 2.332973688840866}
{"event": "update", "optimizer_step": 10810, "tokens_seen": 354222080, "lr": 0.0002991192536137704, "grad_norm": 0.5693889856338501, "elapsed_seconds": 47391.64671674505, "tokens_per_second": 7474.3568654018, "loss_main": 2.4405814707279205, "loss_total": 2.4405814707279205}
{"event": "update", "optimizer_step": 10820, "tokens_seen": 354549760, "lr": 0.0002991172550108591, "grad_norm": 0.5844824910163879, "elapsed_seconds": 47426.61295794201, "tokens_per_second": 7475.755443771945, "loss_main": 2.2709038108587265, "loss_total": 2.2709038108587265}
{"event": "update", "optimizer_step": 10830, "tokens_seen": 354877440, "lr": 0.0002991152541503252, "grad_norm": 0.6029744148254395, "elapsed_seconds": 47461.57674140303, "tokens_per_second": 7477.1523485949265, "loss_main": 2.525613635778427, "loss_total": 2.525613635778427}
{"event": "update", "optimizer_step": 10840, "tokens_seen": 355205120, "lr": 0.00029911325103220245, "grad_norm": 0.894538402557373, "elapsed_seconds": 47496.49099050602, "tokens_per_second": 7478.554996220694, "loss_main": 2.5831561982631683, "loss_total": 2.5831561982631683}
{"event": "update", "optimizer_step": 10850, "tokens_seen": 355532800, "lr": 0.00029911124565652465, "grad_norm": 0.5564688444137573, "elapsed_seconds": 47531.41509263101, "tokens_per_second": 7479.9540326565975, "loss_main": 2.3879558444023132, "loss_total": 2.3879558444023132}
{"event": "update", "optimizer_step": 10860, "tokens_seen": 355860480, "lr": 0.00029910923802332554, "grad_norm": 0.5665869116783142, "elapsed_seconds": 47566.411607708025, "tokens_per_second": 7481.339625424544, "loss_main": 2.598847270011902, "loss_total": 2.598847270011902}
{"event": "update", "optimizer_step": 10870, "tokens_seen": 356188160, "lr": 0.0002991072281326388, "grad_norm": 0.5909637808799744, "elapsed_seconds": 47601.39346937201, "tokens_per_second": 7482.725484269296, "loss_main": 2.4379550367593765, "loss_total": 2.4379550367593765}
{"event": "update", "optimizer_step": 10880, "tokens_seen": 356515840, "lr": 0.00029910521598449833, "grad_norm": 0.5886543393135071, "elapsed_seconds": 47636.350292140036, "tokens_per_second": 7484.113241539096, "loss_main": 2.5029071271419525, "loss_total": 2.5029071271419525}
{"event": "update", "optimizer_step": 10890, "tokens_seen": 356843520, "lr": 0.0002991032015789381, "grad_norm": 0.559373140335083, "elapsed_seconds": 47671.321503390034, "tokens_per_second": 7485.496704231787, "loss_main": 2.439009040594101, "loss_total": 2.439009040594101}
{"event": "update", "optimizer_step": 10900, "tokens_seen": 357171200, "lr": 0.0002991011849159919, "grad_norm": 0.5539501309394836, "elapsed_seconds": 47706.25510785304, "tokens_per_second": 7486.884040520825, "loss_main": 2.2674045860767365, "loss_total": 2.2674045860767365}
{"event": "update", "optimizer_step": 10910, "tokens_seen": 357498880, "lr": 0.0002990991659956937, "grad_norm": 0.5887320041656494, "elapsed_seconds": 47741.21438255004, "tokens_per_second": 7488.265320093532, "loss_main": 2.496021330356598, "loss_total": 2.496021330356598}
{"event": "update", "optimizer_step": 10920, "tokens_seen": 357826560, "lr": 0.00029909714481807746, "grad_norm": 0.5695006251335144, "elapsed_seconds": 47776.190646805044, "tokens_per_second": 7489.641914846325, "loss_main": 2.4265019595623016, "loss_total": 2.4265019595623016}
{"event": "update", "optimizer_step": 10930, "tokens_seen": 358154240, "lr": 0.00029909512138317736, "grad_norm": 0.5814885497093201, "elapsed_seconds": 47811.147543317, "tokens_per_second": 7491.019530027208, "loss_main": 2.3772042989730835, "loss_total": 2.3772042989730835}
{"event": "update", "optimizer_step": 10940, "tokens_seen": 358481920, "lr": 0.0002990930956910272, "grad_norm": 0.560384213924408, "elapsed_seconds": 47846.087044581014, "tokens_per_second": 7492.397856192112, "loss_main": 2.3753440380096436, "loss_total": 2.3753440380096436}
{"event": "update", "optimizer_step": 10950, "tokens_seen": 358809600, "lr": 0.00029909106774166127, "grad_norm": 0.624972403049469, "elapsed_seconds": 47881.053752237, "tokens_per_second": 7493.769912765056, "loss_main": 2.378763973712921, "loss_total": 2.378763973712921}
{"event": "update", "optimizer_step": 10960, "tokens_seen": 359137280, "lr": 0.0002990890375351137, "grad_norm": 0.6177258491516113, "elapsed_seconds": 47916.66112771002, "tokens_per_second": 7495.039753350266, "loss_main": 2.3879505693912506, "loss_total": 2.3879505693912506}
{"event": "update", "optimizer_step": 10970, "tokens_seen": 359464960, "lr": 0.0002990870050714186, "grad_norm": 0.5900748372077942, "elapsed_seconds": 47951.68840774702, "tokens_per_second": 7496.398394637659, "loss_main": 2.3198329359292984, "loss_total": 2.3198329359292984}
{"event": "update", "optimizer_step": 10980, "tokens_seen": 359792640, "lr": 0.0002990849703506102, "grad_norm": 0.6312363147735596, "elapsed_seconds": 47986.642703220015, "tokens_per_second": 7497.766456077934, "loss_main": 2.5223330557346344, "loss_total": 2.5223330557346344}
{"event": "update", "optimizer_step": 10990, "tokens_seen": 360120320, "lr": 0.00029908293337272275, "grad_norm": 0.6065072417259216, "elapsed_seconds": 48021.672019260004, "tokens_per_second": 7499.120810611653, "loss_main": 2.5318995118141174, "loss_total": 2.5318995118141174}
{"event": "update", "optimizer_step": 11000, "tokens_seen": 360448000, "lr": 0.00029908089413779046, "grad_norm": 0.5828965902328491, "elapsed_seconds": 48056.620713679, "tokens_per_second": 7500.485773803084, "loss_main": 2.4018827378749847, "loss_total": 2.4018827378749847}
{"event": "update", "optimizer_step": 11010, "tokens_seen": 360775680, "lr": 0.00029907885264584785, "grad_norm": 0.5670883059501648, "elapsed_seconds": 48091.577036499046, "tokens_per_second": 7501.847563164538, "loss_main": 2.3738073110580444, "loss_total": 2.3738073110580444}
{"event": "update", "optimizer_step": 11020, "tokens_seen": 361103360, "lr": 0.00029907680889692916, "grad_norm": 0.6012102961540222, "elapsed_seconds": 48126.500000939006, "tokens_per_second": 7503.212575046065, "loss_main": 2.2487055510282516, "loss_total": 2.2487055510282516}
{"event": "update", "optimizer_step": 11030, "tokens_seen": 361431040, "lr": 0.00029907476289106876, "grad_norm": 0.5861635804176331, "elapsed_seconds": 48161.44577737304, "tokens_per_second": 7504.572052731142, "loss_main": 2.457349270582199, "loss_total": 2.457349270582199}
{"event": "update", "optimizer_step": 11040, "tokens_seen": 361758720, "lr": 0.00029907271462830125, "grad_norm": 0.5341021418571472, "elapsed_seconds": 48196.41925570305, "tokens_per_second": 7505.925244792814, "loss_main": 2.2540255188941956, "loss_total": 2.2540255188941956}
{"event": "update", "optimizer_step": 11050, "tokens_seen": 362086400, "lr": 0.0002990706641086609, "grad_norm": 0.6325054168701172, "elapsed_seconds": 48231.41021258, "tokens_per_second": 7507.273753848452, "loss_main": 2.493149071931839, "loss_total": 2.493149071931839}
{"event": "update", "optimizer_step": 11060, "tokens_seen": 362414080, "lr": 0.00029906861133218235, "grad_norm": 0.5837503671646118, "elapsed_seconds": 48266.356066512, "tokens_per_second": 7508.627324188015, "loss_main": 2.300843209028244, "loss_total": 2.300843209028244}
{"event": "update", "optimizer_step": 11070, "tokens_seen": 362741760, "lr": 0.0002990665562989, "grad_norm": 0.5661276578903198, "elapsed_seconds": 48301.32215415704, "tokens_per_second": 7509.975789943894, "loss_main": 2.381142556667328, "loss_total": 2.381142556667328}
{"event": "update", "optimizer_step": 11080, "tokens_seen": 363069440, "lr": 0.0002990644990088488, "grad_norm": 0.555441677570343, "elapsed_seconds": 48336.28518119204, "tokens_per_second": 7511.322780371062, "loss_main": 2.3381275832653046, "loss_total": 2.3381275832653046}
{"event": "update", "optimizer_step": 11090, "tokens_seen": 363397120, "lr": 0.000299062439462063, "grad_norm": 0.7193697690963745, "elapsed_seconds": 48371.283767694025, "tokens_per_second": 7512.662300741001, "loss_main": 2.445809930562973, "loss_total": 2.445809930562973}
{"event": "update", "optimizer_step": 11100, "tokens_seen": 363724800, "lr": 0.00029906037765857745, "grad_norm": 3.2101478576660156, "elapsed_seconds": 48406.234126386, "tokens_per_second": 7514.007370421228, "loss_main": 2.5987323224544525, "loss_total": 2.5987323224544525}
{"event": "update", "optimizer_step": 11110, "tokens_seen": 364052480, "lr": 0.0002990583135984269, "grad_norm": 0.5533488988876343, "elapsed_seconds": 48441.17343467404, "tokens_per_second": 7515.35221356575, "loss_main": 2.4449058771133423, "loss_total": 2.4449058771133423}
{"event": "update", "optimizer_step": 11120, "tokens_seen": 364380160, "lr": 0.0002990562472816459, "grad_norm": 0.5934221744537354, "elapsed_seconds": 48476.140277269005, "tokens_per_second": 7516.690848649554, "loss_main": 2.5375953018665314, "loss_total": 2.5375953018665314}
{"event": "update", "optimizer_step": 11130, "tokens_seen": 364707840, "lr": 0.0002990541787082694, "grad_norm": 0.5646958947181702, "elapsed_seconds": 48511.149451915, "tokens_per_second": 7518.020993534776, "loss_main": 2.374166637659073, "loss_total": 2.374166637659073}
{"event": "update", "optimizer_step": 11140, "tokens_seen": 365035520, "lr": 0.0002990521078783322, "grad_norm": 0.5903929471969604, "elapsed_seconds": 48546.12341938104, "tokens_per_second": 7519.3546732151035, "loss_main": 2.3592242300510406, "loss_total": 2.3592242300510406}
{"event": "update", "optimizer_step": 11150, "tokens_seen": 365363200, "lr": 0.0002990500347918692, "grad_norm": 0.6299189925193787, "elapsed_seconds": 48581.06522691302, "tokens_per_second": 7520.691411220754, "loss_main": 2.4520880579948425, "loss_total": 2.4520880579948425}
{"event": "update", "optimizer_step": 11160, "tokens_seen": 365690880, "lr": 0.00029904795944891516, "grad_norm": 0.5708382725715637, "elapsed_seconds": 48616.021667161025, "tokens_per_second": 7522.0239636970455, "loss_main": 2.3398107290267944, "loss_total": 2.3398107290267944}
{"event": "update", "optimizer_step": 11170, "tokens_seen": 366018560, "lr": 0.00029904588184950505, "grad_norm": 0.6532692909240723, "elapsed_seconds": 48650.98426335002, "tokens_per_second": 7523.353649305935, "loss_main": 2.524154454469681, "loss_total": 2.524154454469681}
{"event": "update", "optimizer_step": 11180, "tokens_seen": 366346240, "lr": 0.00029904380199367387, "grad_norm": 0.5275313258171082, "elapsed_seconds": 48685.96074259002, "tokens_per_second": 7524.679279452398, "loss_main": 2.2841775566339493, "loss_total": 2.2841775566339493}
{"event": "update", "optimizer_step": 11190, "tokens_seen": 366673920, "lr": 0.00029904171988145674, "grad_norm": 0.529860258102417, "elapsed_seconds": 48720.92183542001, "tokens_per_second": 7526.005383039136, "loss_main": 2.3447857797145844, "loss_total": 2.3447857797145844}
{"event": "update", "optimizer_step": 11200, "tokens_seen": 367001600, "lr": 0.0002990396355128885, "grad_norm": 0.6262733340263367, "elapsed_seconds": 48755.87116040604, "tokens_per_second": 7527.331401639211, "loss_main": 2.51526115834713, "loss_total": 2.51526115834713}
{"event": "update", "optimizer_step": 11210, "tokens_seen": 367329280, "lr": 0.00029903754888800443, "grad_norm": 0.5866996049880981, "elapsed_seconds": 48790.82176033605, "tokens_per_second": 7528.655323830109, "loss_main": 2.5036137402057648, "loss_total": 2.5036137402057648}
{"event": "update", "optimizer_step": 11220, "tokens_seen": 367656960, "lr": 0.0002990354600068395, "grad_norm": 0.5907521843910217, "elapsed_seconds": 48825.79554519401, "tokens_per_second": 7529.973775024112, "loss_main": 2.3815309405326843, "loss_total": 2.3815309405326843}
{"event": "update", "optimizer_step": 11230, "tokens_seen": 367984640, "lr": 0.000299033368869429, "grad_norm": 0.6191353797912598, "elapsed_seconds": 48860.72488833405, "tokens_per_second": 7531.297188917877, "loss_main": 2.4658205807209015, "loss_total": 2.4658205807209015}
{"event": "update", "optimizer_step": 11240, "tokens_seen": 368312320, "lr": 0.000299031275475808, "grad_norm": 0.5850917100906372, "elapsed_seconds": 48895.67603826302, "tokens_per_second": 7532.615352567769, "loss_main": 2.4709102362394333, "loss_total": 2.4709102362394333}
{"event": "update", "optimizer_step": 11250, "tokens_seen": 368640000, "lr": 0.00029902917982601186, "grad_norm": 0.5731791853904724, "elapsed_seconds": 48930.653331609035, "tokens_per_second": 7533.927607744812, "loss_main": 2.540897309780121, "loss_total": 2.540897309780121}
{"event": "update", "optimizer_step": 11260, "tokens_seen": 368967680, "lr": 0.00029902708192007586, "grad_norm": 0.6027288436889648, "elapsed_seconds": 48965.62890098803, "tokens_per_second": 7535.2382534712015, "loss_main": 2.4390266239643097, "loss_total": 2.4390266239643097}
{"event": "update", "optimizer_step": 11270, "tokens_seen": 369295360, "lr": 0.00029902498175803517, "grad_norm": 0.5842308402061462, "elapsed_seconds": 49000.64071702905, "tokens_per_second": 7536.541453256138, "loss_main": 2.2889301031827927, "loss_total": 2.2889301031827927}
{"event": "update", "optimizer_step": 11280, "tokens_seen": 369623040, "lr": 0.00029902287933992534, "grad_norm": 0.5680733323097229, "elapsed_seconds": 49035.57322528405, "tokens_per_second": 7537.854983398307, "loss_main": 2.4891914427280426, "loss_total": 2.4891914427280426}
{"event": "update", "optimizer_step": 11290, "tokens_seen": 369950720, "lr": 0.0002990207746657815, "grad_norm": 0.5727442502975464, "elapsed_seconds": 49070.497943427006, "tokens_per_second": 7539.167840247174, "loss_main": 2.5307727456092834, "loss_total": 2.5307727456092834}
{"event": "update", "optimizer_step": 11300, "tokens_seen": 370278400, "lr": 0.0002990186677356393, "grad_norm": 0.602037787437439, "elapsed_seconds": 49105.448982400005, "tokens_per_second": 7540.474787893952, "loss_main": 2.5685861706733704, "loss_total": 2.5685861706733704}
{"event": "update", "optimizer_step": 11310, "tokens_seen": 370606080, "lr": 0.00029901655854953425, "grad_norm": 0.5827520489692688, "elapsed_seconds": 49140.384422915, "tokens_per_second": 7541.782270371904, "loss_main": 2.6127046644687653, "loss_total": 2.6127046644687653}
{"event": "update", "optimizer_step": 11320, "tokens_seen": 370933760, "lr": 0.00029901444710750164, "grad_norm": 0.5815227031707764, "elapsed_seconds": 49175.346629685024, "tokens_per_second": 7543.083789389771, "loss_main": 2.422122687101364, "loss_total": 2.422122687101364}
{"event": "update", "optimizer_step": 11330, "tokens_seen": 371261440, "lr": 0.00029901233340957705, "grad_norm": 0.5491933226585388, "elapsed_seconds": 49210.293306858046, "tokens_per_second": 7544.385839867779, "loss_main": 2.4363003373146057, "loss_total": 2.4363003373146057}
{"event": "update", "optimizer_step": 11340, "tokens_seen": 371589120, "lr": 0.00029901021745579626, "grad_norm": 0.6090947389602661, "elapsed_seconds": 49245.259233922, "tokens_per_second": 7545.683092760233, "loss_main": 2.3365020751953125, "loss_total": 2.3365020751953125}
{"event": "update", "optimizer_step": 11350, "tokens_seen": 371916800, "lr": 0.0002990080992461947, "grad_norm": 0.612136721611023, "elapsed_seconds": 49280.25127792003, "tokens_per_second": 7546.974505112496, "loss_main": 2.41444094479084, "loss_total": 2.41444094479084}
{"event": "update", "optimizer_step": 11360, "tokens_seen": 372244480, "lr": 0.000299005978780808, "grad_norm": 0.5959815979003906, "elapsed_seconds": 49315.204446933, "tokens_per_second": 7548.270035067259, "loss_main": 2.5455206632614136, "loss_total": 2.5455206632614136}
{"event": "update", "optimizer_step": 11370, "tokens_seen": 372572160, "lr": 0.0002990038560596721, "grad_norm": 0.5554824471473694, "elapsed_seconds": 49350.17309166404, "tokens_per_second": 7549.561362388268, "loss_main": 2.5027913451194763, "loss_total": 2.5027913451194763}
{"event": "update", "optimizer_step": 11380, "tokens_seen": 372899840, "lr": 0.00029900173108282245, "grad_norm": 0.6028920412063599, "elapsed_seconds": 49385.14623212203, "tokens_per_second": 7550.850173598379, "loss_main": 2.56222340464592, "loss_total": 2.56222340464592}
{"event": "update", "optimizer_step": 11390, "tokens_seen": 373227520, "lr": 0.00029899960385029495, "grad_norm": 0.5994081497192383, "elapsed_seconds": 49420.124302832, "tokens_per_second": 7552.136407285651, "loss_main": 2.569591462612152, "loss_total": 2.569591462612152}
{"event": "update", "optimizer_step": 11400, "tokens_seen": 373555200, "lr": 0.0002989974743621254, "grad_norm": 0.612521767616272, "elapsed_seconds": 49455.073629294, "tokens_per_second": 7553.425211740661, "loss_main": 2.4918332993984222, "loss_total": 2.4918332993984222}
{"event": "update", "optimizer_step": 11410, "tokens_seen": 373882880, "lr": 0.00029899534261834963, "grad_norm": 0.6069592833518982, "elapsed_seconds": 49490.03133571701, "tokens_per_second": 7554.710916704721, "loss_main": 2.7223765552043915, "loss_total": 2.7223765552043915}
{"event": "update", "optimizer_step": 11420, "tokens_seen": 374210560, "lr": 0.0002989932086190036, "grad_norm": 0.5466644763946533, "elapsed_seconds": 49524.98479339405, "tokens_per_second": 7555.995454841907, "loss_main": 2.337480843067169, "loss_total": 2.337480843067169}
{"event": "update", "optimizer_step": 11430, "tokens_seen": 374538240, "lr": 0.00029899107236412313, "grad_norm": 0.5806222558021545, "elapsed_seconds": 49559.93071527203, "tokens_per_second": 7557.279330186493, "loss_main": 2.465072676539421, "loss_total": 2.465072676539421}
{"event": "update", "optimizer_step": 11440, "tokens_seen": 374865920, "lr": 0.00029898893385374426, "grad_norm": 0.5816313624382019, "elapsed_seconds": 49594.84890875401, "tokens_per_second": 7558.56562220179, "loss_main": 2.526961863040924, "loss_total": 2.526961863040924}
{"event": "update", "optimizer_step": 11450, "tokens_seen": 375193600, "lr": 0.00029898679308790286, "grad_norm": 0.5786673426628113, "elapsed_seconds": 49629.766525995045, "tokens_per_second": 7559.850191990756, "loss_main": 2.3100698441267014, "loss_total": 2.3100698441267014}
{"event": "update", "optimizer_step": 11460, "tokens_seen": 375521280, "lr": 0.00029898465006663504, "grad_norm": 0.5777859091758728, "elapsed_seconds": 49664.71626800101, "tokens_per_second": 7561.128064713187, "loss_main": 2.4382409751415253, "loss_total": 2.4382409751415253}
{"event": "update", "optimizer_step": 11470, "tokens_seen": 375848960, "lr": 0.0002989825047899769, "grad_norm": 0.6623619198799133, "elapsed_seconds": 49699.646251011, "tokens_per_second": 7562.407146758201, "loss_main": 2.440887212753296, "loss_total": 2.440887212753296}
{"event": "update", "optimizer_step": 11480, "tokens_seen": 376176640, "lr": 0.00029898035725796465, "grad_norm": 0.6405194401741028, "elapsed_seconds": 49734.592389558034, "tokens_per_second": 7563.681975183528, "loss_main": 2.555237501859665, "loss_total": 2.555237501859665}
{"event": "update", "optimizer_step": 11490, "tokens_seen": 376504320, "lr": 0.0002989782074706342, "grad_norm": 0.5742530226707458, "elapsed_seconds": 49769.535028289014, "tokens_per_second": 7564.955545314918, "loss_main": 2.2291447520256042, "loss_total": 2.2291447520256042}
{"event": "update", "optimizer_step": 11500, "tokens_seen": 376832000, "lr": 0.00029897605542802193, "grad_norm": 0.6092531085014343, "elapsed_seconds": 49804.455963441054, "tokens_per_second": 7566.230625561163, "loss_main": 2.442211627960205, "loss_total": 2.442211627960205}
{"event": "update", "optimizer_step": 11510, "tokens_seen": 377159680, "lr": 0.000298973901130164, "grad_norm": 0.5963693261146545, "elapsed_seconds": 49839.39629712002, "tokens_per_second": 7567.500973558025, "loss_main": 2.321819007396698, "loss_total": 2.321819007396698}
{"event": "update", "optimizer_step": 11520, "tokens_seen": 377487360, "lr": 0.0002989717445770967, "grad_norm": 0.5652492046356201, "elapsed_seconds": 49874.33006609004, "tokens_per_second": 7568.770537865464, "loss_main": 2.3111860305070877, "loss_total": 2.3111860305070877}
{"event": "update", "optimizer_step": 11530, "tokens_seen": 377815040, "lr": 0.0002989695857688562, "grad_norm": 0.6023396253585815, "elapsed_seconds": 49909.258365707006, "tokens_per_second": 7570.039154490809, "loss_main": 2.5986527800559998, "loss_total": 2.5986527800559998}
{"event": "update", "optimizer_step": 11540, "tokens_seen": 378142720, "lr": 0.00029896742470547904, "grad_norm": 0.6059481501579285, "elapsed_seconds": 49944.19144491304, "tokens_per_second": 7571.305272147216, "loss_main": 2.502226412296295, "loss_total": 2.502226412296295}
{"event": "update", "optimizer_step": 11550, "tokens_seen": 378470400, "lr": 0.00029896526138700145, "grad_norm": 0.5701748728752136, "elapsed_seconds": 49979.18719920004, "tokens_per_second": 7572.560123708009, "loss_main": 2.4093769043684006, "loss_total": 2.4093769043684006}
{"event": "update", "optimizer_step": 11560, "tokens_seen": 378798080, "lr": 0.00029896309581346, "grad_norm": 0.5825133919715881, "elapsed_seconds": 50014.14644287503, "tokens_per_second": 7573.818748114679, "loss_main": 2.531149923801422, "loss_total": 2.531149923801422}
{"event": "update", "optimizer_step": 11570, "tokens_seen": 379125760, "lr": 0.0002989609279848909, "grad_norm": 0.5515049695968628, "elapsed_seconds": 50049.103651450016, "tokens_per_second": 7575.075922244135, "loss_main": 2.2934872061014175, "loss_total": 2.2934872061014175}
{"event": "update", "optimizer_step": 11580, "tokens_seen": 379453440, "lr": 0.0002989587579013309, "grad_norm": 0.6122705340385437, "elapsed_seconds": 50084.079945452046, "tokens_per_second": 7576.328454336652, "loss_main": 2.6247109174728394, "loss_total": 2.6247109174728394}
{"event": "update", "optimizer_step": 11590, "tokens_seen": 379781120, "lr": 0.0002989565855628163, "grad_norm": 0.6230388879776001, "elapsed_seconds": 50119.03951533302, "tokens_per_second": 7577.58176678172, "loss_main": 2.7257323563098907, "loss_total": 2.7257323563098907}
{"event": "update", "optimizer_step": 11600, "tokens_seen": 380108800, "lr": 0.0002989544109693839, "grad_norm": 0.6004406213760376, "elapsed_seconds": 50153.95560194802, "tokens_per_second": 7578.839902813892, "loss_main": 2.400188982486725, "loss_total": 2.400188982486725}
{"event": "update", "optimizer_step": 11610, "tokens_seen": 380436480, "lr": 0.0002989522341210701, "grad_norm": 0.5463528037071228, "elapsed_seconds": 50188.92100187502, "tokens_per_second": 7580.088840439252, "loss_main": 2.48242050409317, "loss_total": 2.48242050409317}
{"event": "update", "optimizer_step": 11620, "tokens_seen": 380764160, "lr": 0.00029895005501791164, "grad_norm": 0.5831878781318665, "elapsed_seconds": 50223.879521543044, "tokens_per_second": 7581.337077647992, "loss_main": 2.481583446264267, "loss_total": 2.481583446264267}
{"event": "update", "optimizer_step": 11630, "tokens_seen": 381091840, "lr": 0.0002989478736599452, "grad_norm": 0.5837208032608032, "elapsed_seconds": 50258.85506249004, "tokens_per_second": 7582.581010374475, "loss_main": 2.4544657468795776, "loss_total": 2.4544657468795776}
{"event": "update", "optimizer_step": 11640, "tokens_seen": 381419520, "lr": 0.00029894569004720753, "grad_norm": 0.5679163932800293, "elapsed_seconds": 50293.831797828025, "tokens_per_second": 7583.823032876804, "loss_main": 2.2592800110578537, "loss_total": 2.2592800110578537}
{"event": "update", "optimizer_step": 11650, "tokens_seen": 381747200, "lr": 0.00029894350417973537, "grad_norm": 0.5701069235801697, "elapsed_seconds": 50328.79011039104, "tokens_per_second": 7585.066105556614, "loss_main": 2.3103452622890472, "loss_total": 2.3103452622890472}
{"event": "update", "optimizer_step": 11660, "tokens_seen": 382074880, "lr": 0.00029894131605756537, "grad_norm": 0.5927246809005737, "elapsed_seconds": 50363.71993478801, "tokens_per_second": 7586.311743745667, "loss_main": 2.4220703095197678, "loss_total": 2.4220703095197678}
{"event": "update", "optimizer_step": 11670, "tokens_seen": 382402560, "lr": 0.0002989391256807346, "grad_norm": 0.5903738141059875, "elapsed_seconds": 50398.655262719025, "tokens_per_second": 7587.554826742995, "loss_main": 2.531774401664734, "loss_total": 2.531774401664734}
{"event": "update", "optimizer_step": 11680, "tokens_seen": 382730240, "lr": 0.00029893693304927974, "grad_norm": 0.562527060508728, "elapsed_seconds": 50433.60237523902, "tokens_per_second": 7588.794414334876, "loss_main": 2.4229545891284943, "loss_total": 2.4229545891284943}
{"event": "update", "optimizer_step": 11690, "tokens_seen": 383057920, "lr": 0.00029893473816323783, "grad_norm": 0.601997435092926, "elapsed_seconds": 50468.577601325, "tokens_per_second": 7590.028057179547, "loss_main": 2.5178025662899017, "loss_total": 2.5178025662899017}
{"event": "update", "optimizer_step": 11700, "tokens_seen": 383385600, "lr": 0.00029893254102264575, "grad_norm": 0.5634474754333496, "elapsed_seconds": 50503.52671216102, "tokens_per_second": 7591.263916776776, "loss_main": 2.5232015252113342, "loss_total": 2.5232015252113342}
{"event": "update", "optimizer_step": 11710, "tokens_seen": 383713280, "lr": 0.0002989303416275405, "grad_norm": 0.5648014545440674, "elapsed_seconds": 50538.456706533034, "tokens_per_second": 7592.5009390007335, "loss_main": 2.4628949761390686, "loss_total": 2.4628949761390686}
{"event": "update", "optimizer_step": 11720, "tokens_seen": 384040960, "lr": 0.0002989281399779591, "grad_norm": 0.5863966345787048, "elapsed_seconds": 50573.408626534045, "tokens_per_second": 7593.732960259822, "loss_main": 2.3265910148620605, "loss_total": 2.3265910148620605}
{"event": "update", "optimizer_step": 11730, "tokens_seen": 384368640, "lr": 0.00029892593607393854, "grad_norm": 0.6047093272209167, "elapsed_seconds": 50608.345526002, "tokens_per_second": 7594.965533945695, "loss_main": 2.5803273916244507, "loss_total": 2.5803273916244507}
{"event": "update", "optimizer_step": 11740, "tokens_seen": 384696320, "lr": 0.00029892372991551603, "grad_norm": 0.5772597193717957, "elapsed_seconds": 50643.28234287305, "tokens_per_second": 7596.196419407987, "loss_main": 2.302881643176079, "loss_total": 2.302881643176079}
{"event": "update", "optimizer_step": 11750, "tokens_seen": 385024000, "lr": 0.00029892152150272876, "grad_norm": 0.5728151202201843, "elapsed_seconds": 50678.21781571704, "tokens_per_second": 7597.425809251543, "loss_main": 2.3931807577610016, "loss_total": 2.3931807577610016}
{"event": "update", "optimizer_step": 11760, "tokens_seen": 385351680, "lr": 0.0002989193108356137, "grad_norm": 0.6361756324768066, "elapsed_seconds": 50713.15816944302, "tokens_per_second": 7598.652773949934, "loss_main": 2.4528252333402634, "loss_total": 2.4528252333402634}
{"event": "update", "optimizer_step": 11770, "tokens_seen": 385679360, "lr": 0.0002989170979142082, "grad_norm": 0.5830053091049194, "elapsed_seconds": 50748.102134788, "tokens_per_second": 7599.877508239179, "loss_main": 2.4288689494132996, "loss_total": 2.4288689494132996}
{"event": "update", "optimizer_step": 11780, "tokens_seen": 386007040, "lr": 0.0002989148827385495, "grad_norm": 0.5918570756912231, "elapsed_seconds": 50783.09096803004, "tokens_per_second": 7601.093841314359, "loss_main": 2.4009509682655334, "loss_total": 2.4009509682655334}
{"event": "update", "optimizer_step": 11790, "tokens_seen": 386334720, "lr": 0.0002989126653086748, "grad_norm": 0.5840684175491333, "elapsed_seconds": 50818.034061076, "tokens_per_second": 7602.315342141747, "loss_main": 2.4540452659130096, "loss_total": 2.4540452659130096}
{"event": "update", "optimizer_step": 11800, "tokens_seen": 386662400, "lr": 0.0002989104456246216, "grad_norm": 0.5379350185394287, "elapsed_seconds": 50852.95216904301, "tokens_per_second": 7603.538900055888, "loss_main": 2.290858179330826, "loss_total": 2.290858179330826}
{"event": "update", "optimizer_step": 11810, "tokens_seen": 386990080, "lr": 0.0002989082236864271, "grad_norm": 0.5803713798522949, "elapsed_seconds": 50887.89741971, "tokens_per_second": 7604.756722570153, "loss_main": 2.303312063217163, "loss_total": 2.303312063217163}
{"event": "update", "optimizer_step": 11820, "tokens_seen": 387317760, "lr": 0.00029890599949412887, "grad_norm": 0.6274175643920898, "elapsed_seconds": 50922.88273421704, "tokens_per_second": 7605.96688961103, "loss_main": 2.4994362890720367, "loss_total": 2.4994362890720367}
{"event": "update", "optimizer_step": 11830, "tokens_seen": 387645440, "lr": 0.00029890377304776414, "grad_norm": 0.6128181219100952, "elapsed_seconds": 50957.816716681, "tokens_per_second": 7607.183058003829, "loss_main": 2.1734097450971603, "loss_total": 2.1734097450971603}
{"event": "update", "optimizer_step": 11840, "tokens_seen": 387973120, "lr": 0.00029890154434737053, "grad_norm": 0.5839160084724426, "elapsed_seconds": 50992.7447946, "tokens_per_second": 7608.3984410481335, "loss_main": 2.334557071328163, "loss_total": 2.334557071328163}
{"event": "update", "optimizer_step": 11850, "tokens_seen": 388300800, "lr": 0.00029889931339298554, "grad_norm": 0.5803557634353638, "elapsed_seconds": 51027.70920183702, "tokens_per_second": 7609.606742566077, "loss_main": 2.459641933441162, "loss_total": 2.459641933441162}
{"event": "update", "optimizer_step": 11860, "tokens_seen": 388628480, "lr": 0.0002988970801846467, "grad_norm": 0.6084750890731812, "elapsed_seconds": 51062.65326590504, "tokens_per_second": 7610.816421470415, "loss_main": 2.6204737424850464, "loss_total": 2.6204737424850464}
{"event": "update", "optimizer_step": 11870, "tokens_seen": 388956160, "lr": 0.0002988948447223915, "grad_norm": 0.5487412214279175, "elapsed_seconds": 51097.62555161305, "tokens_per_second": 7612.020241667011, "loss_main": 2.4951159060001373, "loss_total": 2.4951159060001373}
{"event": "update", "optimizer_step": 11880, "tokens_seen": 389283840, "lr": 0.0002988926070062578, "grad_norm": 0.5766841769218445, "elapsed_seconds": 51132.61577296001, "tokens_per_second": 7613.219744683224, "loss_main": 2.3654241114854813, "loss_total": 2.3654241114854813}
{"event": "update", "optimizer_step": 11890, "tokens_seen": 389611520, "lr": 0.0002988903670362831, "grad_norm": 0.5769709348678589, "elapsed_seconds": 51167.54893452901, "tokens_per_second": 7614.426098434459, "loss_main": 2.5529010593891144, "loss_total": 2.5529010593891144}
{"event": "update", "optimizer_step": 11900, "tokens_seen": 389939200, "lr": 0.00029888812481250514, "grad_norm": 0.575318455696106, "elapsed_seconds": 51202.50974921603, "tokens_per_second": 7615.626693103075, "loss_main": 2.3905304968357086, "loss_total": 2.3905304968357086}
{"event": "update", "optimizer_step": 11910, "tokens_seen": 390266880, "lr": 0.00029888588033496176, "grad_norm": 0.6524433493614197, "elapsed_seconds": 51237.48305641103, "tokens_per_second": 7616.823792267999, "loss_main": 2.364092320203781, "loss_total": 2.364092320203781}
{"event": "update", "optimizer_step": 11920, "tokens_seen": 390594560, "lr": 0.00029888363360369057, "grad_norm": 0.5838377475738525, "elapsed_seconds": 51272.42873593501, "tokens_per_second": 7618.023363231987, "loss_main": 2.4359867572784424, "loss_total": 2.4359867572784424}
{"event": "update", "optimizer_step": 11930, "tokens_seen": 390922240, "lr": 0.0002988813846187295, "grad_norm": 0.5806410908699036, "elapsed_seconds": 51307.38285903004, "tokens_per_second": 7619.220046247167, "loss_main": 2.391461282968521, "loss_total": 2.391461282968521}
{"event": "update", "optimizer_step": 11940, "tokens_seen": 391249920, "lr": 0.00029887913338011636, "grad_norm": 0.6925977468490601, "elapsed_seconds": 51342.33867004805, "tokens_per_second": 7620.414849319014, "loss_main": 2.4845724999904633, "loss_total": 2.4845724999904633}
{"event": "update", "optimizer_step": 11950, "tokens_seen": 391577600, "lr": 0.0002988768798878891, "grad_norm": 0.6002452969551086, "elapsed_seconds": 51377.29132832901, "tokens_per_second": 7621.608494258773, "loss_main": 2.40182301402092, "loss_total": 2.40182301402092}
{"event": "update", "optimizer_step": 11960, "tokens_seen": 391905280, "lr": 0.00029887462414208553, "grad_norm": 0.6258863806724548, "elapsed_seconds": 51412.234608019004, "tokens_per_second": 7622.801906744445, "loss_main": 2.486838310956955, "loss_total": 2.486838310956955}
{"event": "update", "optimizer_step": 11970, "tokens_seen": 392232960, "lr": 0.0002988723661427439, "grad_norm": 0.5693976879119873, "elapsed_seconds": 51447.179674425046, "tokens_per_second": 7623.993433307352, "loss_main": 2.4315702468156815, "loss_total": 2.4315702468156815}
{"event": "update", "optimizer_step": 11980, "tokens_seen": 392560640, "lr": 0.0002988701058899019, "grad_norm": 0.7867770791053772, "elapsed_seconds": 51482.18449709902, "tokens_per_second": 7625.174491617007, "loss_main": 2.507935881614685, "loss_total": 2.507935881614685}
{"event": "update", "optimizer_step": 11990, "tokens_seen": 392888320, "lr": 0.00029886784338359763, "grad_norm": 0.6151756048202515, "elapsed_seconds": 51517.778272275, "tokens_per_second": 7626.266760254261, "loss_main": 2.356838896870613, "loss_total": 2.356838896870613}
{"event": "update", "optimizer_step": 12000, "tokens_seen": 393216000, "lr": 0.00029886557862386946, "grad_norm": 0.5856981873512268, "elapsed_seconds": 51552.80865789205, "tokens_per_second": 7627.440875421709, "loss_main": 2.6040874123573303, "loss_total": 2.6040874123573303}
{"event": "update", "optimizer_step": 12010, "tokens_seen": 393543680, "lr": 0.0002988633116107552, "grad_norm": 0.6160176992416382, "elapsed_seconds": 51587.81786090601, "tokens_per_second": 7628.616528442717, "loss_main": 2.4620431065559387, "loss_total": 2.4620431065559387}
{"event": "update", "optimizer_step": 12020, "tokens_seen": 393871360, "lr": 0.0002988610423442931, "grad_norm": 0.572081983089447, "elapsed_seconds": 51622.78274610505, "tokens_per_second": 7629.797136996023, "loss_main": 2.2627436816692352, "loss_total": 2.2627436816692352}
{"event": "update", "optimizer_step": 12030, "tokens_seen": 394199040, "lr": 0.00029885877082452144, "grad_norm": 0.564419150352478, "elapsed_seconds": 51657.73069734505, "tokens_per_second": 7630.978648860003, "loss_main": 2.4879246056079865, "loss_total": 2.4879246056079865}
{"event": "update", "optimizer_step": 12040, "tokens_seen": 394526720, "lr": 0.00029885649705147833, "grad_norm": 0.5852168202400208, "elapsed_seconds": 51692.66381337104, "tokens_per_second": 7632.1607534945815, "loss_main": 2.4529456198215485, "loss_total": 2.4529456198215485}
{"event": "update", "optimizer_step": 12050, "tokens_seen": 394854400, "lr": 0.00029885422102520214, "grad_norm": 0.5546599626541138, "elapsed_seconds": 51727.62421406305, "tokens_per_second": 7633.337235168284, "loss_main": 2.351797193288803, "loss_total": 2.351797193288803}
{"event": "update", "optimizer_step": 12060, "tokens_seen": 395182080, "lr": 0.00029885194274573113, "grad_norm": 0.609562337398529, "elapsed_seconds": 51762.56166336901, "tokens_per_second": 7634.515512775711, "loss_main": 2.337145507335663, "loss_total": 2.337145507335663}
{"event": "update", "optimizer_step": 12070, "tokens_seen": 395509760, "lr": 0.0002988496622131037, "grad_norm": 0.5680208206176758, "elapsed_seconds": 51797.53643314005, "tokens_per_second": 7635.686699318638, "loss_main": 2.5563772320747375, "loss_total": 2.5563772320747375}
{"event": "update", "optimizer_step": 12080, "tokens_seen": 395837440, "lr": 0.0002988473794273582, "grad_norm": 0.5729408860206604, "elapsed_seconds": 51832.45188694901, "tokens_per_second": 7636.865044766841, "loss_main": 2.3841388821601868, "loss_total": 2.3841388821601868}
{"event": "update", "optimizer_step": 12090, "tokens_seen": 396165120, "lr": 0.0002988450943885332, "grad_norm": 0.5736256837844849, "elapsed_seconds": 51867.43659803702, "tokens_per_second": 7638.031604881613, "loss_main": 2.272395357489586, "loss_total": 2.272395357489586}
{"event": "update", "optimizer_step": 12100, "tokens_seen": 396492800, "lr": 0.00029884280709666685, "grad_norm": 0.5681688785552979, "elapsed_seconds": 51902.466941043036, "tokens_per_second": 7639.189876087845, "loss_main": 2.47087898850441, "loss_total": 2.47087898850441}
{"event": "update", "optimizer_step": 12110, "tokens_seen": 396820480, "lr": 0.00029884051755179795, "grad_norm": 0.5900173187255859, "elapsed_seconds": 51937.40736179601, "tokens_per_second": 7640.359813029332, "loss_main": 2.3491208255290985, "loss_total": 2.3491208255290985}
{"event": "update", "optimizer_step": 12120, "tokens_seen": 397148160, "lr": 0.00029883822575396484, "grad_norm": 0.597995936870575, "elapsed_seconds": 51972.38424110104, "tokens_per_second": 7641.522816379193, "loss_main": 2.5077886283397675, "loss_total": 2.5077886283397675}
{"event": "update", "optimizer_step": 12130, "tokens_seen": 397475840, "lr": 0.00029883593170320624, "grad_norm": 0.5959200859069824, "elapsed_seconds": 52007.325087943, "tokens_per_second": 7642.68955051772, "loss_main": 2.3986626863479614, "loss_total": 2.3986626863479614}
{"event": "update", "optimizer_step": 12140, "tokens_seen": 397803520, "lr": 0.00029883363539956074, "grad_norm": 0.5662444233894348, "elapsed_seconds": 52042.31779208104, "tokens_per_second": 7643.847101301305, "loss_main": 2.3974110782146454, "loss_total": 2.3974110782146454}
{"event": "update", "optimizer_step": 12150, "tokens_seen": 398131200, "lr": 0.00029883133684306684, "grad_norm": 0.6487515568733215, "elapsed_seconds": 52077.27802653401, "tokens_per_second": 7645.007863067407, "loss_main": 2.317703366279602, "loss_total": 2.317703366279602}
{"event": "update", "optimizer_step": 12160, "tokens_seen": 398458880, "lr": 0.00029882903603376345, "grad_norm": 0.5539141297340393, "elapsed_seconds": 52112.24173151003, "tokens_per_second": 7646.166558194119, "loss_main": 2.335826873779297, "loss_total": 2.335826873779297}
{"event": "update", "optimizer_step": 12170, "tokens_seen": 398786560, "lr": 0.0002988267329716893, "grad_norm": 0.5811259746551514, "elapsed_seconds": 52147.22460774402, "tokens_per_second": 7647.320888114513, "loss_main": 2.415722757577896, "loss_total": 2.415722757577896}
{"event": "update", "optimizer_step": 12180, "tokens_seen": 399114240, "lr": 0.00029882442765688294, "grad_norm": 0.5749534964561462, "elapsed_seconds": 52182.17618413805, "tokens_per_second": 7648.478258009481, "loss_main": 2.479697823524475, "loss_total": 2.479697823524475}
{"event": "update", "optimizer_step": 12190, "tokens_seen": 399441920, "lr": 0.00029882212008938323, "grad_norm": 0.5684759020805359, "elapsed_seconds": 52217.12963237602, "tokens_per_second": 7649.6338043126625, "loss_main": 2.3434864282608032, "loss_total": 2.3434864282608032}
{"event": "update", "optimizer_step": 12200, "tokens_seen": 399769600, "lr": 0.0002988198102692292, "grad_norm": 0.5771338939666748, "elapsed_seconds": 52252.095817914, "tokens_per_second": 7650.785939631991, "loss_main": 2.4482204616069794, "loss_total": 2.4482204616069794}
{"event": "evaluation", "tokens_seen": 400031744, "elapsed_seconds": 52280.04008481902, "parameters": 600375552, "main_loss": 2.5266349613666534, "perplexity": 12.511334098597596}
{"event": "update", "optimizer_step": 12210, "tokens_seen": 400097280, "lr": 0.0002988174981964596, "grad_norm": 0.5921061635017395, "elapsed_seconds": 52305.323943517054, "tokens_per_second": 7649.264928213675, "loss_main": 2.592765212059021, "loss_total": 2.592765212059021}
{"event": "update", "optimizer_step": 12220, "tokens_seen": 400424960, "lr": 0.00029881518387111334, "grad_norm": 0.5657588839530945, "elapsed_seconds": 52340.276373232016, "tokens_per_second": 7650.41737924002, "loss_main": 2.2364847362041473, "loss_total": 2.2364847362041473}
{"event": "update", "optimizer_step": 12230, "tokens_seen": 400752640, "lr": 0.0002988128672932295, "grad_norm": 0.619854211807251, "elapsed_seconds": 52375.191444985045, "tokens_per_second": 7651.573749777143, "loss_main": 2.6087905168533325, "loss_total": 2.6087905168533325}
{"event": "update", "optimizer_step": 12240, "tokens_seen": 401080320, "lr": 0.0002988105484628469, "grad_norm": 0.5715529918670654, "elapsed_seconds": 52410.10801038303, "tokens_per_second": 7652.728361493579, "loss_main": 2.3417323231697083, "loss_total": 2.3417323231697083}
{"event": "update", "optimizer_step": 12250, "tokens_seen": 401408000, "lr": 0.0002988082273800046, "grad_norm": 0.6051769256591797, "elapsed_seconds": 52445.033983492, "tokens_per_second": 7653.880062816819, "loss_main": 2.359364077448845, "loss_total": 2.359364077448845}
{"event": "update", "optimizer_step": 12260, "tokens_seen": 401735680, "lr": 0.0002988059040447418, "grad_norm": 0.6259700655937195, "elapsed_seconds": 52479.95946057502, "tokens_per_second": 7655.030303554244, "loss_main": 2.468961089849472, "loss_total": 2.468961089849472}
{"event": "update", "optimizer_step": 12270, "tokens_seen": 402063360, "lr": 0.0002988035784570975, "grad_norm": 0.5689576268196106, "elapsed_seconds": 52514.89860207704, "tokens_per_second": 7656.177022192666, "loss_main": 2.4829161465168, "loss_total": 2.4829161465168}
{"event": "update", "optimizer_step": 12280, "tokens_seen": 402391040, "lr": 0.00029880125061711095, "grad_norm": 0.5902280807495117, "elapsed_seconds": 52549.84335226304, "tokens_per_second": 7657.321398707294, "loss_main": 2.453088253736496, "loss_total": 2.453088253736496}
{"event": "update", "optimizer_step": 12290, "tokens_seen": 402718720, "lr": 0.00029879892052482116, "grad_norm": 0.585399329662323, "elapsed_seconds": 52584.764025690034, "tokens_per_second": 7658.467760799567, "loss_main": 2.3559000194072723, "loss_total": 2.3559000194072723}
{"event": "update", "optimizer_step": 12300, "tokens_seen": 403046400, "lr": 0.00029879658818026756, "grad_norm": 0.5641869902610779, "elapsed_seconds": 52619.727426722005, "tokens_per_second": 7659.606381680343, "loss_main": 2.3605689108371735, "loss_total": 2.3605689108371735}
{"event": "update", "optimizer_step": 12310, "tokens_seen": 403374080, "lr": 0.0002987942535834892, "grad_norm": 0.5719667673110962, "elapsed_seconds": 52654.69330355205, "tokens_per_second": 7660.743130238471, "loss_main": 2.5653048157691956, "loss_total": 2.5653048157691956}
{"event": "update", "optimizer_step": 12320, "tokens_seen": 403701760, "lr": 0.0002987919167345256, "grad_norm": 0.6074663400650024, "elapsed_seconds": 52689.627475571004, "tokens_per_second": 7661.882980424793, "loss_main": 2.43862721323967, "loss_total": 2.43862721323967}
{"event": "update", "optimizer_step": 12330, "tokens_seen": 404029440, "lr": 0.00029878957763341586, "grad_norm": 0.5705786347389221, "elapsed_seconds": 52724.60454862303, "tokens_per_second": 7663.015084871827, "loss_main": 2.2352419793605804, "loss_total": 2.2352419793605804}
{"event": "update", "optimizer_step": 12340, "tokens_seen": 404357120, "lr": 0.0002987872362801995, "grad_norm": 0.697157084941864, "elapsed_seconds": 52759.52528565802, "tokens_per_second": 7664.153871943938, "loss_main": 2.3753041476011276, "loss_total": 2.3753041476011276}
{"event": "update", "optimizer_step": 12350, "tokens_seen": 404684800, "lr": 0.00029878489267491605, "grad_norm": 0.6150567531585693, "elapsed_seconds": 52794.450205450004, "tokens_per_second": 7665.290545221439, "loss_main": 2.3368544578552246, "loss_total": 2.3368544578552246}
{"event": "update", "optimizer_step": 12360, "tokens_seen": 405012480, "lr": 0.0002987825468176047, "grad_norm": 0.5584961175918579, "elapsed_seconds": 52829.364596106054, "tokens_per_second": 7666.427243568488, "loss_main": 2.1649468690156937, "loss_total": 2.1649468690156937}
{"event": "update", "optimizer_step": 12370, "tokens_seen": 405340160, "lr": 0.00029878019870830514, "grad_norm": 0.5522054433822632, "elapsed_seconds": 52864.28245184204, "tokens_per_second": 7667.561937859539, "loss_main": 2.343884065747261, "loss_total": 2.343884065747261}
{"event": "update", "optimizer_step": 12380, "tokens_seen": 405667840, "lr": 0.00029877784834705674, "grad_norm": 0.621883749961853, "elapsed_seconds": 52899.252892841, "tokens_per_second": 7668.687510989406, "loss_main": 2.3593457341194153, "loss_total": 2.3593457341194153}
{"event": "update", "optimizer_step": 12390, "tokens_seen": 405995520, "lr": 0.0002987754957338992, "grad_norm": 0.6264386177062988, "elapsed_seconds": 52934.20743225503, "tokens_per_second": 7669.813900956036, "loss_main": 2.4443620443344116, "loss_total": 2.4443620443344116}
{"event": "update", "optimizer_step": 12400, "tokens_seen": 406323200, "lr": 0.000298773140868872, "grad_norm": 0.584471583366394, "elapsed_seconds": 52969.112851172045, "tokens_per_second": 7670.945917890888, "loss_main": 2.292856216430664, "loss_total": 2.292856216430664}
{"event": "update", "optimizer_step": 12410, "tokens_seen": 406650880, "lr": 0.00029877078375201485, "grad_norm": 0.5784060955047607, "elapsed_seconds": 53004.05485345301, "tokens_per_second": 7672.071148600215, "loss_main": 2.5222268998622894, "loss_total": 2.5222268998622894}
{"event": "update", "optimizer_step": 12420, "tokens_seen": 406978560, "lr": 0.00029876842438336735, "grad_norm": 0.606765866279602, "elapsed_seconds": 53038.99229354202, "tokens_per_second": 7673.195556725413, "loss_main": 2.3746481835842133, "loss_total": 2.3746481835842133}
{"event": "update", "optimizer_step": 12430, "tokens_seen": 407306240, "lr": 0.0002987660627629694, "grad_norm": 0.5605514645576477, "elapsed_seconds": 53073.92234896001, "tokens_per_second": 7674.3195523023405, "loss_main": 2.3463438749313354, "loss_total": 2.3463438749313354}
{"event": "update", "optimizer_step": 12440, "tokens_seen": 407633920, "lr": 0.0002987636988908606, "grad_norm": 0.5846482515335083, "elapsed_seconds": 53108.866852960025, "tokens_per_second": 7675.439981210605, "loss_main": 2.4373653680086136, "loss_total": 2.4373653680086136}
{"event": "update", "optimizer_step": 12450, "tokens_seen": 407961600, "lr": 0.00029876133276708085, "grad_norm": 0.5788797736167908, "elapsed_seconds": 53143.78590408602, "tokens_per_second": 7676.562613290097, "loss_main": 2.522610604763031, "loss_total": 2.522610604763031}
{"event": "update", "optimizer_step": 12460, "tokens_seen": 408289280, "lr": 0.0002987589643916698, "grad_norm": 0.6089723706245422, "elapsed_seconds": 53178.733324285015, "tokens_per_second": 7677.679675261228, "loss_main": 2.332760363817215, "loss_total": 2.332760363817215}
{"event": "update", "optimizer_step": 12470, "tokens_seen": 408616960, "lr": 0.0002987565937646675, "grad_norm": 0.5755947828292847, "elapsed_seconds": 53213.67456201301, "tokens_per_second": 7678.796162137135, "loss_main": 2.4478670954704285, "loss_total": 2.4478670954704285}
{"event": "update", "optimizer_step": 12480, "tokens_seen": 408944640, "lr": 0.0002987542208861138, "grad_norm": 0.5890814065933228, "elapsed_seconds": 53248.62665233703, "tokens_per_second": 7679.90961851505, "loss_main": 2.3998774588108063, "loss_total": 2.3998774588108063}
{"event": "update", "optimizer_step": 12490, "tokens_seen": 409272320, "lr": 0.0002987518457560485, "grad_norm": 0.7294270396232605, "elapsed_seconds": 53283.560077438015, "tokens_per_second": 7681.024304779875, "loss_main": 2.553509771823883, "loss_total": 2.553509771823883}
{"event": "update", "optimizer_step": 12500, "tokens_seen": 409600000, "lr": 0.00029874946837451187, "grad_norm": 0.5750792026519775, "elapsed_seconds": 53318.483012664015, "tokens_per_second": 7682.139041778688, "loss_main": 2.5171379148960114, "loss_total": 2.5171379148960114}
{"event": "update", "optimizer_step": 12510, "tokens_seen": 409927680, "lr": 0.00029874708874154366, "grad_norm": 0.6018030643463135, "elapsed_seconds": 53353.425076214015, "tokens_per_second": 7683.24956484853, "loss_main": 2.609587609767914, "loss_total": 2.609587609767914}
{"event": "update", "optimizer_step": 12520, "tokens_seen": 410255360, "lr": 0.0002987447068571841, "grad_norm": 0.6383457779884338, "elapsed_seconds": 53388.34740674001, "tokens_per_second": 7684.361474507962, "loss_main": 2.5466392040252686, "loss_total": 2.5466392040252686}
{"event": "update", "optimizer_step": 12530, "tokens_seen": 410583040, "lr": 0.0002987423227214732, "grad_norm": 0.588814914226532, "elapsed_seconds": 53423.28271281504, "tokens_per_second": 7685.4700638137765, "loss_main": 2.4462006390094757, "loss_total": 2.4462006390094757}
{"event": "update", "optimizer_step": 12540, "tokens_seen": 410910720, "lr": 0.00029873993633445107, "grad_norm": 0.6121058464050293, "elapsed_seconds": 53458.21770716505, "tokens_per_second": 7686.577249000303, "loss_main": 2.566829115152359, "loss_total": 2.566829115152359}
{"event": "update", "optimizer_step": 12550, "tokens_seen": 411238400, "lr": 0.00029873754769615794, "grad_norm": 0.6267028450965881, "elapsed_seconds": 53493.19528361305, "tokens_per_second": 7687.676868425498, "loss_main": 2.6648924350738525, "loss_total": 2.6648924350738525}
{"event": "update", "optimizer_step": 12560, "tokens_seen": 411566080, "lr": 0.0002987351568066339, "grad_norm": 0.5745097398757935, "elapsed_seconds": 53528.130774938036, "tokens_per_second": 7688.781095877459, "loss_main": 2.3644096851348877, "loss_total": 2.3644096851348877}
{"event": "update", "optimizer_step": 12570, "tokens_seen": 411893760, "lr": 0.00029873276366591947, "grad_norm": 0.5701888203620911, "elapsed_seconds": 53563.07947929605, "tokens_per_second": 7689.88198595286, "loss_main": 2.253713011741638, "loss_total": 2.253713011741638}
{"event": "update", "optimizer_step": 12580, "tokens_seen": 412221440, "lr": 0.0002987303682740547, "grad_norm": 0.6065162420272827, "elapsed_seconds": 53597.99773800105, "tokens_per_second": 7690.985809116045, "loss_main": 2.5043580681085587, "loss_total": 2.5043580681085587}
{"event": "update", "optimizer_step": 12590, "tokens_seen": 412549120, "lr": 0.0002987279706310799, "grad_norm": 0.554088294506073, "elapsed_seconds": 53632.927394506, "tokens_per_second": 7692.0865602846125, "loss_main": 2.5165148973464966, "loss_total": 2.5165148973464966}
{"event": "update", "optimizer_step": 12600, "tokens_seen": 412876800, "lr": 0.00029872557073703555, "grad_norm": 0.5924007296562195, "elapsed_seconds": 53667.87995567202, "tokens_per_second": 7693.182595269708, "loss_main": 2.250027060508728, "loss_total": 2.250027060508728}
{"event": "update", "optimizer_step": 12610, "tokens_seen": 413204480, "lr": 0.000298723168591962, "grad_norm": 0.6352614760398865, "elapsed_seconds": 53702.81051037903, "tokens_per_second": 7694.2803565213935, "loss_main": 2.416355222463608, "loss_total": 2.416355222463608}
{"event": "update", "optimizer_step": 12620, "tokens_seen": 413532160, "lr": 0.00029872076419589974, "grad_norm": 0.6067233085632324, "elapsed_seconds": 53737.72756247001, "tokens_per_second": 7695.378624249966, "loss_main": 2.4684715569019318, "loss_total": 2.4684715569019318}
{"event": "update", "optimizer_step": 12630, "tokens_seen": 413859840, "lr": 0.00029871835754888916, "grad_norm": 0.5965784788131714, "elapsed_seconds": 53772.68283993204, "tokens_per_second": 7696.469994475788, "loss_main": 2.4933374524116516, "loss_total": 2.4933374524116516}
{"event": "update", "optimizer_step": 12640, "tokens_seen": 414187520, "lr": 0.0002987159486509708, "grad_norm": 0.5629615783691406, "elapsed_seconds": 53807.64285926905, "tokens_per_second": 7697.559268360535, "loss_main": 2.3466962724924088, "loss_total": 2.3466962724924088}
{"event": "update", "optimizer_step": 12650, "tokens_seen": 414515200, "lr": 0.00029871353750218516, "grad_norm": 0.5958957672119141, "elapsed_seconds": 53842.64554336603, "tokens_per_second": 7698.641027327316, "loss_main": 2.427353471517563, "loss_total": 2.427353471517563}
{"event": "update", "optimizer_step": 12660, "tokens_seen": 414842880, "lr": 0.00029871112410257284, "grad_norm": 0.5898873209953308, "elapsed_seconds": 53877.59644203505, "tokens_per_second": 7699.728781448415, "loss_main": 2.4622759222984314, "loss_total": 2.4622759222984314}
{"event": "update", "optimizer_step": 12670, "tokens_seen": 415170560, "lr": 0.0002987087084521746, "grad_norm": 0.5920850038528442, "elapsed_seconds": 53912.57040507102, "tokens_per_second": 7700.811830721932, "loss_main": 2.3040264546871185, "loss_total": 2.3040264546871185}
{"event": "update", "optimizer_step": 12680, "tokens_seen": 415498240, "lr": 0.00029870629055103097, "grad_norm": 0.5667247772216797, "elapsed_seconds": 53947.53871641401, "tokens_per_second": 7701.8942825946015, "loss_main": 2.480881839990616, "loss_total": 2.480881839990616}
{"event": "update", "optimizer_step": 12690, "tokens_seen": 415825920, "lr": 0.00029870387039918273, "grad_norm": 0.6207767724990845, "elapsed_seconds": 53982.47781206103, "tokens_per_second": 7702.979501009384, "loss_main": 2.5345769822597504, "loss_total": 2.5345769822597504}
{"event": "update", "optimizer_step": 12700, "tokens_seen": 416153600, "lr": 0.00029870144799667053, "grad_norm": 0.6407201886177063, "elapsed_seconds": 54017.43123553204, "tokens_per_second": 7704.061272100235, "loss_main": 2.4192193001508713, "loss_total": 2.4192193001508713}
{"event": "update", "optimizer_step": 12710, "tokens_seen": 416481280, "lr": 0.00029869902334353515, "grad_norm": 0.5922420024871826, "elapsed_seconds": 54052.39622347901, "tokens_per_second": 7705.13999560839, "loss_main": 2.487723231315613, "loss_total": 2.487723231315613}
{"event": "update", "optimizer_step": 12720, "tokens_seen": 416808960, "lr": 0.00029869659643981744, "grad_norm": 0.6054539680480957, "elapsed_seconds": 54087.37308036501, "tokens_per_second": 7706.215633373244, "loss_main": 2.223600149154663, "loss_total": 2.223600149154663}
{"event": "update", "optimizer_step": 12730, "tokens_seen": 417136640, "lr": 0.0002986941672855584, "grad_norm": 0.6074487566947937, "elapsed_seconds": 54122.33423066203, "tokens_per_second": 7707.292117561307, "loss_main": 2.4423546195030212, "loss_total": 2.4423546195030212}
{"event": "update", "optimizer_step": 12740, "tokens_seen": 417464320, "lr": 0.0002986917358807987, "grad_norm": 0.6193185448646545, "elapsed_seconds": 54157.29906492302, "tokens_per_second": 7708.366687554886, "loss_main": 2.4774568378925323, "loss_total": 2.4774568378925323}
{"event": "update", "optimizer_step": 12750, "tokens_seen": 417792000, "lr": 0.0002986893022255793, "grad_norm": 0.6162915825843811, "elapsed_seconds": 54192.23032204504, "tokens_per_second": 7709.444647640659, "loss_main": 2.548241049051285, "loss_total": 2.548241049051285}
{"event": "update", "optimizer_step": 12760, "tokens_seen": 418119680, "lr": 0.0002986868663199413, "grad_norm": 0.5602690577507019, "elapsed_seconds": 54227.20034941705, "tokens_per_second": 7710.5157062473145, "loss_main": 2.3108038306236267, "loss_total": 2.3108038306236267}
{"event": "update", "optimizer_step": 12770, "tokens_seen": 418447360, "lr": 0.00029868442816392555, "grad_norm": 0.5781584978103638, "elapsed_seconds": 54262.10728725005, "tokens_per_second": 7711.594350452409, "loss_main": 2.424269199371338, "loss_total": 2.424269199371338}
{"event": "update", "optimizer_step": 12780, "tokens_seen": 418775040, "lr": 0.0002986819877575732, "grad_norm": 0.5890604257583618, "elapsed_seconds": 54297.071809936024, "tokens_per_second": 7712.663428073975, "loss_main": 2.502855598926544, "loss_total": 2.502855598926544}
{"event": "update", "optimizer_step": 12790, "tokens_seen": 419102720, "lr": 0.00029867954510092527, "grad_norm": 0.5883766412734985, "elapsed_seconds": 54332.02201402205, "tokens_per_second": 7713.733162587574, "loss_main": 2.4367097318172455, "loss_total": 2.4367097318172455}
{"event": "update", "optimizer_step": 12800, "tokens_seen": 419430400, "lr": 0.0002986771001940229, "grad_norm": 0.5809527039527893, "elapsed_seconds": 54366.95664339501, "tokens_per_second": 7714.803731817058, "loss_main": 2.4078796803951263, "loss_total": 2.4078796803951263}
{"event": "update", "optimizer_step": 12810, "tokens_seen": 419758080, "lr": 0.0002986746530369073, "grad_norm": 0.585326611995697, "elapsed_seconds": 54401.901049102016, "tokens_per_second": 7715.8715395099, "loss_main": 2.4685977697372437, "loss_total": 2.4685977697372437}
{"event": "update", "optimizer_step": 12820, "tokens_seen": 420085760, "lr": 0.0002986722036296195, "grad_norm": 0.6144459843635559, "elapsed_seconds": 54436.847551079, "tokens_per_second": 7716.9376791304185, "loss_main": 2.433791399002075, "loss_total": 2.433791399002075}
{"event": "update", "optimizer_step": 12830, "tokens_seen": 420413440, "lr": 0.000298669751972201, "grad_norm": 0.5800158381462097, "elapsed_seconds": 54471.76777468901, "tokens_per_second": 7718.006174114848, "loss_main": 2.482422709465027, "loss_total": 2.482422709465027}
{"event": "update", "optimizer_step": 12840, "tokens_seen": 420741120, "lr": 0.0002986672980646927, "grad_norm": 0.5699218511581421, "elapsed_seconds": 54506.699258862005, "tokens_per_second": 7719.071705329755, "loss_main": 2.32428115606308, "loss_total": 2.32428115606308}
{"event": "update", "optimizer_step": 12850, "tokens_seen": 421068800, "lr": 0.00029866484190713626, "grad_norm": 0.644761323928833, "elapsed_seconds": 54541.64265184, "tokens_per_second": 7720.1341860538005, "loss_main": 2.522819146513939, "loss_total": 2.522819146513939}
{"event": "update", "optimizer_step": 12860, "tokens_seen": 421396480, "lr": 0.0002986623834995728, "grad_norm": 0.5860753059387207, "elapsed_seconds": 54576.54956482904, "tokens_per_second": 7721.200467234412, "loss_main": 2.3740033209323883, "loss_total": 2.3740033209323883}
{"event": "update", "optimizer_step": 12870, "tokens_seen": 421724160, "lr": 0.00029865992284204383, "grad_norm": 0.5674682855606079, "elapsed_seconds": 54611.500210853, "tokens_per_second": 7722.259201298965, "loss_main": 2.1852424144744873, "loss_total": 2.1852424144744873}
{"event": "update", "optimizer_step": 12880, "tokens_seen": 422051840, "lr": 0.00029865745993459076, "grad_norm": 0.5834286212921143, "elapsed_seconds": 54646.407414969, "tokens_per_second": 7723.322720834336, "loss_main": 2.3859086334705353, "loss_total": 2.3859086334705353}
{"event": "update", "optimizer_step": 12890, "tokens_seen": 422379520, "lr": 0.0002986549947772549, "grad_norm": 0.5875719785690308, "elapsed_seconds": 54681.360803966, "tokens_per_second": 7724.378358363113, "loss_main": 2.552540808916092, "loss_total": 2.552540808916092}
{"event": "update", "optimizer_step": 12900, "tokens_seen": 422707200, "lr": 0.000298652527370078, "grad_norm": 0.5548292398452759, "elapsed_seconds": 54716.27438671305, "tokens_per_second": 7725.438267460833, "loss_main": 2.4741895496845245, "loss_total": 2.4741895496845245}
{"event": "update", "optimizer_step": 12910, "tokens_seen": 423034880, "lr": 0.00029865005771310136, "grad_norm": 0.574869692325592, "elapsed_seconds": 54751.21057667205, "tokens_per_second": 7726.493634466656, "loss_main": 2.431153178215027, "loss_total": 2.431153178215027}
{"event": "update", "optimizer_step": 12920, "tokens_seen": 423362560, "lr": 0.0002986475858063666, "grad_norm": 0.5845455527305603, "elapsed_seconds": 54786.14462195401, "tokens_per_second": 7727.54795799866, "loss_main": 2.412300318479538, "loss_total": 2.412300318479538}
{"event": "update", "optimizer_step": 12930, "tokens_seen": 423690240, "lr": 0.0002986451116499155, "grad_norm": 0.578896701335907, "elapsed_seconds": 54821.106830011006, "tokens_per_second": 7728.59696747416, "loss_main": 2.373795136809349, "loss_total": 2.373795136809349}
{"event": "update", "optimizer_step": 12940, "tokens_seen": 424017920, "lr": 0.00029864263524378943, "grad_norm": 0.598791778087616, "elapsed_seconds": 54856.054844875005, "tokens_per_second": 7729.646639720289, "loss_main": 2.3931522965431213, "loss_total": 2.3931522965431213}
{"event": "update", "optimizer_step": 12950, "tokens_seen": 424345600, "lr": 0.0002986401565880304, "grad_norm": 0.7255452871322632, "elapsed_seconds": 54890.96321071405, "tokens_per_second": 7730.700559416908, "loss_main": 2.3974958658218384, "loss_total": 2.3974958658218384}
{"event": "update", "optimizer_step": 12960, "tokens_seen": 424673280, "lr": 0.00029863767568267987, "grad_norm": 0.6621772646903992, "elapsed_seconds": 54925.881797231035, "tokens_per_second": 7731.751700732986, "loss_main": 2.4359133541584015, "loss_total": 2.4359133541584015}
{"event": "update", "optimizer_step": 12970, "tokens_seen": 425000960, "lr": 0.00029863519252777975, "grad_norm": 0.5862207412719727, "elapsed_seconds": 54960.81795503205, "tokens_per_second": 7732.799034172456, "loss_main": 2.494550734758377, "loss_total": 2.494550734758377}
{"event": "update", "optimizer_step": 12980, "tokens_seen": 425328640, "lr": 0.00029863270712337164, "grad_norm": 0.6075754165649414, "elapsed_seconds": 54995.756191377004, "tokens_per_second": 7733.844744673024, "loss_main": 2.414335459470749, "loss_total": 2.414335459470749}
{"event": "update", "optimizer_step": 12990, "tokens_seen": 425656320, "lr": 0.00029863021946949773, "grad_norm": 0.5948330760002136, "elapsed_seconds": 55030.70963784505, "tokens_per_second": 7734.886989486918, "loss_main": 2.380854368209839, "loss_total": 2.380854368209839}
{"event": "update", "optimizer_step": 13000, "tokens_seen": 425984000, "lr": 0.00029862772956619954, "grad_norm": 0.6449636220932007, "elapsed_seconds": 55065.632442691014, "tokens_per_second": 7735.932215857839, "loss_main": 2.4854271709918976, "loss_total": 2.4854271709918976}
{"event": "update", "optimizer_step": 13010, "tokens_seen": 426311680, "lr": 0.00029862523741351914, "grad_norm": 0.572099506855011, "elapsed_seconds": 55100.879712894035, "tokens_per_second": 7736.93055757583, "loss_main": 2.3913420140743256, "loss_total": 2.3913420140743256}
{"event": "update", "optimizer_step": 13020, "tokens_seen": 426639360, "lr": 0.0002986227430114985, "grad_norm": 0.5772131681442261, "elapsed_seconds": 55136.299473794, "tokens_per_second": 7737.903415204342, "loss_main": 2.242784693837166, "loss_total": 2.242784693837166}
{"event": "update", "optimizer_step": 13030, "tokens_seen": 426967040, "lr": 0.00029862024636017953, "grad_norm": 0.576507568359375, "elapsed_seconds": 55171.24205639202, "tokens_per_second": 7738.941957543487, "loss_main": 2.449887603521347, "loss_total": 2.449887603521347}
{"event": "update", "optimizer_step": 13040, "tokens_seen": 427294720, "lr": 0.00029861774745960446, "grad_norm": 0.5882167220115662, "elapsed_seconds": 55206.202368181024, "tokens_per_second": 7739.976699543422, "loss_main": 2.5413268208503723, "loss_total": 2.5413268208503723}
{"event": "update", "optimizer_step": 13050, "tokens_seen": 427622400, "lr": 0.000298615246309815, "grad_norm": 0.571608304977417, "elapsed_seconds": 55241.112471645, "tokens_per_second": 7741.017167594091, "loss_main": 2.3042275309562683, "loss_total": 2.3042275309562683}
{"event": "update", "optimizer_step": 13060, "tokens_seen": 427950080, "lr": 0.00029861274291085357, "grad_norm": 0.6320918202400208, "elapsed_seconds": 55276.04997239803, "tokens_per_second": 7742.0524840992775, "loss_main": 2.366173654794693, "loss_total": 2.366173654794693}
{"event": "update", "optimizer_step": 13070, "tokens_seen": 428277760, "lr": 0.0002986102372627622, "grad_norm": 1.6816579103469849, "elapsed_seconds": 55310.997236932046, "tokens_per_second": 7743.085125827962, "loss_main": 2.2958599030971527, "loss_total": 2.2958599030971527}
{"event": "update", "optimizer_step": 13080, "tokens_seen": 428605440, "lr": 0.000298607729365583, "grad_norm": 0.5745567679405212, "elapsed_seconds": 55345.953621969034, "tokens_per_second": 7744.115187309181, "loss_main": 2.2734742015600204, "loss_total": 2.2734742015600204}
{"event": "update", "optimizer_step": 13090, "tokens_seen": 428933120, "lr": 0.00029860521921935823, "grad_norm": 0.5807004570960999, "elapsed_seconds": 55380.90004299203, "tokens_per_second": 7745.145341932336, "loss_main": 2.517533525824547, "loss_total": 2.517533525824547}
{"event": "update", "optimizer_step": 13100, "tokens_seen": 429260800, "lr": 0.0002986027068241303, "grad_norm": 0.6277576684951782, "elapsed_seconds": 55415.821214871015, "tokens_per_second": 7746.1777266743175, "loss_main": 2.4363210797309875, "loss_total": 2.4363210797309875}
{"event": "update", "optimizer_step": 13110, "tokens_seen": 429588480, "lr": 0.0002986001921799412, "grad_norm": 0.5629504323005676, "elapsed_seconds": 55450.761861520004, "tokens_per_second": 7747.206090203649, "loss_main": 2.440207600593567, "loss_total": 2.440207600593567}
{"event": "update", "optimizer_step": 13120, "tokens_seen": 429916160, "lr": 0.00029859767528683345, "grad_norm": 1.1236087083816528, "elapsed_seconds": 55485.69261216803, "tokens_per_second": 7748.234540478986, "loss_main": 2.576124429702759, "loss_total": 2.576124429702759}
{"event": "update", "optimizer_step": 13130, "tokens_seen": 430243840, "lr": 0.00029859515614484946, "grad_norm": 0.6117268800735474, "elapsed_seconds": 55520.63082754001, "tokens_per_second": 7749.260654772411, "loss_main": 2.5499250888824463, "loss_total": 2.5499250888824463}
{"event": "update", "optimizer_step": 13140, "tokens_seen": 430571520, "lr": 0.00029859263475403154, "grad_norm": 0.6170544028282166, "elapsed_seconds": 55555.57299084304, "tokens_per_second": 7750.284927687976, "loss_main": 2.4926574528217316, "loss_total": 2.4926574528217316}
{"event": "update", "optimizer_step": 13150, "tokens_seen": 430899200, "lr": 0.0002985901111144222, "grad_norm": 0.5659287571907043, "elapsed_seconds": 55590.500304987014, "tokens_per_second": 7751.309983467519, "loss_main": 2.3278798162937164, "loss_total": 2.3278798162937164}
{"event": "update", "optimizer_step": 13160, "tokens_seen": 431226880, "lr": 0.0002985875852260638, "grad_norm": 0.5614620447158813, "elapsed_seconds": 55625.461247496016, "tokens_per_second": 7752.329065305714, "loss_main": 2.2984361797571182, "loss_total": 2.2984361797571182}
{"event": "update", "optimizer_step": 13170, "tokens_seen": 431554560, "lr": 0.000298585057088999, "grad_norm": 0.5851942896842957, "elapsed_seconds": 55660.417172756046, "tokens_per_second": 7753.347565839515, "loss_main": 2.41075798869133, "loss_total": 2.41075798869133}
{"event": "update", "optimizer_step": 13180, "tokens_seen": 431882240, "lr": 0.0002985825267032702, "grad_norm": 0.6005815267562866, "elapsed_seconds": 55695.347303388, "tokens_per_second": 7754.368379236737, "loss_main": 2.1827328503131866, "loss_total": 2.1827328503131866}
{"event": "update", "optimizer_step": 13190, "tokens_seen": 432209920, "lr": 0.00029857999406892016, "grad_norm": 0.6068007349967957, "elapsed_seconds": 55730.299836361024, "tokens_per_second": 7755.384795507708, "loss_main": 2.5948606431484222, "loss_total": 2.5948606431484222}
{"event": "update", "optimizer_step": 13200, "tokens_seen": 432537600, "lr": 0.0002985774591859915, "grad_norm": 0.6355649828910828, "elapsed_seconds": 55765.24137563404, "tokens_per_second": 7756.401466756533, "loss_main": 2.3494700640439987, "loss_total": 2.3494700640439987}
{"event": "update", "optimizer_step": 13210, "tokens_seen": 432865280, "lr": 0.0002985749220545267, "grad_norm": 0.6993532776832581, "elapsed_seconds": 55800.26417158201, "tokens_per_second": 7757.40556834944, "loss_main": 2.453204959630966, "loss_total": 2.453204959630966}
{"event": "update", "optimizer_step": 13220, "tokens_seen": 433192960, "lr": 0.00029857238267456867, "grad_norm": 0.5952393412590027, "elapsed_seconds": 55835.19846715103, "tokens_per_second": 7758.420707591039, "loss_main": 2.212892383337021, "loss_total": 2.212892383337021}
{"event": "update", "optimizer_step": 13230, "tokens_seen": 433520640, "lr": 0.00029856984104616006, "grad_norm": 0.6258021593093872, "elapsed_seconds": 55870.14667078701, "tokens_per_second": 7759.432645747397, "loss_main": 2.2672754526138306, "loss_total": 2.2672754526138306}
{"event": "update", "optimizer_step": 13240, "tokens_seen": 433848320, "lr": 0.00029856729716934373, "grad_norm": 0.6095613241195679, "elapsed_seconds": 55905.104748123034, "tokens_per_second": 7760.441948095377, "loss_main": 2.4991737604141235, "loss_total": 2.4991737604141235}
{"event": "update", "optimizer_step": 13250, "tokens_seen": 434176000, "lr": 0.0002985647510441624, "grad_norm": 0.5918475389480591, "elapsed_seconds": 55940.028975102, "tokens_per_second": 7761.45468557488, "loss_main": 2.3553305566310883, "loss_total": 2.3553305566310883}
{"event": "update", "optimizer_step": 13260, "tokens_seen": 434503680, "lr": 0.00029856220267065895, "grad_norm": 0.6007785201072693, "elapsed_seconds": 55974.948156849016, "tokens_per_second": 7762.466858968135, "loss_main": 2.3915141224861145, "loss_total": 2.3915141224861145}
{"event": "update", "optimizer_step": 13270, "tokens_seen": 434831360, "lr": 0.00029855965204887637, "grad_norm": 0.5727195739746094, "elapsed_seconds": 56009.889744944, "tokens_per_second": 7763.4746645658615, "loss_main": 2.487178683280945, "loss_total": 2.487178683280945}
{"event": "update", "optimizer_step": 13280, "tokens_seen": 435159040, "lr": 0.0002985570991788575, "grad_norm": 0.6065694689750671, "elapsed_seconds": 56044.83163596201, "tokens_per_second": 7764.481171547916, "loss_main": 2.4231555461883545, "loss_total": 2.4231555461883545}
{"event": "update", "optimizer_step": 13290, "tokens_seen": 435486720, "lr": 0.0002985545440606453, "grad_norm": 0.6171683073043823, "elapsed_seconds": 56079.773944455024, "tokens_per_second": 7765.486366463134, "loss_main": 2.4295212626457214, "loss_total": 2.4295212626457214}
{"event": "update", "optimizer_step": 13300, "tokens_seen": 435814400, "lr": 0.0002985519866942829, "grad_norm": 0.6032751798629761, "elapsed_seconds": 56114.68035751104, "tokens_per_second": 7766.495277588542, "loss_main": 2.5377596020698547, "loss_total": 2.5377596020698547}
{"event": "update", "optimizer_step": 13310, "tokens_seen": 436142080, "lr": 0.0002985494270798133, "grad_norm": 0.5643662214279175, "elapsed_seconds": 56149.631041074, "tokens_per_second": 7767.496810102953, "loss_main": 2.4258548468351364, "loss_total": 2.4258548468351364}
{"event": "update", "optimizer_step": 13320, "tokens_seen": 436469760, "lr": 0.00029854686521727956, "grad_norm": 0.6103377938270569, "elapsed_seconds": 56184.58515336702, "tokens_per_second": 7768.496622491183, "loss_main": 2.518745541572571, "loss_total": 2.518745541572571}
{"event": "update", "optimizer_step": 13330, "tokens_seen": 436797440, "lr": 0.0002985443011067247, "grad_norm": 0.5683041214942932, "elapsed_seconds": 56219.527506893035, "tokens_per_second": 7769.496816678949, "loss_main": 2.3869487941265106, "loss_total": 2.3869487941265106}
{"event": "update", "optimizer_step": 13340, "tokens_seen": 437125120, "lr": 0.000298541734748192, "grad_norm": 0.5851256251335144, "elapsed_seconds": 56254.463386319054, "tokens_per_second": 7770.496662604513, "loss_main": 2.4335575699806213, "loss_total": 2.4335575699806213}
{"event": "update", "optimizer_step": 13350, "tokens_seen": 437452800, "lr": 0.00029853916614172474, "grad_norm": 0.558802604675293, "elapsed_seconds": 56289.39313321805, "tokens_per_second": 7771.4961141026415, "loss_main": 2.359922021627426, "loss_total": 2.359922021627426}
{"event": "update", "optimizer_step": 13360, "tokens_seen": 437780480, "lr": 0.000298536595287366, "grad_norm": 0.5480061173439026, "elapsed_seconds": 56324.333172741, "tokens_per_second": 7772.492905639412, "loss_main": 2.3191308975219727, "loss_total": 2.3191308975219727}
{"event": "update", "optimizer_step": 13370, "tokens_seen": 438108160, "lr": 0.00029853402218515913, "grad_norm": 0.6547271609306335, "elapsed_seconds": 56359.26480248303, "tokens_per_second": 7773.489621189988, "loss_main": 2.411584109067917, "loss_total": 2.411584109067917}
{"event": "update", "optimizer_step": 13380, "tokens_seen": 438435840, "lr": 0.00029853144683514743, "grad_norm": 2.390110969543457, "elapsed_seconds": 56394.22552941, "tokens_per_second": 7774.481090645575, "loss_main": 2.415009528398514, "loss_total": 2.415009528398514}
{"event": "update", "optimizer_step": 13390, "tokens_seen": 438763520, "lr": 0.0002985288692373743, "grad_norm": 0.5717512369155884, "elapsed_seconds": 56429.16545469803, "tokens_per_second": 7775.474197863945, "loss_main": 2.4955060482025146, "loss_total": 2.4955060482025146}
{"event": "update", "optimizer_step": 13400, "tokens_seen": 439091200, "lr": 0.0002985262893918831, "grad_norm": 0.5530195236206055, "elapsed_seconds": 56464.10218031, "tokens_per_second": 7776.466516687457, "loss_main": 2.498427301645279, "loss_total": 2.498427301645279}
{"event": "update", "optimizer_step": 13410, "tokens_seen": 439418880, "lr": 0.0002985237072987172, "grad_norm": 0.6085607409477234, "elapsed_seconds": 56499.04413187201, "tokens_per_second": 7777.456888905432, "loss_main": 2.5201548635959625, "loss_total": 2.5201548635959625}
{"event": "update", "optimizer_step": 13420, "tokens_seen": 439746560, "lr": 0.00029852112295792005, "grad_norm": 0.562629759311676, "elapsed_seconds": 56534.00152880902, "tokens_per_second": 7778.443911774238, "loss_main": 2.374154359102249, "loss_total": 2.374154359102249}
{"event": "update", "optimizer_step": 13430, "tokens_seen": 440074240, "lr": 0.00029851853636953527, "grad_norm": 0.5820401310920715, "elapsed_seconds": 56568.962292587035, "tokens_per_second": 7779.429251748333, "loss_main": 2.3787540942430496, "loss_total": 2.3787540942430496}
{"event": "update", "optimizer_step": 13440, "tokens_seen": 440401920, "lr": 0.00029851594753360633, "grad_norm": 0.5600699186325073, "elapsed_seconds": 56603.90906060301, "tokens_per_second": 7780.415298323009, "loss_main": 2.469813972711563, "loss_total": 2.469813972711563}
{"event": "update", "optimizer_step": 13450, "tokens_seen": 440729600, "lr": 0.0002985133564501768, "grad_norm": 0.5480600595474243, "elapsed_seconds": 56638.85182948405, "tokens_per_second": 7781.400677521729, "loss_main": 2.3721345961093903, "loss_total": 2.3721345961093903}
{"event": "update", "optimizer_step": 13460, "tokens_seen": 441057280, "lr": 0.0002985107631192904, "grad_norm": 0.5851469039916992, "elapsed_seconds": 56673.82644761301, "tokens_per_second": 7782.38046812836, "loss_main": 2.2924835830926895, "loss_total": 2.2924835830926895}
{"event": "update", "optimizer_step": 13470, "tokens_seen": 441384960, "lr": 0.0002985081675409906, "grad_norm": 0.5866817235946655, "elapsed_seconds": 56708.777038131026, "tokens_per_second": 7783.362348005008, "loss_main": 2.3579134345054626, "loss_total": 2.3579134345054626}
{"event": "update", "optimizer_step": 13480, "tokens_seen": 441712640, "lr": 0.00029850556971532127, "grad_norm": 0.5961667895317078, "elapsed_seconds": 56743.67804333405, "tokens_per_second": 7784.349820656191, "loss_main": 2.4960825443267822, "loss_total": 2.4960825443267822}
{"event": "update", "optimizer_step": 13490, "tokens_seen": 442040320, "lr": 0.00029850296964232593, "grad_norm": 0.5720306038856506, "elapsed_seconds": 56778.65030409105, "tokens_per_second": 7785.32630896564, "loss_main": 2.549138695001602, "loss_total": 2.549138695001602}
{"event": "update", "optimizer_step": 13500, "tokens_seen": 442368000, "lr": 0.0002985003673220486, "grad_norm": 0.6219460368156433, "elapsed_seconds": 56813.602394025016, "tokens_per_second": 7786.30435950886, "loss_main": 2.5308611392974854, "loss_total": 2.5308611392974854}
{"event": "update", "optimizer_step": 13510, "tokens_seen": 442695680, "lr": 0.00029849776275453293, "grad_norm": 0.6150659322738647, "elapsed_seconds": 56848.56733743701, "tokens_per_second": 7787.279446679521, "loss_main": 2.320411592721939, "loss_total": 2.320411592721939}
{"event": "update", "optimizer_step": 13520, "tokens_seen": 443023360, "lr": 0.00029849515593982276, "grad_norm": 0.6059491634368896, "elapsed_seconds": 56883.50643301103, "tokens_per_second": 7788.256874103345, "loss_main": 2.3572352677583694, "loss_total": 2.3572352677583694}
{"event": "update", "optimizer_step": 13530, "tokens_seen": 443351040, "lr": 0.0002984925468779621, "grad_norm": 0.591134250164032, "elapsed_seconds": 56918.44431986101, "tokens_per_second": 7789.233266962252, "loss_main": 2.5879128873348236, "loss_total": 2.5879128873348236}
{"event": "update", "optimizer_step": 13540, "tokens_seen": 443678720, "lr": 0.00029848993556899465, "grad_norm": 0.5544895529747009, "elapsed_seconds": 56953.384909215034, "tokens_per_second": 7790.208092236024, "loss_main": 2.3517760634422302, "loss_total": 2.3517760634422302}
{"event": "update", "optimizer_step": 13550, "tokens_seen": 444006400, "lr": 0.00029848732201296453, "grad_norm": 0.5821733474731445, "elapsed_seconds": 56988.34023268602, "tokens_per_second": 7791.179707763051, "loss_main": 2.2721832394599915, "loss_total": 2.2721832394599915}
{"event": "update", "optimizer_step": 13560, "tokens_seen": 444334080, "lr": 0.00029848470620991575, "grad_norm": 0.582793116569519, "elapsed_seconds": 57023.292794318, "tokens_per_second": 7792.150509489256, "loss_main": 2.4860502183437347, "loss_total": 2.4860502183437347}
{"event": "update", "optimizer_step": 13570, "tokens_seen": 444661760, "lr": 0.00029848208815989234, "grad_norm": 0.5697751641273499, "elapsed_seconds": 57058.24841820105, "tokens_per_second": 7793.119703586222, "loss_main": 2.488190084695816, "loss_total": 2.488190084695816}
{"event": "update", "optimizer_step": 13580, "tokens_seen": 444989440, "lr": 0.0002984794678629382, "grad_norm": 0.6035959720611572, "elapsed_seconds": 57093.225007777044, "tokens_per_second": 7794.08484876069, "loss_main": 2.4315744638442993, "loss_total": 2.4315744638442993}
{"event": "update", "optimizer_step": 13590, "tokens_seen": 445317120, "lr": 0.0002984768453190976, "grad_norm": 0.5785011053085327, "elapsed_seconds": 57128.164629127015, "tokens_per_second": 7795.053856376709, "loss_main": 2.4120274633169174, "loss_total": 2.4120274633169174}
{"event": "update", "optimizer_step": 13600, "tokens_seen": 445644800, "lr": 0.0002984742205284147, "grad_norm": 0.6449123024940491, "elapsed_seconds": 57163.12569149205, "tokens_per_second": 7796.018755257257, "loss_main": 2.462162733078003, "loss_total": 2.462162733078003}
{"event": "update", "optimizer_step": 13610, "tokens_seen": 445972480, "lr": 0.0002984715934909336, "grad_norm": 0.6010585427284241, "elapsed_seconds": 57198.08767811704, "tokens_per_second": 7796.98234860081, "loss_main": 2.4859730899333954, "loss_total": 2.4859730899333954}
{"event": "update", "optimizer_step": 13620, "tokens_seen": 446300160, "lr": 0.0002984689642066985, "grad_norm": 0.5788446068763733, "elapsed_seconds": 57233.05586015101, "tokens_per_second": 7797.943920564622, "loss_main": 2.335219994187355, "loss_total": 2.335219994187355}
{"event": "update", "optimizer_step": 13630, "tokens_seen": 446627840, "lr": 0.00029846633267575375, "grad_norm": 0.6216914057731628, "elapsed_seconds": 57267.98146568902, "tokens_per_second": 7798.910116424973, "loss_main": 2.5428993701934814, "loss_total": 2.5428993701934814}
{"event": "update", "optimizer_step": 13640, "tokens_seen": 446955520, "lr": 0.0002984636988981436, "grad_norm": 0.5957261323928833, "elapsed_seconds": 57302.89273163403, "tokens_per_second": 7799.87708636668, "loss_main": 2.3217492401599884, "loss_total": 2.3217492401599884}
{"event": "update", "optimizer_step": 13650, "tokens_seen": 447283200, "lr": 0.0002984610628739123, "grad_norm": 0.640431821346283, "elapsed_seconds": 57337.81871340901, "tokens_per_second": 7800.840876693456, "loss_main": 2.589783936738968, "loss_total": 2.589783936738968}
{"event": "update", "optimizer_step": 13660, "tokens_seen": 447610880, "lr": 0.00029845842460310445, "grad_norm": 0.6330215930938721, "elapsed_seconds": 57372.76635179401, "tokens_per_second": 7801.800548632661, "loss_main": 2.395457088947296, "loss_total": 2.395457088947296}
{"event": "update", "optimizer_step": 13670, "tokens_seen": 447938560, "lr": 0.0002984557840857643, "grad_norm": 0.6434397101402283, "elapsed_seconds": 57407.68208954303, "tokens_per_second": 7802.763388030838, "loss_main": 2.4111160039901733, "loss_total": 2.4111160039901733}
{"event": "update", "optimizer_step": 13680, "tokens_seen": 448266240, "lr": 0.0002984531413219362, "grad_norm": 0.5762336850166321, "elapsed_seconds": 57442.64837926801, "tokens_per_second": 7803.718189319882, "loss_main": 2.348354011774063, "loss_total": 2.348354011774063}
{"event": "update", "optimizer_step": 13690, "tokens_seen": 448593920, "lr": 0.00029845049631166496, "grad_norm": 0.5873947739601135, "elapsed_seconds": 57477.59066373302, "tokens_per_second": 7804.675088495872, "loss_main": 2.450825333595276, "loss_total": 2.450825333595276}
{"event": "update", "optimizer_step": 13700, "tokens_seen": 448921600, "lr": 0.0002984478490549947, "grad_norm": 0.6184824705123901, "elapsed_seconds": 57512.553200340015, "tokens_per_second": 7805.62807629528, "loss_main": 2.5437698662281036, "loss_total": 2.5437698662281036}
{"event": "update", "optimizer_step": 13710, "tokens_seen": 449249280, "lr": 0.00029844519955197026, "grad_norm": 0.5766949653625488, "elapsed_seconds": 57547.502030301024, "tokens_per_second": 7806.58176550309, "loss_main": 2.570951282978058, "loss_total": 2.570951282978058}
{"event": "update", "optimizer_step": 13720, "tokens_seen": 449576960, "lr": 0.00029844254780263615, "grad_norm": 0.5856314301490784, "elapsed_seconds": 57582.47508294601, "tokens_per_second": 7807.531012732545, "loss_main": 2.4260382056236267, "loss_total": 2.4260382056236267}
{"event": "update", "optimizer_step": 13730, "tokens_seen": 449904640, "lr": 0.0002984398938070371, "grad_norm": 0.572314977645874, "elapsed_seconds": 57617.41749414103, "tokens_per_second": 7808.483260218139, "loss_main": 2.3359471559524536, "loss_total": 2.3359471559524536}
{"event": "update", "optimizer_step": 13740, "tokens_seen": 450232320, "lr": 0.00029843723756521764, "grad_norm": 0.6574258208274841, "elapsed_seconds": 57652.33896032104, "tokens_per_second": 7809.437190568632, "loss_main": 2.5332556068897247, "loss_total": 2.5332556068897247}
{"event": "update", "optimizer_step": 13750, "tokens_seen": 450560000, "lr": 0.00029843457907722257, "grad_norm": 0.9007660746574402, "elapsed_seconds": 57687.28331522801, "tokens_per_second": 7810.386867031809, "loss_main": 2.4970607459545135, "loss_total": 2.4970607459545135}
{"event": "update", "optimizer_step": 13760, "tokens_seen": 450887680, "lr": 0.0002984319183430966, "grad_norm": 0.6320825219154358, "elapsed_seconds": 57722.281167094014, "tokens_per_second": 7811.328154110435, "loss_main": 2.3689728677272797, "loss_total": 2.3689728677272797}
{"event": "update", "optimizer_step": 13770, "tokens_seen": 451215360, "lr": 0.0002984292553628846, "grad_norm": 0.6691157221794128, "elapsed_seconds": 57757.22790711204, "tokens_per_second": 7812.275213860095, "loss_main": 2.4313052892684937, "loss_total": 2.4313052892684937}
{"event": "update", "optimizer_step": 13780, "tokens_seen": 451543040, "lr": 0.00029842659013663126, "grad_norm": 0.5794713497161865, "elapsed_seconds": 57792.18021181901, "tokens_per_second": 7813.22037592303, "loss_main": 2.3850138187408447, "loss_total": 2.3850138187408447}
{"event": "update", "optimizer_step": 13790, "tokens_seen": 451870720, "lr": 0.00029842392266438156, "grad_norm": 0.6191383004188538, "elapsed_seconds": 57827.130978, "tokens_per_second": 7814.164603322818, "loss_main": 2.4852152168750763, "loss_total": 2.4852152168750763}
{"event": "update", "optimizer_step": 13800, "tokens_seen": 452198400, "lr": 0.0002984212529461804, "grad_norm": 0.6454209089279175, "elapsed_seconds": 57862.05833690503, "tokens_per_second": 7815.110851519486, "loss_main": 2.3661348819732666, "loss_total": 2.3661348819732666}
{"event": "update", "optimizer_step": 13810, "tokens_seen": 452526080, "lr": 0.0002984185809820726, "grad_norm": 0.5892758965492249, "elapsed_seconds": 57897.00136168103, "tokens_per_second": 7816.053843152974, "loss_main": 2.4462136924266815, "loss_total": 2.4462136924266815}
{"event": "update", "optimizer_step": 13820, "tokens_seen": 452853760, "lr": 0.00029841590677210327, "grad_norm": 0.6065642237663269, "elapsed_seconds": 57931.932045530004, "tokens_per_second": 7816.997362423405, "loss_main": 2.4469078481197357, "loss_total": 2.4469078481197357}
{"event": "update", "optimizer_step": 13830, "tokens_seen": 453181440, "lr": 0.0002984132303163173, "grad_norm": 0.5851083993911743, "elapsed_seconds": 57966.85031438904, "tokens_per_second": 7817.941418968339, "loss_main": 2.3108887672424316, "loss_total": 2.3108887672424316}
{"event": "update", "optimizer_step": 13840, "tokens_seen": 453509120, "lr": 0.0002984105516147599, "grad_norm": 0.5837873816490173, "elapsed_seconds": 58001.77630638401, "tokens_per_second": 7818.883297718663, "loss_main": 2.277544677257538, "loss_total": 2.277544677257538}
{"event": "update", "optimizer_step": 13850, "tokens_seen": 453836800, "lr": 0.00029840787066747604, "grad_norm": 0.6382070779800415, "elapsed_seconds": 58036.74739349104, "tokens_per_second": 7819.817966761158, "loss_main": 2.399827092885971, "loss_total": 2.399827092885971}
{"event": "update", "optimizer_step": 13860, "tokens_seen": 454164480, "lr": 0.0002984051874745109, "grad_norm": 0.6058539152145386, "elapsed_seconds": 58071.72140145104, "tokens_per_second": 7820.751116715679, "loss_main": 2.4514336585998535, "loss_total": 2.4514336585998535}
{"event": "update", "optimizer_step": 13870, "tokens_seen": 454492160, "lr": 0.0002984025020359096, "grad_norm": 0.6029292345046997, "elapsed_seconds": 58106.633338504005, "tokens_per_second": 7821.6914986680795, "loss_main": 2.5227272510528564, "loss_total": 2.5227272510528564}
{"event": "update", "optimizer_step": 13880, "tokens_seen": 454819840, "lr": 0.00029839981435171743, "grad_norm": 0.5993512868881226, "elapsed_seconds": 58141.59415960603, "tokens_per_second": 7822.624174209293, "loss_main": 2.468289077281952, "loss_total": 2.468289077281952}
{"event": "update", "optimizer_step": 13890, "tokens_seen": 455147520, "lr": 0.0002983971244219796, "grad_norm": 0.602915346622467, "elapsed_seconds": 58176.56739183201, "tokens_per_second": 7823.554059738195, "loss_main": 2.292732924222946, "loss_total": 2.292732924222946}
{"event": "update", "optimizer_step": 13900, "tokens_seen": 455475200, "lr": 0.00029839443224674133, "grad_norm": 0.56354159116745, "elapsed_seconds": 58211.531352102, "tokens_per_second": 7824.4840742117485, "loss_main": 2.294962167739868, "loss_total": 2.294962167739868}
{"event": "update", "optimizer_step": 13910, "tokens_seen": 455802880, "lr": 0.00029839173782604804, "grad_norm": 0.6092816591262817, "elapsed_seconds": 58246.49825383705, "tokens_per_second": 7825.412576969354, "loss_main": 2.620401829481125, "loss_total": 2.620401829481125}
{"event": "update", "optimizer_step": 13920, "tokens_seen": 456130560, "lr": 0.00029838904115994484, "grad_norm": 0.5574942827224731, "elapsed_seconds": 58281.45920216001, "tokens_per_second": 7826.3407650420495, "loss_main": 2.2790403962135315, "loss_total": 2.2790403962135315}
{"event": "update", "optimizer_step": 13930, "tokens_seen": 456458240, "lr": 0.0002983863422484775, "grad_norm": 0.5664180517196655, "elapsed_seconds": 58316.421089401, "tokens_per_second": 7827.26771418696, "loss_main": 2.5425726771354675, "loss_total": 2.5425726771354675}
{"event": "update", "optimizer_step": 13940, "tokens_seen": 456785920, "lr": 0.0002983836410916912, "grad_norm": 0.6108466982841492, "elapsed_seconds": 58351.35340891103, "tokens_per_second": 7828.197519241134, "loss_main": 2.414177119731903, "loss_total": 2.414177119731903}
{"event": "update", "optimizer_step": 13950, "tokens_seen": 457113600, "lr": 0.00029838093768963145, "grad_norm": 0.5713655352592468, "elapsed_seconds": 58386.31719588605, "tokens_per_second": 7829.121992167861, "loss_main": 2.4517956376075745, "loss_total": 2.4517956376075745}
{"event": "update", "optimizer_step": 13960, "tokens_seen": 457441280, "lr": 0.00029837823204234386, "grad_norm": 0.6013849377632141, "elapsed_seconds": 58421.26233951305, "tokens_per_second": 7830.047857261224, "loss_main": 2.4769019186496735, "loss_total": 2.4769019186496735}
{"event": "update", "optimizer_step": 13970, "tokens_seen": 457768960, "lr": 0.0002983755241498738, "grad_norm": 0.5730273127555847, "elapsed_seconds": 58456.226067915035, "tokens_per_second": 7830.970125716966, "loss_main": 2.4321124255657196, "loss_total": 2.4321124255657196}
{"event": "update", "optimizer_step": 13980, "tokens_seen": 458096640, "lr": 0.00029837281401226697, "grad_norm": 0.6286830306053162, "elapsed_seconds": 58491.176333056006, "tokens_per_second": 7831.893094294102, "loss_main": 2.6177494525909424, "loss_total": 2.6177494525909424}
{"event": "update", "optimizer_step": 13990, "tokens_seen": 458424320, "lr": 0.00029837010162956897, "grad_norm": 0.5713009834289551, "elapsed_seconds": 58526.12945868203, "tokens_per_second": 7832.814577694498, "loss_main": 2.516645073890686, "loss_total": 2.516645073890686}
{"event": "update", "optimizer_step": 14000, "tokens_seen": 458752000, "lr": 0.00029836738700182545, "grad_norm": 0.5687782168388367, "elapsed_seconds": 58561.080152245006, "tokens_per_second": 7833.73528642834, "loss_main": 2.5038934648036957, "loss_total": 2.5038934648036957}
{"event": "update", "optimizer_step": 14010, "tokens_seen": 459079680, "lr": 0.00029836467012908207, "grad_norm": 0.5892475843429565, "elapsed_seconds": 58596.11490058602, "tokens_per_second": 7834.64365818234, "loss_main": 2.3652568459510803, "loss_total": 2.3652568459510803}
{"event": "update", "optimizer_step": 14020, "tokens_seen": 459407360, "lr": 0.0002983619510113846, "grad_norm": 0.6016134023666382, "elapsed_seconds": 58631.05295069504, "tokens_per_second": 7835.563867262152, "loss_main": 2.4179960787296295, "loss_total": 2.4179960787296295}
{"event": "update", "optimizer_step": 14030, "tokens_seen": 459735040, "lr": 0.00029835922964877883, "grad_norm": 0.5649223327636719, "elapsed_seconds": 58666.00010550505, "tokens_per_second": 7836.48176410888, "loss_main": 2.197409898042679, "loss_total": 2.197409898042679}
{"event": "update", "optimizer_step": 14040, "tokens_seen": 460062720, "lr": 0.0002983565060413106, "grad_norm": 0.5994400978088379, "elapsed_seconds": 58701.29268389003, "tokens_per_second": 7837.352449416493, "loss_main": 2.580141454935074, "loss_total": 2.580141454935074}
{"event": "update", "optimizer_step": 14050, "tokens_seen": 460390400, "lr": 0.0002983537801890257, "grad_norm": 0.5880722999572754, "elapsed_seconds": 58736.73420713504, "tokens_per_second": 7838.202212203928, "loss_main": 2.2876597344875336, "loss_total": 2.2876597344875336}
{"event": "update", "optimizer_step": 14060, "tokens_seen": 460718080, "lr": 0.00029835105209197004, "grad_norm": 0.6204041242599487, "elapsed_seconds": 58771.692413373035, "tokens_per_second": 7839.115415624261, "loss_main": 2.387732148170471, "loss_total": 2.387732148170471}
{"event": "update", "optimizer_step": 14070, "tokens_seen": 461045760, "lr": 0.00029834832175018946, "grad_norm": 0.6129484176635742, "elapsed_seconds": 58806.66612295504, "tokens_per_second": 7840.025466433165, "loss_main": 2.4111553877592087, "loss_total": 2.4111553877592087}
{"event": "update", "optimizer_step": 14080, "tokens_seen": 461373440, "lr": 0.00029834558916372995, "grad_norm": 0.6037224531173706, "elapsed_seconds": 58841.595355304016, "tokens_per_second": 7840.940362240051, "loss_main": 2.5271027982234955, "loss_total": 2.5271027982234955}
{"event": "update", "optimizer_step": 14090, "tokens_seen": 461701120, "lr": 0.00029834285433263767, "grad_norm": 0.5947816371917725, "elapsed_seconds": 58876.54834694305, "tokens_per_second": 7841.851007965418, "loss_main": 2.3594655990600586, "loss_total": 2.3594655990600586}
{"event": "update", "optimizer_step": 14100, "tokens_seen": 462028800, "lr": 0.0002983401172569585, "grad_norm": 0.6534268260002136, "elapsed_seconds": 58911.51339414, "tokens_per_second": 7842.758968163914, "loss_main": 2.336061492562294, "loss_total": 2.336061492562294}
{"event": "update", "optimizer_step": 14110, "tokens_seen": 462356480, "lr": 0.0002983373779367385, "grad_norm": 0.5911238193511963, "elapsed_seconds": 58946.42087206105, "tokens_per_second": 7843.673511637142, "loss_main": 2.4453573524951935, "loss_total": 2.4453573524951935}
{"event": "update", "optimizer_step": 14120, "tokens_seen": 462684160, "lr": 0.0002983346363720238, "grad_norm": 0.6306397318840027, "elapsed_seconds": 58981.359471578035, "tokens_per_second": 7844.582833377356, "loss_main": 2.3166545927524567, "loss_total": 2.3166545927524567}
{"event": "update", "optimizer_step": 14130, "tokens_seen": 463011840, "lr": 0.00029833189256286063, "grad_norm": 0.588506817817688, "elapsed_seconds": 59016.26136188401, "tokens_per_second": 7845.495958492532, "loss_main": 2.3527256548404694, "loss_total": 2.3527256548404694}
{"event": "update", "optimizer_step": 14140, "tokens_seen": 463339520, "lr": 0.0002983291465092951, "grad_norm": 0.565574049949646, "elapsed_seconds": 59051.187241394015, "tokens_per_second": 7846.40481665381, "loss_main": 2.521557956933975, "loss_total": 2.521557956933975}
{"event": "update", "optimizer_step": 14150, "tokens_seen": 463667200, "lr": 0.0002983263982113735, "grad_norm": 0.5805439352989197, "elapsed_seconds": 59086.135257933, "tokens_per_second": 7847.3096603106615, "loss_main": 2.2936610281467438, "loss_total": 2.2936610281467438}
{"event": "update", "optimizer_step": 14160, "tokens_seen": 463994880, "lr": 0.00029832364766914203, "grad_norm": 0.6139628291130066, "elapsed_seconds": 59121.07244715502, "tokens_per_second": 7848.214871520451, "loss_main": 2.399713009595871, "loss_total": 2.399713009595871}
{"event": "update", "optimizer_step": 14170, "tokens_seen": 464322560, "lr": 0.00029832089488264696, "grad_norm": 0.6021256446838379, "elapsed_seconds": 59156.027158843004, "tokens_per_second": 7849.116688536617, "loss_main": 2.4365093111991882, "loss_total": 2.4365093111991882}
{"event": "update", "optimizer_step": 14180, "tokens_seen": 464650240, "lr": 0.0002983181398519347, "grad_norm": 0.5955917239189148, "elapsed_seconds": 59190.959430367046, "tokens_per_second": 7850.020416489787, "loss_main": 2.4605718553066254, "loss_total": 2.4605718553066254}
{"event": "update", "optimizer_step": 14190, "tokens_seen": 464977920, "lr": 0.0002983153825770517, "grad_norm": 0.617715060710907, "elapsed_seconds": 59225.867946296, "tokens_per_second": 7850.92622739824, "loss_main": 2.288573697209358, "loss_total": 2.288573697209358}
{"event": "update", "optimizer_step": 14200, "tokens_seen": 465305600, "lr": 0.0002983126230580442, "grad_norm": 0.5622485280036926, "elapsed_seconds": 59260.83384185302, "tokens_per_second": 7851.8233685631585, "loss_main": 2.264277085661888, "loss_total": 2.264277085661888}
{"event": "update", "optimizer_step": 14210, "tokens_seen": 465633280, "lr": 0.0002983098612949587, "grad_norm": 0.6144340634346008, "elapsed_seconds": 59295.76819180901, "tokens_per_second": 7852.7236293453, "loss_main": 2.5406753718852997, "loss_total": 2.5406753718852997}
{"event": "update", "optimizer_step": 14220, "tokens_seen": 465960960, "lr": 0.0002983070972878418, "grad_norm": 0.6417375802993774, "elapsed_seconds": 59330.70629536605, "tokens_per_second": 7853.622333101962, "loss_main": 2.451238691806793, "loss_total": 2.451238691806793}
{"event": "update", "optimizer_step": 14230, "tokens_seen": 466288640, "lr": 0.0002983043310367399, "grad_norm": 0.6686012744903564, "elapsed_seconds": 59365.64189177303, "tokens_per_second": 7854.520310756025, "loss_main": 2.6129700541496277, "loss_total": 2.6129700541496277}
{"event": "update", "optimizer_step": 14240, "tokens_seen": 466616320, "lr": 0.0002983015625416996, "grad_norm": 0.6055266261100769, "elapsed_seconds": 59400.55215029104, "tokens_per_second": 7855.42058295015, "loss_main": 2.4088650941848755, "loss_total": 2.4088650941848755}
{"event": "update", "optimizer_step": 14250, "tokens_seen": 466944000, "lr": 0.00029829879180276746, "grad_norm": 0.5621864795684814, "elapsed_seconds": 59435.48236771801, "tokens_per_second": 7856.31715935425, "loss_main": 2.363784044981003, "loss_total": 2.363784044981003}
{"event": "update", "optimizer_step": 14260, "tokens_seen": 467271680, "lr": 0.00029829601881999025, "grad_norm": 0.6114433407783508, "elapsed_seconds": 59470.409642311046, "tokens_per_second": 7857.2130713482275, "loss_main": 2.2543943524360657, "loss_total": 2.2543943524360657}
{"event": "update", "optimizer_step": 14270, "tokens_seen": 467599360, "lr": 0.0002982932435934146, "grad_norm": 0.6207455992698669, "elapsed_seconds": 59505.357856392046, "tokens_per_second": 7858.105166403442, "loss_main": 2.547867715358734, "loss_total": 2.547867715358734}
{"event": "update", "optimizer_step": 14280, "tokens_seen": 467927040, "lr": 0.00029829046612308706, "grad_norm": 0.621904730796814, "elapsed_seconds": 59540.29888248001, "tokens_per_second": 7858.997162973422, "loss_main": 2.5815727412700653, "loss_total": 2.5815727412700653}
{"event": "update", "optimizer_step": 14290, "tokens_seen": 468254720, "lr": 0.00029828768640905465, "grad_norm": 0.6100614666938782, "elapsed_seconds": 59575.25819660805, "tokens_per_second": 7859.885700447713, "loss_main": 2.5327800810337067, "loss_total": 2.5327800810337067}
{"event": "update", "optimizer_step": 14300, "tokens_seen": 468582400, "lr": 0.00029828490445136407, "grad_norm": 0.5717737674713135, "elapsed_seconds": 59610.255660603, "tokens_per_second": 7860.768164926538, "loss_main": 2.4223947525024414, "loss_total": 2.4223947525024414}
{"event": "update", "optimizer_step": 14310, "tokens_seen": 468910080, "lr": 0.00029828212025006205, "grad_norm": 0.6124876141548157, "elapsed_seconds": 59645.195768687, "tokens_per_second": 7861.657153721207, "loss_main": 2.6130462288856506, "loss_total": 2.6130462288856506}
{"event": "update", "optimizer_step": 14320, "tokens_seen": 469237760, "lr": 0.00029827933380519543, "grad_norm": 0.5703559517860413, "elapsed_seconds": 59680.15646622103, "tokens_per_second": 7862.542389036607, "loss_main": 2.4847976863384247, "loss_total": 2.4847976863384247}
{"event": "update", "optimizer_step": 14330, "tokens_seen": 469565440, "lr": 0.0002982765451168114, "grad_norm": 0.6214200258255005, "elapsed_seconds": 59715.09090901801, "tokens_per_second": 7863.430045102511, "loss_main": 2.3748519122600555, "loss_total": 2.3748519122600555}
{"event": "update", "optimizer_step": 14340, "tokens_seen": 469893120, "lr": 0.0002982737541849565, "grad_norm": 0.6095054149627686, "elapsed_seconds": 59750.01415567502, "tokens_per_second": 7864.318136824573, "loss_main": 2.400444507598877, "loss_total": 2.400444507598877}
{"event": "update", "optimizer_step": 14350, "tokens_seen": 470220800, "lr": 0.000298270961009678, "grad_norm": 0.6270785927772522, "elapsed_seconds": 59784.95331047301, "tokens_per_second": 7865.203098145226, "loss_main": 2.556578665971756, "loss_total": 2.556578665971756}
{"event": "update", "optimizer_step": 14360, "tokens_seen": 470548480, "lr": 0.00029826816559102285, "grad_norm": 0.585747480392456, "elapsed_seconds": 59819.932403438026, "tokens_per_second": 7866.0817739900385, "loss_main": 2.4042401909828186, "loss_total": 2.4042401909828186}
{"event": "update", "optimizer_step": 14370, "tokens_seen": 470876160, "lr": 0.00029826536792903807, "grad_norm": 0.6082369685173035, "elapsed_seconds": 59854.897047807, "tokens_per_second": 7866.961321876541, "loss_main": 2.374672830104828, "loss_total": 2.374672830104828}
{"event": "update", "optimizer_step": 14380, "tokens_seen": 471203840, "lr": 0.0002982625680237709, "grad_norm": 0.5665503740310669, "elapsed_seconds": 59889.88272755104, "tokens_per_second": 7867.837079320793, "loss_main": 2.2600991278886795, "loss_total": 2.2600991278886795}
{"event": "update", "optimizer_step": 14390, "tokens_seen": 471531520, "lr": 0.0002982597658752682, "grad_norm": 0.5506557822227478, "elapsed_seconds": 59924.88053102902, "tokens_per_second": 7868.710222222999, "loss_main": 2.2116410732269287, "loss_total": 2.2116410732269287}
{"event": "update", "optimizer_step": 14400, "tokens_seen": 471859200, "lr": 0.0002982569614835773, "grad_norm": 0.6385494470596313, "elapsed_seconds": 59959.861116114014, "tokens_per_second": 7869.584605711993, "loss_main": 2.4724527299404144, "loss_total": 2.4724527299404144}
{"event": "update", "optimizer_step": 14410, "tokens_seen": 472186880, "lr": 0.00029825415484874545, "grad_norm": 0.6391769647598267, "elapsed_seconds": 59994.79978244804, "tokens_per_second": 7870.463468704534, "loss_main": 2.3604695200920105, "loss_total": 2.3604695200920105}
{"event": "update", "optimizer_step": 14420, "tokens_seen": 472514560, "lr": 0.00029825134597081984, "grad_norm": 0.5856674313545227, "elapsed_seconds": 60029.715491525014, "tokens_per_second": 7871.344318910016, "loss_main": 2.2441976964473724, "loss_total": 2.2441976964473724}
{"event": "update", "optimizer_step": 14430, "tokens_seen": 472842240, "lr": 0.00029824853484984766, "grad_norm": 0.6061890125274658, "elapsed_seconds": 60064.66689709405, "tokens_per_second": 7872.219466564232, "loss_main": 2.282759338617325, "loss_total": 2.282759338617325}
{"event": "update", "optimizer_step": 14440, "tokens_seen": 473169920, "lr": 0.0002982457214858764, "grad_norm": 0.6162088513374329, "elapsed_seconds": 60099.60569691105, "tokens_per_second": 7873.095247683457, "loss_main": 2.410480320453644, "loss_total": 2.410480320453644}
{"event": "update", "optimizer_step": 14450, "tokens_seen": 473497600, "lr": 0.00029824290587895333, "grad_norm": 0.5726544260978699, "elapsed_seconds": 60134.57015741203, "tokens_per_second": 7873.96665113832, "loss_main": 2.4292227029800415, "loss_total": 2.4292227029800415}
{"event": "update", "optimizer_step": 14460, "tokens_seen": 473825280, "lr": 0.00029824008802912584, "grad_norm": 0.5916174650192261, "elapsed_seconds": 60169.48824283702, "tokens_per_second": 7874.843111307455, "loss_main": 2.508473038673401, "loss_total": 2.508473038673401}
{"event": "update", "optimizer_step": 14470, "tokens_seen": 474152960, "lr": 0.0002982372679364414, "grad_norm": 0.5893967747688293, "elapsed_seconds": 60204.41626484104, "tokens_per_second": 7875.717254930051, "loss_main": 2.515252411365509, "loss_total": 2.515252411365509}
{"event": "update", "optimizer_step": 14480, "tokens_seen": 474480640, "lr": 0.0002982344456009474, "grad_norm": 0.6230237483978271, "elapsed_seconds": 60239.37662454002, "tokens_per_second": 7876.5861565491105, "loss_main": 2.3533675968647003, "loss_total": 2.3533675968647003}
{"event": "update", "optimizer_step": 14490, "tokens_seen": 474808320, "lr": 0.0002982316210226914, "grad_norm": 0.6037858724594116, "elapsed_seconds": 60274.31818424503, "tokens_per_second": 7877.456507241074, "loss_main": 2.2910032272338867, "loss_total": 2.2910032272338867}
{"event": "update", "optimizer_step": 14500, "tokens_seen": 475136000, "lr": 0.000298228794201721, "grad_norm": 0.6080766916275024, "elapsed_seconds": 60309.20266242605, "tokens_per_second": 7878.333306104544, "loss_main": 2.322128504514694, "loss_total": 2.322128504514694}
{"event": "update", "optimizer_step": 14510, "tokens_seen": 475463680, "lr": 0.00029822596513808376, "grad_norm": 0.5905810594558716, "elapsed_seconds": 60344.16980787605, "tokens_per_second": 7879.198297263558, "loss_main": 2.543833553791046, "loss_total": 2.543833553791046}
{"event": "update", "optimizer_step": 14520, "tokens_seen": 475791360, "lr": 0.00029822313383182726, "grad_norm": 0.555685818195343, "elapsed_seconds": 60379.097822979034, "tokens_per_second": 7880.067393437, "loss_main": 2.386158972978592, "loss_total": 2.386158972978592}
{"event": "update", "optimizer_step": 14530, "tokens_seen": 476119040, "lr": 0.0002982203002829992, "grad_norm": 0.635442316532135, "elapsed_seconds": 60414.05005000305, "tokens_per_second": 7880.9323262706175, "loss_main": 2.406137526035309, "loss_total": 2.406137526035309}
{"event": "update", "optimizer_step": 14540, "tokens_seen": 476446720, "lr": 0.0002982174644916472, "grad_norm": 0.5995001792907715, "elapsed_seconds": 60449.010564394004, "tokens_per_second": 7881.795178309158, "loss_main": 2.443934917449951, "loss_total": 2.443934917449951}
{"event": "update", "optimizer_step": 14550, "tokens_seen": 476774400, "lr": 0.000298214626457819, "grad_norm": 0.5632721185684204, "elapsed_seconds": 60483.966189091036, "tokens_per_second": 7882.657670124676, "loss_main": 2.4285487234592438, "loss_total": 2.4285487234592438}
{"event": "update", "optimizer_step": 14560, "tokens_seen": 477102080, "lr": 0.0002982117861815626, "grad_norm": 0.5983903408050537, "elapsed_seconds": 60518.909311266034, "tokens_per_second": 7883.520794238504, "loss_main": 2.4009690433740616, "loss_total": 2.4009690433740616}
{"event": "update", "optimizer_step": 14570, "tokens_seen": 477429760, "lr": 0.00029820894366292547, "grad_norm": 0.6007747650146484, "elapsed_seconds": 60553.85664186301, "tokens_per_second": 7884.382374250562, "loss_main": 2.3181080520153046, "loss_total": 2.3181080520153046}
{"event": "update", "optimizer_step": 14580, "tokens_seen": 477757440, "lr": 0.0002982060989019557, "grad_norm": 0.6242179274559021, "elapsed_seconds": 60588.819411049015, "tokens_per_second": 7885.240951119702, "loss_main": 2.372526854276657, "loss_total": 2.372526854276657}
{"event": "update", "optimizer_step": 14590, "tokens_seen": 478085120, "lr": 0.00029820325189870115, "grad_norm": 0.6020504832267761, "elapsed_seconds": 60623.74413896905, "tokens_per_second": 7886.103486186464, "loss_main": 2.4775053560733795, "loss_total": 2.4775053560733795}
{"event": "update", "optimizer_step": 14600, "tokens_seen": 478412800, "lr": 0.0002982004026532097, "grad_norm": 0.5674608945846558, "elapsed_seconds": 60658.73914113705, "tokens_per_second": 7886.9558908380595, "loss_main": 2.376937299966812, "loss_total": 2.376937299966812}
{"event": "update", "optimizer_step": 14610, "tokens_seen": 478740480, "lr": 0.00029819755116552917, "grad_norm": 0.5774350166320801, "elapsed_seconds": 60693.694204407046, "tokens_per_second": 7887.812503020092, "loss_main": 2.4066513776779175, "loss_total": 2.4066513776779175}
{"event": "update", "optimizer_step": 14620, "tokens_seen": 479068160, "lr": 0.0002981946974357078, "grad_norm": 0.586174726486206, "elapsed_seconds": 60728.641749228, "tokens_per_second": 7888.669105728683, "loss_main": 2.2805787175893784, "loss_total": 2.2805787175893784}
{"event": "update", "optimizer_step": 14630, "tokens_seen": 479395840, "lr": 0.00029819184146379356, "grad_norm": 0.5603952407836914, "elapsed_seconds": 60763.58926615305, "tokens_per_second": 7889.524726727036, "loss_main": 2.193748712539673, "loss_total": 2.193748712539673}
{"event": "update", "optimizer_step": 14640, "tokens_seen": 479723520, "lr": 0.00029818898324983443, "grad_norm": 0.568808913230896, "elapsed_seconds": 60798.537283854035, "tokens_per_second": 7890.379299098661, "loss_main": 2.2673431634902954, "loss_total": 2.2673431634902954}
{"event": "update", "optimizer_step": 14650, "tokens_seen": 480051200, "lr": 0.00029818612279387856, "grad_norm": 0.5923722982406616, "elapsed_seconds": 60833.49467801, "tokens_per_second": 7891.231673289488, "loss_main": 2.2688457667827606, "loss_total": 2.2688457667827606}
{"event": "update", "optimizer_step": 14660, "tokens_seen": 480378880, "lr": 0.0002981832600959742, "grad_norm": 0.6504537463188171, "elapsed_seconds": 60868.416396882036, "tokens_per_second": 7892.087694014777, "loss_main": 2.443620204925537, "loss_total": 2.443620204925537}
{"event": "update", "optimizer_step": 14670, "tokens_seen": 480706560, "lr": 0.0002981803951561694, "grad_norm": 0.6354344487190247, "elapsed_seconds": 60903.34561239905, "tokens_per_second": 7892.941761513592, "loss_main": 2.478771984577179, "loss_total": 2.478771984577179}
{"event": "update", "optimizer_step": 14680, "tokens_seen": 481034240, "lr": 0.00029817752797451247, "grad_norm": 0.5697547793388367, "elapsed_seconds": 60938.307089679, "tokens_per_second": 7893.790670818812, "loss_main": 2.3500042855739594, "loss_total": 2.3500042855739594}
{"event": "update", "optimizer_step": 14690, "tokens_seen": 481361920, "lr": 0.0002981746585510517, "grad_norm": 0.5964727997779846, "elapsed_seconds": 60973.263996551046, "tokens_per_second": 7894.639198374361, "loss_main": 2.4414787590503693, "loss_total": 2.4414787590503693}
{"event": "update", "optimizer_step": 14700, "tokens_seen": 481689600, "lr": 0.0002981717868858353, "grad_norm": 0.6055816411972046, "elapsed_seconds": 61008.20469996304, "tokens_per_second": 7895.488850539668, "loss_main": 2.3258087635040283, "loss_total": 2.3258087635040283}
{"event": "update", "optimizer_step": 14710, "tokens_seen": 482017280, "lr": 0.00029816891297891157, "grad_norm": 0.5945243835449219, "elapsed_seconds": 61043.15704590402, "tokens_per_second": 7896.336023995718, "loss_main": 2.365554392337799, "loss_total": 2.365554392337799}
{"event": "update", "optimizer_step": 14720, "tokens_seen": 482344960, "lr": 0.00029816603683032903, "grad_norm": 0.6301876306533813, "elapsed_seconds": 61078.10072501004, "tokens_per_second": 7897.183348441795, "loss_main": 2.4146346151828766, "loss_total": 2.4146346151828766}
{"event": "update", "optimizer_step": 14730, "tokens_seen": 482672640, "lr": 0.00029816315844013606, "grad_norm": 0.6002780795097351, "elapsed_seconds": 61113.075149671, "tokens_per_second": 7898.025730465937, "loss_main": 2.373429238796234, "loss_total": 2.373429238796234}
{"event": "update", "optimizer_step": 14740, "tokens_seen": 483000320, "lr": 0.0002981602778083811, "grad_norm": 0.6068664193153381, "elapsed_seconds": 61148.02720188105, "tokens_per_second": 7898.870038854529, "loss_main": 2.4279748499393463, "loss_total": 2.4279748499393463}
{"event": "update", "optimizer_step": 14750, "tokens_seen": 483328000, "lr": 0.0002981573949351127, "grad_norm": 0.6158620715141296, "elapsed_seconds": 61182.99276146601, "tokens_per_second": 7899.711638565143, "loss_main": 2.4899447858333588, "loss_total": 2.4899447858333588}
{"event": "update", "optimizer_step": 14760, "tokens_seen": 483655680, "lr": 0.0002981545098203792, "grad_norm": 0.6359882950782776, "elapsed_seconds": 61217.92438373604, "tokens_per_second": 7900.556656711712, "loss_main": 2.5252166986465454, "loss_total": 2.5252166986465454}
{"event": "update", "optimizer_step": 14770, "tokens_seen": 483983360, "lr": 0.00029815162246422933, "grad_norm": 0.5614432692527771, "elapsed_seconds": 61252.88268097903, "tokens_per_second": 7901.397270079702, "loss_main": 2.346832752227783, "loss_total": 2.346832752227783}
{"event": "update", "optimizer_step": 14780, "tokens_seen": 484311040, "lr": 0.0002981487328667116, "grad_norm": 0.6026645302772522, "elapsed_seconds": 61287.844109874044, "tokens_per_second": 7902.236520699755, "loss_main": 2.4313663244247437, "loss_total": 2.4313663244247437}
{"event": "update", "optimizer_step": 14790, "tokens_seen": 484638720, "lr": 0.0002981458410278747, "grad_norm": 0.6081238985061646, "elapsed_seconds": 61322.82103722601, "tokens_per_second": 7903.07281698277, "loss_main": 2.4577724933624268, "loss_total": 2.4577724933624268}
{"event": "update", "optimizer_step": 14800, "tokens_seen": 484966400, "lr": 0.0002981429469477673, "grad_norm": 0.5816590785980225, "elapsed_seconds": 61357.748279311054, "tokens_per_second": 7903.914560103302, "loss_main": 2.335815414786339, "loss_total": 2.335815414786339}
{"event": "update", "optimizer_step": 14810, "tokens_seen": 485294080, "lr": 0.00029814005062643817, "grad_norm": 0.6074101328849792, "elapsed_seconds": 61392.70270760701, "tokens_per_second": 7904.751845040835, "loss_main": 2.5016091763973236, "loss_total": 2.5016091763973236}
{"event": "update", "optimizer_step": 14820, "tokens_seen": 485621760, "lr": 0.00029813715206393596, "grad_norm": 0.5872725248336792, "elapsed_seconds": 61427.62628956302, "tokens_per_second": 7905.592146941066, "loss_main": 2.2664085030555725, "loss_total": 2.2664085030555725}
{"event": "update", "optimizer_step": 14830, "tokens_seen": 485949440, "lr": 0.00029813425126030957, "grad_norm": 0.5741864442825317, "elapsed_seconds": 61462.57900140004, "tokens_per_second": 7906.427746693329, "loss_main": 2.6255031526088715, "loss_total": 2.6255031526088715}
{"event": "update", "optimizer_step": 14840, "tokens_seen": 486277120, "lr": 0.0002981313482156078, "grad_norm": 0.625328004360199, "elapsed_seconds": 61497.502970311034, "tokens_per_second": 7907.26609232831, "loss_main": 2.466749221086502, "loss_total": 2.466749221086502}
{"event": "update", "optimizer_step": 14850, "tokens_seen": 486604800, "lr": 0.00029812844292987945, "grad_norm": 0.5754062533378601, "elapsed_seconds": 61532.46233973, "tokens_per_second": 7908.098936678034, "loss_main": 2.380101278424263, "loss_total": 2.380101278424263}
{"event": "update", "optimizer_step": 14860, "tokens_seen": 486932480, "lr": 0.0002981255354031735, "grad_norm": 0.5841878056526184, "elapsed_seconds": 61567.40164177003, "tokens_per_second": 7908.933413061947, "loss_main": 2.270732283592224, "loss_total": 2.270732283592224}
{"event": "update", "optimizer_step": 14870, "tokens_seen": 487260160, "lr": 0.00029812262563553877, "grad_norm": 0.6019588708877563, "elapsed_seconds": 61602.44121338602, "tokens_per_second": 7909.754068222217, "loss_main": 2.4037333130836487, "loss_total": 2.4037333130836487}
{"event": "update", "optimizer_step": 14880, "tokens_seen": 487587840, "lr": 0.00029811971362702445, "grad_norm": 0.5668908357620239, "elapsed_seconds": 61637.39585609402, "tokens_per_second": 7910.584690151096, "loss_main": 2.4184967279434204, "loss_total": 2.4184967279434204}
{"event": "update", "optimizer_step": 14890, "tokens_seen": 487915520, "lr": 0.00029811679937767936, "grad_norm": 0.616862952709198, "elapsed_seconds": 61672.33224813803, "tokens_per_second": 7911.416711741606, "loss_main": 2.3433394879102707, "loss_total": 2.3433394879102707}
{"event": "update", "optimizer_step": 14900, "tokens_seen": 488243200, "lr": 0.0002981138828875527, "grad_norm": 0.5707480907440186, "elapsed_seconds": 61707.28802477202, "tokens_per_second": 7912.245305676012, "loss_main": 2.2033123672008514, "loss_total": 2.2033123672008514}
{"event": "update", "optimizer_step": 14910, "tokens_seen": 488570880, "lr": 0.0002981109641566935, "grad_norm": 0.6281685829162598, "elapsed_seconds": 61742.27081542002, "tokens_per_second": 7913.06949918629, "loss_main": 2.6438002586364746, "loss_total": 2.6438002586364746}
{"event": "update", "optimizer_step": 14920, "tokens_seen": 488898560, "lr": 0.00029810804318515093, "grad_norm": 0.5904248356819153, "elapsed_seconds": 61777.247718214, "tokens_per_second": 7913.893513515273, "loss_main": 2.3649510741233826, "loss_total": 2.3649510741233826}
{"event": "update", "optimizer_step": 14930, "tokens_seen": 489226240, "lr": 0.00029810511997297405, "grad_norm": 0.5835201740264893, "elapsed_seconds": 61812.20299887005, "tokens_per_second": 7914.7193638923245, "loss_main": 2.5325686931610107, "loss_total": 2.5325686931610107}
{"event": "update", "optimizer_step": 14940, "tokens_seen": 489553920, "lr": 0.00029810219452021207, "grad_norm": 0.622489869594574, "elapsed_seconds": 61847.16148289002, "tokens_per_second": 7915.54387076333, "loss_main": 2.5172548592090607, "loss_total": 2.5172548592090607}
{"event": "update", "optimizer_step": 14950, "tokens_seen": 489881600, "lr": 0.0002980992668269144, "grad_norm": 0.6336431503295898, "elapsed_seconds": 61882.12651592103, "tokens_per_second": 7916.366608280071, "loss_main": 2.572301834821701, "loss_total": 2.572301834821701}
{"event": "update", "optimizer_step": 14960, "tokens_seen": 490209280, "lr": 0.00029809633689313023, "grad_norm": 0.5891584753990173, "elapsed_seconds": 61917.04779698601, "tokens_per_second": 7917.194011046863, "loss_main": 2.2953309565782547, "loss_total": 2.2953309565782547}
{"event": "update", "optimizer_step": 14970, "tokens_seen": 490536960, "lr": 0.0002980934047189089, "grad_norm": 0.6098918914794922, "elapsed_seconds": 61951.976895535016, "tokens_per_second": 7918.01948188281, "loss_main": 2.3882664144039154, "loss_total": 2.3882664144039154}
{"event": "update", "optimizer_step": 14980, "tokens_seen": 490864640, "lr": 0.0002980904703042997, "grad_norm": 0.5731305480003357, "elapsed_seconds": 61986.914668996, "tokens_per_second": 7918.842914204855, "loss_main": 2.3208207190036774, "loss_total": 2.3208207190036774}
{"event": "update", "optimizer_step": 14990, "tokens_seen": 491192320, "lr": 0.0002980875336493522, "grad_norm": 0.6120606660842896, "elapsed_seconds": 62021.847582404036, "tokens_per_second": 7919.666039412766, "loss_main": 2.2992693036794662, "loss_total": 2.2992693036794662}
{"event": "update", "optimizer_step": 15000, "tokens_seen": 491520000, "lr": 0.00029808459475411553, "grad_norm": 0.6194961667060852, "elapsed_seconds": 62056.78991812805, "tokens_per_second": 7920.487035318226, "loss_main": 2.3009490370750427, "loss_total": 2.3009490370750427}
{"event": "update", "optimizer_step": 15010, "tokens_seen": 491847680, "lr": 0.0002980816536186394, "grad_norm": 0.5651032328605652, "elapsed_seconds": 62091.712758369045, "tokens_per_second": 7921.30959430985, "loss_main": 2.368146926164627, "loss_total": 2.368146926164627}
{"event": "update", "optimizer_step": 15020, "tokens_seen": 492175360, "lr": 0.0002980787102429733, "grad_norm": 0.6763128638267517, "elapsed_seconds": 62126.658350154, "tokens_per_second": 7922.128327360456, "loss_main": 2.3516975939273834, "loss_total": 2.3516975939273834}
{"event": "update", "optimizer_step": 15030, "tokens_seen": 492503040, "lr": 0.00029807576462716667, "grad_norm": 0.6045328378677368, "elapsed_seconds": 62161.61028363102, "tokens_per_second": 7922.945331576949, "loss_main": 2.366681933403015, "loss_total": 2.366681933403015}
{"event": "update", "optimizer_step": 15040, "tokens_seen": 492830720, "lr": 0.00029807281677126914, "grad_norm": 0.5762220025062561, "elapsed_seconds": 62196.54269617004, "tokens_per_second": 7923.763904490268, "loss_main": 2.1508121639490128, "loss_total": 2.1508121639490128}
{"event": "update", "optimizer_step": 15050, "tokens_seen": 493158400, "lr": 0.00029806986667533033, "grad_norm": 0.5878334045410156, "elapsed_seconds": 62231.49433341704, "tokens_per_second": 7924.579110342591, "loss_main": 2.4715377390384674, "loss_total": 2.4715377390384674}
{"event": "update", "optimizer_step": 15060, "tokens_seen": 493486080, "lr": 0.0002980669143394, "grad_norm": 0.6216157674789429, "elapsed_seconds": 62266.44282908103, "tokens_per_second": 7925.393800872809, "loss_main": 2.3749797344207764, "loss_total": 2.3749797344207764}
{"event": "update", "optimizer_step": 15070, "tokens_seen": 493813760, "lr": 0.00029806395976352776, "grad_norm": 0.5672253966331482, "elapsed_seconds": 62301.507671293046, "tokens_per_second": 7926.192775388273, "loss_main": 2.409467965364456, "loss_total": 2.409467965364456}
{"event": "update", "optimizer_step": 15080, "tokens_seen": 494141440, "lr": 0.0002980610029477633, "grad_norm": 0.5849972367286682, "elapsed_seconds": 62337.17324681103, "tokens_per_second": 7926.91445990902, "loss_main": 2.431495577096939, "loss_total": 2.431495577096939}
{"event": "update", "optimizer_step": 15090, "tokens_seen": 494469120, "lr": 0.00029805804389215643, "grad_norm": 0.6153895258903503, "elapsed_seconds": 62372.16627932404, "tokens_per_second": 7927.720800743027, "loss_main": 2.4232805967330933, "loss_total": 2.4232805967330933}
{"event": "update", "optimizer_step": 15100, "tokens_seen": 494796800, "lr": 0.0002980550825967571, "grad_norm": 0.5962262749671936, "elapsed_seconds": 62407.15766715701, "tokens_per_second": 7928.526446260451, "loss_main": 2.3840965032577515, "loss_total": 2.3840965032577515}
{"event": "update", "optimizer_step": 15110, "tokens_seen": 495124480, "lr": 0.0002980521190616149, "grad_norm": 0.6015710830688477, "elapsed_seconds": 62442.12754422502, "tokens_per_second": 7929.333920426158, "loss_main": 2.3683702051639557, "loss_total": 2.3683702051639557}
{"event": "update", "optimizer_step": 15120, "tokens_seen": 495452160, "lr": 0.00029804915328677985, "grad_norm": 0.5979444980621338, "elapsed_seconds": 62477.070679580036, "tokens_per_second": 7930.143884961835, "loss_main": 2.311831146478653, "loss_total": 2.311831146478653}
{"event": "update", "optimizer_step": 15130, "tokens_seen": 495779840, "lr": 0.0002980461852723019, "grad_norm": 0.6044615507125854, "elapsed_seconds": 62512.03008026705, "tokens_per_second": 7930.950880389038, "loss_main": 2.3858245611190796, "loss_total": 2.3858245611190796}
{"event": "update", "optimizer_step": 15140, "tokens_seen": 496107520, "lr": 0.000298043215018231, "grad_norm": 0.6461976766586304, "elapsed_seconds": 62546.98128612002, "tokens_per_second": 7931.758012917766, "loss_main": 2.2583434134721756, "loss_total": 2.2583434134721756}
{"event": "update", "optimizer_step": 15150, "tokens_seen": 496435200, "lr": 0.0002980402425246171, "grad_norm": 0.5747527480125427, "elapsed_seconds": 62581.970867833006, "tokens_per_second": 7932.559379576309, "loss_main": 2.3345595002174377, "loss_total": 2.3345595002174377}
{"event": "update", "optimizer_step": 15160, "tokens_seen": 496762880, "lr": 0.00029803726779151023, "grad_norm": 0.5805070996284485, "elapsed_seconds": 62616.944278524024, "tokens_per_second": 7933.361899462358, "loss_main": 2.1720300018787384, "loss_total": 2.1720300018787384}
{"event": "update", "optimizer_step": 15170, "tokens_seen": 497090560, "lr": 0.0002980342908189606, "grad_norm": 0.604340136051178, "elapsed_seconds": 62651.88668991905, "tokens_per_second": 7934.167449102279, "loss_main": 2.404183566570282, "loss_total": 2.404183566570282}
{"event": "update", "optimizer_step": 15180, "tokens_seen": 497418240, "lr": 0.0002980313116070181, "grad_norm": 0.6172565221786499, "elapsed_seconds": 62686.83814496704, "tokens_per_second": 7934.970955939599, "loss_main": 2.3050567358732224, "loss_total": 2.3050567358732224}
{"event": "update", "optimizer_step": 15190, "tokens_seen": 497745920, "lr": 0.00029802833015573303, "grad_norm": 0.5652958750724792, "elapsed_seconds": 62721.79526498605, "tokens_per_second": 7935.772850523983, "loss_main": 2.3614866137504578, "loss_total": 2.3614866137504578}
{"event": "update", "optimizer_step": 15200, "tokens_seen": 498073600, "lr": 0.00029802534646515566, "grad_norm": 0.6171046495437622, "elapsed_seconds": 62756.72884267202, "tokens_per_second": 7936.576829054389, "loss_main": 2.3225548565387726, "loss_total": 2.3225548565387726}
{"event": "update", "optimizer_step": 15210, "tokens_seen": 498401280, "lr": 0.00029802236053533596, "grad_norm": 0.5971061587333679, "elapsed_seconds": 62791.68796841503, "tokens_per_second": 7937.376683530179, "loss_main": 2.2834117114543915, "loss_total": 2.2834117114543915}
{"event": "update", "optimizer_step": 15220, "tokens_seen": 498728960, "lr": 0.00029801937236632447, "grad_norm": 0.5841092467308044, "elapsed_seconds": 62826.647397286026, "tokens_per_second": 7938.175609566969, "loss_main": 2.2221948504447937, "loss_total": 2.2221948504447937}
{"event": "update", "optimizer_step": 15230, "tokens_seen": 499056640, "lr": 0.00029801638195817127, "grad_norm": 0.5914415121078491, "elapsed_seconds": 62861.590691466, "tokens_per_second": 7938.975684682303, "loss_main": 2.340709835290909, "loss_total": 2.340709835290909}
{"event": "update", "optimizer_step": 15240, "tokens_seen": 499384320, "lr": 0.0002980133893109268, "grad_norm": 0.7284529209136963, "elapsed_seconds": 62896.51979996404, "tokens_per_second": 7939.776661542497, "loss_main": 2.622326225042343, "loss_total": 2.622326225042343}
{"event": "update", "optimizer_step": 15250, "tokens_seen": 499712000, "lr": 0.0002980103944246414, "grad_norm": 0.5707035064697266, "elapsed_seconds": 62931.48411823501, "tokens_per_second": 7940.57230656036, "loss_main": 2.423067480325699, "loss_total": 2.423067480325699}
{"event": "evaluation", "tokens_seen": 500006912, "elapsed_seconds": 62962.962910039, "parameters": 600375552, "main_loss": 2.5188678354024887, "perplexity": 12.414533408900017}
{"event": "update", "optimizer_step": 15260, "tokens_seen": 500039680, "lr": 0.0002980073972993656, "grad_norm": 0.6018037796020508, "elapsed_seconds": 62981.880565458036, "tokens_per_second": 7939.42123529165, "loss_main": 2.2318384796380997, "loss_total": 2.2318384796380997}
{"event": "update", "optimizer_step": 15270, "tokens_seen": 500367360, "lr": 0.0002980043979351497, "grad_norm": 0.5982944369316101, "elapsed_seconds": 63016.821461741, "tokens_per_second": 7940.218950963512, "loss_main": 2.4097387492656708, "loss_total": 2.4097387492656708}
{"event": "update", "optimizer_step": 15280, "tokens_seen": 500695040, "lr": 0.0002980013963320442, "grad_norm": 0.6258107423782349, "elapsed_seconds": 63051.745288259, "tokens_per_second": 7941.017932349535, "loss_main": 2.1022472083568573, "loss_total": 2.1022472083568573}
{"event": "update", "optimizer_step": 15290, "tokens_seen": 501022720, "lr": 0.0002979983924900997, "grad_norm": 0.5922788977622986, "elapsed_seconds": 63086.65115689201, "tokens_per_second": 7941.818289799408, "loss_main": 2.4145003259181976, "loss_total": 2.4145003259181976}
{"event": "update", "optimizer_step": 15300, "tokens_seen": 501350400, "lr": 0.00029799538640936675, "grad_norm": 0.5986781716346741, "elapsed_seconds": 63121.60603779304, "tokens_per_second": 7942.611594828949, "loss_main": 2.4257389307022095, "loss_total": 2.4257389307022095}
{"event": "update", "optimizer_step": 15310, "tokens_seen": 501678080, "lr": 0.00029799237808989594, "grad_norm": 0.5927584171295166, "elapsed_seconds": 63156.568740485, "tokens_per_second": 7943.40303795528, "loss_main": 2.3335191756486893, "loss_total": 2.3335191756486893}
{"event": "update", "optimizer_step": 15320, "tokens_seen": 502005760, "lr": 0.0002979893675317379, "grad_norm": 0.6212522387504578, "elapsed_seconds": 63191.48743987101, "tokens_per_second": 7944.19913722836, "loss_main": 2.442273885011673, "loss_total": 2.442273885011673}
{"event": "update", "optimizer_step": 15330, "tokens_seen": 502333440, "lr": 0.0002979863547349433, "grad_norm": 0.5672246217727661, "elapsed_seconds": 63226.431639113, "tokens_per_second": 7944.991152865372, "loss_main": 2.26040218770504, "loss_total": 2.26040218770504}
{"event": "update", "optimizer_step": 15340, "tokens_seen": 502661120, "lr": 0.0002979833396995629, "grad_norm": 0.6371824145317078, "elapsed_seconds": 63261.36892371904, "tokens_per_second": 7945.783162013328, "loss_main": 2.514249175786972, "loss_total": 2.514249175786972}
{"event": "update", "optimizer_step": 15350, "tokens_seen": 502988800, "lr": 0.00029798032242564737, "grad_norm": 0.5683224201202393, "elapsed_seconds": 63296.31234633003, "tokens_per_second": 7946.573526240564, "loss_main": 2.4247280657291412, "loss_total": 2.4247280657291412}
{"event": "update", "optimizer_step": 15360, "tokens_seen": 503316480, "lr": 0.0002979773029132476, "grad_norm": 0.6011167168617249, "elapsed_seconds": 63331.23638822604, "tokens_per_second": 7947.365450354163, "loss_main": 2.292853683233261, "loss_total": 2.292853683233261}
{"event": "update", "optimizer_step": 15370, "tokens_seen": 503644160, "lr": 0.0002979742811624144, "grad_norm": 0.6137225031852722, "elapsed_seconds": 63366.21275885601, "tokens_per_second": 7948.149937832778, "loss_main": 2.4484168589115143, "loss_total": 2.4484168589115143}
{"event": "update", "optimizer_step": 15380, "tokens_seen": 503971840, "lr": 0.0002979712571731986, "grad_norm": 0.5813033580780029, "elapsed_seconds": 63401.18669154204, "tokens_per_second": 7948.9338654166195, "loss_main": 2.549302875995636, "loss_total": 2.549302875995636}
{"event": "update", "optimizer_step": 15390, "tokens_seen": 504299520, "lr": 0.0002979682309456511, "grad_norm": 0.5965607166290283, "elapsed_seconds": 63436.16089489602, "tokens_per_second": 7949.7168946832535, "loss_main": 2.510685831308365, "loss_total": 2.510685831308365}
{"event": "update", "optimizer_step": 15400, "tokens_seen": 504627200, "lr": 0.0002979652024798228, "grad_norm": 0.6184960007667542, "elapsed_seconds": 63471.134890593006, "tokens_per_second": 7950.49908702342, "loss_main": 2.4298804998397827, "loss_total": 2.4298804998397827}
{"event": "update", "optimizer_step": 15410, "tokens_seen": 504954880, "lr": 0.00029796217177576476, "grad_norm": 0.5919747352600098, "elapsed_seconds": 63506.10555424803, "tokens_per_second": 7951.28083501607, "loss_main": 2.300281807780266, "loss_total": 2.300281807780266}
{"event": "update", "optimizer_step": 15420, "tokens_seen": 505282560, "lr": 0.0002979591388335279, "grad_norm": 0.6186462044715881, "elapsed_seconds": 63541.13064217701, "tokens_per_second": 7952.054911415223, "loss_main": 2.4825523495674133, "loss_total": 2.4825523495674133}
{"event": "update", "optimizer_step": 15430, "tokens_seen": 505610240, "lr": 0.00029795610365316346, "grad_norm": 0.619841456413269, "elapsed_seconds": 63576.09538569604, "tokens_per_second": 7952.83568348485, "loss_main": 2.4209617376327515, "loss_total": 2.4209617376327515}
{"event": "update", "optimizer_step": 15440, "tokens_seen": 505937920, "lr": 0.00029795306623472235, "grad_norm": 0.6402669548988342, "elapsed_seconds": 63611.03994035401, "tokens_per_second": 7953.61812154622, "loss_main": 2.466487377882004, "loss_total": 2.466487377882004}
{"event": "update", "optimizer_step": 15450, "tokens_seen": 506265600, "lr": 0.0002979500265782557, "grad_norm": 0.667880654335022, "elapsed_seconds": 63645.989862888004, "tokens_per_second": 7954.399029548343, "loss_main": 2.594388723373413, "loss_total": 2.594388723373413}
{"event": "update", "optimizer_step": 15460, "tokens_seen": 506593280, "lr": 0.00029794698468381484, "grad_norm": 0.5936482548713684, "elapsed_seconds": 63680.94136497902, "tokens_per_second": 7955.178883059008, "loss_main": 2.326166659593582, "loss_total": 2.326166659593582}
{"event": "update", "optimizer_step": 15470, "tokens_seen": 506920960, "lr": 0.0002979439405514509, "grad_norm": 0.6570084691047668, "elapsed_seconds": 63715.926565153, "tokens_per_second": 7955.95367324127, "loss_main": 2.499359130859375, "loss_total": 2.499359130859375}
{"event": "update", "optimizer_step": 15480, "tokens_seen": 507248640, "lr": 0.000297940894181215, "grad_norm": 0.6312037110328674, "elapsed_seconds": 63750.90814836102, "tokens_per_second": 7956.728064477634, "loss_main": 2.294862762093544, "loss_total": 2.294862762093544}
{"event": "update", "optimizer_step": 15490, "tokens_seen": 507576320, "lr": 0.00029793784557315855, "grad_norm": 0.6093395948410034, "elapsed_seconds": 63785.854892548, "tokens_per_second": 7957.505952613631, "loss_main": 2.4228991866111755, "loss_total": 2.4228991866111755}
{"event": "update", "optimizer_step": 15500, "tokens_seen": 507904000, "lr": 0.0002979347947273328, "grad_norm": 0.6044566035270691, "elapsed_seconds": 63820.81860178604, "tokens_per_second": 7958.280873347904, "loss_main": 2.303064674139023, "loss_total": 2.303064674139023}
{"event": "update", "optimizer_step": 15510, "tokens_seen": 508231680, "lr": 0.0002979317416437892, "grad_norm": 0.6057782769203186, "elapsed_seconds": 63855.773143118015, "tokens_per_second": 7959.056088177269, "loss_main": 2.29104220867157, "loss_total": 2.29104220867157}
{"event": "update", "optimizer_step": 15520, "tokens_seen": 508559360, "lr": 0.0002979286863225791, "grad_norm": 0.6444525718688965, "elapsed_seconds": 63890.722696461016, "tokens_per_second": 7959.831076197385, "loss_main": 2.458394467830658, "loss_total": 2.458394467830658}
{"event": "update", "optimizer_step": 15530, "tokens_seen": 508887040, "lr": 0.00029792562876375384, "grad_norm": 0.6046485900878906, "elapsed_seconds": 63925.69449255703, "tokens_per_second": 7960.6024469433105, "loss_main": 2.2530597895383835, "loss_total": 2.2530597895383835}
{"event": "update", "optimizer_step": 15540, "tokens_seen": 509214720, "lr": 0.00029792256896736503, "grad_norm": 0.5953298211097717, "elapsed_seconds": 63960.67012231902, "tokens_per_second": 7961.372496976232, "loss_main": 2.3643664568662643, "loss_total": 2.3643664568662643}
{"event": "update", "optimizer_step": 15550, "tokens_seen": 509542400, "lr": 0.00029791950693346407, "grad_norm": 0.5675330758094788, "elapsed_seconds": 63995.63464260602, "tokens_per_second": 7962.143087503109, "loss_main": 2.3645792603492737, "loss_total": 2.3645792603492737}
{"event": "update", "optimizer_step": 15560, "tokens_seen": 509870080, "lr": 0.00029791644266210257, "grad_norm": 0.6035006642341614, "elapsed_seconds": 64030.60045643902, "tokens_per_second": 7962.91267558661, "loss_main": 2.3575126826763153, "loss_total": 2.3575126826763153}
{"event": "update", "optimizer_step": 15570, "tokens_seen": 510197760, "lr": 0.000297913376153332, "grad_norm": 0.599820077419281, "elapsed_seconds": 64065.57930136402, "tokens_per_second": 7963.679803784079, "loss_main": 2.3372742533683777, "loss_total": 2.3372742533683777}
{"event": "update", "optimizer_step": 15580, "tokens_seen": 510525440, "lr": 0.00029791030740720416, "grad_norm": 0.5879002809524536, "elapsed_seconds": 64100.52839717601, "tokens_per_second": 7964.449791064305, "loss_main": 2.4070675671100616, "loss_total": 2.4070675671100616}
{"event": "update", "optimizer_step": 15590, "tokens_seen": 510853120, "lr": 0.00029790723642377057, "grad_norm": 0.6034917831420898, "elapsed_seconds": 64135.505146796, "tokens_per_second": 7965.215504746368, "loss_main": 2.4152142852544785, "loss_total": 2.4152142852544785}
{"event": "update", "optimizer_step": 15600, "tokens_seen": 511180800, "lr": 0.000297904163203083, "grad_norm": 0.5725389719009399, "elapsed_seconds": 64170.44756838604, "tokens_per_second": 7965.984645116241, "loss_main": 2.3005217909812927, "loss_total": 2.3005217909812927}
{"event": "update", "optimizer_step": 15610, "tokens_seen": 511508480, "lr": 0.000297901087745193, "grad_norm": 0.6135820746421814, "elapsed_seconds": 64205.401152501, "tokens_per_second": 7966.751563237841, "loss_main": 2.374346673488617, "loss_total": 2.374346673488617}
{"event": "update", "optimizer_step": 15620, "tokens_seen": 511836160, "lr": 0.00029789801005015266, "grad_norm": 0.6056779623031616, "elapsed_seconds": 64240.339949438, "tokens_per_second": 7967.519480794369, "loss_main": 2.506739154458046, "loss_total": 2.506739154458046}
{"event": "update", "optimizer_step": 15630, "tokens_seen": 512163840, "lr": 0.0002978949301180136, "grad_norm": 0.6010339856147766, "elapsed_seconds": 64275.29843433102, "tokens_per_second": 7968.284122760924, "loss_main": 2.3780389726161957, "loss_total": 2.3780389726161957}
{"event": "update", "optimizer_step": 15640, "tokens_seen": 512491520, "lr": 0.0002978918479488276, "grad_norm": 0.5894266963005066, "elapsed_seconds": 64310.25808226201, "tokens_per_second": 7969.047789303693, "loss_main": 2.2394098043441772, "loss_total": 2.2394098043441772}
{"event": "update", "optimizer_step": 15650, "tokens_seen": 512819200, "lr": 0.0002978887635426466, "grad_norm": 0.8461503386497498, "elapsed_seconds": 64345.24135003, "tokens_per_second": 7969.807700468916, "loss_main": 2.414440155029297, "loss_total": 2.414440155029297}
{"event": "update", "optimizer_step": 15660, "tokens_seen": 513146880, "lr": 0.00029788567689952266, "grad_norm": 0.76888507604599, "elapsed_seconds": 64380.21239392302, "tokens_per_second": 7970.56829915704, "loss_main": 2.4422882199287415, "loss_total": 2.4422882199287415}
{"event": "update", "optimizer_step": 15670, "tokens_seen": 513474560, "lr": 0.0002978825880195075, "grad_norm": 0.5836806297302246, "elapsed_seconds": 64415.16596970905, "tokens_per_second": 7971.330233651174, "loss_main": 2.373994767665863, "loss_total": 2.373994767665863}
{"event": "update", "optimizer_step": 15680, "tokens_seen": 513802240, "lr": 0.0002978794969026533, "grad_norm": 0.5681664347648621, "elapsed_seconds": 64450.118123868015, "tokens_per_second": 7972.091517544046, "loss_main": 2.327877953648567, "loss_total": 2.327877953648567}
{"event": "update", "optimizer_step": 15690, "tokens_seen": 514129920, "lr": 0.000297876403549012, "grad_norm": 0.590301513671875, "elapsed_seconds": 64485.09879692702, "tokens_per_second": 7972.84845013683, "loss_main": 2.425437569618225, "loss_total": 2.425437569618225}
{"event": "update", "optimizer_step": 15700, "tokens_seen": 514457600, "lr": 0.00029787330795863574, "grad_norm": 0.6318725943565369, "elapsed_seconds": 64520.131137266, "tokens_per_second": 7973.598176753486, "loss_main": 2.3691490292549133, "loss_total": 2.3691490292549133}
{"event": "update", "optimizer_step": 15710, "tokens_seen": 514785280, "lr": 0.00029787021013157663, "grad_norm": 0.5952550768852234, "elapsed_seconds": 64555.11125001201, "tokens_per_second": 7974.353541214047, "loss_main": 2.1648568361997604, "loss_total": 2.1648568361997604}
{"event": "update", "optimizer_step": 15720, "tokens_seen": 515112960, "lr": 0.0002978671100678866, "grad_norm": 0.7707521319389343, "elapsed_seconds": 64590.110924836015, "tokens_per_second": 7975.105672127436, "loss_main": 2.4801540672779083, "loss_total": 2.4801540672779083}
{"event": "update", "optimizer_step": 15730, "tokens_seen": 515440640, "lr": 0.00029786400776761815, "grad_norm": 0.6025301218032837, "elapsed_seconds": 64625.09021666605, "tokens_per_second": 7975.859503977511, "loss_main": 2.4575691670179367, "loss_total": 2.4575691670179367}
{"event": "update", "optimizer_step": 15740, "tokens_seen": 515768320, "lr": 0.0002978609032308234, "grad_norm": 0.5857183337211609, "elapsed_seconds": 64660.076149878034, "tokens_per_second": 7976.611700927805, "loss_main": 2.350011169910431, "loss_total": 2.350011169910431}
{"event": "update", "optimizer_step": 15750, "tokens_seen": 516096000, "lr": 0.0002978577964575544, "grad_norm": 0.6114505529403687, "elapsed_seconds": 64695.067018823, "tokens_per_second": 7977.362475717694, "loss_main": 2.4727936387062073, "loss_total": 2.4727936387062073}
{"event": "update", "optimizer_step": 15760, "tokens_seen": 516423680, "lr": 0.0002978546874478638, "grad_norm": 0.5954592823982239, "elapsed_seconds": 64730.03849520505, "tokens_per_second": 7978.114828994805, "loss_main": 2.4440954327583313, "loss_total": 2.4440954327583313}
{"event": "update", "optimizer_step": 15770, "tokens_seen": 516751360, "lr": 0.00029785157620180363, "grad_norm": 0.7181544303894043, "elapsed_seconds": 64764.99872583104, "tokens_per_second": 7978.86775521386, "loss_main": 2.4529709815979004, "loss_total": 2.4529709815979004}
{"event": "update", "optimizer_step": 15780, "tokens_seen": 517079040, "lr": 0.00029784846271942644, "grad_norm": 0.6273690462112427, "elapsed_seconds": 64799.96377079305, "tokens_per_second": 7979.619276161699, "loss_main": 2.510310620069504, "loss_total": 2.510310620069504}
{"event": "update", "optimizer_step": 15790, "tokens_seen": 517406720, "lr": 0.0002978453470007846, "grad_norm": 0.5954775214195251, "elapsed_seconds": 64834.947424464044, "tokens_per_second": 7980.367696030057, "loss_main": 2.359139770269394, "loss_total": 2.359139770269394}
{"event": "update", "optimizer_step": 15800, "tokens_seen": 517734400, "lr": 0.00029784222904593043, "grad_norm": 0.5958559513092041, "elapsed_seconds": 64869.90234624804, "tokens_per_second": 7981.118843628795, "loss_main": 2.3194695115089417, "loss_total": 2.3194695115089417}
{"event": "update", "optimizer_step": 15810, "tokens_seen": 518062080, "lr": 0.00029783910885491666, "grad_norm": 0.5941560864448547, "elapsed_seconds": 64904.87624164205, "tokens_per_second": 7981.866848821117, "loss_main": 2.4689426124095917, "loss_total": 2.4689426124095917}
{"event": "update", "optimizer_step": 15820, "tokens_seen": 518389760, "lr": 0.00029783598642779566, "grad_norm": 0.5892645120620728, "elapsed_seconds": 64939.832522718, "tokens_per_second": 7982.616213533518, "loss_main": 2.4726106226444244, "loss_total": 2.4726106226444244}
{"event": "update", "optimizer_step": 15830, "tokens_seen": 518717440, "lr": 0.0002978328617646199, "grad_norm": 0.5845330357551575, "elapsed_seconds": 64974.79383614403, "tokens_per_second": 7983.364153615044, "loss_main": 2.3502028584480286, "loss_total": 2.3502028584480286}
{"event": "update", "optimizer_step": 15840, "tokens_seen": 519045120, "lr": 0.00029782973486544215, "grad_norm": 0.6116011142730713, "elapsed_seconds": 65009.73576015403, "tokens_per_second": 7984.1136705270965, "loss_main": 2.422659531235695, "loss_total": 2.422659531235695}
{"event": "update", "optimizer_step": 15850, "tokens_seen": 519372800, "lr": 0.00029782660573031503, "grad_norm": 0.6077364683151245, "elapsed_seconds": 65044.667886412004, "tokens_per_second": 7984.863584928817, "loss_main": 2.4609901905059814, "loss_total": 2.4609901905059814}
{"event": "update", "optimizer_step": 15860, "tokens_seen": 519700480, "lr": 0.0002978234743592911, "grad_norm": 0.6104925274848938, "elapsed_seconds": 65079.574658177036, "tokens_per_second": 7985.615805414631, "loss_main": 2.410822093486786, "loss_total": 2.410822093486786}
{"event": "update", "optimizer_step": 15870, "tokens_seen": 520028160, "lr": 0.0002978203407524232, "grad_norm": 0.5864466428756714, "elapsed_seconds": 65114.51841175405, "tokens_per_second": 7986.362683535227, "loss_main": 2.425847142934799, "loss_total": 2.425847142934799}
{"event": "update", "optimizer_step": 15880, "tokens_seen": 520355840, "lr": 0.000297817204909764, "grad_norm": 0.6455280780792236, "elapsed_seconds": 65149.508308357035, "tokens_per_second": 7987.103103481926, "loss_main": 2.485959053039551, "loss_total": 2.485959053039551}
{"event": "update", "optimizer_step": 15890, "tokens_seen": 520683520, "lr": 0.00029781406683136627, "grad_norm": 0.5988750457763672, "elapsed_seconds": 65184.47589694802, "tokens_per_second": 7987.845462210409, "loss_main": 2.32076632976532, "loss_total": 2.32076632976532}
{"event": "update", "optimizer_step": 15900, "tokens_seen": 521011200, "lr": 0.00029781092651728284, "grad_norm": 0.6495458483695984, "elapsed_seconds": 65219.429956645006, "tokens_per_second": 7988.588682028427, "loss_main": 2.4146169424057007, "loss_total": 2.4146169424057007}
{"event": "update", "optimizer_step": 15910, "tokens_seen": 521338880, "lr": 0.00029780778396756673, "grad_norm": 0.6175394654273987, "elapsed_seconds": 65254.35988297401, "tokens_per_second": 7989.334060359488, "loss_main": 2.5018456876277924, "loss_total": 2.5018456876277924}
{"event": "update", "optimizer_step": 15920, "tokens_seen": 521666560, "lr": 0.0002978046391822706, "grad_norm": 0.6912362575531006, "elapsed_seconds": 65289.34396918601, "tokens_per_second": 7990.072013071627, "loss_main": 2.436138480901718, "loss_total": 2.436138480901718}
{"event": "update", "optimizer_step": 15930, "tokens_seen": 521994240, "lr": 0.00029780149216144744, "grad_norm": 0.5974818468093872, "elapsed_seconds": 65324.34159595502, "tokens_per_second": 7990.807519020179, "loss_main": 2.520456701517105, "loss_total": 2.520456701517105}
{"event": "update", "optimizer_step": 15940, "tokens_seen": 522321920, "lr": 0.0002977983429051504, "grad_norm": 0.6174169182777405, "elapsed_seconds": 65359.29495336604, "tokens_per_second": 7991.547650149493, "loss_main": 2.373165935277939, "loss_total": 2.373165935277939}
{"event": "update", "optimizer_step": 15950, "tokens_seen": 522649600, "lr": 0.0002977951914134323, "grad_norm": 0.6423503160476685, "elapsed_seconds": 65394.22121612105, "tokens_per_second": 7992.290301503826, "loss_main": 2.4477967619895935, "loss_total": 2.4477967619895935}
{"event": "update", "optimizer_step": 15960, "tokens_seen": 522977280, "lr": 0.0002977920376863463, "grad_norm": 0.6251050233840942, "elapsed_seconds": 65429.16739488405, "tokens_per_second": 7993.029726997443, "loss_main": 2.37433722615242, "loss_total": 2.37433722615242}
{"event": "update", "optimizer_step": 15970, "tokens_seen": 523304960, "lr": 0.0002977888817239454, "grad_norm": 0.6455325484275818, "elapsed_seconds": 65464.125706334016, "tokens_per_second": 7993.766881535964, "loss_main": 2.478798344731331, "loss_total": 2.478798344731331}
{"event": "update", "optimizer_step": 15980, "tokens_seen": 523632640, "lr": 0.0002977857235262828, "grad_norm": 0.5938597321510315, "elapsed_seconds": 65499.147205884045, "tokens_per_second": 7994.495536774867, "loss_main": 2.3482899367809296, "loss_total": 2.3482899367809296}
{"event": "update", "optimizer_step": 15990, "tokens_seen": 523960320, "lr": 0.00029778256309341165, "grad_norm": 0.6260820031166077, "elapsed_seconds": 65534.10609838605, "tokens_per_second": 7995.231051345703, "loss_main": 2.3637225925922394, "loss_total": 2.3637225925922394}
{"event": "update", "optimizer_step": 16000, "tokens_seen": 524288000, "lr": 0.0002977794004253851, "grad_norm": 0.6182377934455872, "elapsed_seconds": 65569.083058975, "tokens_per_second": 7995.963578268101, "loss_main": 2.285810947418213, "loss_total": 2.285810947418213}
{"event": "update", "optimizer_step": 16010, "tokens_seen": 524615680, "lr": 0.00029777623552225646, "grad_norm": 0.6510272026062012, "elapsed_seconds": 65604.121718048, "tokens_per_second": 7996.687803468844, "loss_main": 2.3151675164699554, "loss_total": 2.3151675164699554}
{"event": "update", "optimizer_step": 16020, "tokens_seen": 524943360, "lr": 0.000297773068384079, "grad_norm": 0.6218245625495911, "elapsed_seconds": 65639.10401647101, "tokens_per_second": 7997.418122408777, "loss_main": 2.478142350912094, "loss_total": 2.478142350912094}
{"event": "update", "optimizer_step": 16030, "tokens_seen": 525271040, "lr": 0.0002977698990109059, "grad_norm": 1.7376865148544312, "elapsed_seconds": 65674.076057347, "tokens_per_second": 7998.14891253788, "loss_main": 2.3089632093906403, "loss_total": 2.3089632093906403}
{"event": "update", "optimizer_step": 16040, "tokens_seen": 525598720, "lr": 0.00029776672740279065, "grad_norm": 0.5793660879135132, "elapsed_seconds": 65709.01864229504, "tokens_per_second": 7998.8825105004225, "loss_main": 2.2942936718463898, "loss_total": 2.2942936718463898}
{"event": "update", "optimizer_step": 16050, "tokens_seen": 525926400, "lr": 0.0002977635535597867, "grad_norm": 0.6339446306228638, "elapsed_seconds": 65743.99663616903, "tokens_per_second": 7999.611020159091, "loss_main": 2.5000307261943817, "loss_total": 2.5000307261943817}
{"event": "update", "optimizer_step": 16060, "tokens_seen": 526254080, "lr": 0.0002977603774819473, "grad_norm": 0.5855787396430969, "elapsed_seconds": 65778.93998121104, "tokens_per_second": 8000.34296919832, "loss_main": 2.4147816598415375, "loss_total": 2.4147816598415375}
{"event": "update", "optimizer_step": 16070, "tokens_seen": 526581760, "lr": 0.00029775719916932594, "grad_norm": 0.6216400861740112, "elapsed_seconds": 65813.89396663301, "tokens_per_second": 8001.07284742902, "loss_main": 2.4058571457862854, "loss_total": 2.4058571457862854}
{"event": "update", "optimizer_step": 16080, "tokens_seen": 526909440, "lr": 0.00029775401862197626, "grad_norm": 0.5935951471328735, "elapsed_seconds": 65848.83139352204, "tokens_per_second": 8001.803962945277, "loss_main": 2.401348650455475, "loss_total": 2.401348650455475}
{"event": "update", "optimizer_step": 16090, "tokens_seen": 527237120, "lr": 0.00029775083583995156, "grad_norm": 0.6262512803077698, "elapsed_seconds": 65883.84356763703, "tokens_per_second": 8002.52522393799, "loss_main": 2.5260784327983856, "loss_total": 2.5260784327983856}
{"event": "update", "optimizer_step": 16100, "tokens_seen": 527564800, "lr": 0.00029774765082330574, "grad_norm": 0.6094565987586975, "elapsed_seconds": 65919.52607811504, "tokens_per_second": 8003.164333657867, "loss_main": 2.569221645593643, "loss_total": 2.569221645593643}
{"event": "update", "optimizer_step": 16110, "tokens_seen": 527892480, "lr": 0.00029774446357209213, "grad_norm": 0.6131843328475952, "elapsed_seconds": 65954.51352940005, "tokens_per_second": 8003.887099624885, "loss_main": 2.3982729017734528, "loss_total": 2.3982729017734528}
{"event": "update", "optimizer_step": 16120, "tokens_seen": 528220160, "lr": 0.0002977412740863645, "grad_norm": 0.6723209023475647, "elapsed_seconds": 65989.47259850404, "tokens_per_second": 8004.612541970438, "loss_main": 2.517386108636856, "loss_total": 2.517386108636856}
{"event": "update", "optimizer_step": 16130, "tokens_seen": 528547840, "lr": 0.0002977380823661767, "grad_norm": 0.6448912024497986, "elapsed_seconds": 66024.427210922, "tokens_per_second": 8005.337756456382, "loss_main": 2.3645576536655426, "loss_total": 2.3645576536655426}
{"event": "update", "optimizer_step": 16140, "tokens_seen": 528875520, "lr": 0.00029773488841158206, "grad_norm": 0.590726912021637, "elapsed_seconds": 66059.409652489, "tokens_per_second": 8006.058830713043, "loss_main": 2.312227427959442, "loss_total": 2.312227427959442}
{"event": "update", "optimizer_step": 16150, "tokens_seen": 529203200, "lr": 0.00029773169222263465, "grad_norm": 0.6639174222946167, "elapsed_seconds": 66094.380653086, "tokens_per_second": 8006.780527646733, "loss_main": 2.472683608531952, "loss_total": 2.472683608531952}
{"event": "update", "optimizer_step": 16160, "tokens_seen": 529530880, "lr": 0.00029772849379938824, "grad_norm": 0.6131289005279541, "elapsed_seconds": 66129.34821400902, "tokens_per_second": 8007.501877779324, "loss_main": 2.3415662944316864, "loss_total": 2.3415662944316864}
{"event": "update", "optimizer_step": 16170, "tokens_seen": 529858560, "lr": 0.0002977252931418966, "grad_norm": 0.6346482634544373, "elapsed_seconds": 66164.32761454402, "tokens_per_second": 8008.221032439364, "loss_main": 2.2904868125915527, "loss_total": 2.2904868125915527}
{"event": "update", "optimizer_step": 16180, "tokens_seen": 530186240, "lr": 0.0002977220902502136, "grad_norm": 0.5793129801750183, "elapsed_seconds": 66199.30716081505, "tokens_per_second": 8008.9394094720965, "loss_main": 2.367280066013336, "loss_total": 2.367280066013336}
{"event": "update", "optimizer_step": 16190, "tokens_seen": 530513920, "lr": 0.00029771888512439325, "grad_norm": 0.6197900176048279, "elapsed_seconds": 66234.26570432901, "tokens_per_second": 8009.659567575249, "loss_main": 2.4180422574281693, "loss_total": 2.4180422574281693}
{"event": "update", "optimizer_step": 16200, "tokens_seen": 530841600, "lr": 0.0002977156777644893, "grad_norm": 0.616493821144104, "elapsed_seconds": 66269.22881358204, "tokens_per_second": 8010.378413988767, "loss_main": 2.3357436060905457, "loss_total": 2.3357436060905457}
{"event": "update", "optimizer_step": 16210, "tokens_seen": 531169280, "lr": 0.00029771246817055603, "grad_norm": 0.591913104057312, "elapsed_seconds": 66304.19303479104, "tokens_per_second": 8011.096367936876, "loss_main": 2.180563896894455, "loss_total": 2.180563896894455}
{"event": "update", "optimizer_step": 16220, "tokens_seen": 531496960, "lr": 0.00029770925634264726, "grad_norm": 0.569674551486969, "elapsed_seconds": 66339.151324932, "tokens_per_second": 8011.814281384234, "loss_main": 2.2651983350515366, "loss_total": 2.2651983350515366}
{"event": "update", "optimizer_step": 16230, "tokens_seen": 531824640, "lr": 0.0002977060422808171, "grad_norm": 0.6031804084777832, "elapsed_seconds": 66374.13896034303, "tokens_per_second": 8012.527896109546, "loss_main": 2.3964881002902985, "loss_total": 2.3964881002902985}
{"event": "update", "optimizer_step": 16240, "tokens_seen": 532152320, "lr": 0.00029770282598511977, "grad_norm": 0.6094364523887634, "elapsed_seconds": 66409.10925966705, "tokens_per_second": 8013.242850754478, "loss_main": 2.41608664393425, "loss_total": 2.41608664393425}
{"event": "update", "optimizer_step": 16250, "tokens_seen": 532480000, "lr": 0.00029769960745560915, "grad_norm": 0.6208483576774597, "elapsed_seconds": 66444.12128012103, "tokens_per_second": 8013.9520207532505, "loss_main": 2.520274817943573, "loss_total": 2.520274817943573}
{"event": "update", "optimizer_step": 16260, "tokens_seen": 532807680, "lr": 0.0002976963866923397, "grad_norm": 0.6174083352088928, "elapsed_seconds": 66479.14326266904, "tokens_per_second": 8014.659242746213, "loss_main": 2.3514574766159058, "loss_total": 2.3514574766159058}
{"event": "update", "optimizer_step": 16270, "tokens_seen": 533135360, "lr": 0.00029769316369536545, "grad_norm": 0.597493052482605, "elapsed_seconds": 66514.09334745101, "tokens_per_second": 8015.374384118116, "loss_main": 2.2689562141895294, "loss_total": 2.2689562141895294}
{"event": "update", "optimizer_step": 16280, "tokens_seen": 533463040, "lr": 0.00029768993846474067, "grad_norm": 0.5985267758369446, "elapsed_seconds": 66549.07004537701, "tokens_per_second": 8016.085568682688, "loss_main": 2.300864592194557, "loss_total": 2.300864592194557}
{"event": "update", "optimizer_step": 16290, "tokens_seen": 533790720, "lr": 0.00029768671100051977, "grad_norm": 0.5920807719230652, "elapsed_seconds": 66584.02583601105, "tokens_per_second": 8016.79852333751, "loss_main": 2.383324831724167, "loss_total": 2.383324831724167}
{"event": "update", "optimizer_step": 16300, "tokens_seen": 534118400, "lr": 0.00029768348130275696, "grad_norm": 0.639415979385376, "elapsed_seconds": 66618.97250509105, "tokens_per_second": 8017.511827568077, "loss_main": 2.4824050068855286, "loss_total": 2.4824050068855286}
{"event": "update", "optimizer_step": 16310, "tokens_seen": 534446080, "lr": 0.00029768024937150666, "grad_norm": 0.6372878551483154, "elapsed_seconds": 66653.91952910204, "tokens_per_second": 8018.224341130506, "loss_main": 2.229193866252899, "loss_total": 2.229193866252899}
{"event": "update", "optimizer_step": 16320, "tokens_seen": 534773760, "lr": 0.0002976770152068233, "grad_norm": 0.6229169964790344, "elapsed_seconds": 66688.82445768802, "tokens_per_second": 8018.941169660252, "loss_main": 2.317179247736931, "loss_total": 2.317179247736931}
{"event": "update", "optimizer_step": 16330, "tokens_seen": 535101440, "lr": 0.0002976737788087612, "grad_norm": 0.6097227931022644, "elapsed_seconds": 66723.73927765503, "tokens_per_second": 8019.656059341971, "loss_main": 2.5814102590084076, "loss_total": 2.5814102590084076}
{"event": "update", "optimizer_step": 16340, "tokens_seen": 535429120, "lr": 0.00029767054017737504, "grad_norm": 0.6463750004768372, "elapsed_seconds": 66758.67765398405, "tokens_per_second": 8020.367371192926, "loss_main": 2.432212382555008, "loss_total": 2.432212382555008}
{"event": "update", "optimizer_step": 16350, "tokens_seen": 535756800, "lr": 0.0002976672993127191, "grad_norm": 0.614674985408783, "elapsed_seconds": 66793.63410981203, "tokens_per_second": 8021.075767777351, "loss_main": 2.4006046056747437, "loss_total": 2.4006046056747437}
{"event": "update", "optimizer_step": 16360, "tokens_seen": 536084480, "lr": 0.0002976640562148481, "grad_norm": 0.6125796437263489, "elapsed_seconds": 66828.59204094601, "tokens_per_second": 8021.7832461821135, "loss_main": 2.4608114063739777, "loss_total": 2.4608114063739777}
{"event": "update", "optimizer_step": 16370, "tokens_seen": 536412160, "lr": 0.00029766081088381663, "grad_norm": 0.5897239446640015, "elapsed_seconds": 66863.55127409002, "tokens_per_second": 8022.489828593095, "loss_main": 2.33189956843853, "loss_total": 2.33189956843853}
{"event": "update", "optimizer_step": 16380, "tokens_seen": 536739840, "lr": 0.0002976575633196792, "grad_norm": 0.7755222320556641, "elapsed_seconds": 66898.51057149604, "tokens_per_second": 8023.195664817878, "loss_main": 2.4697721004486084, "loss_total": 2.4697721004486084}
{"event": "update", "optimizer_step": 16390, "tokens_seen": 537067520, "lr": 0.0002976543135224906, "grad_norm": 2.2575860023498535, "elapsed_seconds": 66933.465325061, "tokens_per_second": 8023.901308437306, "loss_main": 2.3935229182243347, "loss_total": 2.3935229182243347}
{"event": "update", "optimizer_step": 16400, "tokens_seen": 537395200, "lr": 0.0002976510614923055, "grad_norm": 0.6984891295433044, "elapsed_seconds": 66968.43655338505, "tokens_per_second": 8024.604241307114, "loss_main": 2.2858143895864487, "loss_total": 2.2858143895864487}
{"event": "update", "optimizer_step": 16410, "tokens_seen": 537722880, "lr": 0.0002976478072291785, "grad_norm": 0.6513743996620178, "elapsed_seconds": 67003.38786712405, "tokens_per_second": 8025.308825672673, "loss_main": 2.6409732401371, "loss_total": 2.6409732401371}
{"event": "update", "optimizer_step": 16420, "tokens_seen": 538050560, "lr": 0.0002976445507331647, "grad_norm": 0.6948787569999695, "elapsed_seconds": 67038.312017866, "tokens_per_second": 8026.015927379066, "loss_main": 2.410997211933136, "loss_total": 2.410997211933136}
{"event": "update", "optimizer_step": 16430, "tokens_seen": 538378240, "lr": 0.0002976412920043186, "grad_norm": 0.609342098236084, "elapsed_seconds": 67073.280677662, "tokens_per_second": 8026.716966288199, "loss_main": 2.309259831905365, "loss_total": 2.309259831905365}
{"event": "update", "optimizer_step": 16440, "tokens_seen": 538705920, "lr": 0.00029763803104269524, "grad_norm": 0.6094176769256592, "elapsed_seconds": 67108.23826275102, "tokens_per_second": 8027.4185993497185, "loss_main": 2.402347683906555, "loss_total": 2.402347683906555}
{"event": "update", "optimizer_step": 16450, "tokens_seen": 539033600, "lr": 0.0002976347678483493, "grad_norm": 0.582003116607666, "elapsed_seconds": 67143.18160235602, "tokens_per_second": 8028.121205103655, "loss_main": 2.33850921690464, "loss_total": 2.33850921690464}
{"event": "update", "optimizer_step": 16460, "tokens_seen": 539361280, "lr": 0.0002976315024213361, "grad_norm": 0.5810461640357971, "elapsed_seconds": 67178.15203268302, "tokens_per_second": 8028.8198421652605, "loss_main": 2.4187982380390167, "loss_total": 2.4187982380390167}
{"event": "update", "optimizer_step": 16470, "tokens_seen": 539688960, "lr": 0.00029762823476171016, "grad_norm": 0.6610098481178284, "elapsed_seconds": 67213.11248598102, "tokens_per_second": 8029.518944128136, "loss_main": 2.458656519651413, "loss_total": 2.458656519651413}
{"event": "update", "optimizer_step": 16480, "tokens_seen": 540016640, "lr": 0.00029762496486952685, "grad_norm": 0.5973092317581177, "elapsed_seconds": 67248.10128014802, "tokens_per_second": 8030.213934968237, "loss_main": 2.420319065451622, "loss_total": 2.420319065451622}
{"event": "update", "optimizer_step": 16490, "tokens_seen": 540344320, "lr": 0.00029762169274484096, "grad_norm": 0.6259602308273315, "elapsed_seconds": 67283.07068210101, "tokens_per_second": 8030.910517639993, "loss_main": 2.4725731313228607, "loss_total": 2.4725731313228607}
{"event": "update", "optimizer_step": 16500, "tokens_seen": 540672000, "lr": 0.00029761841838770776, "grad_norm": 0.6562238931655884, "elapsed_seconds": 67318.06738936604, "tokens_per_second": 8031.60311885911, "loss_main": 2.541529268026352, "loss_total": 2.541529268026352}
{"event": "update", "optimizer_step": 16510, "tokens_seen": 540999680, "lr": 0.0002976151417981821, "grad_norm": 0.5914549827575684, "elapsed_seconds": 67353.01767913904, "tokens_per_second": 8032.300535920331, "loss_main": 2.2203480303287506, "loss_total": 2.2203480303287506}
{"event": "update", "optimizer_step": 16520, "tokens_seen": 541327360, "lr": 0.00029761186297631945, "grad_norm": 0.6298973560333252, "elapsed_seconds": 67388.00726125704, "tokens_per_second": 8032.992545711052, "loss_main": 2.4185614585876465, "loss_total": 2.4185614585876465}
{"event": "update", "optimizer_step": 16530, "tokens_seen": 541655040, "lr": 0.00029760858192217493, "grad_norm": 0.596499502658844, "elapsed_seconds": 67423.073384171, "tokens_per_second": 8033.674717165371, "loss_main": 2.284997344017029, "loss_total": 2.284997344017029}
{"event": "update", "optimizer_step": 16540, "tokens_seen": 541982720, "lr": 0.0002976052986358035, "grad_norm": 0.7889804244041443, "elapsed_seconds": 67458.06299755402, "tokens_per_second": 8034.365291805842, "loss_main": 2.4569931030273438, "loss_total": 2.4569931030273438}
{"event": "update", "optimizer_step": 16550, "tokens_seen": 542310400, "lr": 0.00029760201311726086, "grad_norm": 0.6751925945281982, "elapsed_seconds": 67493.03196872602, "tokens_per_second": 8035.057607891852, "loss_main": 2.3722765147686005, "loss_total": 2.3722765147686005}
{"event": "update", "optimizer_step": 16560, "tokens_seen": 542638080, "lr": 0.000297598725366602, "grad_norm": 0.6006259322166443, "elapsed_seconds": 67528.00979495904, "tokens_per_second": 8035.748153213126, "loss_main": 2.3349848687648773, "loss_total": 2.3349848687648773}
{"event": "update", "optimizer_step": 16570, "tokens_seen": 542965760, "lr": 0.00029759543538388227, "grad_norm": 0.616344153881073, "elapsed_seconds": 67563.00592746004, "tokens_per_second": 8036.435806052838, "loss_main": 2.7069188356399536, "loss_total": 2.7069188356399536}
{"event": "update", "optimizer_step": 16580, "tokens_seen": 543293440, "lr": 0.00029759214316915725, "grad_norm": 0.6186432838439941, "elapsed_seconds": 67598.02340590005, "tokens_per_second": 8037.120208940615, "loss_main": 2.334350109100342, "loss_total": 2.334350109100342}
{"event": "update", "optimizer_step": 16590, "tokens_seen": 543621120, "lr": 0.00029758884872248216, "grad_norm": 0.7202766537666321, "elapsed_seconds": 67633.03335424705, "tokens_per_second": 8037.80479802867, "loss_main": 2.448951929807663, "loss_total": 2.448951929807663}
{"event": "update", "optimizer_step": 16600, "tokens_seen": 543948800, "lr": 0.0002975855520439125, "grad_norm": 0.625653088092804, "elapsed_seconds": 67668.017009245, "tokens_per_second": 8038.491802200797, "loss_main": 2.4960270822048187, "loss_total": 2.4960270822048187}
{"event": "update", "optimizer_step": 16610, "tokens_seen": 544276480, "lr": 0.00029758225313350386, "grad_norm": 0.5953732132911682, "elapsed_seconds": 67703.023333018, "tokens_per_second": 8039.175404661175, "loss_main": 2.220593109726906, "loss_total": 2.220593109726906}
{"event": "update", "optimizer_step": 16620, "tokens_seen": 544604160, "lr": 0.0002975789519913118, "grad_norm": 0.6205152869224548, "elapsed_seconds": 67738.00824397703, "tokens_per_second": 8039.860842061647, "loss_main": 2.760883718729019, "loss_total": 2.760883718729019}
{"event": "update", "optimizer_step": 16630, "tokens_seen": 544931840, "lr": 0.0002975756486173917, "grad_norm": 0.6480016708374023, "elapsed_seconds": 67773.00047113205, "tokens_per_second": 8040.544703817769, "loss_main": 2.5184262096881866, "loss_total": 2.5184262096881866}
{"event": "update", "optimizer_step": 16640, "tokens_seen": 545259520, "lr": 0.00029757234301179927, "grad_norm": 0.6154803037643433, "elapsed_seconds": 67807.97587857005, "tokens_per_second": 8041.229854382413, "loss_main": 2.4339250922203064, "loss_total": 2.4339250922203064}
{"event": "update", "optimizer_step": 16650, "tokens_seen": 545587200, "lr": 0.00029756903517459015, "grad_norm": 0.5947422981262207, "elapsed_seconds": 67842.95670640905, "tokens_per_second": 8041.9136559898625, "loss_main": 2.195412650704384, "loss_total": 2.195412650704384}
{"event": "update", "optimizer_step": 16660, "tokens_seen": 545914880, "lr": 0.0002975657251058201, "grad_norm": 0.6051458120346069, "elapsed_seconds": 67877.93083367305, "tokens_per_second": 8042.59754672989, "loss_main": 2.58145672082901, "loss_total": 2.58145672082901}
{"event": "update", "optimizer_step": 16670, "tokens_seen": 546242560, "lr": 0.00029756241280554465, "grad_norm": 0.5995015501976013, "elapsed_seconds": 67912.92284210701, "tokens_per_second": 8043.278615322996, "loss_main": 2.36574849486351, "loss_total": 2.36574849486351}
{"event": "update", "optimizer_step": 16680, "tokens_seen": 546570240, "lr": 0.0002975590982738197, "grad_norm": 0.5853205919265747, "elapsed_seconds": 67947.87329157803, "tokens_per_second": 8043.96390236611, "loss_main": 2.147347643971443, "loss_total": 2.147347643971443}
{"event": "update", "optimizer_step": 16690, "tokens_seen": 546897920, "lr": 0.0002975557815107011, "grad_norm": 0.6081013679504395, "elapsed_seconds": 67982.80768635805, "tokens_per_second": 8044.65038459635, "loss_main": 2.3988187313079834, "loss_total": 2.3988187313079834}
{"event": "update", "optimizer_step": 16700, "tokens_seen": 547225600, "lr": 0.00029755246251624457, "grad_norm": 0.6220763921737671, "elapsed_seconds": 68017.76516557502, "tokens_per_second": 8045.333431168956, "loss_main": 2.270618110895157, "loss_total": 2.270618110895157}
{"event": "update", "optimizer_step": 16710, "tokens_seen": 547553280, "lr": 0.0002975491412905059, "grad_norm": 0.7160643339157104, "elapsed_seconds": 68052.74910747603, "tokens_per_second": 8046.012647266409, "loss_main": 2.302206963300705, "loss_total": 2.302206963300705}
{"event": "update", "optimizer_step": 16720, "tokens_seen": 547880960, "lr": 0.0002975458178335412, "grad_norm": 0.6256541609764099, "elapsed_seconds": 68087.70784390502, "tokens_per_second": 8046.694144206595, "loss_main": 2.395024210214615, "loss_total": 2.395024210214615}
{"event": "update", "optimizer_step": 16730, "tokens_seen": 548208640, "lr": 0.0002975424921454063, "grad_norm": 0.636402428150177, "elapsed_seconds": 68122.67375602305, "tokens_per_second": 8047.3740940259295, "loss_main": 2.363663464784622, "loss_total": 2.363663464784622}
{"event": "update", "optimizer_step": 16740, "tokens_seen": 548536320, "lr": 0.0002975391642261572, "grad_norm": 0.6200577616691589, "elapsed_seconds": 68157.63760991703, "tokens_per_second": 8048.053589231021, "loss_main": 2.332834780216217, "loss_total": 2.332834780216217}
{"event": "update", "optimizer_step": 16750, "tokens_seen": 548864000, "lr": 0.00029753583407584987, "grad_norm": 0.6065946221351624, "elapsed_seconds": 68192.58775676502, "tokens_per_second": 8048.734005486544, "loss_main": 2.4279211163520813, "loss_total": 2.4279211163520813}
{"event": "update", "optimizer_step": 16760, "tokens_seen": 549191680, "lr": 0.0002975325016945404, "grad_norm": 0.6453518867492676, "elapsed_seconds": 68227.52988983103, "tokens_per_second": 8049.414670101582, "loss_main": 2.3546523451805115, "loss_total": 2.3546523451805115}
{"event": "update", "optimizer_step": 16770, "tokens_seen": 549519360, "lr": 0.000297529167082285, "grad_norm": 0.6135784983634949, "elapsed_seconds": 68262.45094524202, "tokens_per_second": 8050.097123538782, "loss_main": 2.2817744314670563, "loss_total": 2.2817744314670563}
{"event": "update", "optimizer_step": 16780, "tokens_seen": 549847040, "lr": 0.00029752583023913957, "grad_norm": 0.6336563229560852, "elapsed_seconds": 68297.40282712504, "tokens_per_second": 8050.775245316098, "loss_main": 2.3796951472759247, "loss_total": 2.3796951472759247}
{"event": "update", "optimizer_step": 16790, "tokens_seen": 550174720, "lr": 0.00029752249116516045, "grad_norm": 0.6152120232582092, "elapsed_seconds": 68332.324351658, "tokens_per_second": 8051.456250319264, "loss_main": 2.396334320306778, "loss_total": 2.396334320306778}
{"event": "update", "optimizer_step": 16800, "tokens_seen": 550502400, "lr": 0.0002975191498604039, "grad_norm": 0.6043428778648376, "elapsed_seconds": 68367.28875503404, "tokens_per_second": 8052.131509448885, "loss_main": 2.345664471387863, "loss_total": 2.345664471387863}
{"event": "update", "optimizer_step": 16810, "tokens_seen": 550830080, "lr": 0.00029751580632492603, "grad_norm": 0.6344094276428223, "elapsed_seconds": 68402.25411502703, "tokens_per_second": 8052.805965629578, "loss_main": 2.3157425075769424, "loss_total": 2.3157425075769424}
{"event": "update", "optimizer_step": 16820, "tokens_seen": 551157760, "lr": 0.00029751246055878316, "grad_norm": 0.6228113174438477, "elapsed_seconds": 68437.18552788405, "tokens_per_second": 8053.4837274311385, "loss_main": 2.414772152900696, "loss_total": 2.414772152900696}
{"event": "update", "optimizer_step": 16830, "tokens_seen": 551485440, "lr": 0.0002975091125620316, "grad_norm": 0.6083853840827942, "elapsed_seconds": 68472.13972017501, "tokens_per_second": 8054.158118232535, "loss_main": 2.560392528772354, "loss_total": 2.560392528772354}
{"event": "update", "optimizer_step": 16840, "tokens_seen": 551813120, "lr": 0.00029750576233472767, "grad_norm": 0.5969911217689514, "elapsed_seconds": 68507.124357822, "tokens_per_second": 8054.82824118854, "loss_main": 2.304874464869499, "loss_total": 2.304874464869499}
{"event": "update", "optimizer_step": 16850, "tokens_seen": 552140800, "lr": 0.0002975024098769279, "grad_norm": 0.6389126181602478, "elapsed_seconds": 68542.12019447802, "tokens_per_second": 8055.496363891036, "loss_main": 2.298009067773819, "loss_total": 2.298009067773819}
{"event": "update", "optimizer_step": 16860, "tokens_seen": 552468480, "lr": 0.0002974990551886886, "grad_norm": 0.6238624453544617, "elapsed_seconds": 68577.07669410703, "tokens_per_second": 8056.168425847682, "loss_main": 2.4104915857315063, "loss_total": 2.4104915857315063}
{"event": "update", "optimizer_step": 16870, "tokens_seen": 552796160, "lr": 0.0002974956982700663, "grad_norm": 0.6312826871871948, "elapsed_seconds": 68612.02705222205, "tokens_per_second": 8056.840524173047, "loss_main": 2.5130861401557922, "loss_total": 2.5130861401557922}
{"event": "update", "optimizer_step": 16880, "tokens_seen": 553123840, "lr": 0.0002974923391211175, "grad_norm": 0.5825927257537842, "elapsed_seconds": 68647.02726006502, "tokens_per_second": 8057.506086964619, "loss_main": 2.3473525047302246, "loss_total": 2.3473525047302246}
{"event": "update", "optimizer_step": 16890, "tokens_seen": 553451520, "lr": 0.00029748897774189867, "grad_norm": 0.594344973564148, "elapsed_seconds": 68681.986302834, "tokens_per_second": 8058.175801143991, "loss_main": 2.4352457225322723, "loss_total": 2.4352457225322723}
{"event": "update", "optimizer_step": 16900, "tokens_seen": 553779200, "lr": 0.00029748561413246645, "grad_norm": 0.6191952228546143, "elapsed_seconds": 68716.96272100904, "tokens_per_second": 8058.842796186209, "loss_main": 2.1941003799438477, "loss_total": 2.1941003799438477}
{"event": "update", "optimizer_step": 16910, "tokens_seen": 554106880, "lr": 0.00029748224829287753, "grad_norm": 0.5840142965316772, "elapsed_seconds": 68751.93227442302, "tokens_per_second": 8059.509917310906, "loss_main": 2.397596776485443, "loss_total": 2.397596776485443}
{"event": "update", "optimizer_step": 16920, "tokens_seen": 554434560, "lr": 0.0002974788802231885, "grad_norm": 0.6189242005348206, "elapsed_seconds": 68786.87795246905, "tokens_per_second": 8060.179157761862, "loss_main": 2.4534615874290466, "loss_total": 2.4534615874290466}
{"event": "update", "optimizer_step": 16930, "tokens_seen": 554762240, "lr": 0.00029747550992345606, "grad_norm": 0.6389786005020142, "elapsed_seconds": 68821.84918144805, "tokens_per_second": 8060.84472588604, "loss_main": 2.523123174905777, "loss_total": 2.523123174905777}
{"event": "update", "optimizer_step": 16940, "tokens_seen": 555089920, "lr": 0.0002974721373937369, "grad_norm": 0.6940223574638367, "elapsed_seconds": 68856.81494268903, "tokens_per_second": 8061.510258091563, "loss_main": 2.4208076000213623, "loss_total": 2.4208076000213623}
{"event": "update", "optimizer_step": 16950, "tokens_seen": 555417600, "lr": 0.0002974687626340879, "grad_norm": 0.6080744862556458, "elapsed_seconds": 68891.80081513803, "tokens_per_second": 8062.172761173555, "loss_main": 2.4662382304668427, "loss_total": 2.4662382304668427}
{"event": "update", "optimizer_step": 16960, "tokens_seen": 555745280, "lr": 0.00029746538564456577, "grad_norm": 0.6477648019790649, "elapsed_seconds": 68926.758977686, "tokens_per_second": 8062.837833125364, "loss_main": 2.508805513381958, "loss_total": 2.508805513381958}
{"event": "update", "optimizer_step": 16970, "tokens_seen": 556072960, "lr": 0.0002974620064252274, "grad_norm": 0.652534008026123, "elapsed_seconds": 68961.73020786105, "tokens_per_second": 8063.500702837824, "loss_main": 2.4025708585977554, "loss_total": 2.4025708585977554}
{"event": "update", "optimizer_step": 16980, "tokens_seen": 556400640, "lr": 0.00029745862497612956, "grad_norm": 0.6049253940582275, "elapsed_seconds": 68996.673129879, "tokens_per_second": 8064.166209182785, "loss_main": 2.4413790702819824, "loss_total": 2.4413790702819824}
{"event": "update", "optimizer_step": 16990, "tokens_seen": 556728320, "lr": 0.0002974552412973294, "grad_norm": 0.5951991081237793, "elapsed_seconds": 69031.63090108003, "tokens_per_second": 8064.829306984977, "loss_main": 2.404003918170929, "loss_total": 2.404003918170929}
{"event": "update", "optimizer_step": 17000, "tokens_seen": 557056000, "lr": 0.00029745185538888365, "grad_norm": 0.656234860420227, "elapsed_seconds": 69066.60772797, "tokens_per_second": 8065.489508244782, "loss_main": 2.319034069776535, "loss_total": 2.319034069776535}
{"event": "update", "optimizer_step": 17010, "tokens_seen": 557383680, "lr": 0.0002974484672508495, "grad_norm": 0.583126962184906, "elapsed_seconds": 69101.60588137002, "tokens_per_second": 8066.146551744207, "loss_main": 2.304679721593857, "loss_total": 2.304679721593857}
{"event": "update", "optimizer_step": 17020, "tokens_seen": 557711360, "lr": 0.00029744507688328383, "grad_norm": 0.5995151400566101, "elapsed_seconds": 69136.58061375504, "tokens_per_second": 8066.805662775876, "loss_main": 2.301993206143379, "loss_total": 2.301993206143379}
{"event": "update", "optimizer_step": 17030, "tokens_seen": 558039040, "lr": 0.00029744168428624373, "grad_norm": 0.6243575811386108, "elapsed_seconds": 69171.54639239603, "tokens_per_second": 8067.465151557531, "loss_main": 2.471778392791748, "loss_total": 2.471778392791748}
{"event": "update", "optimizer_step": 17040, "tokens_seen": 558366720, "lr": 0.00029743828945978646, "grad_norm": 0.6427783370018005, "elapsed_seconds": 69206.53592517803, "tokens_per_second": 8068.121204674551, "loss_main": 2.422084391117096, "loss_total": 2.422084391117096}
{"event": "update", "optimizer_step": 17050, "tokens_seen": 558694400, "lr": 0.00029743489240396893, "grad_norm": 0.6355220079421997, "elapsed_seconds": 69241.512519843, "tokens_per_second": 8068.778102440949, "loss_main": 2.3595810383558273, "loss_total": 2.3595810383558273}
{"event": "update", "optimizer_step": 17060, "tokens_seen": 559022080, "lr": 0.0002974314931188485, "grad_norm": 0.6382668018341064, "elapsed_seconds": 69276.52455154702, "tokens_per_second": 8069.430209133036, "loss_main": 2.348746418952942, "loss_total": 2.348746418952942}
{"event": "update", "optimizer_step": 17070, "tokens_seen": 559349760, "lr": 0.0002974280916044823, "grad_norm": 0.6278958320617676, "elapsed_seconds": 69311.49079900602, "tokens_per_second": 8070.086987770022, "loss_main": 2.546698957681656, "loss_total": 2.546698957681656}
{"event": "update", "optimizer_step": 17080, "tokens_seen": 559677440, "lr": 0.00029742468786092774, "grad_norm": 0.6196609139442444, "elapsed_seconds": 69346.46812138805, "tokens_per_second": 8070.741815146351, "loss_main": 2.293386787176132, "loss_total": 2.293386787176132}
{"event": "update", "optimizer_step": 17090, "tokens_seen": 560005120, "lr": 0.0002974212818882419, "grad_norm": 0.6148237586021423, "elapsed_seconds": 69381.53441240103, "tokens_per_second": 8071.385632254142, "loss_main": 2.1820672899484634, "loss_total": 2.1820672899484634}
{"event": "update", "optimizer_step": 17100, "tokens_seen": 560332800, "lr": 0.0002974178736864822, "grad_norm": 0.6614954471588135, "elapsed_seconds": 69416.53859267704, "tokens_per_second": 8072.036021385705, "loss_main": 2.5468529760837555, "loss_total": 2.5468529760837555}
{"event": "update", "optimizer_step": 17110, "tokens_seen": 560660480, "lr": 0.0002974144632557061, "grad_norm": 0.6108038425445557, "elapsed_seconds": 69451.52058007201, "tokens_per_second": 8072.68833449951, "loss_main": 2.386602133512497, "loss_total": 2.386602133512497}
{"event": "update", "optimizer_step": 17120, "tokens_seen": 560988160, "lr": 0.0002974110505959709, "grad_norm": 0.5834341645240784, "elapsed_seconds": 69486.51689745305, "tokens_per_second": 8073.3383258783315, "loss_main": 2.361149787902832, "loss_total": 2.361149787902832}
{"event": "update", "optimizer_step": 17130, "tokens_seen": 561315840, "lr": 0.00029740763570733407, "grad_norm": 0.5942092537879944, "elapsed_seconds": 69521.54594834003, "tokens_per_second": 8073.98386130685, "loss_main": 2.2325028479099274, "loss_total": 2.2325028479099274}
{"event": "update", "optimizer_step": 17140, "tokens_seen": 561643520, "lr": 0.00029740421858985306, "grad_norm": 0.6132261157035828, "elapsed_seconds": 69557.27051287203, "tokens_per_second": 8074.548007113997, "loss_main": 2.342754364013672, "loss_total": 2.342754364013672}
{"event": "update", "optimizer_step": 17150, "tokens_seen": 561971200, "lr": 0.00029740079924358545, "grad_norm": 0.6070792078971863, "elapsed_seconds": 69592.287061529, "tokens_per_second": 8075.193728051234, "loss_main": 2.353057563304901, "loss_total": 2.353057563304901}
{"event": "update", "optimizer_step": 17160, "tokens_seen": 562298880, "lr": 0.0002973973776685888, "grad_norm": 0.6162286400794983, "elapsed_seconds": 69627.27065054502, "tokens_per_second": 8075.84262238489, "loss_main": 2.4367300868034363, "loss_total": 2.4367300868034363}
{"event": "update", "optimizer_step": 17170, "tokens_seen": 562626560, "lr": 0.0002973939538649207, "grad_norm": 0.6033219695091248, "elapsed_seconds": 69662.29900358402, "tokens_per_second": 8076.485675143362, "loss_main": 2.3089329451322556, "loss_total": 2.3089329451322556}
{"event": "update", "optimizer_step": 17180, "tokens_seen": 562954240, "lr": 0.00029739052783263884, "grad_norm": 0.7518237233161926, "elapsed_seconds": 69697.25492168003, "tokens_per_second": 8077.136475928659, "loss_main": 2.3810973167419434, "loss_total": 2.3810973167419434}
{"event": "update", "optimizer_step": 17190, "tokens_seen": 563281920, "lr": 0.00029738709957180076, "grad_norm": 0.6087031960487366, "elapsed_seconds": 69732.22463544202, "tokens_per_second": 8077.785026145673, "loss_main": 2.5123884677886963, "loss_total": 2.5123884677886963}
{"event": "update", "optimizer_step": 17200, "tokens_seen": 563609600, "lr": 0.00029738366908246415, "grad_norm": 0.614983856678009, "elapsed_seconds": 69767.18565082905, "tokens_per_second": 8078.433933407526, "loss_main": 2.356509804725647, "loss_total": 2.356509804725647}
{"event": "update", "optimizer_step": 17210, "tokens_seen": 563937280, "lr": 0.0002973802363646869, "grad_norm": 0.5735392570495605, "elapsed_seconds": 69802.179557555, "tokens_per_second": 8079.078383720219, "loss_main": 2.3404305279254913, "loss_total": 2.3404305279254913}
{"event": "update", "optimizer_step": 17220, "tokens_seen": 564264960, "lr": 0.0002973768014185267, "grad_norm": 0.6122286915779114, "elapsed_seconds": 69837.19874745503, "tokens_per_second": 8079.719263089181, "loss_main": 2.6242098212242126, "loss_total": 2.6242098212242126}
{"event": "update", "optimizer_step": 17230, "tokens_seen": 564592640, "lr": 0.0002973733642440416, "grad_norm": 0.6255635619163513, "elapsed_seconds": 69872.21664598002, "tokens_per_second": 8080.359649395536, "loss_main": 2.4287306666374207, "loss_total": 2.4287306666374207}
{"event": "update", "optimizer_step": 17240, "tokens_seen": 564920320, "lr": 0.0002973699248412891, "grad_norm": 0.6201083064079285, "elapsed_seconds": 69907.21301672305, "tokens_per_second": 8081.001882664969, "loss_main": 2.3796772956848145, "loss_total": 2.3796772956848145}
{"event": "update", "optimizer_step": 17250, "tokens_seen": 565248000, "lr": 0.0002973664832103272, "grad_norm": 0.6147846579551697, "elapsed_seconds": 69942.18539910304, "tokens_per_second": 8081.6462450321, "loss_main": 2.375501051545143, "loss_total": 2.375501051545143}
{"event": "update", "optimizer_step": 17260, "tokens_seen": 565575680, "lr": 0.00029736303935121394, "grad_norm": 0.5859795808792114, "elapsed_seconds": 69977.15849594004, "tokens_per_second": 8082.289880816093, "loss_main": 2.343590945005417, "loss_total": 2.343590945005417}
{"event": "update", "optimizer_step": 17270, "tokens_seen": 565903360, "lr": 0.0002973595932640072, "grad_norm": 0.5627424716949463, "elapsed_seconds": 70012.13129194203, "tokens_per_second": 8082.932908302022, "loss_main": 2.3255688846111298, "loss_total": 2.3255688846111298}
{"event": "update", "optimizer_step": 17280, "tokens_seen": 566231040, "lr": 0.00029735614494876515, "grad_norm": 0.6209350228309631, "elapsed_seconds": 70047.06149400002, "tokens_per_second": 8083.580209121282, "loss_main": 2.35342338681221, "loss_total": 2.35342338681221}
{"event": "update", "optimizer_step": 17290, "tokens_seen": 566558720, "lr": 0.0002973526944055456, "grad_norm": 0.6227518320083618, "elapsed_seconds": 70082.03667295701, "tokens_per_second": 8084.2216764316945, "loss_main": 2.440963089466095, "loss_total": 2.440963089466095}
{"event": "update", "optimizer_step": 17300, "tokens_seen": 566886400, "lr": 0.00029734924163440685, "grad_norm": 2.459768056869507, "elapsed_seconds": 70117.00196757301, "tokens_per_second": 8084.863643516415, "loss_main": 2.3141210973262787, "loss_total": 2.3141210973262787}
{"event": "update", "optimizer_step": 17310, "tokens_seen": 567214080, "lr": 0.00029734578663540684, "grad_norm": 0.5892215967178345, "elapsed_seconds": 70151.96685554303, "tokens_per_second": 8085.505017528697, "loss_main": 2.4127929508686066, "loss_total": 2.4127929508686066}
{"event": "update", "optimizer_step": 17320, "tokens_seen": 567541760, "lr": 0.00029734232940860383, "grad_norm": 0.5598767399787903, "elapsed_seconds": 70186.93921452202, "tokens_per_second": 8086.144891791675, "loss_main": 2.2858116924762726, "loss_total": 2.2858116924762726}
{"event": "update", "optimizer_step": 17330, "tokens_seen": 567869440, "lr": 0.000297338869954056, "grad_norm": 0.6094251275062561, "elapsed_seconds": 70221.892036364, "tokens_per_second": 8086.7863786115595, "loss_main": 2.4556984305381775, "loss_total": 2.4556984305381775}
{"event": "update", "optimizer_step": 17340, "tokens_seen": 568197120, "lr": 0.00029733540827182165, "grad_norm": 0.5543885827064514, "elapsed_seconds": 70256.88708510104, "tokens_per_second": 8087.422366319076, "loss_main": 2.2590226978063583, "loss_total": 2.2590226978063583}
{"event": "update", "optimizer_step": 17350, "tokens_seen": 568524800, "lr": 0.00029733194436195893, "grad_norm": 0.6082436442375183, "elapsed_seconds": 70291.87227877101, "tokens_per_second": 8088.058854731933, "loss_main": 2.5506191849708557, "loss_total": 2.5506191849708557}
{"event": "update", "optimizer_step": 17360, "tokens_seen": 568852480, "lr": 0.0002973284782245262, "grad_norm": 0.5898372530937195, "elapsed_seconds": 70326.83688618301, "tokens_per_second": 8088.697077626727, "loss_main": 2.2953340858221054, "loss_total": 2.2953340858221054}
{"event": "update", "optimizer_step": 17370, "tokens_seen": 569180160, "lr": 0.00029732500985958177, "grad_norm": 0.5825159549713135, "elapsed_seconds": 70361.88527011703, "tokens_per_second": 8089.3250346396435, "loss_main": 2.3142237067222595, "loss_total": 2.3142237067222595}
{"event": "update", "optimizer_step": 17380, "tokens_seen": 569507840, "lr": 0.0002973215392671841, "grad_norm": 0.6257135272026062, "elapsed_seconds": 70396.896093363, "tokens_per_second": 8089.956682815921, "loss_main": 2.4739882349967957, "loss_total": 2.4739882349967957}
{"event": "update", "optimizer_step": 17390, "tokens_seen": 569835520, "lr": 0.0002973180664473915, "grad_norm": 0.6040786504745483, "elapsed_seconds": 70431.88095181301, "tokens_per_second": 8090.590685628021, "loss_main": 2.4756116569042206, "loss_total": 2.4756116569042206}
{"event": "update", "optimizer_step": 17400, "tokens_seen": 570163200, "lr": 0.00029731459140026266, "grad_norm": 0.6214521527290344, "elapsed_seconds": 70466.83813671803, "tokens_per_second": 8091.227236473749, "loss_main": 2.3230775743722916, "loss_total": 2.3230775743722916}
{"event": "update", "optimizer_step": 17410, "tokens_seen": 570490880, "lr": 0.00029731111412585577, "grad_norm": 0.668799102306366, "elapsed_seconds": 70501.83380261302, "tokens_per_second": 8091.858739408503, "loss_main": 2.2535509169101715, "loss_total": 2.2535509169101715}
{"event": "update", "optimizer_step": 17420, "tokens_seen": 570818560, "lr": 0.0002973076346242295, "grad_norm": 0.7638249397277832, "elapsed_seconds": 70536.81825505203, "tokens_per_second": 8092.490902212144, "loss_main": 2.2936573028564453, "loss_total": 2.2936573028564453}
{"event": "update", "optimizer_step": 17430, "tokens_seen": 571146240, "lr": 0.0002973041528954426, "grad_norm": 0.6014039516448975, "elapsed_seconds": 70571.78626005905, "tokens_per_second": 8093.124324433419, "loss_main": 2.2632936537265778, "loss_total": 2.2632936537265778}
{"event": "update", "optimizer_step": 17440, "tokens_seen": 571473920, "lr": 0.0002973006689395533, "grad_norm": 0.6297478675842285, "elapsed_seconds": 70606.74336912, "tokens_per_second": 8093.75836826848, "loss_main": 2.381446748971939, "loss_total": 2.381446748971939}
{"event": "update", "optimizer_step": 17450, "tokens_seen": 571801600, "lr": 0.00029729718275662057, "grad_norm": 0.6306048631668091, "elapsed_seconds": 70641.726640818, "tokens_per_second": 8094.388786776954, "loss_main": 2.4131287038326263, "loss_total": 2.4131287038326263}
{"event": "update", "optimizer_step": 17460, "tokens_seen": 572129280, "lr": 0.000297293694346703, "grad_norm": 0.5788254737854004, "elapsed_seconds": 70676.67473013804, "tokens_per_second": 8095.022610847761, "loss_main": 2.34382826089859, "loss_total": 2.34382826089859}
{"event": "update", "optimizer_step": 17470, "tokens_seen": 572456960, "lr": 0.00029729020370985917, "grad_norm": 0.5984689593315125, "elapsed_seconds": 70711.64117961301, "tokens_per_second": 8095.653706380754, "loss_main": 2.278533846139908, "loss_total": 2.278533846139908}
{"event": "update", "optimizer_step": 17480, "tokens_seen": 572784640, "lr": 0.0002972867108461481, "grad_norm": 0.6053898930549622, "elapsed_seconds": 70746.64528092503, "tokens_per_second": 8096.279869180402, "loss_main": 2.3403778225183487, "loss_total": 2.3403778225183487}
{"event": "update", "optimizer_step": 17490, "tokens_seen": 573112320, "lr": 0.0002972832157556284, "grad_norm": 0.5924162268638611, "elapsed_seconds": 70781.62931807205, "tokens_per_second": 8096.907707854533, "loss_main": 2.1750423908233643, "loss_total": 2.1750423908233643}
{"event": "update", "optimizer_step": 17500, "tokens_seen": 573440000, "lr": 0.00029727971843835884, "grad_norm": 0.6006126403808594, "elapsed_seconds": 70816.61349398503, "tokens_per_second": 8097.534910345669, "loss_main": 2.361969381570816, "loss_total": 2.361969381570816}
{"event": "update", "optimizer_step": 17510, "tokens_seen": 573767680, "lr": 0.00029727621889439856, "grad_norm": 0.6057189106941223, "elapsed_seconds": 70851.571713968, "tokens_per_second": 8098.164460152474, "loss_main": 2.3457933962345123, "loss_total": 2.3457933962345123}
{"event": "update", "optimizer_step": 17520, "tokens_seen": 574095360, "lr": 0.0002972727171238062, "grad_norm": 0.8048725128173828, "elapsed_seconds": 70886.563346448, "tokens_per_second": 8098.789571645482, "loss_main": 2.315139964222908, "loss_total": 2.315139964222908}
{"event": "update", "optimizer_step": 17530, "tokens_seen": 574423040, "lr": 0.00029726921312664086, "grad_norm": 0.6276047825813293, "elapsed_seconds": 70921.544498423, "tokens_per_second": 8099.415263196543, "loss_main": 2.5222812592983246, "loss_total": 2.5222812592983246}
{"event": "update", "optimizer_step": 17540, "tokens_seen": 574750720, "lr": 0.0002972657069029615, "grad_norm": 0.6152047514915466, "elapsed_seconds": 70956.51907530101, "tokens_per_second": 8100.041088403149, "loss_main": 2.3628275990486145, "loss_total": 2.3628275990486145}
{"event": "update", "optimizer_step": 17550, "tokens_seen": 575078400, "lr": 0.00029726219845282705, "grad_norm": 0.6458572149276733, "elapsed_seconds": 70991.517127948, "tokens_per_second": 8100.6636182114025, "loss_main": 2.366510897874832, "loss_total": 2.366510897874832}
{"event": "update", "optimizer_step": 17560, "tokens_seen": 575406080, "lr": 0.00029725868777629664, "grad_norm": 0.6295871734619141, "elapsed_seconds": 71026.49906744901, "tokens_per_second": 8101.287372387257, "loss_main": 2.328473538160324, "loss_total": 2.328473538160324}
{"event": "update", "optimizer_step": 17570, "tokens_seen": 575733760, "lr": 0.0002972551748734295, "grad_norm": 0.6112505793571472, "elapsed_seconds": 71061.51131330401, "tokens_per_second": 8101.907057135894, "loss_main": 2.3048396706581116, "loss_total": 2.3048396706581116}
{"event": "update", "optimizer_step": 17580, "tokens_seen": 576061440, "lr": 0.0002972516597442845, "grad_norm": 0.611311674118042, "elapsed_seconds": 71096.49603619904, "tokens_per_second": 8102.529268203263, "loss_main": 2.2413126826286316, "loss_total": 2.2413126826286316}
{"event": "update", "optimizer_step": 17590, "tokens_seen": 576389120, "lr": 0.0002972481423889209, "grad_norm": 0.640311598777771, "elapsed_seconds": 71131.47859092103, "tokens_per_second": 8103.1511142180625, "loss_main": 2.3800401091575623, "loss_total": 2.3800401091575623}
{"event": "update", "optimizer_step": 17600, "tokens_seen": 576716800, "lr": 0.0002972446228073981, "grad_norm": 0.641792356967926, "elapsed_seconds": 71166.518816041, "tokens_per_second": 8103.765781922825, "loss_main": 2.3964128494262695, "loss_total": 2.3964128494262695}
{"event": "update", "optimizer_step": 17610, "tokens_seen": 577044480, "lr": 0.000297241100999775, "grad_norm": 0.5844555497169495, "elapsed_seconds": 71201.48437995702, "tokens_per_second": 8104.388342814326, "loss_main": 2.403599441051483, "loss_total": 2.403599441051483}
{"event": "update", "optimizer_step": 17620, "tokens_seen": 577372160, "lr": 0.0002972375769661113, "grad_norm": 0.6017534136772156, "elapsed_seconds": 71236.49953032203, "tokens_per_second": 8105.004650800392, "loss_main": 2.2190156131982803, "loss_total": 2.2190156131982803}
{"event": "update", "optimizer_step": 17630, "tokens_seen": 577699840, "lr": 0.0002972340507064659, "grad_norm": 0.6050907969474792, "elapsed_seconds": 71271.48753927503, "tokens_per_second": 8105.62343997172, "loss_main": 2.422241285443306, "loss_total": 2.422241285443306}
{"event": "update", "optimizer_step": 17640, "tokens_seen": 578027520, "lr": 0.00029723052222089847, "grad_norm": 0.5996080040931702, "elapsed_seconds": 71306.45987502404, "tokens_per_second": 8106.243403656353, "loss_main": 2.3469268083572388, "loss_total": 2.3469268083572388}
{"event": "update", "optimizer_step": 17650, "tokens_seen": 578355200, "lr": 0.0002972269915094682, "grad_norm": 0.5869682431221008, "elapsed_seconds": 71341.52418421605, "tokens_per_second": 8106.852308153491, "loss_main": 2.48572838306427, "loss_total": 2.48572838306427}
{"event": "update", "optimizer_step": 17660, "tokens_seen": 578682880, "lr": 0.00029722345857223465, "grad_norm": 0.6109228730201721, "elapsed_seconds": 71376.52594613604, "tokens_per_second": 8107.467718962678, "loss_main": 2.4595093429088593, "loss_total": 2.4595093429088593}
{"event": "update", "optimizer_step": 17670, "tokens_seen": 579010560, "lr": 0.0002972199234092572, "grad_norm": 0.5901952981948853, "elapsed_seconds": 71411.499282662, "tokens_per_second": 8108.08575392252, "loss_main": 2.242798760533333, "loss_total": 2.242798760533333}
{"event": "update", "optimizer_step": 17680, "tokens_seen": 579338240, "lr": 0.0002972163860205956, "grad_norm": 0.5830768346786499, "elapsed_seconds": 71446.47342000005, "tokens_per_second": 8108.703092934263, "loss_main": 2.321533426642418, "loss_total": 2.321533426642418}
{"event": "update", "optimizer_step": 17690, "tokens_seen": 579665920, "lr": 0.000297212846406309, "grad_norm": 0.6342396140098572, "elapsed_seconds": 71481.44754865003, "tokens_per_second": 8109.319828833647, "loss_main": 2.4785651564598083, "loss_total": 2.4785651564598083}
{"event": "update", "optimizer_step": 17700, "tokens_seen": 579993600, "lr": 0.0002972093045664572, "grad_norm": 0.6196452379226685, "elapsed_seconds": 71516.40716193302, "tokens_per_second": 8109.937607558128, "loss_main": 2.529357999563217, "loss_total": 2.529357999563217}
{"event": "update", "optimizer_step": 17710, "tokens_seen": 580321280, "lr": 0.00029720576050109996, "grad_norm": 0.636458158493042, "elapsed_seconds": 71551.42865858, "tokens_per_second": 8110.547767943296, "loss_main": 2.3276356756687164, "loss_total": 2.3276356756687164}
{"event": "update", "optimizer_step": 17720, "tokens_seen": 580648960, "lr": 0.00029720221421029663, "grad_norm": 0.6175471544265747, "elapsed_seconds": 71586.40900894703, "tokens_per_second": 8111.1619934369, "loss_main": 2.420474350452423, "loss_total": 2.420474350452423}
{"event": "update", "optimizer_step": 17730, "tokens_seen": 580976640, "lr": 0.0002971986656941072, "grad_norm": 0.6726428270339966, "elapsed_seconds": 71621.37065840804, "tokens_per_second": 8111.77773699582, "loss_main": 2.1903689801692963, "loss_total": 2.1903689801692963}
{"event": "update", "optimizer_step": 17740, "tokens_seen": 581304320, "lr": 0.00029719511495259116, "grad_norm": 0.7307108044624329, "elapsed_seconds": 71656.38226258004, "tokens_per_second": 8112.38722420913, "loss_main": 2.4746766686439514, "loss_total": 2.4746766686439514}
{"event": "update", "optimizer_step": 17750, "tokens_seen": 581632000, "lr": 0.0002971915619858084, "grad_norm": 0.6110023260116577, "elapsed_seconds": 71691.34073532303, "tokens_per_second": 8113.002128769286, "loss_main": 2.357197344303131, "loss_total": 2.357197344303131}
{"event": "update", "optimizer_step": 17760, "tokens_seen": 581959680, "lr": 0.00029718800679381875, "grad_norm": 0.6280339360237122, "elapsed_seconds": 71726.31326690305, "tokens_per_second": 8113.614843613271, "loss_main": 2.3028838634490967, "loss_total": 2.3028838634490967}
{"event": "update", "optimizer_step": 17770, "tokens_seen": 582287360, "lr": 0.00029718444937668206, "grad_norm": 0.6414375901222229, "elapsed_seconds": 71761.290698555, "tokens_per_second": 8114.226407186472, "loss_main": 2.5168569087982178, "loss_total": 2.5168569087982178}
{"event": "update", "optimizer_step": 17780, "tokens_seen": 582615040, "lr": 0.00029718088973445817, "grad_norm": 0.651587188243866, "elapsed_seconds": 71796.288279297, "tokens_per_second": 8114.835097512992, "loss_main": 2.371321752667427, "loss_total": 2.371321752667427}
{"event": "update", "optimizer_step": 17790, "tokens_seen": 582942720, "lr": 0.00029717732786720694, "grad_norm": 0.6226766705513, "elapsed_seconds": 71831.25886374002, "tokens_per_second": 8115.446244730453, "loss_main": 2.396823525428772, "loss_total": 2.396823525428772}
{"event": "update", "optimizer_step": 17800, "tokens_seen": 583270400, "lr": 0.00029717376377498843, "grad_norm": 0.6211338639259338, "elapsed_seconds": 71866.26848365803, "tokens_per_second": 8116.052388786991, "loss_main": 2.202388569712639, "loss_total": 2.202388569712639}
{"event": "update", "optimizer_step": 17810, "tokens_seen": 583598080, "lr": 0.0002971701974578626, "grad_norm": 0.6030389070510864, "elapsed_seconds": 71901.27413874003, "tokens_per_second": 8116.658390140549, "loss_main": 2.245551198720932, "loss_total": 2.245551198720932}
{"event": "update", "optimizer_step": 17820, "tokens_seen": 583925760, "lr": 0.0002971666289158894, "grad_norm": 0.633766770362854, "elapsed_seconds": 71936.251759618, "tokens_per_second": 8117.26696507965, "loss_main": 2.2102726697921753, "loss_total": 2.2102726697921753}
{"event": "update", "optimizer_step": 17830, "tokens_seen": 584253440, "lr": 0.000297163058149129, "grad_norm": 0.6057146191596985, "elapsed_seconds": 71971.26318969205, "tokens_per_second": 8117.871135040445, "loss_main": 2.4015028327703476, "loss_total": 2.4015028327703476}
{"event": "update", "optimizer_step": 17840, "tokens_seen": 584581120, "lr": 0.00029715948515764156, "grad_norm": 0.6698480248451233, "elapsed_seconds": 72006.25152028102, "tokens_per_second": 8118.477321866269, "loss_main": 2.44369637966156, "loss_total": 2.44369637966156}
{"event": "update", "optimizer_step": 17850, "tokens_seen": 584908800, "lr": 0.0002971559099414871, "grad_norm": 0.6096266508102417, "elapsed_seconds": 72041.26140414103, "tokens_per_second": 8119.080490814097, "loss_main": 2.3116856515407562, "loss_total": 2.3116856515407562}
{"event": "update", "optimizer_step": 17860, "tokens_seen": 585236480, "lr": 0.0002971523325007258, "grad_norm": 0.6192365288734436, "elapsed_seconds": 72076.23518873903, "tokens_per_second": 8119.6871405324955, "loss_main": 2.3476319313049316, "loss_total": 2.3476319313049316}
{"event": "update", "optimizer_step": 17870, "tokens_seen": 585564160, "lr": 0.00029714875283541804, "grad_norm": 0.6322325468063354, "elapsed_seconds": 72111.22536582302, "tokens_per_second": 8120.291355879899, "loss_main": 2.4115030765533447, "loss_total": 2.4115030765533447}
{"event": "update", "optimizer_step": 17880, "tokens_seen": 585891840, "lr": 0.00029714517094562394, "grad_norm": 0.6544083952903748, "elapsed_seconds": 72146.21932704205, "tokens_per_second": 8120.894559202416, "loss_main": 2.3886525332927704, "loss_total": 2.3886525332927704}
{"event": "update", "optimizer_step": 17890, "tokens_seen": 586219520, "lr": 0.0002971415868314038, "grad_norm": 0.5892561674118042, "elapsed_seconds": 72181.21530703001, "tokens_per_second": 8121.4969505079225, "loss_main": 2.1852681636810303, "loss_total": 2.1852681636810303}
{"event": "update", "optimizer_step": 17900, "tokens_seen": 586547200, "lr": 0.000297138000492818, "grad_norm": 0.5776636004447937, "elapsed_seconds": 72216.18840984302, "tokens_per_second": 8122.10133095385, "loss_main": 2.3032047748565674, "loss_total": 2.3032047748565674}
{"event": "update", "optimizer_step": 17910, "tokens_seen": 586874880, "lr": 0.0002971344119299268, "grad_norm": 0.6549117565155029, "elapsed_seconds": 72251.13936723501, "tokens_per_second": 8122.707615959624, "loss_main": 2.4048925042152405, "loss_total": 2.4048925042152405}
{"event": "update", "optimizer_step": 17920, "tokens_seen": 587202560, "lr": 0.00029713082114279075, "grad_norm": 0.6232410669326782, "elapsed_seconds": 72286.191449365, "tokens_per_second": 8123.30195057134, "loss_main": 2.4799748063087463, "loss_total": 2.4799748063087463}
{"event": "update", "optimizer_step": 17930, "tokens_seen": 587530240, "lr": 0.0002971272281314703, "grad_norm": 0.6231960654258728, "elapsed_seconds": 72321.17197848903, "tokens_per_second": 8123.903746675359, "loss_main": 2.3539308607578278, "loss_total": 2.3539308607578278}
{"event": "update", "optimizer_step": 17940, "tokens_seen": 587857920, "lr": 0.0002971236328960258, "grad_norm": 4.088155269622803, "elapsed_seconds": 72356.127229003, "tokens_per_second": 8124.507799311361, "loss_main": 2.4648240506649017, "loss_total": 2.4648240506649017}
{"event": "update", "optimizer_step": 17950, "tokens_seen": 588185600, "lr": 0.00029712003543651787, "grad_norm": 0.6167495846748352, "elapsed_seconds": 72391.129010236, "tokens_per_second": 8125.106046029913, "loss_main": 2.3721983730793, "loss_total": 2.3721983730793}
{"event": "update", "optimizer_step": 17960, "tokens_seen": 588513280, "lr": 0.00029711643575300697, "grad_norm": 0.6043437123298645, "elapsed_seconds": 72426.11566817603, "tokens_per_second": 8125.705411240108, "loss_main": 2.2699564695358276, "loss_total": 2.2699564695358276}
{"event": "update", "optimizer_step": 17970, "tokens_seen": 588840960, "lr": 0.0002971128338455539, "grad_norm": 0.6375858187675476, "elapsed_seconds": 72461.09620903904, "tokens_per_second": 8126.30488367558, "loss_main": 2.463390737771988, "loss_total": 2.463390737771988}
{"event": "update", "optimizer_step": 17980, "tokens_seen": 589168640, "lr": 0.00029710922971421905, "grad_norm": 0.6427389979362488, "elapsed_seconds": 72496.07246778102, "tokens_per_second": 8126.904257631895, "loss_main": 2.3892215490341187, "loss_total": 2.3892215490341187}
{"event": "update", "optimizer_step": 17990, "tokens_seen": 589496320, "lr": 0.00029710562335906313, "grad_norm": 0.596609890460968, "elapsed_seconds": 72531.033790641, "tokens_per_second": 8127.504727170528, "loss_main": 2.278324529528618, "loss_total": 2.278324529528618}
{"event": "update", "optimizer_step": 18000, "tokens_seen": 589824000, "lr": 0.000297102014780147, "grad_norm": 0.5912424921989441, "elapsed_seconds": 72566.03352443204, "tokens_per_second": 8128.100315713327, "loss_main": 2.4899358451366425, "loss_total": 2.4899358451366425}
{"event": "update", "optimizer_step": 18010, "tokens_seen": 590151680, "lr": 0.0002970984039775313, "grad_norm": 0.6267939209938049, "elapsed_seconds": 72601.03266149305, "tokens_per_second": 8128.695396821969, "loss_main": 2.5624267160892487, "loss_total": 2.5624267160892487}
{"event": "update", "optimizer_step": 18020, "tokens_seen": 590479360, "lr": 0.00029709479095127683, "grad_norm": 0.657823383808136, "elapsed_seconds": 72636.01506289205, "tokens_per_second": 8129.291777484381, "loss_main": 2.315745621919632, "loss_total": 2.315745621919632}
{"event": "update", "optimizer_step": 18030, "tokens_seen": 590807040, "lr": 0.00029709117570144437, "grad_norm": 0.7048118114471436, "elapsed_seconds": 72670.97981209401, "tokens_per_second": 8129.889558770983, "loss_main": 2.5032264590263367, "loss_total": 2.5032264590263367}
{"event": "update", "optimizer_step": 18040, "tokens_seen": 591134720, "lr": 0.00029708755822809485, "grad_norm": 0.6263693571090698, "elapsed_seconds": 72705.95403576602, "tokens_per_second": 8130.485705602665, "loss_main": 2.365020453929901, "loss_total": 2.365020453929901}
{"event": "update", "optimizer_step": 18050, "tokens_seen": 591462400, "lr": 0.0002970839385312891, "grad_norm": 0.6048136949539185, "elapsed_seconds": 72740.92679054302, "tokens_per_second": 8131.08144336835, "loss_main": 2.5204272270202637, "loss_total": 2.5204272270202637}
{"event": "update", "optimizer_step": 18060, "tokens_seen": 591790080, "lr": 0.00029708031661108806, "grad_norm": 0.6043285131454468, "elapsed_seconds": 72775.93179253204, "tokens_per_second": 8131.673005397741, "loss_main": 2.52460116147995, "loss_total": 2.52460116147995}
{"event": "update", "optimizer_step": 18070, "tokens_seen": 592117760, "lr": 0.00029707669246755266, "grad_norm": 0.6024982929229736, "elapsed_seconds": 72810.92525914503, "tokens_per_second": 8132.26528700966, "loss_main": 2.321124568581581, "loss_total": 2.321124568581581}
{"event": "update", "optimizer_step": 18080, "tokens_seen": 592445440, "lr": 0.00029707306610074404, "grad_norm": 0.6511713266372681, "elapsed_seconds": 72845.906144217, "tokens_per_second": 8132.858404247228, "loss_main": 2.3410904854536057, "loss_total": 2.3410904854536057}
{"event": "update", "optimizer_step": 18090, "tokens_seen": 592773120, "lr": 0.00029706943751072314, "grad_norm": 0.632345974445343, "elapsed_seconds": 72880.90728650603, "tokens_per_second": 8133.448691434615, "loss_main": 2.4918820559978485, "loss_total": 2.4918820559978485}
{"event": "update", "optimizer_step": 18100, "tokens_seen": 593100800, "lr": 0.000297065806697551, "grad_norm": 0.6069417595863342, "elapsed_seconds": 72915.89886340604, "tokens_per_second": 8134.039478976467, "loss_main": 2.4084170311689377, "loss_total": 2.4084170311689377}
{"event": "update", "optimizer_step": 18110, "tokens_seen": 593428480, "lr": 0.00029706217366128886, "grad_norm": 0.5872242450714111, "elapsed_seconds": 72950.87908321002, "tokens_per_second": 8134.630966175434, "loss_main": 2.2405665516853333, "loss_total": 2.2405665516853333}
{"event": "update", "optimizer_step": 18120, "tokens_seen": 593756160, "lr": 0.0002970585384019978, "grad_norm": 0.6119616031646729, "elapsed_seconds": 72985.85073071305, "tokens_per_second": 8135.222841899992, "loss_main": 2.411398947238922, "loss_total": 2.411398947238922}
{"event": "update", "optimizer_step": 18130, "tokens_seen": 594083840, "lr": 0.00029705490091973903, "grad_norm": 0.6411371827125549, "elapsed_seconds": 73020.81789754803, "tokens_per_second": 8135.814649919839, "loss_main": 2.581568121910095, "loss_total": 2.581568121910095}
{"event": "update", "optimizer_step": 18140, "tokens_seen": 594411520, "lr": 0.00029705126121457373, "grad_norm": 0.6220595240592957, "elapsed_seconds": 73055.76931508002, "tokens_per_second": 8136.407645457548, "loss_main": 2.5692603290081024, "loss_total": 2.5692603290081024}
{"event": "update", "optimizer_step": 18150, "tokens_seen": 594739200, "lr": 0.00029704761928656326, "grad_norm": 0.6400129199028015, "elapsed_seconds": 73090.82183347305, "tokens_per_second": 8136.98881858283, "loss_main": 2.3981771767139435, "loss_total": 2.3981771767139435}
{"event": "update", "optimizer_step": 18160, "tokens_seen": 595066880, "lr": 0.0002970439751357689, "grad_norm": 0.6187322735786438, "elapsed_seconds": 73126.51818549202, "tokens_per_second": 8137.497788292874, "loss_main": 2.1221341490745544, "loss_total": 2.1221341490745544}
{"event": "update", "optimizer_step": 18170, "tokens_seen": 595394560, "lr": 0.00029704032876225195, "grad_norm": 0.6008031368255615, "elapsed_seconds": 73161.52319660201, "tokens_per_second": 8138.0831615552415, "loss_main": 2.3707720041275024, "loss_total": 2.3707720041275024}
{"event": "update", "optimizer_step": 18180, "tokens_seen": 595722240, "lr": 0.00029703668016607383, "grad_norm": 0.6632028818130493, "elapsed_seconds": 73196.49349522905, "tokens_per_second": 8138.671834584934, "loss_main": 2.4091323912143707, "loss_total": 2.4091323912143707}
{"event": "update", "optimizer_step": 18190, "tokens_seen": 596049920, "lr": 0.0002970330293472959, "grad_norm": 0.6231163740158081, "elapsed_seconds": 73231.47281998704, "tokens_per_second": 8139.25894219241, "loss_main": 2.4883117377758026, "loss_total": 2.4883117377758026}
{"event": "update", "optimizer_step": 18200, "tokens_seen": 596377600, "lr": 0.00029702937630597974, "grad_norm": 0.6073126196861267, "elapsed_seconds": 73266.48938235204, "tokens_per_second": 8139.8413521318735, "loss_main": 2.4457408785820007, "loss_total": 2.4457408785820007}
{"event": "update", "optimizer_step": 18210, "tokens_seen": 596705280, "lr": 0.0002970257210421867, "grad_norm": 0.6122626066207886, "elapsed_seconds": 73301.45084303501, "tokens_per_second": 8140.429324895115, "loss_main": 2.3569458723068237, "loss_total": 2.3569458723068237}
{"event": "update", "optimizer_step": 18220, "tokens_seen": 597032960, "lr": 0.0002970220635559784, "grad_norm": 0.7277785539627075, "elapsed_seconds": 73336.37756478204, "tokens_per_second": 8141.020593396614, "loss_main": 2.2646607160568237, "loss_total": 2.2646607160568237}
{"event": "update", "optimizer_step": 18230, "tokens_seen": 597360640, "lr": 0.00029701840384741625, "grad_norm": 0.609055757522583, "elapsed_seconds": 73371.35825938801, "tokens_per_second": 8141.605309910786, "loss_main": 2.304815500974655, "loss_total": 2.304815500974655}
{"event": "update", "optimizer_step": 18240, "tokens_seen": 597688320, "lr": 0.0002970147419165621, "grad_norm": 0.6350988745689392, "elapsed_seconds": 73406.315314212, "tokens_per_second": 8142.192091261161, "loss_main": 2.4043316543102264, "loss_total": 2.4043316543102264}
{"event": "update", "optimizer_step": 18250, "tokens_seen": 598016000, "lr": 0.0002970110777634774, "grad_norm": 0.6414797902107239, "elapsed_seconds": 73441.27347536903, "tokens_per_second": 8142.778191347193, "loss_main": 2.6059153079986572, "loss_total": 2.6059153079986572}
{"event": "update", "optimizer_step": 18260, "tokens_seen": 598343680, "lr": 0.000297007411388224, "grad_norm": 0.6182730793952942, "elapsed_seconds": 73476.24998312403, "tokens_per_second": 8143.361700378383, "loss_main": 2.515622526407242, "loss_total": 2.515622526407242}
{"event": "update", "optimizer_step": 18270, "tokens_seen": 598671360, "lr": 0.00029700374279086354, "grad_norm": 0.6303685903549194, "elapsed_seconds": 73511.21681538702, "tokens_per_second": 8143.945726044477, "loss_main": 2.369819402694702, "loss_total": 2.369819402694702}
{"event": "update", "optimizer_step": 18280, "tokens_seen": 598999040, "lr": 0.0002970000719714576, "grad_norm": 0.583221435546875, "elapsed_seconds": 73546.19494895102, "tokens_per_second": 8144.5279448619995, "loss_main": 2.2118485420942307, "loss_total": 2.2118485420942307}
{"event": "update", "optimizer_step": 18290, "tokens_seen": 599326720, "lr": 0.00029699639893006823, "grad_norm": 0.6119654774665833, "elapsed_seconds": 73581.20012064301, "tokens_per_second": 8145.10661714337, "loss_main": 2.381999045610428, "loss_total": 2.381999045610428}
{"event": "update", "optimizer_step": 18300, "tokens_seen": 599654400, "lr": 0.0002969927236667571, "grad_norm": 0.6270245909690857, "elapsed_seconds": 73616.13793361804, "tokens_per_second": 8145.692192393019, "loss_main": 2.3089142441749573, "loss_total": 2.3089142441749573}
{"event": "update", "optimizer_step": 18310, "tokens_seen": 599982080, "lr": 0.0002969890461815862, "grad_norm": 0.6204958558082581, "elapsed_seconds": 73651.14128490601, "tokens_per_second": 8146.269963137145, "loss_main": 2.324327915906906, "loss_total": 2.324327915906906}
{"event": "evaluation", "tokens_seen": 600014848, "elapsed_seconds": 73654.645531471, "parameters": 600375552, "main_loss": 2.491123430430889, "perplexity": 12.074833739168586}
{"event": "update", "optimizer_step": 18320, "tokens_seen": 600309760, "lr": 0.0002969853664746173, "grad_norm": 0.6238822937011719, "elapsed_seconds": 73701.98484370002, "tokens_per_second": 8145.096245007219, "loss_main": 2.3578220903873444, "loss_total": 2.3578220903873444}
{"event": "update", "optimizer_step": 18330, "tokens_seen": 600637440, "lr": 0.00029698168454591245, "grad_norm": 0.5873643159866333, "elapsed_seconds": 73736.93149613502, "tokens_per_second": 8145.679889479574, "loss_main": 2.326963245868683, "loss_total": 2.326963245868683}
{"event": "update", "optimizer_step": 18340, "tokens_seen": 600965120, "lr": 0.0002969780003955336, "grad_norm": 0.6306634545326233, "elapsed_seconds": 73771.88428271603, "tokens_per_second": 8146.262303629403, "loss_main": 2.3458679020404816, "loss_total": 2.3458679020404816}
{"event": "update", "optimizer_step": 18350, "tokens_seen": 601292800, "lr": 0.0002969743140235427, "grad_norm": 0.6302776336669922, "elapsed_seconds": 73806.83648043702, "tokens_per_second": 8146.84423114892, "loss_main": 2.3606952130794525, "loss_total": 2.3606952130794525}
{"event": "update", "optimizer_step": 18360, "tokens_seen": 601620480, "lr": 0.00029697062543000187, "grad_norm": 0.6246369481086731, "elapsed_seconds": 73841.78856216802, "tokens_per_second": 8147.425620568369, "loss_main": 2.3406004458665848, "loss_total": 2.3406004458665848}
{"event": "update", "optimizer_step": 18370, "tokens_seen": 601948160, "lr": 0.00029696693461497316, "grad_norm": 0.6542422771453857, "elapsed_seconds": 73876.752276549, "tokens_per_second": 8148.005176874551, "loss_main": 2.3647103011608124, "loss_total": 2.3647103011608124}
{"event": "update", "optimizer_step": 18380, "tokens_seen": 602275840, "lr": 0.0002969632415785187, "grad_norm": 0.6212859153747559, "elapsed_seconds": 73911.68948679802, "tokens_per_second": 8148.58710688216, "loss_main": 2.4420326948165894, "loss_total": 2.4420326948165894}
{"event": "update", "optimizer_step": 18390, "tokens_seen": 602603520, "lr": 0.00029695954632070077, "grad_norm": 0.6229820251464844, "elapsed_seconds": 73946.65093349502, "tokens_per_second": 8149.165816068669, "loss_main": 2.6066725850105286, "loss_total": 2.6066725850105286}
{"event": "update", "optimizer_step": 18400, "tokens_seen": 602931200, "lr": 0.00029695584884158145, "grad_norm": 0.6174472570419312, "elapsed_seconds": 73981.59863003204, "tokens_per_second": 8149.745492999478, "loss_main": 2.449527531862259, "loss_total": 2.449527531862259}
{"event": "update", "optimizer_step": 18410, "tokens_seen": 603258880, "lr": 0.000296952149141223, "grad_norm": 0.6020984649658203, "elapsed_seconds": 74016.60376350704, "tokens_per_second": 8150.318297871285, "loss_main": 2.2950044870376587, "loss_total": 2.2950044870376587}
{"event": "update", "optimizer_step": 18420, "tokens_seen": 603586560, "lr": 0.0002969484472196876, "grad_norm": 0.6441218256950378, "elapsed_seconds": 74051.56030102604, "tokens_per_second": 8150.895910178909, "loss_main": 2.4597547352313995, "loss_total": 2.4597547352313995}
{"event": "update", "optimizer_step": 18430, "tokens_seen": 603914240, "lr": 0.0002969447430770378, "grad_norm": 0.6245236992835999, "elapsed_seconds": 74086.53543323005, "tokens_per_second": 8151.470931506486, "loss_main": 2.4708456993103027, "loss_total": 2.4708456993103027}
{"event": "update", "optimizer_step": 18440, "tokens_seen": 604241920, "lr": 0.0002969410367133358, "grad_norm": 0.6499885320663452, "elapsed_seconds": 74121.517122405, "tokens_per_second": 8152.0446890226085, "loss_main": 2.37699893116951, "loss_total": 2.37699893116951}
{"event": "update", "optimizer_step": 18450, "tokens_seen": 604569600, "lr": 0.000296937328128644, "grad_norm": 0.6165326833724976, "elapsed_seconds": 74156.51332328003, "tokens_per_second": 8152.616309836763, "loss_main": 2.3247439116239548, "loss_total": 2.3247439116239548}
{"event": "update", "optimizer_step": 18460, "tokens_seen": 604897280, "lr": 0.00029693361732302493, "grad_norm": 0.6159104704856873, "elapsed_seconds": 74191.59544565505, "tokens_per_second": 8153.177949153069, "loss_main": 2.3908527195453644, "loss_total": 2.3908527195453644}
{"event": "update", "optimizer_step": 18470, "tokens_seen": 605224960, "lr": 0.0002969299042965409, "grad_norm": 0.5870482921600342, "elapsed_seconds": 74256.88632233301, "tokens_per_second": 8150.422000901706, "loss_main": 2.4437602162361145, "loss_total": 2.4437602162361145}
{"event": "update", "optimizer_step": 18480, "tokens_seen": 605552640, "lr": 0.0002969261890492544, "grad_norm": 0.6016490459442139, "elapsed_seconds": 74333.62957417604, "tokens_per_second": 8146.415605815819, "loss_main": 2.328235238790512, "loss_total": 2.328235238790512}
{"event": "update", "optimizer_step": 18490, "tokens_seen": 605880320, "lr": 0.0002969224715812282, "grad_norm": 0.6365755796432495, "elapsed_seconds": 74410.60976155201, "tokens_per_second": 8142.391547946414, "loss_main": 2.4013773798942566, "loss_total": 2.4013773798942566}
{"event": "update", "optimizer_step": 18500, "tokens_seen": 606208000, "lr": 0.00029691875189252455, "grad_norm": 0.6013897657394409, "elapsed_seconds": 74488.72549687, "tokens_per_second": 8138.251741540036, "loss_main": 2.395237475633621, "loss_total": 2.395237475633621}
{"event": "update", "optimizer_step": 18510, "tokens_seen": 606535680, "lr": 0.0002969150299832064, "grad_norm": 0.6122066378593445, "elapsed_seconds": 74565.79306865402, "tokens_per_second": 8134.234949282335, "loss_main": 2.5319390892982483, "loss_total": 2.5319390892982483}
{"event": "update", "optimizer_step": 18520, "tokens_seen": 606863360, "lr": 0.0002969113058533362, "grad_norm": 0.6186031103134155, "elapsed_seconds": 74642.64562627702, "tokens_per_second": 8130.249871346485, "loss_main": 2.3534074127674103, "loss_total": 2.3534074127674103}
{"event": "update", "optimizer_step": 18530, "tokens_seen": 607191040, "lr": 0.00029690757950297665, "grad_norm": 0.6202449202537537, "elapsed_seconds": 74719.35756311502, "tokens_per_second": 8126.288284627035, "loss_main": 2.530181422829628, "loss_total": 2.530181422829628}
{"event": "update", "optimizer_step": 18540, "tokens_seen": 607518720, "lr": 0.00029690385093219054, "grad_norm": 0.6956137418746948, "elapsed_seconds": 74796.21748910105, "tokens_per_second": 8122.318753465371, "loss_main": 2.425523728132248, "loss_total": 2.425523728132248}
{"event": "update", "optimizer_step": 18550, "tokens_seen": 607846400, "lr": 0.00029690012014104057, "grad_norm": 0.6107490062713623, "elapsed_seconds": 74873.31694227405, "tokens_per_second": 8118.331400606152, "loss_main": 2.3911519050598145, "loss_total": 2.3911519050598145}
{"event": "update", "optimizer_step": 18560, "tokens_seen": 608174080, "lr": 0.0002968963871295896, "grad_norm": 0.5990055799484253, "elapsed_seconds": 74950.10352629604, "tokens_per_second": 8114.38612338439, "loss_main": 2.231911912560463, "loss_total": 2.231911912560463}
{"event": "update", "optimizer_step": 18570, "tokens_seen": 608501760, "lr": 0.00029689265189790045, "grad_norm": 0.6290002465248108, "elapsed_seconds": 75026.79797363002, "tokens_per_second": 8110.458881823434, "loss_main": 2.1409183144569397, "loss_total": 2.1409183144569397}
{"event": "update", "optimizer_step": 18580, "tokens_seen": 608829440, "lr": 0.00029688891444603596, "grad_norm": 0.5843700766563416, "elapsed_seconds": 75103.73569542001, "tokens_per_second": 8106.513402596667, "loss_main": 2.2003526836633682, "loss_total": 2.2003526836633682}
{"event": "update", "optimizer_step": 18590, "tokens_seen": 609157120, "lr": 0.00029688517477405914, "grad_norm": 0.6156786680221558, "elapsed_seconds": 75181.55887481302, "tokens_per_second": 8102.480569927062, "loss_main": 2.3266380429267883, "loss_total": 2.3266380429267883}
{"event": "update", "optimizer_step": 18600, "tokens_seen": 609484800, "lr": 0.00029688143288203277, "grad_norm": 0.625515341758728, "elapsed_seconds": 75259.13056387205, "tokens_per_second": 8098.483139965765, "loss_main": 2.341204047203064, "loss_total": 2.341204047203064}
{"event": "update", "optimizer_step": 18610, "tokens_seen": 609812480, "lr": 0.00029687768877001994, "grad_norm": 0.6078145503997803, "elapsed_seconds": 75337.47526111203, "tokens_per_second": 8094.410887628659, "loss_main": 2.4024046510457993, "loss_total": 2.4024046510457993}
{"event": "update", "optimizer_step": 18620, "tokens_seen": 610140160, "lr": 0.00029687394243808375, "grad_norm": 0.5999609231948853, "elapsed_seconds": 75414.97646383004, "tokens_per_second": 8090.437584272546, "loss_main": 2.316387891769409, "loss_total": 2.316387891769409}
{"event": "update", "optimizer_step": 18630, "tokens_seen": 610467840, "lr": 0.0002968701938862872, "grad_norm": 0.6259377002716064, "elapsed_seconds": 75492.36529526504, "tokens_per_second": 8086.484475779025, "loss_main": 2.125151425600052, "loss_total": 2.125151425600052}
{"event": "update", "optimizer_step": 18640, "tokens_seen": 610795520, "lr": 0.0002968664431146933, "grad_norm": 0.6058029532432556, "elapsed_seconds": 75569.955067428, "tokens_per_second": 8082.5179723213005, "loss_main": 2.34302294254303, "loss_total": 2.34302294254303}
{"event": "update", "optimizer_step": 18650, "tokens_seen": 611123200, "lr": 0.0002968626901233653, "grad_norm": 0.6483611464500427, "elapsed_seconds": 75647.40767188405, "tokens_per_second": 8078.574254000997, "loss_main": 2.5392682552337646, "loss_total": 2.5392682552337646}
{"event": "update", "optimizer_step": 18660, "tokens_seen": 611450880, "lr": 0.0002968589349123664, "grad_norm": 0.6600412726402283, "elapsed_seconds": 75724.851454549, "tokens_per_second": 8074.639543756654, "loss_main": 2.3852122724056244, "loss_total": 2.3852122724056244}
{"event": "update", "optimizer_step": 18670, "tokens_seen": 611778560, "lr": 0.0002968551774817597, "grad_norm": 0.6422474980354309, "elapsed_seconds": 75802.53881493502, "tokens_per_second": 8070.686939570738, "loss_main": 2.480311393737793, "loss_total": 2.480311393737793}
{"event": "update", "optimizer_step": 18680, "tokens_seen": 612106240, "lr": 0.0002968514178316085, "grad_norm": 0.6480278968811035, "elapsed_seconds": 75880.21281300305, "tokens_per_second": 8066.743849393998, "loss_main": 2.3119375109672546, "loss_total": 2.3119375109672546}
{"event": "update", "optimizer_step": 18690, "tokens_seen": 612433920, "lr": 0.0002968476559619761, "grad_norm": 0.6384356021881104, "elapsed_seconds": 75957.77686833905, "tokens_per_second": 8062.820493832496, "loss_main": 2.376308500766754, "loss_total": 2.376308500766754}
{"event": "update", "optimizer_step": 18700, "tokens_seen": 612761600, "lr": 0.00029684389187292575, "grad_norm": 0.5846216082572937, "elapsed_seconds": 76035.47901216603, "tokens_per_second": 8058.890506916584, "loss_main": 2.2541110813617706, "loss_total": 2.2541110813617706}
{"event": "update", "optimizer_step": 18710, "tokens_seen": 613089280, "lr": 0.00029684012556452095, "grad_norm": 0.6300035119056702, "elapsed_seconds": 76113.04169165704, "tokens_per_second": 8054.983303435663, "loss_main": 2.317576676607132, "loss_total": 2.317576676607132}
{"event": "update", "optimizer_step": 18720, "tokens_seen": 613416960, "lr": 0.000296836357036825, "grad_norm": 0.6506181955337524, "elapsed_seconds": 76190.55339484301, "tokens_per_second": 8051.089441772179, "loss_main": 2.244973599910736, "loss_total": 2.244973599910736}
{"event": "update", "optimizer_step": 18730, "tokens_seen": 613744640, "lr": 0.0002968325862899013, "grad_norm": 0.5888705849647522, "elapsed_seconds": 76268.33347097604, "tokens_per_second": 8047.175178326938, "loss_main": 2.250096783041954, "loss_total": 2.250096783041954}
{"event": "update", "optimizer_step": 18740, "tokens_seen": 614072320, "lr": 0.00029682881332381353, "grad_norm": 0.6149616837501526, "elapsed_seconds": 76345.90215421101, "tokens_per_second": 8043.291161320432, "loss_main": 2.529413253068924, "loss_total": 2.529413253068924}
{"event": "update", "optimizer_step": 18750, "tokens_seen": 614400000, "lr": 0.000296825038138625, "grad_norm": 0.6733213067054749, "elapsed_seconds": 76423.45129905903, "tokens_per_second": 8039.417084106026, "loss_main": 2.565825432538986, "loss_total": 2.565825432538986}
{"event": "update", "optimizer_step": 18760, "tokens_seen": 614727680, "lr": 0.0002968212607343992, "grad_norm": 0.6026234030723572, "elapsed_seconds": 76501.372441346, "tokens_per_second": 8035.51178733839, "loss_main": 2.3133809119462967, "loss_total": 2.3133809119462967}
{"event": "update", "optimizer_step": 18770, "tokens_seen": 615055360, "lr": 0.0002968174811111999, "grad_norm": 0.6171993017196655, "elapsed_seconds": 76579.21557438304, "tokens_per_second": 8031.622619620379, "loss_main": 2.454593300819397, "loss_total": 2.454593300819397}
{"event": "update", "optimizer_step": 18780, "tokens_seen": 615383040, "lr": 0.0002968136992690906, "grad_norm": 0.6411157250404358, "elapsed_seconds": 76656.89000661805, "tokens_per_second": 8027.759017446076, "loss_main": 2.263091206550598, "loss_total": 2.263091206550598}
{"event": "update", "optimizer_step": 18790, "tokens_seen": 615710720, "lr": 0.00029680991520813517, "grad_norm": 0.6137895584106445, "elapsed_seconds": 76734.88431589003, "tokens_per_second": 8023.869788678374, "loss_main": 2.1155910193920135, "loss_total": 2.1155910193920135}
{"event": "update", "optimizer_step": 18800, "tokens_seen": 616038400, "lr": 0.0002968061289283971, "grad_norm": 0.6287427544593811, "elapsed_seconds": 76812.71764003602, "tokens_per_second": 8020.005266405402, "loss_main": 2.3612296134233475, "loss_total": 2.3612296134233475}
{"event": "update", "optimizer_step": 18810, "tokens_seen": 616366080, "lr": 0.0002968023404299401, "grad_norm": 0.6251524686813354, "elapsed_seconds": 76890.55047913705, "tokens_per_second": 8016.148618512499, "loss_main": 2.450727164745331, "loss_total": 2.450727164745331}
{"event": "update", "optimizer_step": 18820, "tokens_seen": 616693760, "lr": 0.000296798549712828, "grad_norm": 0.5894581079483032, "elapsed_seconds": 76968.26130591001, "tokens_per_second": 8012.312471876601, "loss_main": 2.445141613483429, "loss_total": 2.445141613483429}
{"event": "update", "optimizer_step": 18830, "tokens_seen": 617021440, "lr": 0.00029679475677712476, "grad_norm": 0.615673840045929, "elapsed_seconds": 77045.89544963202, "tokens_per_second": 8008.492034509113, "loss_main": 2.5146643221378326, "loss_total": 2.5146643221378326}
{"event": "update", "optimizer_step": 18840, "tokens_seen": 617349120, "lr": 0.00029679096162289395, "grad_norm": 0.5946339964866638, "elapsed_seconds": 77124.032707087, "tokens_per_second": 8004.627070587185, "loss_main": 2.386575222015381, "loss_total": 2.386575222015381}
{"event": "update", "optimizer_step": 18850, "tokens_seen": 617676800, "lr": 0.00029678716425019967, "grad_norm": 0.6461783647537231, "elapsed_seconds": 77201.63372026, "tokens_per_second": 8000.825503747122, "loss_main": 2.44737908244133, "loss_total": 2.44737908244133}
{"event": "update", "optimizer_step": 18860, "tokens_seen": 618004480, "lr": 0.00029678336465910576, "grad_norm": 0.5962057113647461, "elapsed_seconds": 77279.42448448105, "tokens_per_second": 7997.011935875704, "loss_main": 2.3549362272024155, "loss_total": 2.3549362272024155}
{"event": "update", "optimizer_step": 18870, "tokens_seen": 618332160, "lr": 0.0002967795628496762, "grad_norm": 0.6371994614601135, "elapsed_seconds": 77357.35583608603, "tokens_per_second": 7993.191511227396, "loss_main": 2.411079078912735, "loss_total": 2.411079078912735}
{"event": "update", "optimizer_step": 18880, "tokens_seen": 618659840, "lr": 0.00029677575882197497, "grad_norm": 0.7274526953697205, "elapsed_seconds": 77434.94806905003, "tokens_per_second": 7989.413765065494, "loss_main": 2.4293525218963623, "loss_total": 2.4293525218963623}
{"event": "update", "optimizer_step": 18890, "tokens_seen": 618987520, "lr": 0.00029677195257606613, "grad_norm": 0.6295768022537231, "elapsed_seconds": 77512.73587498302, "tokens_per_second": 7985.623433526312, "loss_main": 2.298519492149353, "loss_total": 2.298519492149353}
{"event": "update", "optimizer_step": 18900, "tokens_seen": 619315200, "lr": 0.00029676814411201376, "grad_norm": 0.6524980068206787, "elapsed_seconds": 77590.51731971605, "tokens_per_second": 7981.84135631004, "loss_main": 2.511328339576721, "loss_total": 2.511328339576721}
{"event": "update", "optimizer_step": 18910, "tokens_seen": 619642880, "lr": 0.00029676433342988183, "grad_norm": 0.6138045191764832, "elapsed_seconds": 77668.32724696503, "tokens_per_second": 7978.063928552204, "loss_main": 2.2774042189121246, "loss_total": 2.2774042189121246}
{"event": "update", "optimizer_step": 18920, "tokens_seen": 619970560, "lr": 0.00029676052052973474, "grad_norm": 0.6191657185554504, "elapsed_seconds": 77746.03876668005, "tokens_per_second": 7974.304155361076, "loss_main": 2.3791255354881287, "loss_total": 2.3791255354881287}
{"event": "update", "optimizer_step": 18930, "tokens_seen": 620298240, "lr": 0.00029675670541163645, "grad_norm": 0.6128296852111816, "elapsed_seconds": 77823.89932520903, "tokens_per_second": 7970.536626646135, "loss_main": 2.3066903054714203, "loss_total": 2.3066903054714203}
{"event": "update", "optimizer_step": 18940, "tokens_seen": 620625920, "lr": 0.0002967528880756513, "grad_norm": 0.6513479948043823, "elapsed_seconds": 77901.68991716503, "tokens_per_second": 7966.783784278984, "loss_main": 2.579357296228409, "loss_total": 2.579357296228409}
{"event": "update", "optimizer_step": 18950, "tokens_seen": 620953600, "lr": 0.0002967490685218435, "grad_norm": 0.6200737357139587, "elapsed_seconds": 77979.08414709603, "tokens_per_second": 7963.078904962037, "loss_main": 2.4099947810173035, "loss_total": 2.4099947810173035}
{"event": "update", "optimizer_step": 18960, "tokens_seen": 621281280, "lr": 0.0002967452467502774, "grad_norm": 0.6191316843032837, "elapsed_seconds": 78056.94569375803, "tokens_per_second": 7959.33372076179, "loss_main": 2.3857812136411667, "loss_total": 2.3857812136411667}
{"event": "update", "optimizer_step": 18970, "tokens_seen": 621608960, "lr": 0.00029674142276101716, "grad_norm": 0.6746744513511658, "elapsed_seconds": 78134.557295134, "tokens_per_second": 7955.621449956203, "loss_main": 2.5377146899700165, "loss_total": 2.5377146899700165}
{"event": "update", "optimizer_step": 18980, "tokens_seen": 621936640, "lr": 0.0002967375965541273, "grad_norm": 0.5971482992172241, "elapsed_seconds": 78212.12335670303, "tokens_per_second": 7951.921176765981, "loss_main": 2.3568864464759827, "loss_total": 2.3568864464759827}
{"event": "update", "optimizer_step": 18990, "tokens_seen": 622264320, "lr": 0.00029673376812967237, "grad_norm": 0.685698390007019, "elapsed_seconds": 78290.30355056701, "tokens_per_second": 7948.16588746632, "loss_main": 2.3391439467668533, "loss_total": 2.3391439467668533}
{"event": "update", "optimizer_step": 19000, "tokens_seen": 622592000, "lr": 0.0002967299374877165, "grad_norm": 0.5999745726585388, "elapsed_seconds": 78368.114342137, "tokens_per_second": 7944.455538153027, "loss_main": 2.253259599208832, "loss_total": 2.253259599208832}
{"event": "update", "optimizer_step": 19010, "tokens_seen": 622919680, "lr": 0.0002967261046283243, "grad_norm": 0.5975953340530396, "elapsed_seconds": 78445.83943043603, "tokens_per_second": 7940.761224849801, "loss_main": 2.396220564842224, "loss_total": 2.396220564842224}
{"event": "update", "optimizer_step": 19020, "tokens_seen": 623247360, "lr": 0.00029672226955156035, "grad_norm": 0.6137468218803406, "elapsed_seconds": 78523.64075663703, "tokens_per_second": 7937.066519006526, "loss_main": 2.3635057508945465, "loss_total": 2.3635057508945465}
{"event": "update", "optimizer_step": 19030, "tokens_seen": 623575040, "lr": 0.0002967184322574892, "grad_norm": 0.6203513741493225, "elapsed_seconds": 78601.02702646202, "tokens_per_second": 7933.421019932292, "loss_main": 2.39832603931427, "loss_total": 2.39832603931427}
{"event": "update", "optimizer_step": 19040, "tokens_seen": 623902720, "lr": 0.0002967145927461754, "grad_norm": 0.6455255150794983, "elapsed_seconds": 78678.33735384804, "tokens_per_second": 7929.790346154104, "loss_main": 2.3555937111377716, "loss_total": 2.3555937111377716}
{"event": "update", "optimizer_step": 19050, "tokens_seen": 624230400, "lr": 0.00029671075101768364, "grad_norm": 0.5870780348777771, "elapsed_seconds": 78754.53411502705, "tokens_per_second": 7926.278874156801, "loss_main": 2.3185990005731583, "loss_total": 2.3185990005731583}
{"event": "update", "optimizer_step": 19060, "tokens_seen": 624558080, "lr": 0.00029670690707207846, "grad_norm": 0.6359924674034119, "elapsed_seconds": 78829.97075085202, "tokens_per_second": 7922.850586535954, "loss_main": 2.3255388289690018, "loss_total": 2.3255388289690018}
{"event": "update", "optimizer_step": 19070, "tokens_seen": 624885760, "lr": 0.0002967030609094247, "grad_norm": 0.6036725044250488, "elapsed_seconds": 78904.92382808303, "tokens_per_second": 7919.4773872603, "loss_main": 2.3802176117897034, "loss_total": 2.3802176117897034}
{"event": "update", "optimizer_step": 19080, "tokens_seen": 625213440, "lr": 0.00029669921252978705, "grad_norm": 0.6249878406524658, "elapsed_seconds": 78982.03239985905, "tokens_per_second": 7915.894552254087, "loss_main": 2.4117915630340576, "loss_total": 2.4117915630340576}
{"event": "update", "optimizer_step": 19090, "tokens_seen": 625541120, "lr": 0.00029669536193323027, "grad_norm": 0.6291651129722595, "elapsed_seconds": 79058.90385895502, "tokens_per_second": 7912.342436672234, "loss_main": 2.3540525138378143, "loss_total": 2.3540525138378143}
{"event": "update", "optimizer_step": 19100, "tokens_seen": 625868800, "lr": 0.0002966915091198192, "grad_norm": 0.6640012264251709, "elapsed_seconds": 79107.87728908303, "tokens_per_second": 7911.586322976341, "loss_main": 2.2655818164348602, "loss_total": 2.2655818164348602}
{"event": "update", "optimizer_step": 19110, "tokens_seen": 626196480, "lr": 0.00029668765408961875, "grad_norm": 0.6160863041877747, "elapsed_seconds": 79142.94008817902, "tokens_per_second": 7912.22159932785, "loss_main": 2.35465407371521, "loss_total": 2.35465407371521}
{"event": "update", "optimizer_step": 19120, "tokens_seen": 626524160, "lr": 0.00029668379684269367, "grad_norm": 0.6462323665618896, "elapsed_seconds": 79177.90742740704, "tokens_per_second": 7912.865853071683, "loss_main": 2.369759678840637, "loss_total": 2.369759678840637}
{"event": "update", "optimizer_step": 19130, "tokens_seen": 626851840, "lr": 0.000296679937379109, "grad_norm": 1.1973340511322021, "elapsed_seconds": 79212.87878181704, "tokens_per_second": 7913.509136899226, "loss_main": 2.3604634404182434, "loss_total": 2.3604634404182434}
{"event": "update", "optimizer_step": 19140, "tokens_seen": 627179520, "lr": 0.0002966760756989297, "grad_norm": 0.6854277849197388, "elapsed_seconds": 79247.85702700703, "tokens_per_second": 7914.15116482282, "loss_main": 2.2441748082637787, "loss_total": 2.2441748082637787}
{"event": "update", "optimizer_step": 19150, "tokens_seen": 627507200, "lr": 0.0002966722118022207, "grad_norm": 0.695585310459137, "elapsed_seconds": 79282.84327404201, "tokens_per_second": 7914.791827419894, "loss_main": 2.7280441224575043, "loss_total": 2.7280441224575043}
{"event": "update", "optimizer_step": 19160, "tokens_seen": 627834880, "lr": 0.0002966683456890472, "grad_norm": 0.5991086363792419, "elapsed_seconds": 79317.78384959005, "tokens_per_second": 7915.436482574455, "loss_main": 2.368447035551071, "loss_total": 2.368447035551071}
{"event": "update", "optimizer_step": 19170, "tokens_seen": 628162560, "lr": 0.0002966644773594741, "grad_norm": 0.611903190612793, "elapsed_seconds": 79352.75974705804, "tokens_per_second": 7916.077046372528, "loss_main": 2.3072528690099716, "loss_total": 2.3072528690099716}
{"event": "update", "optimizer_step": 19180, "tokens_seen": 628490240, "lr": 0.00029666060681356665, "grad_norm": 0.9369798302650452, "elapsed_seconds": 79387.724110412, "tokens_per_second": 7916.718195950539, "loss_main": 2.3514783829450607, "loss_total": 2.3514783829450607}
{"event": "update", "optimizer_step": 19190, "tokens_seen": 628817920, "lr": 0.00029665673405138984, "grad_norm": 0.625637948513031, "elapsed_seconds": 79422.71503358503, "tokens_per_second": 7917.356133369343, "loss_main": 2.511061578989029, "loss_total": 2.511061578989029}
{"event": "update", "optimizer_step": 19200, "tokens_seen": 629145600, "lr": 0.00029665285907300913, "grad_norm": 0.6250525712966919, "elapsed_seconds": 79457.67737643403, "tokens_per_second": 7917.99635697123, "loss_main": 2.3064089715480804, "loss_total": 2.3064089715480804}
{"event": "update", "optimizer_step": 19210, "tokens_seen": 629473280, "lr": 0.0002966489818784895, "grad_norm": 0.6122835278511047, "elapsed_seconds": 79492.62269926601, "tokens_per_second": 7918.637712852971, "loss_main": 2.450202852487564, "loss_total": 2.450202852487564}
{"event": "update", "optimizer_step": 19220, "tokens_seen": 629800960, "lr": 0.00029664510246789626, "grad_norm": 0.6662793755531311, "elapsed_seconds": 79527.600444198, "tokens_per_second": 7919.275276536368, "loss_main": 2.5136646032333374, "loss_total": 2.5136646032333374}
{"event": "update", "optimizer_step": 19230, "tokens_seen": 630128640, "lr": 0.00029664122084129484, "grad_norm": 0.6151067018508911, "elapsed_seconds": 79562.58525770105, "tokens_per_second": 7919.9115760131535, "loss_main": 2.4531683027744293, "loss_total": 2.4531683027744293}
{"event": "update", "optimizer_step": 19240, "tokens_seen": 630456320, "lr": 0.0002966373369987505, "grad_norm": 0.6205613613128662, "elapsed_seconds": 79597.59025330003, "tokens_per_second": 7920.545307888412, "loss_main": 2.395919233560562, "loss_total": 2.395919233560562}
{"event": "update", "optimizer_step": 19250, "tokens_seen": 630784000, "lr": 0.0002966334509403286, "grad_norm": 0.6009386777877808, "elapsed_seconds": 79632.57924997702, "tokens_per_second": 7921.180074048425, "loss_main": 2.318915069103241, "loss_total": 2.318915069103241}
{"event": "update", "optimizer_step": 19260, "tokens_seen": 631111680, "lr": 0.00029662956266609446, "grad_norm": 0.6814208626747131, "elapsed_seconds": 79667.559006311, "tokens_per_second": 7921.815201467456, "loss_main": 2.6073475182056427, "loss_total": 2.6073475182056427}
{"event": "update", "optimizer_step": 19270, "tokens_seen": 631439360, "lr": 0.00029662567217611383, "grad_norm": 0.6372361183166504, "elapsed_seconds": 79702.51135102205, "tokens_per_second": 7922.452496120786, "loss_main": 2.5065552592277527, "loss_total": 2.5065552592277527}
{"event": "update", "optimizer_step": 19280, "tokens_seen": 631767040, "lr": 0.0002966217794704519, "grad_norm": 0.6031283736228943, "elapsed_seconds": 79737.49703308003, "tokens_per_second": 7923.085919512925, "loss_main": 2.379030793905258, "loss_total": 2.379030793905258}
{"event": "update", "optimizer_step": 19290, "tokens_seen": 632094720, "lr": 0.00029661788454917425, "grad_norm": 0.6545738577842712, "elapsed_seconds": 79772.47686791501, "tokens_per_second": 7923.719368104921, "loss_main": 2.432272970676422, "loss_total": 2.432272970676422}
{"event": "update", "optimizer_step": 19300, "tokens_seen": 632422400, "lr": 0.0002966139874123466, "grad_norm": 0.6265225410461426, "elapsed_seconds": 79807.466587528, "tokens_per_second": 7924.351279919371, "loss_main": 2.4411849081516266, "loss_total": 2.4411849081516266}
{"event": "update", "optimizer_step": 19310, "tokens_seen": 632750080, "lr": 0.0002966100880600344, "grad_norm": 0.6196805238723755, "elapsed_seconds": 79842.50179788604, "tokens_per_second": 7924.978122576227, "loss_main": 2.3941715359687805, "loss_total": 2.3941715359687805}
{"event": "update", "optimizer_step": 19320, "tokens_seen": 633077760, "lr": 0.0002966061864923034, "grad_norm": 0.5972502827644348, "elapsed_seconds": 79877.48807871505, "tokens_per_second": 7925.609270238134, "loss_main": 2.42086061835289, "loss_total": 2.42086061835289}
{"event": "update", "optimizer_step": 19330, "tokens_seen": 633405440, "lr": 0.0002966022827092192, "grad_norm": 0.5935717821121216, "elapsed_seconds": 79912.49047652201, "tokens_per_second": 7926.238266671117, "loss_main": 2.4695756137371063, "loss_total": 2.4695756137371063}
{"event": "update", "optimizer_step": 19340, "tokens_seen": 633733120, "lr": 0.00029659837671084754, "grad_norm": 0.5926214456558228, "elapsed_seconds": 79947.43006676901, "tokens_per_second": 7926.872939764675, "loss_main": 2.3532139658927917, "loss_total": 2.3532139658927917}
{"event": "update", "optimizer_step": 19350, "tokens_seen": 634060800, "lr": 0.0002965944684972541, "grad_norm": 0.6300232410430908, "elapsed_seconds": 79982.418031401, "tokens_per_second": 7927.50226369836, "loss_main": 2.468943804502487, "loss_total": 2.468943804502487}
{"event": "update", "optimizer_step": 19360, "tokens_seen": 634388480, "lr": 0.0002965905580685048, "grad_norm": 0.6294441819190979, "elapsed_seconds": 80017.42175297503, "tokens_per_second": 7928.12947608392, "loss_main": 2.4691152572631836, "loss_total": 2.4691152572631836}
{"event": "update", "optimizer_step": 19370, "tokens_seen": 634716160, "lr": 0.00029658664542466537, "grad_norm": 0.6413040161132812, "elapsed_seconds": 80052.42270779703, "tokens_per_second": 7928.756413991444, "loss_main": 2.3867189437150955, "loss_total": 2.3867189437150955}
{"event": "update", "optimizer_step": 19380, "tokens_seen": 635043840, "lr": 0.00029658273056580163, "grad_norm": 0.6678811311721802, "elapsed_seconds": 80087.38965970004, "tokens_per_second": 7929.38617051161, "loss_main": 2.4591270089149475, "loss_total": 2.4591270089149475}
{"event": "update", "optimizer_step": 19390, "tokens_seen": 635371520, "lr": 0.00029657881349197965, "grad_norm": 0.5879004001617432, "elapsed_seconds": 80122.39057212602, "tokens_per_second": 7930.012016154707, "loss_main": 2.1917728781700134, "loss_total": 2.1917728781700134}
{"event": "update", "optimizer_step": 19400, "tokens_seen": 635699200, "lr": 0.0002965748942032651, "grad_norm": 0.6647233963012695, "elapsed_seconds": 80157.40978537203, "tokens_per_second": 7930.63550459198, "loss_main": 2.5791760087013245, "loss_total": 2.5791760087013245}
{"event": "update", "optimizer_step": 19410, "tokens_seen": 636026880, "lr": 0.0002965709726997243, "grad_norm": 0.6279636025428772, "elapsed_seconds": 80192.40464894503, "tokens_per_second": 7931.260856739595, "loss_main": 2.4501522183418274, "loss_total": 2.4501522183418274}
{"event": "update", "optimizer_step": 19420, "tokens_seen": 636354560, "lr": 0.00029656704898142294, "grad_norm": 0.6014930605888367, "elapsed_seconds": 80227.38395480503, "tokens_per_second": 7931.887201488227, "loss_main": 2.380845367908478, "loss_total": 2.380845367908478}
{"event": "update", "optimizer_step": 19430, "tokens_seen": 636682240, "lr": 0.00029656312304842725, "grad_norm": 0.6394297480583191, "elapsed_seconds": 80262.35572299303, "tokens_per_second": 7932.513745265111, "loss_main": 2.3887838423252106, "loss_total": 2.3887838423252106}
{"event": "update", "optimizer_step": 19440, "tokens_seen": 637009920, "lr": 0.00029655919490080335, "grad_norm": 0.6099386215209961, "elapsed_seconds": 80297.64666855201, "tokens_per_second": 7933.108209626775, "loss_main": 2.383579820394516, "loss_total": 2.383579820394516}
{"event": "update", "optimizer_step": 19450, "tokens_seen": 637337600, "lr": 0.00029655526453861724, "grad_norm": 0.7331444025039673, "elapsed_seconds": 80333.15025108005, "tokens_per_second": 7933.681151654217, "loss_main": 2.350198745727539, "loss_total": 2.350198745727539}
{"event": "update", "optimizer_step": 19460, "tokens_seen": 637665280, "lr": 0.0002965513319619351, "grad_norm": 0.6114314794540405, "elapsed_seconds": 80368.13760555402, "tokens_per_second": 7934.304551508392, "loss_main": 2.4280841052532196, "loss_total": 2.4280841052532196}
{"event": "update", "optimizer_step": 19470, "tokens_seen": 637992960, "lr": 0.0002965473971708232, "grad_norm": 0.7062152624130249, "elapsed_seconds": 80403.152421929, "tokens_per_second": 7934.924698624069, "loss_main": 2.609765410423279, "loss_total": 2.609765410423279}
{"event": "update", "optimizer_step": 19480, "tokens_seen": 638320640, "lr": 0.0002965434601653477, "grad_norm": 0.625889778137207, "elapsed_seconds": 80438.158479982, "tokens_per_second": 7935.545169881701, "loss_main": 2.425883948802948, "loss_total": 2.425883948802948}
{"event": "update", "optimizer_step": 19490, "tokens_seen": 638648320, "lr": 0.00029653952094557483, "grad_norm": 0.6166058778762817, "elapsed_seconds": 80473.14520227403, "tokens_per_second": 7936.167008195337, "loss_main": 2.240799456834793, "loss_total": 2.240799456834793}
{"event": "update", "optimizer_step": 19500, "tokens_seen": 638976000, "lr": 0.0002965355795115711, "grad_norm": 0.6462690234184265, "elapsed_seconds": 80508.17333185801, "tokens_per_second": 7936.784223958412, "loss_main": 2.653610944747925, "loss_total": 2.653610944747925}
{"event": "update", "optimizer_step": 19510, "tokens_seen": 639303680, "lr": 0.0002965316358634027, "grad_norm": 0.619746744632721, "elapsed_seconds": 80543.16011921602, "tokens_per_second": 7937.404977079795, "loss_main": 2.27867229282856, "loss_total": 2.27867229282856}
{"event": "update", "optimizer_step": 19520, "tokens_seen": 639631360, "lr": 0.00029652769000113597, "grad_norm": 0.5831689834594727, "elapsed_seconds": 80578.15467228205, "tokens_per_second": 7938.024426116894, "loss_main": 2.3464717268943787, "loss_total": 2.3464717268943787}
{"event": "update", "optimizer_step": 19530, "tokens_seen": 639959040, "lr": 0.00029652374192483746, "grad_norm": 0.6634959578514099, "elapsed_seconds": 80613.18212551501, "tokens_per_second": 7938.640097392278, "loss_main": 2.426395297050476, "loss_total": 2.426395297050476}
{"event": "update", "optimizer_step": 19540, "tokens_seen": 640286720, "lr": 0.0002965197916345736, "grad_norm": 0.6116747856140137, "elapsed_seconds": 80648.16913145, "tokens_per_second": 7939.259215623163, "loss_main": 2.3489399552345276, "loss_total": 2.3489399552345276}
{"event": "update", "optimizer_step": 19550, "tokens_seen": 640614400, "lr": 0.0002965158391304108, "grad_norm": 0.6227291822433472, "elapsed_seconds": 80683.16677863605, "tokens_per_second": 7939.876749726526, "loss_main": 2.3973715603351593, "loss_total": 2.3973715603351593}
{"event": "update", "optimizer_step": 19560, "tokens_seen": 640942080, "lr": 0.00029651188441241565, "grad_norm": 0.6105858683586121, "elapsed_seconds": 80718.15499944601, "tokens_per_second": 7940.494675632749, "loss_main": 2.1501534581184387, "loss_total": 2.1501534581184387}
{"event": "update", "optimizer_step": 19570, "tokens_seen": 641269760, "lr": 0.0002965079274806548, "grad_norm": 0.6292001605033875, "elapsed_seconds": 80753.129437803, "tokens_per_second": 7941.113421417475, "loss_main": 2.3852542340755463, "loss_total": 2.3852542340755463}
{"event": "update", "optimizer_step": 19580, "tokens_seen": 641597440, "lr": 0.00029650396833519473, "grad_norm": 0.6705574989318848, "elapsed_seconds": 80788.13825346302, "tokens_per_second": 7941.728252074154, "loss_main": 2.1801110059022903, "loss_total": 2.1801110059022903}
{"event": "update", "optimizer_step": 19590, "tokens_seen": 641925120, "lr": 0.0002965000069761021, "grad_norm": 0.605416476726532, "elapsed_seconds": 80823.13143908605, "tokens_per_second": 7942.344086034325, "loss_main": 2.4112653732299805, "loss_total": 2.4112653732299805}
{"event": "update", "optimizer_step": 19600, "tokens_seen": 642252800, "lr": 0.00029649604340344364, "grad_norm": 0.594645082950592, "elapsed_seconds": 80858.139989633, "tokens_per_second": 7942.957877615595, "loss_main": 2.321065127849579, "loss_total": 2.321065127849579}
{"event": "update", "optimizer_step": 19610, "tokens_seen": 642580480, "lr": 0.00029649207761728606, "grad_norm": 0.606232225894928, "elapsed_seconds": 80893.12127197703, "tokens_per_second": 7943.573815621855, "loss_main": 2.2996838688850403, "loss_total": 2.2996838688850403}
{"event": "update", "optimizer_step": 19620, "tokens_seen": 642908160, "lr": 0.00029648810961769613, "grad_norm": 0.6098907589912415, "elapsed_seconds": 80928.14419225603, "tokens_per_second": 7944.1851338229435, "loss_main": 2.164974480867386, "loss_total": 2.164974480867386}
{"event": "update", "optimizer_step": 19630, "tokens_seen": 643235840, "lr": 0.00029648413940474064, "grad_norm": 0.6471328139305115, "elapsed_seconds": 80963.11288086104, "tokens_per_second": 7944.801244815468, "loss_main": 2.3526832461357117, "loss_total": 2.3526832461357117}
{"event": "update", "optimizer_step": 19640, "tokens_seen": 643563520, "lr": 0.0002964801669784864, "grad_norm": 0.6655563116073608, "elapsed_seconds": 80998.10627896403, "tokens_per_second": 7945.414399980108, "loss_main": 2.4945495426654816, "loss_total": 2.4945495426654816}
{"event": "update", "optimizer_step": 19650, "tokens_seen": 643891200, "lr": 0.00029647619233900025, "grad_norm": 0.7105473875999451, "elapsed_seconds": 81033.10314787604, "tokens_per_second": 7946.026685229776, "loss_main": 2.5714488327503204, "loss_total": 2.5714488327503204}
{"event": "update", "optimizer_step": 19660, "tokens_seen": 644218880, "lr": 0.00029647221548634924, "grad_norm": 0.6564954519271851, "elapsed_seconds": 81068.089846413, "tokens_per_second": 7946.639438779185, "loss_main": 2.3923426270484924, "loss_total": 2.3923426270484924}
{"event": "update", "optimizer_step": 19670, "tokens_seen": 644546560, "lr": 0.00029646823642060004, "grad_norm": 0.6037023067474365, "elapsed_seconds": 81103.06261161302, "tokens_per_second": 7947.253028983747, "loss_main": 2.5441488325595856, "loss_total": 2.5441488325595856}
{"event": "update", "optimizer_step": 19680, "tokens_seen": 644874240, "lr": 0.00029646425514181997, "grad_norm": 0.6326722502708435, "elapsed_seconds": 81138.03130136704, "tokens_per_second": 7947.866489449011, "loss_main": 2.412723809480667, "loss_total": 2.412723809480667}
{"event": "update", "optimizer_step": 19690, "tokens_seen": 645201920, "lr": 0.0002964602716500758, "grad_norm": 0.6781511306762695, "elapsed_seconds": 81173.006619966, "tokens_per_second": 7948.478772268374, "loss_main": 2.4389390349388123, "loss_total": 2.4389390349388123}
{"event": "update", "optimizer_step": 19700, "tokens_seen": 645529600, "lr": 0.0002964562859454346, "grad_norm": 0.643487274646759, "elapsed_seconds": 81208.03037476505, "tokens_per_second": 7949.085786479003, "loss_main": 2.4485417008399963, "loss_total": 2.4485417008399963}
{"event": "update", "optimizer_step": 19710, "tokens_seen": 645857280, "lr": 0.00029645229802796364, "grad_norm": 0.6094709038734436, "elapsed_seconds": 81243.04900498805, "tokens_per_second": 7949.692778767407, "loss_main": 2.2442992329597473, "loss_total": 2.2442992329597473}
{"event": "update", "optimizer_step": 19720, "tokens_seen": 646184960, "lr": 0.00029644830789772993, "grad_norm": 0.6303190588951111, "elapsed_seconds": 81278.05324555503, "tokens_per_second": 7950.3006555504435, "loss_main": 2.3456632494926453, "loss_total": 2.3456632494926453}
{"event": "update", "optimizer_step": 19730, "tokens_seen": 646512640, "lr": 0.0002964443155548006, "grad_norm": 0.620507001876831, "elapsed_seconds": 81313.06563721801, "tokens_per_second": 7950.90721194114, "loss_main": 2.534525990486145, "loss_total": 2.534525990486145}
{"event": "update", "optimizer_step": 19740, "tokens_seen": 646840320, "lr": 0.00029644032099924284, "grad_norm": 0.606849193572998, "elapsed_seconds": 81348.048569948, "tokens_per_second": 7951.516125722515, "loss_main": 2.407157003879547, "loss_total": 2.407157003879547}
{"event": "update", "optimizer_step": 19750, "tokens_seen": 647168000, "lr": 0.000296436324231124, "grad_norm": 0.6069910526275635, "elapsed_seconds": 81383.06226149801, "tokens_per_second": 7952.1215104997655, "loss_main": 2.386539936065674, "loss_total": 2.386539936065674}
{"event": "update", "optimizer_step": 19760, "tokens_seen": 647495680, "lr": 0.0002964323252505113, "grad_norm": 0.6491336226463318, "elapsed_seconds": 81418.08946928201, "tokens_per_second": 7952.725054354066, "loss_main": 2.58854740858078, "loss_total": 2.58854740858078}
{"event": "update", "optimizer_step": 19770, "tokens_seen": 647823360, "lr": 0.000296428324057472, "grad_norm": 0.6105217337608337, "elapsed_seconds": 81453.06537955703, "tokens_per_second": 7953.333087972276, "loss_main": 2.4179388284683228, "loss_total": 2.4179388284683228}
{"event": "update", "optimizer_step": 19780, "tokens_seen": 648151040, "lr": 0.00029642432065207357, "grad_norm": 0.597228467464447, "elapsed_seconds": 81488.04024915601, "tokens_per_second": 7953.9407012149, "loss_main": 2.2483749836683273, "loss_total": 2.2483749836683273}
{"event": "update", "optimizer_step": 19790, "tokens_seen": 648478720, "lr": 0.0002964203150343833, "grad_norm": 0.6057845950126648, "elapsed_seconds": 81523.022520889, "tokens_per_second": 7954.547070845385, "loss_main": 2.366315484046936, "loss_total": 2.366315484046936}
{"event": "update", "optimizer_step": 19800, "tokens_seen": 648806400, "lr": 0.00029641630720446865, "grad_norm": 0.6253864765167236, "elapsed_seconds": 81557.97749056603, "tokens_per_second": 7955.155583340069, "loss_main": 2.3112697303295135, "loss_total": 2.3112697303295135}
{"event": "update", "optimizer_step": 19810, "tokens_seen": 649134080, "lr": 0.00029641229716239714, "grad_norm": 0.6023176312446594, "elapsed_seconds": 81592.93846732, "tokens_per_second": 7955.762988729648, "loss_main": 2.3231682181358337, "loss_total": 2.3231682181358337}
{"event": "update", "optimizer_step": 19820, "tokens_seen": 649461760, "lr": 0.0002964082849082363, "grad_norm": 0.6251387000083923, "elapsed_seconds": 81627.91004129703, "tokens_per_second": 7956.368840895541, "loss_main": 2.281582683324814, "loss_total": 2.281582683324814}
{"event": "update", "optimizer_step": 19830, "tokens_seen": 649789440, "lr": 0.0002964042704420534, "grad_norm": 0.6981834769248962, "elapsed_seconds": 81662.88517566002, "tokens_per_second": 7956.973827244505, "loss_main": 2.4248481690883636, "loss_total": 2.4248481690883636}
{"event": "update", "optimizer_step": 19840, "tokens_seen": 650117120, "lr": 0.0002964002537639164, "grad_norm": 0.66424560546875, "elapsed_seconds": 81697.84517038305, "tokens_per_second": 7957.579770239512, "loss_main": 2.4023818373680115, "loss_total": 2.4023818373680115}
{"event": "update", "optimizer_step": 19850, "tokens_seen": 650444800, "lr": 0.0002963962348738927, "grad_norm": 0.617996871471405, "elapsed_seconds": 81732.83039371303, "tokens_per_second": 7958.182738402179, "loss_main": 2.330737739801407, "loss_total": 2.330737739801407}
{"event": "update", "optimizer_step": 19860, "tokens_seen": 650772480, "lr": 0.0002963922137720498, "grad_norm": 0.6378878951072693, "elapsed_seconds": 81767.88073434605, "tokens_per_second": 7958.778852472416, "loss_main": 2.45831161737442, "loss_total": 2.45831161737442}
{"event": "update", "optimizer_step": 19870, "tokens_seen": 651100160, "lr": 0.0002963881904584557, "grad_norm": 0.6181982755661011, "elapsed_seconds": 81802.849446996, "tokens_per_second": 7959.3823980652305, "loss_main": 2.4129396080970764, "loss_total": 2.4129396080970764}
{"event": "update", "optimizer_step": 19880, "tokens_seen": 651427840, "lr": 0.000296384164933178, "grad_norm": 0.6583304405212402, "elapsed_seconds": 81837.84205310803, "tokens_per_second": 7959.983103870957, "loss_main": 2.611421763896942, "loss_total": 2.611421763896942}
{"event": "update", "optimizer_step": 19890, "tokens_seen": 651755520, "lr": 0.00029638013719628445, "grad_norm": 0.6308014392852783, "elapsed_seconds": 81872.80900757405, "tokens_per_second": 7960.585790328828, "loss_main": 2.404523089528084, "loss_total": 2.404523089528084}
{"event": "update", "optimizer_step": 19900, "tokens_seen": 652083200, "lr": 0.00029637610724784276, "grad_norm": 0.6133981347084045, "elapsed_seconds": 81907.76067471202, "tokens_per_second": 7961.189448087578, "loss_main": 2.3181227147579193, "loss_total": 2.3181227147579193}
{"event": "update", "optimizer_step": 19910, "tokens_seen": 652410880, "lr": 0.00029637207508792095, "grad_norm": 0.6287445425987244, "elapsed_seconds": 81942.74835775804, "tokens_per_second": 7961.789091471595, "loss_main": 2.4841297566890717, "loss_total": 2.4841297566890717}
{"event": "update", "optimizer_step": 19920, "tokens_seen": 652738560, "lr": 0.00029636804071658676, "grad_norm": 0.6306403875350952, "elapsed_seconds": 81977.74504886504, "tokens_per_second": 7962.38734806523, "loss_main": 2.3593070209026337, "loss_total": 2.3593070209026337}
{"event": "update", "optimizer_step": 19930, "tokens_seen": 653066240, "lr": 0.0002963640041339081, "grad_norm": 0.6332587599754333, "elapsed_seconds": 82012.73166093504, "tokens_per_second": 7962.986072698683, "loss_main": 2.2794252038002014, "loss_total": 2.2794252038002014}
{"event": "update", "optimizer_step": 19940, "tokens_seen": 653393920, "lr": 0.000296359965339953, "grad_norm": 0.6125370264053345, "elapsed_seconds": 82047.69830057502, "tokens_per_second": 7963.586225250889, "loss_main": 2.384437531232834, "loss_total": 2.384437531232834}
{"event": "update", "optimizer_step": 19950, "tokens_seen": 653721600, "lr": 0.00029635592433478947, "grad_norm": 0.6515375971794128, "elapsed_seconds": 82082.66555699502, "tokens_per_second": 7964.185806637591, "loss_main": 2.335340678691864, "loss_total": 2.335340678691864}
{"event": "update", "optimizer_step": 19960, "tokens_seen": 654049280, "lr": 0.0002963518811184854, "grad_norm": 0.5837077498435974, "elapsed_seconds": 82117.62001108803, "tokens_per_second": 7964.7861191262755, "loss_main": 2.405317395925522, "loss_total": 2.405317395925522}
{"event": "update", "optimizer_step": 19970, "tokens_seen": 654376960, "lr": 0.00029634783569110895, "grad_norm": 0.6117157936096191, "elapsed_seconds": 82152.59843050002, "tokens_per_second": 7965.383597131064, "loss_main": 2.367182120680809, "loss_total": 2.367182120680809}
{"event": "update", "optimizer_step": 19980, "tokens_seen": 654704640, "lr": 0.0002963437880527281, "grad_norm": 0.6373741626739502, "elapsed_seconds": 82187.58624978102, "tokens_per_second": 7965.979655495046, "loss_main": 2.4521100223064423, "loss_total": 2.4521100223064423}
{"event": "update", "optimizer_step": 19990, "tokens_seen": 655032320, "lr": 0.0002963397382034112, "grad_norm": 0.6447420120239258, "elapsed_seconds": 82222.56414171105, "tokens_per_second": 7966.5761684474855, "loss_main": 2.385432928800583, "loss_total": 2.385432928800583}
{"event": "update", "optimizer_step": 20000, "tokens_seen": 655360000, "lr": 0.0002963356861432262, "grad_norm": 0.6438202857971191, "elapsed_seconds": 82257.53429256601, "tokens_per_second": 7967.172923869515, "loss_main": 2.5147159099578857, "loss_total": 2.5147159099578857}
{"event": "update", "optimizer_step": 20010, "tokens_seen": 655687680, "lr": 0.0002963316318722414, "grad_norm": 0.612699568271637, "elapsed_seconds": 82292.59393703303, "tokens_per_second": 7967.760507120553, "loss_main": 2.349071726202965, "loss_total": 2.349071726202965}
{"event": "update", "optimizer_step": 20020, "tokens_seen": 656015360, "lr": 0.00029632757539052514, "grad_norm": 0.6178503036499023, "elapsed_seconds": 82327.55649671605, "tokens_per_second": 7968.356986596192, "loss_main": 2.4828206300735474, "loss_total": 2.4828206300735474}
{"event": "update", "optimizer_step": 20030, "tokens_seen": 656343040, "lr": 0.00029632351669814556, "grad_norm": 0.6555671095848083, "elapsed_seconds": 82362.54932003003, "tokens_per_second": 7968.950031520962, "loss_main": 2.4319485276937485, "loss_total": 2.4319485276937485}
{"event": "update", "optimizer_step": 20040, "tokens_seen": 656670720, "lr": 0.0002963194557951711, "grad_norm": 0.6013273596763611, "elapsed_seconds": 82397.50963097601, "tokens_per_second": 7969.545717351817, "loss_main": 2.318811297416687, "loss_total": 2.318811297416687}
{"event": "update", "optimizer_step": 20050, "tokens_seen": 656998400, "lr": 0.00029631539268166996, "grad_norm": 0.6691935062408447, "elapsed_seconds": 82432.47474175302, "tokens_per_second": 7970.14043383102, "loss_main": 2.380362242460251, "loss_total": 2.380362242460251}
{"event": "update", "optimizer_step": 20060, "tokens_seen": 657326080, "lr": 0.00029631132735771066, "grad_norm": 0.6387585401535034, "elapsed_seconds": 82467.45560451603, "tokens_per_second": 7970.733123528113, "loss_main": 2.2819900810718536, "loss_total": 2.2819900810718536}
{"event": "update", "optimizer_step": 20070, "tokens_seen": 657653760, "lr": 0.0002963072598233616, "grad_norm": 0.6037853956222534, "elapsed_seconds": 82502.46219904901, "tokens_per_second": 7971.322824442695, "loss_main": 2.3392893970012665, "loss_total": 2.3392893970012665}
{"event": "update", "optimizer_step": 20080, "tokens_seen": 657981440, "lr": 0.0002963031900786912, "grad_norm": 0.6464709043502808, "elapsed_seconds": 82537.49091344705, "tokens_per_second": 7971.909888683099, "loss_main": 2.368322938680649, "loss_total": 2.368322938680649}
{"event": "update", "optimizer_step": 20090, "tokens_seen": 658309120, "lr": 0.0002962991181237681, "grad_norm": 0.5894489884376526, "elapsed_seconds": 82572.49072978902, "tokens_per_second": 7972.499244987739, "loss_main": 2.140894904732704, "loss_total": 2.140894904732704}
{"event": "update", "optimizer_step": 20100, "tokens_seen": 658636800, "lr": 0.00029629504395866074, "grad_norm": 0.6430996656417847, "elapsed_seconds": 82607.51063637302, "tokens_per_second": 7973.086162821553, "loss_main": 2.4291864931583405, "loss_total": 2.4291864931583405}
{"event": "update", "optimizer_step": 20110, "tokens_seen": 658964480, "lr": 0.0002962909675834377, "grad_norm": 0.637737512588501, "elapsed_seconds": 82642.54052350204, "tokens_per_second": 7973.671620278934, "loss_main": 2.4844413697719574, "loss_total": 2.4844413697719574}
{"event": "update", "optimizer_step": 20120, "tokens_seen": 659292160, "lr": 0.0002962868889981676, "grad_norm": 0.6385074853897095, "elapsed_seconds": 82677.52689996804, "tokens_per_second": 7974.260778236399, "loss_main": 2.451166570186615, "loss_total": 2.451166570186615}
{"event": "update", "optimizer_step": 20130, "tokens_seen": 659619840, "lr": 0.0002962828082029191, "grad_norm": 0.6282631754875183, "elapsed_seconds": 82712.55026983505, "tokens_per_second": 7974.845871008778, "loss_main": 2.210424527525902, "loss_total": 2.210424527525902}
{"event": "update", "optimizer_step": 20140, "tokens_seen": 659947520, "lr": 0.00029627872519776097, "grad_norm": 0.6390585899353027, "elapsed_seconds": 82747.59592156502, "tokens_per_second": 7975.428320909196, "loss_main": 2.4217419028282166, "loss_total": 2.4217419028282166}
{"event": "update", "optimizer_step": 20150, "tokens_seen": 660275200, "lr": 0.0002962746399827619, "grad_norm": 0.6342766880989075, "elapsed_seconds": 82782.55946583604, "tokens_per_second": 7976.018188619699, "loss_main": 2.6073271930217743, "loss_total": 2.6073271930217743}
{"event": "update", "optimizer_step": 20160, "tokens_seen": 660602880, "lr": 0.00029627055255799064, "grad_norm": 0.6105032563209534, "elapsed_seconds": 82817.54395720403, "tokens_per_second": 7976.60554074589, "loss_main": 2.4813386350870132, "loss_total": 2.4813386350870132}
{"event": "update", "optimizer_step": 20170, "tokens_seen": 660930560, "lr": 0.0002962664629235159, "grad_norm": 0.9454373717308044, "elapsed_seconds": 82852.533031817, "tokens_per_second": 7977.1919555699, "loss_main": 2.418052762746811, "loss_total": 2.418052762746811}
{"event": "update", "optimizer_step": 20180, "tokens_seen": 661258240, "lr": 0.0002962623710794066, "grad_norm": 0.6400487422943115, "elapsed_seconds": 82887.512279541, "tokens_per_second": 7977.778821131508, "loss_main": 2.3081665337085724, "loss_total": 2.3081665337085724}
{"event": "update", "optimizer_step": 20190, "tokens_seen": 661585920, "lr": 0.00029625827702573176, "grad_norm": 0.6875624060630798, "elapsed_seconds": 82922.49506270501, "tokens_per_second": 7978.36485141597, "loss_main": 2.3406936526298523, "loss_total": 2.3406936526298523}
{"event": "update", "optimizer_step": 20200, "tokens_seen": 661913600, "lr": 0.00029625418076256, "grad_norm": 0.610355019569397, "elapsed_seconds": 82957.49270559201, "tokens_per_second": 7978.9489582220895, "loss_main": 2.462773486971855, "loss_total": 2.462773486971855}
{"event": "update", "optimizer_step": 20210, "tokens_seen": 662241280, "lr": 0.0002962500822899606, "grad_norm": 0.6502389907836914, "elapsed_seconds": 82992.47413395601, "tokens_per_second": 7979.534131385135, "loss_main": 2.281645283102989, "loss_total": 2.281645283102989}
{"event": "update", "optimizer_step": 20220, "tokens_seen": 662568960, "lr": 0.00029624598160800234, "grad_norm": 1.7961119413375854, "elapsed_seconds": 83027.44694972801, "tokens_per_second": 7980.1196392462425, "loss_main": 2.4312815368175507, "loss_total": 2.4312815368175507}
{"event": "update", "optimizer_step": 20230, "tokens_seen": 662896640, "lr": 0.00029624187871675424, "grad_norm": 0.6480851769447327, "elapsed_seconds": 83062.41556771804, "tokens_per_second": 7980.705057386181, "loss_main": 2.4168158769607544, "loss_total": 2.4168158769607544}
{"event": "update", "optimizer_step": 20240, "tokens_seen": 663224320, "lr": 0.0002962377736162855, "grad_norm": 0.6434682011604309, "elapsed_seconds": 83097.39014239504, "tokens_per_second": 7981.28941069634, "loss_main": 2.3956131041049957, "loss_total": 2.3956131041049957}
{"event": "update", "optimizer_step": 20250, "tokens_seen": 663552000, "lr": 0.00029623366630666503, "grad_norm": 0.6131680607795715, "elapsed_seconds": 83132.414003379, "tokens_per_second": 7981.868540146437, "loss_main": 2.293734386563301, "loss_total": 2.293734386563301}
{"event": "update", "optimizer_step": 20260, "tokens_seen": 663879680, "lr": 0.00029622955678796216, "grad_norm": 0.6103246808052063, "elapsed_seconds": 83167.39411052404, "tokens_per_second": 7982.451381339991, "loss_main": 2.345235824584961, "loss_total": 2.345235824584961}
{"event": "update", "optimizer_step": 20270, "tokens_seen": 664207360, "lr": 0.00029622544506024604, "grad_norm": 0.6690036058425903, "elapsed_seconds": 83202.416688581, "tokens_per_second": 7983.029657492608, "loss_main": 2.4092831015586853, "loss_total": 2.4092831015586853}
{"event": "update", "optimizer_step": 20280, "tokens_seen": 664535040, "lr": 0.00029622133112358574, "grad_norm": 0.6877343654632568, "elapsed_seconds": 83237.38349250203, "tokens_per_second": 7983.612796525023, "loss_main": 2.3439106941223145, "loss_total": 2.3439106941223145}
{"event": "update", "optimizer_step": 20290, "tokens_seen": 664862720, "lr": 0.00029621721497805065, "grad_norm": 0.5984814763069153, "elapsed_seconds": 83272.398500707, "tokens_per_second": 7984.19082397819, "loss_main": 2.4286330938339233, "loss_total": 2.4286330938339233}
{"event": "update", "optimizer_step": 20300, "tokens_seen": 665190400, "lr": 0.00029621309662371004, "grad_norm": 0.6381047368049622, "elapsed_seconds": 83307.400672952, "tokens_per_second": 7984.769595817818, "loss_main": 2.3042619824409485, "loss_total": 2.3042619824409485}
{"event": "update", "optimizer_step": 20310, "tokens_seen": 665518080, "lr": 0.0002962089760606332, "grad_norm": 0.6220715641975403, "elapsed_seconds": 83342.38104735303, "tokens_per_second": 7985.349970045486, "loss_main": 2.2241269052028656, "loss_total": 2.2241269052028656}
{"event": "update", "optimizer_step": 20320, "tokens_seen": 665845760, "lr": 0.0002962048532888894, "grad_norm": 0.6194908618927002, "elapsed_seconds": 83377.35877319903, "tokens_per_second": 7985.930110969534, "loss_main": 2.3153431713581085, "loss_total": 2.3153431713581085}
{"event": "update", "optimizer_step": 20330, "tokens_seen": 666173440, "lr": 0.0002962007283085483, "grad_norm": 0.6349270939826965, "elapsed_seconds": 83412.34771295701, "tokens_per_second": 7986.508691644447, "loss_main": 2.4614019691944122, "loss_total": 2.4614019691944122}
{"event": "update", "optimizer_step": 20340, "tokens_seen": 666501120, "lr": 0.0002961966011196791, "grad_norm": 0.6662510633468628, "elapsed_seconds": 83447.37501064705, "tokens_per_second": 7987.083115735649, "loss_main": 2.421880006790161, "loss_total": 2.421880006790161}
{"event": "update", "optimizer_step": 20350, "tokens_seen": 666828800, "lr": 0.0002961924717223513, "grad_norm": 0.6129426956176758, "elapsed_seconds": 83482.40112116601, "tokens_per_second": 7987.6571713859485, "loss_main": 2.2114308923482895, "loss_total": 2.2114308923482895}
{"event": "update", "optimizer_step": 20360, "tokens_seen": 667156480, "lr": 0.00029618834011663447, "grad_norm": 0.5986167788505554, "elapsed_seconds": 83517.42964079004, "tokens_per_second": 7988.230515108666, "loss_main": 2.2744324803352356, "loss_total": 2.2744324803352356}
{"event": "update", "optimizer_step": 20370, "tokens_seen": 667484160, "lr": 0.00029618420630259817, "grad_norm": 0.6320927143096924, "elapsed_seconds": 83552.40975055401, "tokens_per_second": 7988.80800676816, "loss_main": 2.4441004395484924, "loss_total": 2.4441004395484924}
{"event": "update", "optimizer_step": 20380, "tokens_seen": 667811840, "lr": 0.000296180070280312, "grad_norm": 0.579158365726471, "elapsed_seconds": 83587.41486123804, "tokens_per_second": 7989.382625466075, "loss_main": 2.4088544845581055, "loss_total": 2.4088544845581055}
{"event": "update", "optimizer_step": 20390, "tokens_seen": 668139520, "lr": 0.0002961759320498455, "grad_norm": 0.6314359903335571, "elapsed_seconds": 83622.40320326504, "tokens_per_second": 7989.958365295012, "loss_main": 2.4455927312374115, "loss_total": 2.4455927312374115}
{"event": "update", "optimizer_step": 20400, "tokens_seen": 668467200, "lr": 0.0002961717916112684, "grad_norm": 0.6374167203903198, "elapsed_seconds": 83657.43914443301, "tokens_per_second": 7990.52907710818, "loss_main": 2.427382603287697, "loss_total": 2.427382603287697}
{"event": "update", "optimizer_step": 20410, "tokens_seen": 668794880, "lr": 0.0002961676489646503, "grad_norm": 0.6828110814094543, "elapsed_seconds": 83692.42895234603, "tokens_per_second": 7991.103715974211, "loss_main": 2.501102328300476, "loss_total": 2.501102328300476}
{"event": "update", "optimizer_step": 20420, "tokens_seen": 669122560, "lr": 0.0002961635041100612, "grad_norm": 0.6578243970870972, "elapsed_seconds": 83727.45864675503, "tokens_per_second": 7991.67406744087, "loss_main": 2.395758792757988, "loss_total": 2.395758792757988}
{"event": "update", "optimizer_step": 20430, "tokens_seen": 669450240, "lr": 0.0002961593570475705, "grad_norm": 0.6352282762527466, "elapsed_seconds": 83762.46926967002, "tokens_per_second": 7992.245761580057, "loss_main": 2.3538138270378113, "loss_total": 2.3538138270378113}
{"event": "update", "optimizer_step": 20440, "tokens_seen": 669777920, "lr": 0.0002961552077772482, "grad_norm": 0.7574210166931152, "elapsed_seconds": 83797.46690416301, "tokens_per_second": 7992.818216880083, "loss_main": 2.404993951320648, "loss_total": 2.404993951320648}
{"event": "update", "optimizer_step": 20450, "tokens_seen": 670105600, "lr": 0.00029615105629916426, "grad_norm": 0.5849088430404663, "elapsed_seconds": 83832.46976553503, "tokens_per_second": 7993.389695832293, "loss_main": 2.4727538228034973, "loss_total": 2.4727538228034973}
{"event": "update", "optimizer_step": 20460, "tokens_seen": 670433280, "lr": 0.0002961469026133883, "grad_norm": 0.6282668113708496, "elapsed_seconds": 83867.496813606, "tokens_per_second": 7993.958392367735, "loss_main": 2.363974690437317, "loss_total": 2.363974690437317}
{"event": "update", "optimizer_step": 20470, "tokens_seen": 670760960, "lr": 0.0002961427467199904, "grad_norm": 0.6093695163726807, "elapsed_seconds": 83902.778961348, "tokens_per_second": 7994.502307355082, "loss_main": 2.4441263377666473, "loss_total": 2.4441263377666473}
{"event": "update", "optimizer_step": 20480, "tokens_seen": 671088640, "lr": 0.0002961385886190405, "grad_norm": 0.6116107106208801, "elapsed_seconds": 83938.30988043104, "tokens_per_second": 7995.022069850542, "loss_main": 2.4102316796779633, "loss_total": 2.4102316796779633}
{"event": "update", "optimizer_step": 20490, "tokens_seen": 671416320, "lr": 0.00029613442831060864, "grad_norm": 0.6819444894790649, "elapsed_seconds": 83973.34726991702, "tokens_per_second": 7995.58838403636, "loss_main": 2.4226277470588684, "loss_total": 2.4226277470588684}
{"event": "update", "optimizer_step": 20500, "tokens_seen": 671744000, "lr": 0.0002961302657947647, "grad_norm": 0.6122268438339233, "elapsed_seconds": 84008.34925454203, "tokens_per_second": 7996.157595772318, "loss_main": 2.551795154809952, "loss_total": 2.551795154809952}
{"event": "update", "optimizer_step": 20510, "tokens_seen": 672071680, "lr": 0.0002961261010715789, "grad_norm": 0.6992155313491821, "elapsed_seconds": 84043.37856109504, "tokens_per_second": 7996.723733701874, "loss_main": 2.546260043978691, "loss_total": 2.546260043978691}
{"event": "update", "optimizer_step": 20520, "tokens_seen": 672399360, "lr": 0.00029612193414112133, "grad_norm": 0.6051903963088989, "elapsed_seconds": 84078.40361483203, "tokens_per_second": 7997.289804410415, "loss_main": 2.3534631431102753, "loss_total": 2.3534631431102753}
{"event": "update", "optimizer_step": 20530, "tokens_seen": 672727040, "lr": 0.000296117765003462, "grad_norm": 0.6176053285598755, "elapsed_seconds": 84113.40422267001, "tokens_per_second": 7997.857728110931, "loss_main": 2.346965193748474, "loss_total": 2.346965193748474}
{"event": "update", "optimizer_step": 20540, "tokens_seen": 673054720, "lr": 0.00029611359365867124, "grad_norm": 0.6360890865325928, "elapsed_seconds": 84148.42207256705, "tokens_per_second": 7998.423540486333, "loss_main": 2.434171050786972, "loss_total": 2.434171050786972}
{"event": "update", "optimizer_step": 20550, "tokens_seen": 673382400, "lr": 0.00029610942010681925, "grad_norm": 0.6268503665924072, "elapsed_seconds": 84183.42574115505, "tokens_per_second": 7998.990229626652, "loss_main": 2.3073258697986603, "loss_total": 2.3073258697986603}
{"event": "update", "optimizer_step": 20560, "tokens_seen": 673710080, "lr": 0.00029610524434797616, "grad_norm": 0.6256710886955261, "elapsed_seconds": 84218.41041082703, "tokens_per_second": 7999.558252329452, "loss_main": 2.2323097437620163, "loss_total": 2.2323097437620163}
{"event": "update", "optimizer_step": 20570, "tokens_seen": 674037760, "lr": 0.00029610106638221234, "grad_norm": 0.6255363821983337, "elapsed_seconds": 84253.38619482901, "tokens_per_second": 8000.1266470328355, "loss_main": 2.3351244926452637, "loss_total": 2.3351244926452637}
{"event": "update", "optimizer_step": 20580, "tokens_seen": 674365440, "lr": 0.00029609688620959825, "grad_norm": 0.6252192258834839, "elapsed_seconds": 84288.37822499103, "tokens_per_second": 8000.693027927478, "loss_main": 2.4972875714302063, "loss_total": 2.4972875714302063}
{"event": "update", "optimizer_step": 20590, "tokens_seen": 674693120, "lr": 0.00029609270383020405, "grad_norm": 1.5088839530944824, "elapsed_seconds": 84323.374694839, "tokens_per_second": 8001.2585174831065, "loss_main": 2.3894743025302887, "loss_total": 2.3894743025302887}
{"event": "update", "optimizer_step": 20600, "tokens_seen": 675020800, "lr": 0.0002960885192441002, "grad_norm": 0.6254392266273499, "elapsed_seconds": 84358.37565098604, "tokens_per_second": 8001.823112298273, "loss_main": 2.3997405767440796, "loss_total": 2.3997405767440796}
{"event": "update", "optimizer_step": 20610, "tokens_seen": 675348480, "lr": 0.0002960843324513572, "grad_norm": 0.6196733117103577, "elapsed_seconds": 84393.38598473003, "tokens_per_second": 8002.386349591378, "loss_main": 2.4876149892807007, "loss_total": 2.4876149892807007}
{"event": "update", "optimizer_step": 20620, "tokens_seen": 675676160, "lr": 0.0002960801434520454, "grad_norm": 0.6540735960006714, "elapsed_seconds": 84428.45815492101, "tokens_per_second": 8002.943258304871, "loss_main": 2.3932338654994965, "loss_total": 2.3932338654994965}
{"event": "update", "optimizer_step": 20630, "tokens_seen": 676003840, "lr": 0.00029607595224623556, "grad_norm": 0.6952500343322754, "elapsed_seconds": 84463.46240615204, "tokens_per_second": 8003.506140316148, "loss_main": 2.4912473261356354, "loss_total": 2.4912473261356354}
{"event": "update", "optimizer_step": 20640, "tokens_seen": 676331520, "lr": 0.000296071758833998, "grad_norm": 0.7521952986717224, "elapsed_seconds": 84498.490498739, "tokens_per_second": 8004.066297611472, "loss_main": 2.412169635295868, "loss_total": 2.412169635295868}
{"event": "update", "optimizer_step": 20650, "tokens_seen": 676659200, "lr": 0.00029606756321540336, "grad_norm": 0.6632452011108398, "elapsed_seconds": 84533.47069021402, "tokens_per_second": 8004.630526525077, "loss_main": 2.3921068012714386, "loss_total": 2.3921068012714386}
{"event": "update", "optimizer_step": 20660, "tokens_seen": 676986880, "lr": 0.00029606336539052226, "grad_norm": 0.6243107318878174, "elapsed_seconds": 84568.469974456, "tokens_per_second": 8005.192481364326, "loss_main": 2.2564788311719894, "loss_total": 2.2564788311719894}
{"event": "update", "optimizer_step": 20670, "tokens_seen": 677314560, "lr": 0.00029605916535942547, "grad_norm": 0.6320825815200806, "elapsed_seconds": 84603.489624654, "tokens_per_second": 8005.752044093299, "loss_main": 2.3770247995853424, "loss_total": 2.3770247995853424}
{"event": "update", "optimizer_step": 20680, "tokens_seen": 677642240, "lr": 0.0002960549631221836, "grad_norm": 0.6021131873130798, "elapsed_seconds": 84638.55685665901, "tokens_per_second": 8006.306642818024, "loss_main": 2.390496075153351, "loss_total": 2.390496075153351}
{"event": "update", "optimizer_step": 20690, "tokens_seen": 677969920, "lr": 0.0002960507586788674, "grad_norm": 0.6078454852104187, "elapsed_seconds": 84673.67287925002, "tokens_per_second": 8006.856168467237, "loss_main": 2.357277363538742, "loss_total": 2.357277363538742}
{"event": "update", "optimizer_step": 20700, "tokens_seen": 678297600, "lr": 0.0002960465520295476, "grad_norm": 1.3186477422714233, "elapsed_seconds": 84708.71047051903, "tokens_per_second": 8007.412652516607, "loss_main": 2.3127069026231766, "loss_total": 2.3127069026231766}
{"event": "update", "optimizer_step": 20710, "tokens_seen": 678625280, "lr": 0.00029604234317429513, "grad_norm": 0.6975009441375732, "elapsed_seconds": 84743.72486250504, "tokens_per_second": 8007.970868651993, "loss_main": 2.475812792778015, "loss_total": 2.475812792778015}
{"event": "update", "optimizer_step": 20720, "tokens_seen": 678952960, "lr": 0.0002960381321131806, "grad_norm": 0.6423728466033936, "elapsed_seconds": 84778.790395024, "tokens_per_second": 8008.52379276044, "loss_main": 2.4782636761665344, "loss_total": 2.4782636761665344}
{"event": "update", "optimizer_step": 20730, "tokens_seen": 679280640, "lr": 0.00029603391884627523, "grad_norm": 0.651602566242218, "elapsed_seconds": 84813.83960052702, "tokens_per_second": 8009.077801446205, "loss_main": 2.3663032352924347, "loss_total": 2.3663032352924347}
{"event": "update", "optimizer_step": 20740, "tokens_seen": 679608320, "lr": 0.00029602970337364975, "grad_norm": 0.6333333253860474, "elapsed_seconds": 84848.90620885702, "tokens_per_second": 8009.629709629168, "loss_main": 2.411963164806366, "loss_total": 2.411963164806366}
{"event": "update", "optimizer_step": 20750, "tokens_seen": 679936000, "lr": 0.0002960254856953751, "grad_norm": 0.6009724140167236, "elapsed_seconds": 84883.976363744, "tokens_per_second": 8010.180827136853, "loss_main": 2.2804375290870667, "loss_total": 2.2804375290870667}
{"event": "update", "optimizer_step": 20760, "tokens_seen": 680263680, "lr": 0.00029602126581152236, "grad_norm": 0.6692951321601868, "elapsed_seconds": 84919.01130461105, "tokens_per_second": 8010.73481131147, "loss_main": 2.386943072080612, "loss_total": 2.386943072080612}
{"event": "update", "optimizer_step": 20770, "tokens_seen": 680591360, "lr": 0.0002960170437221625, "grad_norm": 0.628156840801239, "elapsed_seconds": 84954.09280529805, "tokens_per_second": 8011.28394790599, "loss_main": 2.4579898715019226, "loss_total": 2.4579898715019226}
{"event": "update", "optimizer_step": 20780, "tokens_seen": 680919040, "lr": 0.0002960128194273666, "grad_norm": 0.634685218334198, "elapsed_seconds": 84989.09697790403, "tokens_per_second": 8011.839920796304, "loss_main": 2.344016671180725, "loss_total": 2.344016671180725}
{"event": "update", "optimizer_step": 20790, "tokens_seen": 681246720, "lr": 0.00029600859292720576, "grad_norm": 0.6159617304801941, "elapsed_seconds": 85024.11164455401, "tokens_per_second": 8012.3944469772705, "loss_main": 2.4180161356925964, "loss_total": 2.4180161356925964}
{"event": "update", "optimizer_step": 20800, "tokens_seen": 681574400, "lr": 0.00029600436422175117, "grad_norm": 0.6400254964828491, "elapsed_seconds": 85059.13501538802, "tokens_per_second": 8012.9476966430075, "loss_main": 2.4830304384231567, "loss_total": 2.4830304384231567}
{"event": "update", "optimizer_step": 20810, "tokens_seen": 681902080, "lr": 0.000296000133311074, "grad_norm": 0.6069238781929016, "elapsed_seconds": 85094.13101401302, "tokens_per_second": 8013.503068592435, "loss_main": 2.3307469487190247, "loss_total": 2.3307469487190247}
{"event": "update", "optimizer_step": 20820, "tokens_seen": 682229760, "lr": 0.00029599590019524545, "grad_norm": 0.6645909547805786, "elapsed_seconds": 85129.12934637803, "tokens_per_second": 8014.0577642243525, "loss_main": 2.463675409555435, "loss_total": 2.463675409555435}
{"event": "update", "optimizer_step": 20830, "tokens_seen": 682557440, "lr": 0.0002959916648743368, "grad_norm": 0.651043713092804, "elapsed_seconds": 85164.12765049405, "tokens_per_second": 8014.612006608635, "loss_main": 2.2900767773389816, "loss_total": 2.2900767773389816}
{"event": "update", "optimizer_step": 20840, "tokens_seen": 682885120, "lr": 0.0002959874273484194, "grad_norm": 0.6205773949623108, "elapsed_seconds": 85199.12378812104, "tokens_per_second": 8015.165997460784, "loss_main": 2.6105158627033234, "loss_total": 2.6105158627033234}
{"event": "update", "optimizer_step": 20850, "tokens_seen": 683212800, "lr": 0.0002959831876175645, "grad_norm": 0.5803895592689514, "elapsed_seconds": 85234.10041363502, "tokens_per_second": 8015.721368377409, "loss_main": 2.155132085084915, "loss_total": 2.155132085084915}
{"event": "update", "optimizer_step": 20860, "tokens_seen": 683540480, "lr": 0.0002959789456818434, "grad_norm": 0.6419671177864075, "elapsed_seconds": 85269.07046210003, "tokens_per_second": 8016.276901995978, "loss_main": 2.3595403134822845, "loss_total": 2.3595403134822845}
{"event": "update", "optimizer_step": 20870, "tokens_seen": 683868160, "lr": 0.0002959747015413276, "grad_norm": 0.62650465965271, "elapsed_seconds": 85304.04881254904, "tokens_per_second": 8016.831199920683, "loss_main": 2.4131346344947815, "loss_total": 2.4131346344947815}
{"event": "update", "optimizer_step": 20880, "tokens_seen": 684195840, "lr": 0.0002959704551960885, "grad_norm": 0.6478791236877441, "elapsed_seconds": 85339.02182565705, "tokens_per_second": 8017.385544889121, "loss_main": 2.498855024576187, "loss_total": 2.498855024576187}
{"event": "update", "optimizer_step": 20890, "tokens_seen": 684523520, "lr": 0.0002959662066461977, "grad_norm": 0.6325836777687073, "elapsed_seconds": 85374.022843463, "tokens_per_second": 8017.936805614792, "loss_main": 2.393237680196762, "loss_total": 2.393237680196762}
{"event": "update", "optimizer_step": 20900, "tokens_seen": 684851200, "lr": 0.0002959619558917265, "grad_norm": 0.6683235168457031, "elapsed_seconds": 85409.02118410304, "tokens_per_second": 8018.487865863396, "loss_main": 2.315248042345047, "loss_total": 2.315248042345047}
{"event": "update", "optimizer_step": 20910, "tokens_seen": 685178880, "lr": 0.00029595770293274674, "grad_norm": 0.5797420740127563, "elapsed_seconds": 85444.00408410805, "tokens_per_second": 8019.0399238024265, "loss_main": 2.2514697462320328, "loss_total": 2.2514697462320328}
{"event": "update", "optimizer_step": 20920, "tokens_seen": 685506560, "lr": 0.0002959534477693298, "grad_norm": 0.6148607730865479, "elapsed_seconds": 85478.97897393, "tokens_per_second": 8019.592281385003, "loss_main": 2.301192045211792, "loss_total": 2.301192045211792}
{"event": "update", "optimizer_step": 20930, "tokens_seen": 685834240, "lr": 0.0002959491904015473, "grad_norm": 0.6469425559043884, "elapsed_seconds": 85513.98860607902, "tokens_per_second": 8020.140928746779, "loss_main": 2.4204707741737366, "loss_total": 2.4204707741737366}
{"event": "update", "optimizer_step": 20940, "tokens_seen": 686161920, "lr": 0.00029594493082947104, "grad_norm": 0.7972310185432434, "elapsed_seconds": 85548.99348422303, "tokens_per_second": 8020.6895727714455, "loss_main": 2.3873256742954254, "loss_total": 2.3873256742954254}
{"event": "update", "optimizer_step": 20950, "tokens_seen": 686489600, "lr": 0.0002959406690531725, "grad_norm": 0.6295052170753479, "elapsed_seconds": 85583.97586729302, "tokens_per_second": 8021.2398763113615, "loss_main": 2.356739103794098, "loss_total": 2.356739103794098}
{"event": "update", "optimizer_step": 20960, "tokens_seen": 686817280, "lr": 0.00029593640507272363, "grad_norm": 0.6582314968109131, "elapsed_seconds": 85618.98403334204, "tokens_per_second": 8021.787314511198, "loss_main": 2.3834574818611145, "loss_total": 2.3834574818611145}
{"event": "update", "optimizer_step": 20970, "tokens_seen": 687144960, "lr": 0.00029593213888819624, "grad_norm": 0.6371917128562927, "elapsed_seconds": 85654.05912499601, "tokens_per_second": 8022.328036984692, "loss_main": 2.4964728355407715, "loss_total": 2.4964728355407715}
{"event": "update", "optimizer_step": 20980, "tokens_seen": 687472640, "lr": 0.000295927870499662, "grad_norm": 0.6410077214241028, "elapsed_seconds": 85689.04895526805, "tokens_per_second": 8022.876299617689, "loss_main": 2.471081465482712, "loss_total": 2.471081465482712}
{"event": "update", "optimizer_step": 20990, "tokens_seen": 687800320, "lr": 0.00029592359990719273, "grad_norm": 0.6350704431533813, "elapsed_seconds": 85724.02485433104, "tokens_per_second": 8023.4254185890595, "loss_main": 2.38078773021698, "loss_total": 2.38078773021698}
{"event": "update", "optimizer_step": 21000, "tokens_seen": 688128000, "lr": 0.0002959193271108605, "grad_norm": 0.6042553186416626, "elapsed_seconds": 85759.002069087, "tokens_per_second": 8023.973966553945, "loss_main": 2.2944384813308716, "loss_total": 2.2944384813308716}
{"event": "update", "optimizer_step": 21010, "tokens_seen": 688455680, "lr": 0.00029591505211073706, "grad_norm": 0.6525221467018127, "elapsed_seconds": 85793.99253402802, "tokens_per_second": 8024.520827923255, "loss_main": 2.506969153881073, "loss_total": 2.506969153881073}
{"event": "update", "optimizer_step": 21020, "tokens_seen": 688783360, "lr": 0.00029591077490689443, "grad_norm": 0.6380411386489868, "elapsed_seconds": 85828.93081172701, "tokens_per_second": 8025.0721229523915, "loss_main": 2.312836602330208, "loss_total": 2.312836602330208}
{"event": "update", "optimizer_step": 21030, "tokens_seen": 689111040, "lr": 0.0002959064954994046, "grad_norm": 0.6268590688705444, "elapsed_seconds": 85863.90784248704, "tokens_per_second": 8025.619347120085, "loss_main": 2.2811100780963898, "loss_total": 2.2811100780963898}
{"event": "update", "optimizer_step": 21040, "tokens_seen": 689438720, "lr": 0.00029590221388833967, "grad_norm": 0.6537536382675171, "elapsed_seconds": 85898.88322122203, "tokens_per_second": 8026.1662800019785, "loss_main": 2.5057604908943176, "loss_total": 2.5057604908943176}
{"event": "update", "optimizer_step": 21050, "tokens_seen": 689766400, "lr": 0.00029589793007377173, "grad_norm": 0.6493151187896729, "elapsed_seconds": 85933.85163599305, "tokens_per_second": 8026.713418150736, "loss_main": 2.512497752904892, "loss_total": 2.512497752904892}
{"event": "update", "optimizer_step": 21060, "tokens_seen": 690094080, "lr": 0.0002958936440557728, "grad_norm": 0.6076714992523193, "elapsed_seconds": 85968.81358987204, "tokens_per_second": 8027.26071447495, "loss_main": 2.4569553434848785, "loss_total": 2.4569553434848785}
{"event": "update", "optimizer_step": 21070, "tokens_seen": 690421760, "lr": 0.000295889355834415, "grad_norm": 0.6341997385025024, "elapsed_seconds": 86003.76706106204, "tokens_per_second": 8027.80835762468, "loss_main": 2.5521418154239655, "loss_total": 2.5521418154239655}
{"event": "update", "optimizer_step": 21080, "tokens_seen": 690749440, "lr": 0.00029588506540977055, "grad_norm": 0.6430423259735107, "elapsed_seconds": 86038.68463525805, "tokens_per_second": 8028.358905395628, "loss_main": 2.3324437588453293, "loss_total": 2.3324437588453293}
{"event": "update", "optimizer_step": 21090, "tokens_seen": 691077120, "lr": 0.0002958807727819118, "grad_norm": 0.642614483833313, "elapsed_seconds": 86073.62246773404, "tokens_per_second": 8028.907116800625, "loss_main": 2.3884410858154297, "loss_total": 2.3884410858154297}
{"event": "update", "optimizer_step": 21100, "tokens_seen": 691404800, "lr": 0.00029587647795091077, "grad_norm": 0.6524471044540405, "elapsed_seconds": 86108.60853507905, "tokens_per_second": 8029.4503855364765, "loss_main": 2.3891039192676544, "loss_total": 2.3891039192676544}
{"event": "update", "optimizer_step": 21110, "tokens_seen": 691732480, "lr": 0.00029587218091683997, "grad_norm": 0.6256627440452576, "elapsed_seconds": 86143.54657789605, "tokens_per_second": 8029.997689664367, "loss_main": 2.309630259871483, "loss_total": 2.309630259871483}
{"event": "update", "optimizer_step": 21120, "tokens_seen": 692060160, "lr": 0.0002958678816797716, "grad_norm": 0.6386749744415283, "elapsed_seconds": 86178.51492099004, "tokens_per_second": 8030.541726490562, "loss_main": 2.391095072031021, "loss_total": 2.391095072031021}
{"event": "update", "optimizer_step": 21130, "tokens_seen": 692387840, "lr": 0.00029586358023977815, "grad_norm": 0.6181470155715942, "elapsed_seconds": 86213.50727566704, "tokens_per_second": 8031.083085230428, "loss_main": 2.3418568521738052, "loss_total": 2.3418568521738052}
{"event": "update", "optimizer_step": 21140, "tokens_seen": 692715520, "lr": 0.00029585927659693187, "grad_norm": 0.6300895810127258, "elapsed_seconds": 86248.50017861405, "tokens_per_second": 8031.623953639068, "loss_main": 2.3061695098876953, "loss_total": 2.3061695098876953}
{"event": "update", "optimizer_step": 21150, "tokens_seen": 693043200, "lr": 0.0002958549707513054, "grad_norm": 0.59161376953125, "elapsed_seconds": 86283.45690189005, "tokens_per_second": 8032.167751322661, "loss_main": 2.341261088848114, "loss_total": 2.341261088848114}
{"event": "update", "optimizer_step": 21160, "tokens_seen": 693370880, "lr": 0.000295850662702971, "grad_norm": 0.6408353447914124, "elapsed_seconds": 86318.45826199901, "tokens_per_second": 8032.706954698365, "loss_main": 2.590648055076599, "loss_total": 2.590648055076599}
{"event": "update", "optimizer_step": 21170, "tokens_seen": 693698560, "lr": 0.0002958463524520014, "grad_norm": 0.6428999900817871, "elapsed_seconds": 86353.43986796401, "tokens_per_second": 8033.2475586459295, "loss_main": 2.2413924634456635, "loss_total": 2.2413924634456635}
{"event": "update", "optimizer_step": 21180, "tokens_seen": 694026240, "lr": 0.000295842039998469, "grad_norm": 0.6581493616104126, "elapsed_seconds": 86388.40844122402, "tokens_per_second": 8033.788936766833, "loss_main": 2.3787239342927933, "loss_total": 2.3787239342927933}
{"event": "update", "optimizer_step": 21190, "tokens_seen": 694353920, "lr": 0.00029583772534244645, "grad_norm": 0.9707101583480835, "elapsed_seconds": 86423.375460629, "tokens_per_second": 8034.330021237363, "loss_main": 2.4609441459178925, "loss_total": 2.4609441459178925}
{"event": "update", "optimizer_step": 21200, "tokens_seen": 694681600, "lr": 0.0002958334084840063, "grad_norm": 0.6607629060745239, "elapsed_seconds": 86458.34348589904, "tokens_per_second": 8034.870574559405, "loss_main": 2.3062333911657333, "loss_total": 2.3062333911657333}
{"event": "update", "optimizer_step": 21210, "tokens_seen": 695009280, "lr": 0.0002958290894232214, "grad_norm": 0.6224662661552429, "elapsed_seconds": 86493.29634642502, "tokens_per_second": 8035.412099642176, "loss_main": 2.189607948064804, "loss_total": 2.189607948064804}
{"event": "update", "optimizer_step": 21220, "tokens_seen": 695336960, "lr": 0.00029582476816016436, "grad_norm": 0.6988115906715393, "elapsed_seconds": 86528.27936074405, "tokens_per_second": 8035.950386821847, "loss_main": 2.3871649652719498, "loss_total": 2.3871649652719498}
{"event": "update", "optimizer_step": 21230, "tokens_seen": 695664640, "lr": 0.0002958204446949079, "grad_norm": 0.6098503470420837, "elapsed_seconds": 86563.29395205801, "tokens_per_second": 8036.4853073322865, "loss_main": 2.331100821495056, "loss_total": 2.331100821495056}
{"event": "update", "optimizer_step": 21240, "tokens_seen": 695992320, "lr": 0.00029581611902752467, "grad_norm": 0.6101259589195251, "elapsed_seconds": 86598.27540459903, "tokens_per_second": 8037.022870816172, "loss_main": 2.3677875995635986, "loss_total": 2.3677875995635986}
{"event": "update", "optimizer_step": 21250, "tokens_seen": 696320000, "lr": 0.0002958117911580877, "grad_norm": 0.6537995338439941, "elapsed_seconds": 86633.32827201101, "tokens_per_second": 8037.553374536148, "loss_main": 2.2932657301425934, "loss_total": 2.2932657301425934}
{"event": "update", "optimizer_step": 21260, "tokens_seen": 696647680, "lr": 0.00029580746108666986, "grad_norm": 0.577181339263916, "elapsed_seconds": 86668.28912528703, "tokens_per_second": 8038.0919830196635, "loss_main": 2.2931801080703735, "loss_total": 2.2931801080703735}
{"event": "update", "optimizer_step": 21270, "tokens_seen": 696975360, "lr": 0.00029580312881334386, "grad_norm": 0.6452383995056152, "elapsed_seconds": 86703.26128847705, "tokens_per_second": 8038.6291085526755, "loss_main": 2.460418403148651, "loss_total": 2.460418403148651}
{"event": "update", "optimizer_step": 21280, "tokens_seen": 697303040, "lr": 0.0002957987943381827, "grad_norm": 0.6168957948684692, "elapsed_seconds": 86738.233806286, "tokens_per_second": 8039.165768089063, "loss_main": 2.174160987138748, "loss_total": 2.174160987138748}
{"event": "update", "optimizer_step": 21290, "tokens_seen": 697630720, "lr": 0.0002957944576612593, "grad_norm": 0.6302443742752075, "elapsed_seconds": 86773.20423646405, "tokens_per_second": 8039.702188464765, "loss_main": 2.395733267068863, "loss_total": 2.395733267068863}
{"event": "update", "optimizer_step": 21300, "tokens_seen": 697958400, "lr": 0.0002957901187826468, "grad_norm": 0.6416860222816467, "elapsed_seconds": 86808.17956306704, "tokens_per_second": 8040.237723139051, "loss_main": 2.4324129223823547, "loss_total": 2.4324129223823547}
{"event": "update", "optimizer_step": 21310, "tokens_seen": 698286080, "lr": 0.0002957857777024181, "grad_norm": 0.6094311475753784, "elapsed_seconds": 86843.16098952701, "tokens_per_second": 8040.772261666189, "loss_main": 2.4602855145931244, "loss_total": 2.4602855145931244}
{"event": "update", "optimizer_step": 21320, "tokens_seen": 698613760, "lr": 0.00029578143442064643, "grad_norm": 0.6417375802993774, "elapsed_seconds": 86878.14646494505, "tokens_per_second": 8041.305994964885, "loss_main": 2.3061127960681915, "loss_total": 2.3061127960681915}
{"event": "update", "optimizer_step": 21330, "tokens_seen": 698941440, "lr": 0.00029577708893740464, "grad_norm": 0.6281188130378723, "elapsed_seconds": 86913.12846828101, "tokens_per_second": 8041.839619834638, "loss_main": 2.438524067401886, "loss_total": 2.438524067401886}
{"event": "update", "optimizer_step": 21340, "tokens_seen": 699269120, "lr": 0.0002957727412527661, "grad_norm": 0.6536349654197693, "elapsed_seconds": 86948.09781301505, "tokens_per_second": 8042.373986188898, "loss_main": 2.380984827876091, "loss_total": 2.380984827876091}
{"event": "update", "optimizer_step": 21350, "tokens_seen": 699596800, "lr": 0.00029576839136680395, "grad_norm": 0.6382195949554443, "elapsed_seconds": 86983.08514974202, "tokens_per_second": 8042.906259253037, "loss_main": 2.491901248693466, "loss_total": 2.491901248693466}
{"event": "update", "optimizer_step": 21360, "tokens_seen": 699924480, "lr": 0.0002957640392795913, "grad_norm": 0.6075665354728699, "elapsed_seconds": 87018.07438869303, "tokens_per_second": 8043.437928464973, "loss_main": 2.2979667335748672, "loss_total": 2.2979667335748672}
{"event": "evaluation", "tokens_seen": 700022784, "elapsed_seconds": 87028.56255170505, "parameters": 600375552, "main_loss": 2.4729071259498596, "perplexity": 11.856866200129279}
{"event": "update", "optimizer_step": 21370, "tokens_seen": 700252160, "lr": 0.0002957596849912016, "grad_norm": 0.6355960965156555, "elapsed_seconds": 87067.836533283, "tokens_per_second": 8042.604340264249, "loss_main": 2.2433495968580246, "loss_total": 2.2433495968580246}
{"event": "update", "optimizer_step": 21380, "tokens_seen": 700579840, "lr": 0.000295755328501708, "grad_norm": 0.6468148827552795, "elapsed_seconds": 87102.80281921604, "tokens_per_second": 8043.137732939206, "loss_main": 2.3281291723251343, "loss_total": 2.3281291723251343}
{"event": "update", "optimizer_step": 21390, "tokens_seen": 700907520, "lr": 0.00029575096981118384, "grad_norm": 0.6580120921134949, "elapsed_seconds": 87137.74009697902, "tokens_per_second": 8043.673375278409, "loss_main": 2.2049367278814316, "loss_total": 2.2049367278814316}
{"event": "update", "optimizer_step": 21400, "tokens_seen": 701235200, "lr": 0.0002957466089197026, "grad_norm": 0.6260902285575867, "elapsed_seconds": 87172.696206094, "tokens_per_second": 8044.20685052734, "loss_main": 2.3100006878376007, "loss_total": 2.3100006878376007}
{"event": "update", "optimizer_step": 21410, "tokens_seen": 701562880, "lr": 0.00029574224582733764, "grad_norm": 0.636795699596405, "elapsed_seconds": 87207.68765667902, "tokens_per_second": 8044.73663792035, "loss_main": 2.3545176684856415, "loss_total": 2.3545176684856415}
{"event": "update", "optimizer_step": 21420, "tokens_seen": 701890560, "lr": 0.0002957378805341623, "grad_norm": 0.6808652877807617, "elapsed_seconds": 87242.69084417005, "tokens_per_second": 8045.264917994027, "loss_main": 2.379402756690979, "loss_total": 2.379402756690979}
{"event": "update", "optimizer_step": 21430, "tokens_seen": 702218240, "lr": 0.0002957335130402502, "grad_norm": 1.7726390361785889, "elapsed_seconds": 87277.67744634202, "tokens_per_second": 8045.794303265244, "loss_main": 2.4323918521404266, "loss_total": 2.4323918521404266}
{"event": "update", "optimizer_step": 21440, "tokens_seen": 702545920, "lr": 0.00029572914334567474, "grad_norm": 0.6539475321769714, "elapsed_seconds": 87312.65790785803, "tokens_per_second": 8046.323830175966, "loss_main": 2.363691359758377, "loss_total": 2.363691359758377}
{"event": "update", "optimizer_step": 21450, "tokens_seen": 702873600, "lr": 0.0002957247714505096, "grad_norm": 0.645892858505249, "elapsed_seconds": 87347.64334925404, "tokens_per_second": 8046.852474194458, "loss_main": 2.318265274167061, "loss_total": 2.318265274167061}
{"event": "update", "optimizer_step": 21460, "tokens_seen": 703201280, "lr": 0.00029572039735482826, "grad_norm": 0.617915689945221, "elapsed_seconds": 87382.66293899005, "tokens_per_second": 8047.377550063565, "loss_main": 2.2770431339740753, "loss_total": 2.2770431339740753}
{"event": "update", "optimizer_step": 21470, "tokens_seen": 703528960, "lr": 0.0002957160210587045, "grad_norm": 0.5823177099227905, "elapsed_seconds": 87417.68663128302, "tokens_per_second": 8047.901827548903, "loss_main": 2.3720335215330124, "loss_total": 2.3720335215330124}
{"event": "update", "optimizer_step": 21480, "tokens_seen": 703856640, "lr": 0.0002957116425622118, "grad_norm": 0.6600107550621033, "elapsed_seconds": 87452.688511257, "tokens_per_second": 8048.427692527701, "loss_main": 2.4238377809524536, "loss_total": 2.4238377809524536}
{"event": "update", "optimizer_step": 21490, "tokens_seen": 704184320, "lr": 0.00029570726186542396, "grad_norm": 0.6128111481666565, "elapsed_seconds": 87487.75857323204, "tokens_per_second": 8048.946863926788, "loss_main": 2.392300456762314, "loss_total": 2.392300456762314}
{"event": "update", "optimizer_step": 21500, "tokens_seen": 704512000, "lr": 0.00029570287896841477, "grad_norm": 0.6419618725776672, "elapsed_seconds": 87523.50454363204, "tokens_per_second": 8049.40345651708, "loss_main": 2.41002294421196, "loss_total": 2.41002294421196}
{"event": "update", "optimizer_step": 21510, "tokens_seen": 704839680, "lr": 0.00029569849387125785, "grad_norm": 0.6201937198638916, "elapsed_seconds": 87558.52438002505, "tokens_per_second": 8049.926434813204, "loss_main": 2.5593092888593674, "loss_total": 2.5593092888593674}
{"event": "update", "optimizer_step": 21520, "tokens_seen": 705167360, "lr": 0.00029569410657402726, "grad_norm": 0.6772078275680542, "elapsed_seconds": 87593.602489535, "tokens_per_second": 8050.443639240068, "loss_main": 2.387714445590973, "loss_total": 2.387714445590973}
{"event": "update", "optimizer_step": 21530, "tokens_seen": 705495040, "lr": 0.0002956897170767966, "grad_norm": 0.627407968044281, "elapsed_seconds": 87628.59317800205, "tokens_per_second": 8050.968461480503, "loss_main": 2.3888829052448273, "loss_total": 2.3888829052448273}
{"event": "update", "optimizer_step": 21540, "tokens_seen": 705822720, "lr": 0.00029568532537963986, "grad_norm": 0.6964709162712097, "elapsed_seconds": 87663.59044346103, "tokens_per_second": 8051.4922606920045, "loss_main": 2.4888335466384888, "loss_total": 2.4888335466384888}
{"event": "update", "optimizer_step": 21550, "tokens_seen": 706150400, "lr": 0.00029568093148263103, "grad_norm": 0.6920207738876343, "elapsed_seconds": 87698.57171627803, "tokens_per_second": 8052.017110204874, "loss_main": 2.296699434518814, "loss_total": 2.296699434518814}
{"event": "update", "optimizer_step": 21560, "tokens_seen": 706478080, "lr": 0.000295676535385844, "grad_norm": 0.6469466686248779, "elapsed_seconds": 87733.55767920404, "tokens_per_second": 8052.541110702733, "loss_main": 2.476121038198471, "loss_total": 2.476121038198471}
{"event": "update", "optimizer_step": 21570, "tokens_seen": 706805760, "lr": 0.00029567213708935286, "grad_norm": 0.6249049305915833, "elapsed_seconds": 87768.53994281805, "tokens_per_second": 8053.065032874991, "loss_main": 2.426853984594345, "loss_total": 2.426853984594345}
{"event": "update", "optimizer_step": 21580, "tokens_seen": 707133440, "lr": 0.0002956677365932315, "grad_norm": 0.6017347574234009, "elapsed_seconds": 87803.51533858501, "tokens_per_second": 8053.58916750856, "loss_main": 2.1959518790245056, "loss_total": 2.1959518790245056}
{"event": "update", "optimizer_step": 21590, "tokens_seen": 707461120, "lr": 0.0002956633338975541, "grad_norm": 0.6691426634788513, "elapsed_seconds": 87838.49333218002, "tokens_per_second": 8054.112646543067, "loss_main": 2.4124741554260254, "loss_total": 2.4124741554260254}
{"event": "update", "optimizer_step": 21600, "tokens_seen": 707788800, "lr": 0.0002956589290023947, "grad_norm": 0.6105037331581116, "elapsed_seconds": 87873.45615332905, "tokens_per_second": 8054.637099569523, "loss_main": 2.2818463295698166, "loss_total": 2.2818463295698166}
{"event": "update", "optimizer_step": 21610, "tokens_seen": 708116480, "lr": 0.0002956545219078275, "grad_norm": 0.5798041820526123, "elapsed_seconds": 87908.42087226704, "tokens_per_second": 8055.160961529607, "loss_main": 2.4138327538967133, "loss_total": 2.4138327538967133}
{"event": "update", "optimizer_step": 21620, "tokens_seen": 708444160, "lr": 0.0002956501126139267, "grad_norm": 0.675895094871521, "elapsed_seconds": 87943.41027038405, "tokens_per_second": 8055.682146301491, "loss_main": 2.3998656570911407, "loss_total": 2.3998656570911407}
{"event": "update", "optimizer_step": 21630, "tokens_seen": 708771840, "lr": 0.00029564570112076657, "grad_norm": 0.6325313448905945, "elapsed_seconds": 87978.37461792002, "tokens_per_second": 8056.205210406702, "loss_main": 2.309734493494034, "loss_total": 2.309734493494034}
{"event": "update", "optimizer_step": 21640, "tokens_seen": 709099520, "lr": 0.00029564128742842115, "grad_norm": 0.6002027988433838, "elapsed_seconds": 88013.34796674101, "tokens_per_second": 8056.727034948819, "loss_main": 2.3822485953569412, "loss_total": 2.3822485953569412}
{"event": "update", "optimizer_step": 21650, "tokens_seen": 709427200, "lr": 0.00029563687153696494, "grad_norm": 0.6149157881736755, "elapsed_seconds": 88048.320592231, "tokens_per_second": 8057.248511138517, "loss_main": 2.4841030687093735, "loss_total": 2.4841030687093735}
{"event": "update", "optimizer_step": 21660, "tokens_seen": 709754880, "lr": 0.0002956324534464723, "grad_norm": 0.7114676833152771, "elapsed_seconds": 88083.26802115701, "tokens_per_second": 8057.7718781905505, "loss_main": 2.476478487253189, "loss_total": 2.476478487253189}
{"event": "update", "optimizer_step": 21670, "tokens_seen": 710082560, "lr": 0.0002956280331570174, "grad_norm": 0.6873441934585571, "elapsed_seconds": 88118.57856739004, "tokens_per_second": 8058.261623647883, "loss_main": 2.3062929809093475, "loss_total": 2.3062929809093475}
{"event": "update", "optimizer_step": 21680, "tokens_seen": 710410240, "lr": 0.0002956236106686749, "grad_norm": 0.6400946974754333, "elapsed_seconds": 88153.55834967404, "tokens_per_second": 8058.781214276722, "loss_main": 2.375018298625946, "loss_total": 2.375018298625946}
{"event": "update", "optimizer_step": 21690, "tokens_seen": 710737920, "lr": 0.00029561918598151903, "grad_norm": 0.6041965484619141, "elapsed_seconds": 88201.71397317003, "tokens_per_second": 8058.096469828222, "loss_main": 2.3180755376815796, "loss_total": 2.3180755376815796}
{"event": "update", "optimizer_step": 21700, "tokens_seen": 711065600, "lr": 0.0002956147590956244, "grad_norm": 0.6240351796150208, "elapsed_seconds": 88256.19340649701, "tokens_per_second": 8056.835135919817, "loss_main": 2.328731596469879, "loss_total": 2.328731596469879}
{"event": "update", "optimizer_step": 21710, "tokens_seen": 711393280, "lr": 0.00029561033001106543, "grad_norm": 0.6235206127166748, "elapsed_seconds": 88301.12535870401, "tokens_per_second": 8056.446360226106, "loss_main": 2.451083332300186, "loss_total": 2.451083332300186}
{"event": "update", "optimizer_step": 21720, "tokens_seen": 711720960, "lr": 0.00029560589872791674, "grad_norm": 0.6504772305488586, "elapsed_seconds": 88336.09917180601, "tokens_per_second": 8056.966140374444, "loss_main": 2.390397161245346, "loss_total": 2.390397161245346}
{"event": "update", "optimizer_step": 21730, "tokens_seen": 712048640, "lr": 0.0002956014652462529, "grad_norm": 0.6351547837257385, "elapsed_seconds": 88371.04965409805, "tokens_per_second": 8057.487636359426, "loss_main": 2.2872990667819977, "loss_total": 2.2872990667819977}
{"event": "update", "optimizer_step": 21740, "tokens_seen": 712376320, "lr": 0.00029559702956614856, "grad_norm": 0.6420890688896179, "elapsed_seconds": 88406.031158806, "tokens_per_second": 8058.005892384654, "loss_main": 2.51045298576355, "loss_total": 2.51045298576355}
{"event": "update", "optimizer_step": 21750, "tokens_seen": 712704000, "lr": 0.00029559259168767836, "grad_norm": 0.6101807355880737, "elapsed_seconds": 88441.018608023, "tokens_per_second": 8058.523196784467, "loss_main": 2.529125064611435, "loss_total": 2.529125064611435}
{"event": "update", "optimizer_step": 21760, "tokens_seen": 713031680, "lr": 0.000295588151610917, "grad_norm": 0.6320227980613708, "elapsed_seconds": 88475.977342978, "tokens_per_second": 8059.042707558071, "loss_main": 2.3644431829452515, "loss_total": 2.3644431829452515}
{"event": "update", "optimizer_step": 21770, "tokens_seen": 713359360, "lr": 0.00029558370933593936, "grad_norm": 0.6347047090530396, "elapsed_seconds": 88510.97019227204, "tokens_per_second": 8059.558701597917, "loss_main": 2.437890112400055, "loss_total": 2.437890112400055}
{"event": "update", "optimizer_step": 21780, "tokens_seen": 713687040, "lr": 0.00029557926486281996, "grad_norm": 0.6435829997062683, "elapsed_seconds": 88545.93668001902, "tokens_per_second": 8060.07668741561, "loss_main": 2.3791635781526566, "loss_total": 2.3791635781526566}
{"event": "update", "optimizer_step": 21790, "tokens_seen": 714014720, "lr": 0.00029557481819163386, "grad_norm": 0.6643455028533936, "elapsed_seconds": 88580.91311996605, "tokens_per_second": 8060.593358673132, "loss_main": 2.3162632882595062, "loss_total": 2.3162632882595062}
{"event": "update", "optimizer_step": 21800, "tokens_seen": 714342400, "lr": 0.00029557036932245575, "grad_norm": 0.6494525671005249, "elapsed_seconds": 88615.96793386701, "tokens_per_second": 8061.102492646752, "loss_main": 2.257409304380417, "loss_total": 2.257409304380417}
{"event": "update", "optimizer_step": 21810, "tokens_seen": 714670080, "lr": 0.00029556591825536055, "grad_norm": 0.8383234739303589, "elapsed_seconds": 88650.94909392705, "tokens_per_second": 8061.61792179795, "loss_main": 2.541842669248581, "loss_total": 2.541842669248581}
{"event": "update", "optimizer_step": 21820, "tokens_seen": 714997760, "lr": 0.0002955614649904233, "grad_norm": 0.6672794818878174, "elapsed_seconds": 88685.93618651305, "tokens_per_second": 8062.132405033275, "loss_main": 2.4398439526557922, "loss_total": 2.4398439526557922}
{"event": "update", "optimizer_step": 21830, "tokens_seen": 715325440, "lr": 0.0002955570095277188, "grad_norm": 0.6223444938659668, "elapsed_seconds": 88720.91896842804, "tokens_per_second": 8062.646874234401, "loss_main": 2.3469896018505096, "loss_total": 2.3469896018505096}
{"event": "update", "optimizer_step": 21840, "tokens_seen": 715653120, "lr": 0.00029555255186732206, "grad_norm": 0.6201372146606445, "elapsed_seconds": 88755.89658695401, "tokens_per_second": 8063.16140695932, "loss_main": 2.229203835129738, "loss_total": 2.229203835129738}
{"event": "update", "optimizer_step": 21850, "tokens_seen": 715980800, "lr": 0.00029554809200930834, "grad_norm": 0.6359745860099792, "elapsed_seconds": 88790.85859184805, "tokens_per_second": 8063.676952277322, "loss_main": 2.4030788242816925, "loss_total": 2.4030788242816925}
{"event": "update", "optimizer_step": 21860, "tokens_seen": 716308480, "lr": 0.00029554362995375246, "grad_norm": 0.598460853099823, "elapsed_seconds": 88825.85445079004, "tokens_per_second": 8064.189018264254, "loss_main": 2.3196915686130524, "loss_total": 2.3196915686130524}
{"event": "update", "optimizer_step": 21870, "tokens_seen": 716636160, "lr": 0.00029553916570072966, "grad_norm": 0.5894107818603516, "elapsed_seconds": 88860.82133341802, "tokens_per_second": 8064.703310709707, "loss_main": 2.296772211790085, "loss_total": 2.296772211790085}
{"event": "update", "optimizer_step": 21880, "tokens_seen": 716963840, "lr": 0.00029553469925031495, "grad_norm": 0.6064479947090149, "elapsed_seconds": 88895.79368790204, "tokens_per_second": 8065.216702121336, "loss_main": 2.3419970870018005, "loss_total": 2.3419970870018005}
{"event": "update", "optimizer_step": 21890, "tokens_seen": 717291520, "lr": 0.0002955302306025837, "grad_norm": 0.6262913346290588, "elapsed_seconds": 88930.771097105, "tokens_per_second": 8065.729231300349, "loss_main": 2.3580474853515625, "loss_total": 2.3580474853515625}
{"event": "update", "optimizer_step": 21900, "tokens_seen": 717619200, "lr": 0.00029552575975761103, "grad_norm": 0.6494566202163696, "elapsed_seconds": 88965.76384646405, "tokens_per_second": 8066.239966628712, "loss_main": 2.2324820458889008, "loss_total": 2.2324820458889008}
{"event": "update", "optimizer_step": 21910, "tokens_seen": 717946880, "lr": 0.0002955212867154722, "grad_norm": 0.6107460260391235, "elapsed_seconds": 89000.75490060705, "tokens_per_second": 8066.750453990847, "loss_main": 2.2444475889205933, "loss_total": 2.2444475889205933}
{"event": "update", "optimizer_step": 21920, "tokens_seen": 718274560, "lr": 0.00029551681147624255, "grad_norm": 0.6203957200050354, "elapsed_seconds": 89035.692577212, "tokens_per_second": 8067.265376490561, "loss_main": 2.2779675722122192, "loss_total": 2.2779675722122192}
{"event": "update", "optimizer_step": 21930, "tokens_seen": 718602240, "lr": 0.00029551233403999743, "grad_norm": 0.6466379761695862, "elapsed_seconds": 89070.66658682801, "tokens_per_second": 8067.776604090989, "loss_main": 2.3983632028102875, "loss_total": 2.3983632028102875}
{"event": "update", "optimizer_step": 21940, "tokens_seen": 718929920, "lr": 0.0002955078544068121, "grad_norm": 0.6054434776306152, "elapsed_seconds": 89105.68056123704, "tokens_per_second": 8068.283811669248, "loss_main": 2.2734274864196777, "loss_total": 2.2734274864196777}
{"event": "update", "optimizer_step": 21950, "tokens_seen": 719257600, "lr": 0.000295503372576762, "grad_norm": 0.5849583148956299, "elapsed_seconds": 89140.68329692702, "tokens_per_second": 8068.791638091418, "loss_main": 2.300542041659355, "loss_total": 2.300542041659355}
{"event": "update", "optimizer_step": 21960, "tokens_seen": 719585280, "lr": 0.0002954988885499227, "grad_norm": 0.5986880660057068, "elapsed_seconds": 89175.64960544102, "tokens_per_second": 8069.302362066503, "loss_main": 2.293805480003357, "loss_total": 2.293805480003357}
{"event": "update", "optimizer_step": 21970, "tokens_seen": 719912960, "lr": 0.00029549440232636947, "grad_norm": 0.6681570410728455, "elapsed_seconds": 89210.63154509303, "tokens_per_second": 8069.8112717216645, "loss_main": 2.3786916732788086, "loss_total": 2.3786916732788086}
{"event": "update", "optimizer_step": 21980, "tokens_seen": 720240640, "lr": 0.0002954899139061781, "grad_norm": 0.6576567888259888, "elapsed_seconds": 89245.60040005203, "tokens_per_second": 8070.320965643703, "loss_main": 2.4322334080934525, "loss_total": 2.4322334080934525}
{"event": "update", "optimizer_step": 21990, "tokens_seen": 720568320, "lr": 0.00029548542328942376, "grad_norm": 0.6721073389053345, "elapsed_seconds": 89280.58201618702, "tokens_per_second": 8070.829106707182, "loss_main": 2.470282733440399, "loss_total": 2.470282733440399}
{"event": "update", "optimizer_step": 22000, "tokens_seen": 720896000, "lr": 0.0002954809304761824, "grad_norm": 0.6352309584617615, "elapsed_seconds": 89315.52339418401, "tokens_per_second": 8071.340486002715, "loss_main": 2.2492712140083313, "loss_total": 2.2492712140083313}
{"event": "update", "optimizer_step": 22010, "tokens_seen": 721223680, "lr": 0.0002954764354665295, "grad_norm": 0.6238014101982117, "elapsed_seconds": 89350.541048115, "tokens_per_second": 8071.844574635795, "loss_main": 2.368029922246933, "loss_total": 2.368029922246933}
{"event": "update", "optimizer_step": 22020, "tokens_seen": 721551360, "lr": 0.0002954719382605408, "grad_norm": 0.6145793795585632, "elapsed_seconds": 89385.502490488, "tokens_per_second": 8072.353344736013, "loss_main": 2.308026969432831, "loss_total": 2.308026969432831}
{"event": "update", "optimizer_step": 22030, "tokens_seen": 721879040, "lr": 0.00029546743885829193, "grad_norm": 0.6202229857444763, "elapsed_seconds": 89420.46720088803, "tokens_per_second": 8072.861421963484, "loss_main": 2.238335609436035, "loss_total": 2.238335609436035}
{"event": "update", "optimizer_step": 22040, "tokens_seen": 722206720, "lr": 0.0002954629372598585, "grad_norm": 0.6381359100341797, "elapsed_seconds": 89455.47430920001, "tokens_per_second": 8073.365275597504, "loss_main": 2.2852478623390198, "loss_total": 2.2852478623390198}
{"event": "update", "optimizer_step": 22050, "tokens_seen": 722534400, "lr": 0.00029545843346531666, "grad_norm": 0.5849344730377197, "elapsed_seconds": 89490.46770571201, "tokens_per_second": 8073.869972118628, "loss_main": 2.195352554321289, "loss_total": 2.195352554321289}
{"event": "update", "optimizer_step": 22060, "tokens_seen": 722862080, "lr": 0.00029545392747474186, "grad_norm": 0.6160882711410522, "elapsed_seconds": 89525.44536734401, "tokens_per_second": 8074.375693233655, "loss_main": 2.386480152606964, "loss_total": 2.386480152606964}
{"event": "update", "optimizer_step": 22070, "tokens_seen": 723189760, "lr": 0.0002954494192882101, "grad_norm": 0.6375225782394409, "elapsed_seconds": 89560.401945861, "tokens_per_second": 8074.882920212507, "loss_main": 2.4795550107955933, "loss_total": 2.4795550107955933}
{"event": "update", "optimizer_step": 22080, "tokens_seen": 723517440, "lr": 0.00029544490890579716, "grad_norm": 0.626179039478302, "elapsed_seconds": 89595.41135991702, "tokens_per_second": 8075.384989232668, "loss_main": 2.410353571176529, "loss_total": 2.410353571176529}
{"event": "update", "optimizer_step": 22090, "tokens_seen": 723845120, "lr": 0.00029544039632757916, "grad_norm": 0.5949674248695374, "elapsed_seconds": 89630.40880766604, "tokens_per_second": 8075.887744228273, "loss_main": 2.3112607300281525, "loss_total": 2.3112607300281525}
{"event": "update", "optimizer_step": 22100, "tokens_seen": 724172800, "lr": 0.000295435881553632, "grad_norm": 0.6134905219078064, "elapsed_seconds": 89665.39528276504, "tokens_per_second": 8076.391095096152, "loss_main": 2.3511672616004944, "loss_total": 2.3511672616004944}
{"event": "update", "optimizer_step": 22110, "tokens_seen": 724500480, "lr": 0.00029543136458403156, "grad_norm": 0.6008056402206421, "elapsed_seconds": 89700.36692226504, "tokens_per_second": 8076.895389155511, "loss_main": 2.326768472790718, "loss_total": 2.326768472790718}
{"event": "update", "optimizer_step": 22120, "tokens_seen": 724828160, "lr": 0.00029542684541885396, "grad_norm": 0.6665377616882324, "elapsed_seconds": 89735.36287433602, "tokens_per_second": 8077.397101687078, "loss_main": 2.34064581990242, "loss_total": 2.34064581990242}
{"event": "update", "optimizer_step": 22130, "tokens_seen": 725155840, "lr": 0.0002954223240581752, "grad_norm": 0.6526048183441162, "elapsed_seconds": 89770.35643608804, "tokens_per_second": 8077.898638135344, "loss_main": 2.4180657863616943, "loss_total": 2.4180657863616943}
{"event": "update", "optimizer_step": 22140, "tokens_seen": 725483520, "lr": 0.0002954178005020715, "grad_norm": 0.6537675857543945, "elapsed_seconds": 89805.35359181202, "tokens_per_second": 8078.399460432009, "loss_main": 2.273270830512047, "loss_total": 2.273270830512047}
{"event": "update", "optimizer_step": 22150, "tokens_seen": 725811200, "lr": 0.00029541327475061897, "grad_norm": 0.6020374298095703, "elapsed_seconds": 89840.36237857601, "tokens_per_second": 8078.898846617767, "loss_main": 2.388567328453064, "loss_total": 2.388567328453064}
{"event": "update", "optimizer_step": 22160, "tokens_seen": 726138880, "lr": 0.0002954087468038937, "grad_norm": 0.668588399887085, "elapsed_seconds": 89875.33460230601, "tokens_per_second": 8079.401130611966, "loss_main": 2.6554103195667267, "loss_total": 2.6554103195667267}
{"event": "update", "optimizer_step": 22170, "tokens_seen": 726466560, "lr": 0.0002954042166619721, "grad_norm": 0.6411160230636597, "elapsed_seconds": 89910.321353267, "tokens_per_second": 8079.901718353751, "loss_main": 2.3805240988731384, "loss_total": 2.3805240988731384}
{"event": "update", "optimizer_step": 22180, "tokens_seen": 726794240, "lr": 0.0002953996843249303, "grad_norm": 0.6109167337417603, "elapsed_seconds": 89945.32715827704, "tokens_per_second": 8080.400204905121, "loss_main": 2.3374106884002686, "loss_total": 2.3374106884002686}
{"event": "update", "optimizer_step": 22190, "tokens_seen": 727121920, "lr": 0.0002953951497928445, "grad_norm": 0.613994836807251, "elapsed_seconds": 89980.295798256, "tokens_per_second": 8080.90164129126, "loss_main": 2.411747068166733, "loss_total": 2.411747068166733}
{"event": "update", "optimizer_step": 22200, "tokens_seen": 727449600, "lr": 0.00029539061306579125, "grad_norm": 0.6167045831680298, "elapsed_seconds": 90015.29568610102, "tokens_per_second": 8081.399882712636, "loss_main": 2.428961366415024, "loss_total": 2.428961366415024}
{"event": "update", "optimizer_step": 22210, "tokens_seen": 727777280, "lr": 0.0002953860741438468, "grad_norm": 0.6437475085258484, "elapsed_seconds": 90050.28012935905, "tokens_per_second": 8081.8991229625635, "loss_main": 2.3321932554244995, "loss_total": 2.3321932554244995}
{"event": "update", "optimizer_step": 22220, "tokens_seen": 728104960, "lr": 0.0002953815330270876, "grad_norm": 0.6276994943618774, "elapsed_seconds": 90085.27131267905, "tokens_per_second": 8082.397370740036, "loss_main": 2.2428896576166153, "loss_total": 2.2428896576166153}
{"event": "update", "optimizer_step": 22230, "tokens_seen": 728432640, "lr": 0.00029537698971558995, "grad_norm": 0.6340352296829224, "elapsed_seconds": 90120.24623918103, "tokens_per_second": 8082.896689681967, "loss_main": 2.3413772732019424, "loss_total": 2.3413772732019424}
{"event": "update", "optimizer_step": 22240, "tokens_seen": 728760320, "lr": 0.00029537244420943043, "grad_norm": 0.608732283115387, "elapsed_seconds": 90155.20049735304, "tokens_per_second": 8083.39747435198, "loss_main": 2.40093457698822, "loss_total": 2.40093457698822}
{"event": "update", "optimizer_step": 22250, "tokens_seen": 729088000, "lr": 0.0002953678965086856, "grad_norm": 0.680247962474823, "elapsed_seconds": 90190.16160697502, "tokens_per_second": 8083.89725674485, "loss_main": 2.2670013904571533, "loss_total": 2.2670013904571533}
{"event": "update", "optimizer_step": 22260, "tokens_seen": 729415680, "lr": 0.00029536334661343195, "grad_norm": 0.6081143617630005, "elapsed_seconds": 90225.13734349603, "tokens_per_second": 8084.395341212309, "loss_main": 2.222193270921707, "loss_total": 2.222193270921707}
{"event": "update", "optimizer_step": 22270, "tokens_seen": 729743360, "lr": 0.0002953587945237462, "grad_norm": 0.6034289598464966, "elapsed_seconds": 90260.15305104002, "tokens_per_second": 8084.889459331484, "loss_main": 2.3646891117095947, "loss_total": 2.3646891117095947}
{"event": "update", "optimizer_step": 22280, "tokens_seen": 730071040, "lr": 0.0002953542402397047, "grad_norm": 0.6182830929756165, "elapsed_seconds": 90295.11782536202, "tokens_per_second": 8085.387754983783, "loss_main": 2.1764360815286636, "loss_total": 2.1764360815286636}
{"event": "update", "optimizer_step": 22290, "tokens_seen": 730398720, "lr": 0.0002953496837613844, "grad_norm": 0.6598253846168518, "elapsed_seconds": 90330.09874948603, "tokens_per_second": 8085.88421923048, "loss_main": 2.5068506002426147, "loss_total": 2.5068506002426147}
{"event": "update", "optimizer_step": 22300, "tokens_seen": 730726400, "lr": 0.0002953451250888618, "grad_norm": 0.641821563243866, "elapsed_seconds": 90365.077883307, "tokens_per_second": 8086.380459314426, "loss_main": 2.439152419567108, "loss_total": 2.439152419567108}
{"event": "update", "optimizer_step": 22310, "tokens_seen": 731054080, "lr": 0.0002953405642222137, "grad_norm": 0.6587812900543213, "elapsed_seconds": 90400.02825328201, "tokens_per_second": 8086.878888485953, "loss_main": 2.6577912867069244, "loss_total": 2.6577912867069244}
{"event": "update", "optimizer_step": 22320, "tokens_seen": 731381760, "lr": 0.00029533600116151695, "grad_norm": 0.641214907169342, "elapsed_seconds": 90434.970569044, "tokens_per_second": 8087.3776526704905, "loss_main": 2.436356633901596, "loss_total": 2.436356633901596}
{"event": "update", "optimizer_step": 22330, "tokens_seen": 731709440, "lr": 0.0002953314359068483, "grad_norm": 0.6238334774971008, "elapsed_seconds": 90469.94415144401, "tokens_per_second": 8087.873236388209, "loss_main": 2.4931780099868774, "loss_total": 2.4931780099868774}
{"event": "update", "optimizer_step": 22340, "tokens_seen": 732037120, "lr": 0.0002953268684582846, "grad_norm": 0.6133120656013489, "elapsed_seconds": 90504.90738596505, "tokens_per_second": 8088.369361875286, "loss_main": 2.296907275915146, "loss_total": 2.296907275915146}
{"event": "update", "optimizer_step": 22350, "tokens_seen": 732364800, "lr": 0.0002953222988159027, "grad_norm": 0.6230366230010986, "elapsed_seconds": 90539.916122714, "tokens_per_second": 8088.861039007188, "loss_main": 2.251809298992157, "loss_total": 2.251809298992157}
{"event": "update", "optimizer_step": 22360, "tokens_seen": 732692480, "lr": 0.00029531772697977956, "grad_norm": 0.6219290494918823, "elapsed_seconds": 90574.90246196801, "tokens_per_second": 8089.354336403003, "loss_main": 2.413473904132843, "loss_total": 2.413473904132843}
{"event": "update", "optimizer_step": 22370, "tokens_seen": 733020160, "lr": 0.00029531315294999215, "grad_norm": 0.6166863441467285, "elapsed_seconds": 90609.87149339105, "tokens_per_second": 8089.84879813526, "loss_main": 2.346157729625702, "loss_total": 2.346157729625702}
{"event": "update", "optimizer_step": 22380, "tokens_seen": 733347840, "lr": 0.0002953085767266174, "grad_norm": 0.6030742526054382, "elapsed_seconds": 90644.824497452, "tokens_per_second": 8090.344308853664, "loss_main": 2.327943503856659, "loss_total": 2.327943503856659}
{"event": "update", "optimizer_step": 22390, "tokens_seen": 733675520, "lr": 0.0002953039983097324, "grad_norm": 0.6145180463790894, "elapsed_seconds": 90679.77276044601, "tokens_per_second": 8090.839860595956, "loss_main": 2.6003237068653107, "loss_total": 2.6003237068653107}
{"event": "update", "optimizer_step": 22400, "tokens_seen": 734003200, "lr": 0.0002952994176994143, "grad_norm": 0.6375477910041809, "elapsed_seconds": 90714.702688633, "tokens_per_second": 8091.336665891694, "loss_main": 2.296381637454033, "loss_total": 2.296381637454033}
{"event": "update", "optimizer_step": 22410, "tokens_seen": 734330880, "lr": 0.0002952948348957401, "grad_norm": 0.6326860785484314, "elapsed_seconds": 90749.64512256405, "tokens_per_second": 8091.831973648297, "loss_main": 2.45253586769104, "loss_total": 2.45253586769104}
{"event": "update", "optimizer_step": 22420, "tokens_seen": 734658560, "lr": 0.0002952902498987869, "grad_norm": 0.6475858688354492, "elapsed_seconds": 90784.60478981305, "tokens_per_second": 8092.32536398546, "loss_main": 2.391686737537384, "loss_total": 2.391686737537384}
{"event": "update", "optimizer_step": 22430, "tokens_seen": 734986240, "lr": 0.00029528566270863195, "grad_norm": 0.6508525609970093, "elapsed_seconds": 90819.55690977303, "tokens_per_second": 8092.819047005377, "loss_main": 2.2393248081207275, "loss_total": 2.2393248081207275}
{"event": "update", "optimizer_step": 22440, "tokens_seen": 735313920, "lr": 0.0002952810733253524, "grad_norm": 0.6341074109077454, "elapsed_seconds": 90854.55164939002, "tokens_per_second": 8093.308553627503, "loss_main": 2.304160103201866, "loss_total": 2.304160103201866}
{"event": "update", "optimizer_step": 22450, "tokens_seen": 735641600, "lr": 0.0002952764817490257, "grad_norm": 0.6285691261291504, "elapsed_seconds": 90889.55000240105, "tokens_per_second": 8093.79736152909, "loss_main": 2.3308278024196625, "loss_total": 2.3308278024196625}
{"event": "update", "optimizer_step": 22460, "tokens_seen": 735969280, "lr": 0.00029527188797972886, "grad_norm": 0.5922262072563171, "elapsed_seconds": 90924.53150768904, "tokens_per_second": 8094.2872929486875, "loss_main": 2.2487437576055527, "loss_total": 2.2487437576055527}
{"event": "update", "optimizer_step": 22470, "tokens_seen": 736296960, "lr": 0.0002952672920175395, "grad_norm": 0.6257246732711792, "elapsed_seconds": 90959.49572393601, "tokens_per_second": 8094.7783861365815, "loss_main": 2.459709584712982, "loss_total": 2.459709584712982}
{"event": "update", "optimizer_step": 22480, "tokens_seen": 736624640, "lr": 0.0002952626938625347, "grad_norm": 0.613778293132782, "elapsed_seconds": 90994.462627434, "tokens_per_second": 8095.268862854017, "loss_main": 2.300269693136215, "loss_total": 2.300269693136215}
{"event": "update", "optimizer_step": 22490, "tokens_seen": 736952320, "lr": 0.000295258093514792, "grad_norm": 0.6408195495605469, "elapsed_seconds": 91029.42103496304, "tokens_per_second": 8095.759718354658, "loss_main": 2.3850670158863068, "loss_total": 2.3850670158863068}
{"event": "update", "optimizer_step": 22500, "tokens_seen": 737280000, "lr": 0.00029525349097438895, "grad_norm": 4.825366020202637, "elapsed_seconds": 91064.39166639402, "tokens_per_second": 8096.249110200583, "loss_main": 2.342256546020508, "loss_total": 2.342256546020508}
{"event": "update", "optimizer_step": 22510, "tokens_seen": 737607680, "lr": 0.00029524888624140276, "grad_norm": 0.6182227730751038, "elapsed_seconds": 91099.53259512805, "tokens_per_second": 8096.722990645144, "loss_main": 2.249621480703354, "loss_total": 2.249621480703354}
{"event": "update", "optimizer_step": 22520, "tokens_seen": 737935360, "lr": 0.0002952442793159112, "grad_norm": 0.904601514339447, "elapsed_seconds": 91135.07704987301, "tokens_per_second": 8097.160653039995, "loss_main": 2.4760585725307465, "loss_total": 2.4760585725307465}
{"event": "update", "optimizer_step": 22530, "tokens_seen": 738263040, "lr": 0.0002952396701979917, "grad_norm": 0.6340159177780151, "elapsed_seconds": 91170.05260246503, "tokens_per_second": 8097.648503276601, "loss_main": 2.422241523861885, "loss_total": 2.422241523861885}
{"event": "update", "optimizer_step": 22540, "tokens_seen": 738590720, "lr": 0.0002952350588877219, "grad_norm": 0.6409244537353516, "elapsed_seconds": 91205.03825219302, "tokens_per_second": 8098.135082819733, "loss_main": 2.3551062643527985, "loss_total": 2.3551062643527985}
{"event": "update", "optimizer_step": 22550, "tokens_seen": 738918400, "lr": 0.0002952304453851793, "grad_norm": 0.6156743764877319, "elapsed_seconds": 91240.00013552303, "tokens_per_second": 8098.62339875548, "loss_main": 2.519895017147064, "loss_total": 2.519895017147064}
{"event": "update", "optimizer_step": 22560, "tokens_seen": 739246080, "lr": 0.00029522582969044166, "grad_norm": 0.7208805084228516, "elapsed_seconds": 91275.00212697702, "tokens_per_second": 8099.107781685936, "loss_main": 2.2798185646533966, "loss_total": 2.2798185646533966}
{"event": "update", "optimizer_step": 22570, "tokens_seen": 739573760, "lr": 0.00029522121180358663, "grad_norm": 0.6344011425971985, "elapsed_seconds": 91309.98973307305, "tokens_per_second": 8099.593069301614, "loss_main": 2.372431516647339, "loss_total": 2.372431516647339}
{"event": "update", "optimizer_step": 22580, "tokens_seen": 739901440, "lr": 0.000295216591724692, "grad_norm": 0.6677268743515015, "elapsed_seconds": 91344.969987894, "tokens_per_second": 8100.078637039998, "loss_main": 2.1696103662252426, "loss_total": 2.1696103662252426}
{"event": "update", "optimizer_step": 22590, "tokens_seen": 740229120, "lr": 0.00029521196945383554, "grad_norm": 0.6415757536888123, "elapsed_seconds": 91379.95844214602, "tokens_per_second": 8100.563106172234, "loss_main": 2.3253352344036102, "loss_total": 2.3253352344036102}
{"event": "update", "optimizer_step": 22600, "tokens_seen": 740556800, "lr": 0.00029520734499109507, "grad_norm": 0.6295612454414368, "elapsed_seconds": 91414.94743274304, "tokens_per_second": 8101.047156919844, "loss_main": 2.2888854146003723, "loss_total": 2.2888854146003723}
{"event": "update", "optimizer_step": 22610, "tokens_seen": 740884480, "lr": 0.0002952027183365483, "grad_norm": 0.594160795211792, "elapsed_seconds": 91449.95293198904, "tokens_per_second": 8101.529374771715, "loss_main": 2.268761321902275, "loss_total": 2.268761321902275}
{"event": "update", "optimizer_step": 22620, "tokens_seen": 741212160, "lr": 0.00029519808949027325, "grad_norm": 0.6738615036010742, "elapsed_seconds": 91484.94199677801, "tokens_per_second": 8102.012679049461, "loss_main": 2.4996131658554077, "loss_total": 2.4996131658554077}
{"event": "update", "optimizer_step": 22630, "tokens_seen": 741539840, "lr": 0.0002951934584523478, "grad_norm": 0.6317232847213745, "elapsed_seconds": 91520.01711567905, "tokens_per_second": 8102.487995196853, "loss_main": 2.3482480943202972, "loss_total": 2.3482480943202972}
{"event": "update", "optimizer_step": 22640, "tokens_seen": 741867520, "lr": 0.00029518882522284985, "grad_norm": 0.6447062492370605, "elapsed_seconds": 91554.94690610503, "tokens_per_second": 8102.975809279084, "loss_main": 2.2081137895584106, "loss_total": 2.2081137895584106}
{"event": "update", "optimizer_step": 22650, "tokens_seen": 742195200, "lr": 0.0002951841898018575, "grad_norm": 0.5778041481971741, "elapsed_seconds": 91589.92778157501, "tokens_per_second": 8103.45873151028, "loss_main": 2.344413787126541, "loss_total": 2.344413787126541}
{"event": "update", "optimizer_step": 22660, "tokens_seen": 742522880, "lr": 0.0002951795521894487, "grad_norm": 0.6457868218421936, "elapsed_seconds": 91624.91056083702, "tokens_per_second": 8103.941116613482, "loss_main": 2.332664653658867, "loss_total": 2.332664653658867}
{"event": "update", "optimizer_step": 22670, "tokens_seen": 742850560, "lr": 0.00029517491238570154, "grad_norm": 0.6542454957962036, "elapsed_seconds": 91659.88464436203, "tokens_per_second": 8104.423902367332, "loss_main": 2.391184836626053, "loss_total": 2.391184836626053}
{"event": "update", "optimizer_step": 22680, "tokens_seen": 743178240, "lr": 0.0002951702703906941, "grad_norm": 0.6203640699386597, "elapsed_seconds": 91694.86454391904, "tokens_per_second": 8104.905805755788, "loss_main": 2.4468181878328323, "loss_total": 2.4468181878328323}
{"event": "update", "optimizer_step": 22690, "tokens_seen": 743505920, "lr": 0.0002951656262045046, "grad_norm": 0.6178538799285889, "elapsed_seconds": 91729.839760778, "tokens_per_second": 8105.387755380223, "loss_main": 2.682239830493927, "loss_total": 2.682239830493927}
{"event": "update", "optimizer_step": 22700, "tokens_seen": 743833600, "lr": 0.00029516097982721105, "grad_norm": 0.6221102476119995, "elapsed_seconds": 91764.82269172504, "tokens_per_second": 8105.868656215207, "loss_main": 2.2804183661937714, "loss_total": 2.2804183661937714}
{"event": "update", "optimizer_step": 22710, "tokens_seen": 744161280, "lr": 0.0002951563312588918, "grad_norm": 0.6610082983970642, "elapsed_seconds": 91799.799611205, "tokens_per_second": 8106.349721368763, "loss_main": 2.52951779961586, "loss_total": 2.52951779961586}
{"event": "update", "optimizer_step": 22720, "tokens_seen": 744488960, "lr": 0.0002951516804996252, "grad_norm": 0.6516229510307312, "elapsed_seconds": 91834.76427003002, "tokens_per_second": 8106.831502402642, "loss_main": 2.4548130482435226, "loss_total": 2.4548130482435226}
{"event": "update", "optimizer_step": 22730, "tokens_seen": 744816640, "lr": 0.0002951470275494893, "grad_norm": 0.6507244110107422, "elapsed_seconds": 91869.74630053202, "tokens_per_second": 8107.311383700717, "loss_main": 2.4344034790992737, "loss_total": 2.4344034790992737}
{"event": "update", "optimizer_step": 22740, "tokens_seen": 745144320, "lr": 0.0002951423724085625, "grad_norm": 0.64178067445755, "elapsed_seconds": 91904.72895719204, "tokens_per_second": 8107.790844441508, "loss_main": 2.4602170884609222, "loss_total": 2.4602170884609222}
{"event": "update", "optimizer_step": 22750, "tokens_seen": 745472000, "lr": 0.00029513771507692324, "grad_norm": 0.6414411664009094, "elapsed_seconds": 91939.70918353903, "tokens_per_second": 8108.270154649021, "loss_main": 2.464363545179367, "loss_total": 2.464363545179367}
{"event": "update", "optimizer_step": 22760, "tokens_seen": 745799680, "lr": 0.0002951330555546499, "grad_norm": 0.5964599847793579, "elapsed_seconds": 91974.667496685, "tokens_per_second": 8108.751032200041, "loss_main": 2.3413340151309967, "loss_total": 2.3413340151309967}
{"event": "update", "optimizer_step": 22770, "tokens_seen": 746127360, "lr": 0.0002951283938418208, "grad_norm": 0.5882154703140259, "elapsed_seconds": 92009.63550561102, "tokens_per_second": 8109.230689806384, "loss_main": 2.19076731801033, "loss_total": 2.19076731801033}
{"event": "update", "optimizer_step": 22780, "tokens_seen": 746455040, "lr": 0.0002951237299385146, "grad_norm": 0.6636272668838501, "elapsed_seconds": 92044.59214989404, "tokens_per_second": 8109.710984262961, "loss_main": 2.336473286151886, "loss_total": 2.336473286151886}
{"event": "update", "optimizer_step": 22790, "tokens_seen": 746782720, "lr": 0.0002951190638448096, "grad_norm": 0.6228740215301514, "elapsed_seconds": 92079.57601458201, "tokens_per_second": 8110.188516525502, "loss_main": 2.4584225714206696, "loss_total": 2.4584225714206696}
{"event": "update", "optimizer_step": 22800, "tokens_seen": 747110400, "lr": 0.0002951143955607845, "grad_norm": 0.63538658618927, "elapsed_seconds": 92114.54946568102, "tokens_per_second": 8110.666602981648, "loss_main": 2.564107894897461, "loss_total": 2.564107894897461}
{"event": "update", "optimizer_step": 22810, "tokens_seen": 747438080, "lr": 0.00029510972508651784, "grad_norm": 0.6602448225021362, "elapsed_seconds": 92149.511094657, "tokens_per_second": 8111.145367143872, "loss_main": 2.2356874644756317, "loss_total": 2.2356874644756317}
{"event": "update", "optimizer_step": 22820, "tokens_seen": 747765760, "lr": 0.0002951050524220882, "grad_norm": 0.6111621260643005, "elapsed_seconds": 92184.46499322302, "tokens_per_second": 8111.624448381539, "loss_main": 2.4321095645427704, "loss_total": 2.4321095645427704}
{"event": "update", "optimizer_step": 22830, "tokens_seen": 748093440, "lr": 0.0002951003775675743, "grad_norm": 0.6505430936813354, "elapsed_seconds": 92219.40386649303, "tokens_per_second": 8112.1044881511325, "loss_main": 2.355406701564789, "loss_total": 2.355406701564789}
{"event": "update", "optimizer_step": 22840, "tokens_seen": 748421120, "lr": 0.0002950957005230547, "grad_norm": 0.6168218851089478, "elapsed_seconds": 92254.31841365102, "tokens_per_second": 8112.586303485766, "loss_main": 2.234900876879692, "loss_total": 2.234900876879692}
{"event": "update", "optimizer_step": 22850, "tokens_seen": 748748800, "lr": 0.0002950910212886083, "grad_norm": 0.6328690648078918, "elapsed_seconds": 92289.239397183, "tokens_per_second": 8113.067188446831, "loss_main": 2.3870584964752197, "loss_total": 2.3870584964752197}
{"event": "update", "optimizer_step": 22860, "tokens_seen": 749076480, "lr": 0.00029508633986431384, "grad_norm": 0.6249790787696838, "elapsed_seconds": 92324.16797478602, "tokens_per_second": 8113.547042249813, "loss_main": 2.5001003444194794, "loss_total": 2.5001003444194794}
{"event": "update", "optimizer_step": 22870, "tokens_seen": 749404160, "lr": 0.0002950816562502501, "grad_norm": 0.6257489323616028, "elapsed_seconds": 92359.121146916, "tokens_per_second": 8114.02437240519, "loss_main": 2.318473368883133, "loss_total": 2.318473368883133}
{"event": "update", "optimizer_step": 22880, "tokens_seen": 749731840, "lr": 0.00029507697044649575, "grad_norm": 0.6530457139015198, "elapsed_seconds": 92394.10539260705, "tokens_per_second": 8114.498612375656, "loss_main": 2.307347357273102, "loss_total": 2.307347357273102}
{"event": "update", "optimizer_step": 22890, "tokens_seen": 750059520, "lr": 0.00029507228245312996, "grad_norm": 0.6258342862129211, "elapsed_seconds": 92429.08025615802, "tokens_per_second": 8114.973317069525, "loss_main": 2.4244019091129303, "loss_total": 2.4244019091129303}
{"event": "update", "optimizer_step": 22900, "tokens_seen": 750387200, "lr": 0.00029506759227023143, "grad_norm": 0.635901689529419, "elapsed_seconds": 92464.03698879102, "tokens_per_second": 8115.449253972827, "loss_main": 2.5325452089309692, "loss_total": 2.5325452089309692}
{"event": "update", "optimizer_step": 22910, "tokens_seen": 750714880, "lr": 0.0002950628998978792, "grad_norm": 0.6076043844223022, "elapsed_seconds": 92499.08071501704, "tokens_per_second": 8115.917198278955, "loss_main": 2.281873881816864, "loss_total": 2.281873881816864}
{"event": "update", "optimizer_step": 22920, "tokens_seen": 751042560, "lr": 0.0002950582053361522, "grad_norm": 0.6359896659851074, "elapsed_seconds": 92534.047944232, "tokens_per_second": 8116.39149789097, "loss_main": 2.3711700439453125, "loss_total": 2.3711700439453125}
{"event": "update", "optimizer_step": 22930, "tokens_seen": 751370240, "lr": 0.0002950535085851295, "grad_norm": 0.6594328880310059, "elapsed_seconds": 92569.03785144305, "tokens_per_second": 8116.863450669289, "loss_main": 2.355253756046295, "loss_total": 2.355253756046295}
{"event": "update", "optimizer_step": 22940, "tokens_seen": 751697920, "lr": 0.0002950488096448902, "grad_norm": 0.677786111831665, "elapsed_seconds": 92604.02351986704, "tokens_per_second": 8117.335418355041, "loss_main": 2.0843280255794525, "loss_total": 2.0843280255794525}
{"event": "update", "optimizer_step": 22950, "tokens_seen": 752025600, "lr": 0.00029504410851551336, "grad_norm": 0.6091509461402893, "elapsed_seconds": 92639.011665545, "tokens_per_second": 8117.806812480266, "loss_main": 2.3319409787654877, "loss_total": 2.3319409787654877}
{"event": "update", "optimizer_step": 22960, "tokens_seen": 752353280, "lr": 0.000295039405197078, "grad_norm": 0.6329586505889893, "elapsed_seconds": 92673.99265913502, "tokens_per_second": 8118.278477190865, "loss_main": 2.462165504693985, "loss_total": 2.462165504693985}
{"event": "update", "optimizer_step": 22970, "tokens_seen": 752680960, "lr": 0.00029503469968966353, "grad_norm": 0.6151346564292908, "elapsed_seconds": 92708.96380057005, "tokens_per_second": 8118.750648741173, "loss_main": 2.2063380777835846, "loss_total": 2.2063380777835846}
{"event": "update", "optimizer_step": 22980, "tokens_seen": 753008640, "lr": 0.00029502999199334905, "grad_norm": 0.6763073801994324, "elapsed_seconds": 92743.92886996904, "tokens_per_second": 8119.222995779599, "loss_main": 2.1485841423273087, "loss_total": 2.1485841423273087}
{"event": "update", "optimizer_step": 22990, "tokens_seen": 753336320, "lr": 0.0002950252821082136, "grad_norm": 0.6575424671173096, "elapsed_seconds": 92778.91283043101, "tokens_per_second": 8119.693333514784, "loss_main": 2.4246915876865387, "loss_total": 2.4246915876865387}
{"event": "update", "optimizer_step": 23000, "tokens_seen": 753664000, "lr": 0.0002950205700343368, "grad_norm": 0.6202698945999146, "elapsed_seconds": 92813.89156360505, "tokens_per_second": 8120.163774013468, "loss_main": 2.237697809934616, "loss_total": 2.237697809934616}
{"event": "update", "optimizer_step": 23010, "tokens_seen": 753991680, "lr": 0.00029501585577179786, "grad_norm": 0.6462162733078003, "elapsed_seconds": 92848.85279884702, "tokens_per_second": 8120.635390439234, "loss_main": 2.164888173341751, "loss_total": 2.164888173341751}
{"event": "update", "optimizer_step": 23020, "tokens_seen": 754319360, "lr": 0.00029501113932067595, "grad_norm": 0.6577240228652954, "elapsed_seconds": 92883.82223651104, "tokens_per_second": 8121.105934672551, "loss_main": 2.3047564029693604, "loss_total": 2.3047564029693604}
{"event": "update", "optimizer_step": 23030, "tokens_seen": 754647040, "lr": 0.00029500642068105065, "grad_norm": 0.6412239670753479, "elapsed_seconds": 92918.80495077703, "tokens_per_second": 8121.574964290253, "loss_main": 2.154021203517914, "loss_total": 2.154021203517914}
{"event": "update", "optimizer_step": 23040, "tokens_seen": 754974720, "lr": 0.0002950016998530013, "grad_norm": 0.6465699076652527, "elapsed_seconds": 92953.80834330502, "tokens_per_second": 8122.041834065177, "loss_main": 2.4568666517734528, "loss_total": 2.4568666517734528}
{"event": "update", "optimizer_step": 23050, "tokens_seen": 755302400, "lr": 0.00029499697683660754, "grad_norm": 0.6402994394302368, "elapsed_seconds": 92988.824711608, "tokens_per_second": 8122.507218931588, "loss_main": 2.1479440480470657, "loss_total": 2.1479440480470657}
{"event": "update", "optimizer_step": 23060, "tokens_seen": 755630080, "lr": 0.0002949922516319487, "grad_norm": 0.7335742115974426, "elapsed_seconds": 93023.81229478103, "tokens_per_second": 8122.974766993005, "loss_main": 2.3864622712135315, "loss_total": 2.3864622712135315}
{"event": "update", "optimizer_step": 23070, "tokens_seen": 755957760, "lr": 0.0002949875242391042, "grad_norm": 0.6081455945968628, "elapsed_seconds": 93058.81025299901, "tokens_per_second": 8123.441057808255, "loss_main": 2.392289236187935, "loss_total": 2.392289236187935}
{"event": "update", "optimizer_step": 23080, "tokens_seen": 756285440, "lr": 0.000294982794658154, "grad_norm": 0.6453680396080017, "elapsed_seconds": 93093.83342391602, "tokens_per_second": 8123.904797819922, "loss_main": 2.428945004940033, "loss_total": 2.428945004940033}
{"event": "update", "optimizer_step": 23090, "tokens_seen": 756613120, "lr": 0.00029497806288917737, "grad_norm": 0.651400625705719, "elapsed_seconds": 93128.80159206805, "tokens_per_second": 8124.372987362077, "loss_main": 2.36091086268425, "loss_total": 2.36091086268425}
{"event": "update", "optimizer_step": 23100, "tokens_seen": 756940800, "lr": 0.00029497332893225407, "grad_norm": 0.6661949753761292, "elapsed_seconds": 93163.776708989, "tokens_per_second": 8124.840219438698, "loss_main": 2.6395121216773987, "loss_total": 2.6395121216773987}
{"event": "update", "optimizer_step": 23110, "tokens_seen": 757268480, "lr": 0.0002949685927874639, "grad_norm": 0.6723824143409729, "elapsed_seconds": 93198.76392115705, "tokens_per_second": 8125.30604634009, "loss_main": 2.3290372788906097, "loss_total": 2.3290372788906097}
{"event": "update", "optimizer_step": 23120, "tokens_seen": 757596160, "lr": 0.0002949638544548865, "grad_norm": 0.6283028721809387, "elapsed_seconds": 93233.73882037203, "tokens_per_second": 8125.772596759377, "loss_main": 2.3459622263908386, "loss_total": 2.3459622263908386}
{"event": "update", "optimizer_step": 23130, "tokens_seen": 757923840, "lr": 0.0002949591139346016, "grad_norm": 0.6254688501358032, "elapsed_seconds": 93268.68976963201, "tokens_per_second": 8126.240883966804, "loss_main": 2.0926520824432373, "loss_total": 2.0926520824432373}
{"event": "update", "optimizer_step": 23140, "tokens_seen": 758251520, "lr": 0.00029495437122668887, "grad_norm": 0.6166168451309204, "elapsed_seconds": 93303.64830619504, "tokens_per_second": 8126.708159488493, "loss_main": 2.371372237801552, "loss_total": 2.371372237801552}
{"event": "update", "optimizer_step": 23150, "tokens_seen": 758579200, "lr": 0.0002949496263312284, "grad_norm": 0.6155667304992676, "elapsed_seconds": 93338.611247105, "tokens_per_second": 8127.17470149341, "loss_main": 2.3653727620840073, "loss_total": 2.3653727620840073}
{"event": "update", "optimizer_step": 23160, "tokens_seen": 758906880, "lr": 0.00029494487924830004, "grad_norm": 0.6687642335891724, "elapsed_seconds": 93373.58890226902, "tokens_per_second": 8127.639613320659, "loss_main": 2.525410979986191, "loss_total": 2.525410979986191}
{"event": "update", "optimizer_step": 23170, "tokens_seen": 759234560, "lr": 0.0002949401299779835, "grad_norm": 0.641373336315155, "elapsed_seconds": 93408.55316823104, "tokens_per_second": 8128.105342051497, "loss_main": 2.3400585651397705, "loss_total": 2.3400585651397705}
{"event": "update", "optimizer_step": 23180, "tokens_seen": 759562240, "lr": 0.0002949353785203588, "grad_norm": 0.6303880214691162, "elapsed_seconds": 93443.5648553, "tokens_per_second": 8128.566597134896, "loss_main": 2.3871894478797913, "loss_total": 2.3871894478797913}
{"event": "update", "optimizer_step": 23190, "tokens_seen": 759889920, "lr": 0.00029493062487550605, "grad_norm": 0.6261889338493347, "elapsed_seconds": 93478.627362439, "tokens_per_second": 8129.023087317329, "loss_main": 2.384027734398842, "loss_total": 2.384027734398842}
{"event": "update", "optimizer_step": 23200, "tokens_seen": 760217600, "lr": 0.00029492586904350526, "grad_norm": 0.6039972305297852, "elapsed_seconds": 93513.57296591805, "tokens_per_second": 8129.489398047798, "loss_main": 2.2782354950904846, "loss_total": 2.2782354950904846}
{"event": "update", "optimizer_step": 23210, "tokens_seen": 760545280, "lr": 0.00029492111102443624, "grad_norm": 0.676954448223114, "elapsed_seconds": 93548.565352284, "tokens_per_second": 8129.951294666554, "loss_main": 2.6407977640628815, "loss_total": 2.6407977640628815}
{"event": "update", "optimizer_step": 23220, "tokens_seen": 760872960, "lr": 0.00029491635081837933, "grad_norm": 0.6519246697425842, "elapsed_seconds": 93583.54086174304, "tokens_per_second": 8130.414312107365, "loss_main": 2.299901008605957, "loss_total": 2.299901008605957}
{"event": "update", "optimizer_step": 23230, "tokens_seen": 761200640, "lr": 0.00029491158842541454, "grad_norm": 0.7029860019683838, "elapsed_seconds": 93618.49376892002, "tokens_per_second": 8130.878946620134, "loss_main": 2.377779796719551, "loss_total": 2.377779796719551}
{"event": "update", "optimizer_step": 23240, "tokens_seen": 761528320, "lr": 0.0002949068238456221, "grad_norm": 0.7113922834396362, "elapsed_seconds": 93653.47608224, "tokens_per_second": 8131.340681164665, "loss_main": 2.330414891242981, "loss_total": 2.330414891242981}
{"event": "update", "optimizer_step": 23250, "tokens_seen": 761856000, "lr": 0.00029490205707908223, "grad_norm": 0.6575393080711365, "elapsed_seconds": 93688.44092299603, "tokens_per_second": 8131.803587447689, "loss_main": 2.40065735578537, "loss_total": 2.40065735578537}
{"event": "update", "optimizer_step": 23260, "tokens_seen": 762183680, "lr": 0.00029489728812587507, "grad_norm": 0.6337053179740906, "elapsed_seconds": 93723.40337749501, "tokens_per_second": 8132.266355395888, "loss_main": 2.3902516067028046, "loss_total": 2.3902516067028046}
{"event": "update", "optimizer_step": 23270, "tokens_seen": 762511360, "lr": 0.00029489251698608095, "grad_norm": 0.6293331384658813, "elapsed_seconds": 93758.385984394, "tokens_per_second": 8132.727030165806, "loss_main": 2.3484631776809692, "loss_total": 2.3484631776809692}
{"event": "update", "optimizer_step": 23280, "tokens_seen": 762839040, "lr": 0.0002948877436597802, "grad_norm": 0.6108344793319702, "elapsed_seconds": 93793.38192507502, "tokens_per_second": 8133.186205071257, "loss_main": 2.328200936317444, "loss_total": 2.328200936317444}
{"event": "update", "optimizer_step": 23290, "tokens_seen": 763166720, "lr": 0.0002948829681470532, "grad_norm": 0.6544982194900513, "elapsed_seconds": 93828.37800074503, "tokens_per_second": 8133.645025750528, "loss_main": 2.2612462639808655, "loss_total": 2.2612462639808655}
{"event": "update", "optimizer_step": 23300, "tokens_seen": 763494400, "lr": 0.00029487819044798024, "grad_norm": 0.6300398707389832, "elapsed_seconds": 93863.35978879704, "tokens_per_second": 8134.104742446329, "loss_main": 2.283129170536995, "loss_total": 2.283129170536995}
{"event": "update", "optimizer_step": 23310, "tokens_seen": 763822080, "lr": 0.0002948734105626418, "grad_norm": 0.6931727528572083, "elapsed_seconds": 93898.31240323104, "tokens_per_second": 8134.566643965763, "loss_main": 2.3849552273750305, "loss_total": 2.3849552273750305}
{"event": "update", "optimizer_step": 23320, "tokens_seen": 764149760, "lr": 0.0002948686284911183, "grad_norm": 0.6637217402458191, "elapsed_seconds": 93933.29275673802, "tokens_per_second": 8135.025799414298, "loss_main": 2.4425677061080933, "loss_total": 2.4425677061080933}
{"event": "update", "optimizer_step": 23330, "tokens_seen": 764477440, "lr": 0.00029486384423349043, "grad_norm": 0.6359290480613708, "elapsed_seconds": 93968.247361966, "tokens_per_second": 8135.4868422226755, "loss_main": 2.3645952343940735, "loss_total": 2.3645952343940735}
{"event": "update", "optimizer_step": 23340, "tokens_seen": 764805120, "lr": 0.0002948590577898384, "grad_norm": 0.6303580403327942, "elapsed_seconds": 94003.21402708103, "tokens_per_second": 8135.946498378983, "loss_main": 2.485702872276306, "loss_total": 2.485702872276306}
{"event": "update", "optimizer_step": 23350, "tokens_seen": 765132800, "lr": 0.000294854269160243, "grad_norm": 0.6423102617263794, "elapsed_seconds": 94038.17372544901, "tokens_per_second": 8136.406415482487, "loss_main": 2.447380691766739, "loss_total": 2.447380691766739}
{"event": "update", "optimizer_step": 23360, "tokens_seen": 765460480, "lr": 0.0002948494783447848, "grad_norm": 0.6501047015190125, "elapsed_seconds": 94073.11395278905, "tokens_per_second": 8136.867674903897, "loss_main": 2.2785763144493103, "loss_total": 2.2785763144493103}
{"event": "update", "optimizer_step": 23370, "tokens_seen": 765788160, "lr": 0.00029484468534354455, "grad_norm": 0.6113460063934326, "elapsed_seconds": 94108.05152865004, "tokens_per_second": 8137.328821082489, "loss_main": 2.515964776277542, "loss_total": 2.515964776277542}
{"event": "update", "optimizer_step": 23380, "tokens_seen": 766115840, "lr": 0.0002948398901566027, "grad_norm": 0.6371857523918152, "elapsed_seconds": 94143.02059526602, "tokens_per_second": 8137.78690290424, "loss_main": 2.3815003037452698, "loss_total": 2.3815003037452698}
{"event": "update", "optimizer_step": 23390, "tokens_seen": 766443520, "lr": 0.0002948350927840401, "grad_norm": 0.6676947474479675, "elapsed_seconds": 94177.99312325503, "tokens_per_second": 8138.244345437691, "loss_main": 2.5941002368927, "loss_total": 2.5941002368927}
{"event": "update", "optimizer_step": 23400, "tokens_seen": 766771200, "lr": 0.0002948302932259375, "grad_norm": 0.6254464983940125, "elapsed_seconds": 94212.96085606603, "tokens_per_second": 8138.701862596546, "loss_main": 2.283951610326767, "loss_total": 2.283951610326767}
{"event": "update", "optimizer_step": 23410, "tokens_seen": 767098880, "lr": 0.0002948254914823757, "grad_norm": 0.6045057773590088, "elapsed_seconds": 94247.93085845804, "tokens_per_second": 8139.15884426187, "loss_main": 2.4093021601438522, "loss_total": 2.4093021601438522}
{"event": "update", "optimizer_step": 23420, "tokens_seen": 767426560, "lr": 0.0002948206875534355, "grad_norm": 0.6433099508285522, "elapsed_seconds": 94282.91446020402, "tokens_per_second": 8139.614312876634, "loss_main": 2.564965307712555, "loss_total": 2.564965307712555}
{"event": "update", "optimizer_step": 23430, "tokens_seen": 767754240, "lr": 0.0002948158814391977, "grad_norm": 0.6296238899230957, "elapsed_seconds": 94317.88065204205, "tokens_per_second": 8140.070946169819, "loss_main": 2.4661216139793396, "loss_total": 2.4661216139793396}
{"event": "update", "optimizer_step": 23440, "tokens_seen": 768081920, "lr": 0.00029481107313974336, "grad_norm": 0.628328800201416, "elapsed_seconds": 94352.82801800605, "tokens_per_second": 8140.528865265397, "loss_main": 2.2526697516441345, "loss_total": 2.2526697516441345}
{"event": "update", "optimizer_step": 23450, "tokens_seen": 768409600, "lr": 0.0002948062626551534, "grad_norm": 0.613506019115448, "elapsed_seconds": 94387.80426176003, "tokens_per_second": 8140.983954547939, "loss_main": 2.2373485416173935, "loss_total": 2.2373485416173935}
{"event": "update", "optimizer_step": 23460, "tokens_seen": 768737280, "lr": 0.0002948014499855086, "grad_norm": 0.6583847403526306, "elapsed_seconds": 94422.86632028705, "tokens_per_second": 8141.431307458989, "loss_main": 2.262885808944702, "loss_total": 2.262885808944702}
{"event": "update", "optimizer_step": 23470, "tokens_seen": 769064960, "lr": 0.0002947966351308902, "grad_norm": 0.6764233112335205, "elapsed_seconds": 94457.93033768504, "tokens_per_second": 8141.878159415621, "loss_main": 2.4553216695785522, "loss_total": 2.4553216695785522}
{"event": "update", "optimizer_step": 23480, "tokens_seen": 769392640, "lr": 0.0002947918180913791, "grad_norm": 0.6336952447891235, "elapsed_seconds": 94492.90322568605, "tokens_per_second": 8142.332532236724, "loss_main": 2.4200403839349747, "loss_total": 2.4200403839349747}
{"event": "update", "optimizer_step": 23490, "tokens_seen": 769720320, "lr": 0.00029478699886705646, "grad_norm": 0.6148068904876709, "elapsed_seconds": 94527.86715775105, "tokens_per_second": 8142.78734032438, "loss_main": 2.3650866001844406, "loss_total": 2.3650866001844406}
{"event": "update", "optimizer_step": 23500, "tokens_seen": 770048000, "lr": 0.0002947821774580034, "grad_norm": 0.6631479263305664, "elapsed_seconds": 94562.84170633001, "tokens_per_second": 8143.240897851034, "loss_main": 2.315465658903122, "loss_total": 2.315465658903122}
{"event": "update", "optimizer_step": 23510, "tokens_seen": 770375680, "lr": 0.0002947773538643011, "grad_norm": 0.6076868176460266, "elapsed_seconds": 94597.80712631001, "tokens_per_second": 8143.69490585939, "loss_main": 2.336810529232025, "loss_total": 2.336810529232025}
{"event": "update", "optimizer_step": 23520, "tokens_seen": 770703360, "lr": 0.00029477252808603064, "grad_norm": 0.6670160293579102, "elapsed_seconds": 94632.79129925603, "tokens_per_second": 8144.146964478887, "loss_main": 2.5030727088451385, "loss_total": 2.5030727088451385}
{"event": "update", "optimizer_step": 23530, "tokens_seen": 771031040, "lr": 0.0002947677001232734, "grad_norm": 0.6290766000747681, "elapsed_seconds": 94667.778854203, "tokens_per_second": 8144.598398019436, "loss_main": 2.2708367854356766, "loss_total": 2.2708367854356766}
{"event": "update", "optimizer_step": 23540, "tokens_seen": 771358720, "lr": 0.00029476286997611053, "grad_norm": 0.6106389164924622, "elapsed_seconds": 94703.03216944, "tokens_per_second": 8145.0266409623155, "loss_main": 2.2608792185783386, "loss_total": 2.2608792185783386}
{"event": "update", "optimizer_step": 23550, "tokens_seen": 771686400, "lr": 0.0002947580376446234, "grad_norm": 0.594022274017334, "elapsed_seconds": 94738.534847142, "tokens_per_second": 8145.433125444621, "loss_main": 2.212785989046097, "loss_total": 2.212785989046097}
{"event": "update", "optimizer_step": 23560, "tokens_seen": 772014080, "lr": 0.0002947532031288934, "grad_norm": 0.6068732142448425, "elapsed_seconds": 94773.51048080804, "tokens_per_second": 8145.884605132734, "loss_main": 2.1821473091840744, "loss_total": 2.1821473091840744}
{"event": "update", "optimizer_step": 23570, "tokens_seen": 772341760, "lr": 0.0002947483664290018, "grad_norm": 0.6598706245422363, "elapsed_seconds": 94808.50124827801, "tokens_per_second": 8146.334451353094, "loss_main": 2.4185324907302856, "loss_total": 2.4185324907302856}
{"event": "update", "optimizer_step": 23580, "tokens_seen": 772669440, "lr": 0.0002947435275450301, "grad_norm": 0.6715621948242188, "elapsed_seconds": 94843.50674765802, "tokens_per_second": 8146.782700219798, "loss_main": 2.4508113861083984, "loss_total": 2.4508113861083984}
{"event": "update", "optimizer_step": 23590, "tokens_seen": 772997120, "lr": 0.00029473868647705967, "grad_norm": 0.5879836678504944, "elapsed_seconds": 94878.486482515, "tokens_per_second": 8147.232830726641, "loss_main": 2.1527958512306213, "loss_total": 2.1527958512306213}
{"event": "update", "optimizer_step": 23600, "tokens_seen": 773324800, "lr": 0.0002947338432251721, "grad_norm": 0.6319513916969299, "elapsed_seconds": 94913.45995860704, "tokens_per_second": 8147.683166721103, "loss_main": 2.3258363604545593, "loss_total": 2.3258363604545593}
{"event": "update", "optimizer_step": 23610, "tokens_seen": 773652480, "lr": 0.0002947289977894489, "grad_norm": 0.6269864439964294, "elapsed_seconds": 94948.399835338, "tokens_per_second": 8148.136054337812, "loss_main": 2.362845540046692, "loss_total": 2.362845540046692}
{"event": "update", "optimizer_step": 23620, "tokens_seen": 773980160, "lr": 0.0002947241501699716, "grad_norm": 0.6369986534118652, "elapsed_seconds": 94983.36216301005, "tokens_per_second": 8148.5866827044765, "loss_main": 2.2729727774858475, "loss_total": 2.2729727774858475}
{"event": "update", "optimizer_step": 23630, "tokens_seen": 774307840, "lr": 0.00029471930036682184, "grad_norm": 0.6504787802696228, "elapsed_seconds": 95018.34293430002, "tokens_per_second": 8149.035397674652, "loss_main": 2.496298134326935, "loss_total": 2.496298134326935}
{"event": "update", "optimizer_step": 23640, "tokens_seen": 774635520, "lr": 0.0002947144483800812, "grad_norm": 0.6275004148483276, "elapsed_seconds": 95053.33710465801, "tokens_per_second": 8149.482633598559, "loss_main": 2.4962139427661896, "loss_total": 2.4962139427661896}
{"event": "update", "optimizer_step": 23650, "tokens_seen": 774963200, "lr": 0.0002947095942098313, "grad_norm": 1.0994372367858887, "elapsed_seconds": 95088.34858676104, "tokens_per_second": 8149.9280565684, "loss_main": 2.212109386920929, "loss_total": 2.212109386920929}
{"event": "update", "optimizer_step": 23660, "tokens_seen": 775290880, "lr": 0.000294704737856154, "grad_norm": 0.6559035181999207, "elapsed_seconds": 95123.33103797404, "tokens_per_second": 8150.375639079515, "loss_main": 2.3436800688505173, "loss_total": 2.3436800688505173}
{"event": "update", "optimizer_step": 23670, "tokens_seen": 775618560, "lr": 0.000294699879319131, "grad_norm": 0.6450136303901672, "elapsed_seconds": 95158.31831130903, "tokens_per_second": 8150.822479466013, "loss_main": 2.3879737854003906, "loss_total": 2.3879737854003906}
{"event": "update", "optimizer_step": 23680, "tokens_seen": 775946240, "lr": 0.000294695018598844, "grad_norm": 0.6051480174064636, "elapsed_seconds": 95193.32263706205, "tokens_per_second": 8151.267531215443, "loss_main": 2.3471211194992065, "loss_total": 2.3471211194992065}
{"event": "update", "optimizer_step": 23690, "tokens_seen": 776273920, "lr": 0.000294690155695375, "grad_norm": 1.04156494140625, "elapsed_seconds": 95228.29887291405, "tokens_per_second": 8151.714660323487, "loss_main": 2.384859651327133, "loss_total": 2.384859651327133}
{"event": "update", "optimizer_step": 23700, "tokens_seen": 776601600, "lr": 0.0002946852906088056, "grad_norm": 0.6869487762451172, "elapsed_seconds": 95263.285741536, "tokens_per_second": 8152.160551201645, "loss_main": 2.492975041270256, "loss_total": 2.492975041270256}
{"event": "update", "optimizer_step": 23710, "tokens_seen": 776929280, "lr": 0.00029468042333921803, "grad_norm": 0.6547888517379761, "elapsed_seconds": 95298.27602430701, "tokens_per_second": 8152.60582260517, "loss_main": 2.4975653290748596, "loss_total": 2.4975653290748596}
{"event": "update", "optimizer_step": 23720, "tokens_seen": 777256960, "lr": 0.0002946755538866939, "grad_norm": 0.6595685482025146, "elapsed_seconds": 95333.264872837, "tokens_per_second": 8153.050889810251, "loss_main": 2.22626993060112, "loss_total": 2.22626993060112}
{"event": "update", "optimizer_step": 23730, "tokens_seen": 777584640, "lr": 0.00029467068225131525, "grad_norm": 0.6312775015830994, "elapsed_seconds": 95368.22106101003, "tokens_per_second": 8153.498422735125, "loss_main": 2.2143176794052124, "loss_total": 2.2143176794052124}
{"event": "update", "optimizer_step": 23740, "tokens_seen": 777912320, "lr": 0.0002946658084331642, "grad_norm": 0.636476993560791, "elapsed_seconds": 95403.27573877102, "tokens_per_second": 8153.937209976361, "loss_main": 2.4155499935150146, "loss_total": 2.4155499935150146}
{"event": "update", "optimizer_step": 23750, "tokens_seen": 778240000, "lr": 0.00029466093243232284, "grad_norm": 0.6502853035926819, "elapsed_seconds": 95438.25861343805, "tokens_per_second": 8154.381809837642, "loss_main": 2.353504002094269, "loss_total": 2.353504002094269}
{"event": "update", "optimizer_step": 23760, "tokens_seen": 778567680, "lr": 0.0002946560542488731, "grad_norm": 0.6072506904602051, "elapsed_seconds": 95473.25995339704, "tokens_per_second": 8154.824506673795, "loss_main": 2.3308151066303253, "loss_total": 2.3308151066303253}
{"event": "update", "optimizer_step": 23770, "tokens_seen": 778895360, "lr": 0.00029465117388289706, "grad_norm": 0.6572456359863281, "elapsed_seconds": 95508.27959297405, "tokens_per_second": 8155.265316466851, "loss_main": 2.499156415462494, "loss_total": 2.499156415462494}
{"event": "update", "optimizer_step": 23780, "tokens_seen": 779223040, "lr": 0.000294646291334477, "grad_norm": 0.6390788555145264, "elapsed_seconds": 95543.26271211903, "tokens_per_second": 8155.708920553335, "loss_main": 2.3720194697380066, "loss_total": 2.3720194697380066}
{"event": "update", "optimizer_step": 23790, "tokens_seen": 779550720, "lr": 0.00029464140660369516, "grad_norm": 0.6487247347831726, "elapsed_seconds": 95578.26619590202, "tokens_per_second": 8156.150462095574, "loss_main": 2.4513873159885406, "loss_total": 2.4513873159885406}
{"event": "update", "optimizer_step": 23800, "tokens_seen": 779878400, "lr": 0.00029463651969063355, "grad_norm": 0.6064600348472595, "elapsed_seconds": 95613.24624361005, "tokens_per_second": 8156.593679634847, "loss_main": 2.3805655241012573, "loss_total": 2.3805655241012573}
{"event": "update", "optimizer_step": 23810, "tokens_seen": 780206080, "lr": 0.0002946316305953746, "grad_norm": 0.603385865688324, "elapsed_seconds": 95648.23511982505, "tokens_per_second": 8157.035820081602, "loss_main": 2.367422252893448, "loss_total": 2.367422252893448}
{"event": "update", "optimizer_step": 23820, "tokens_seen": 780533760, "lr": 0.00029462673931800046, "grad_norm": 0.7576718926429749, "elapsed_seconds": 95683.21834461502, "tokens_per_second": 8157.478118982271, "loss_main": 2.4266723692417145, "loss_total": 2.4266723692417145}
{"event": "update", "optimizer_step": 23830, "tokens_seen": 780861440, "lr": 0.0002946218458585937, "grad_norm": 0.6398071646690369, "elapsed_seconds": 95718.20077081805, "tokens_per_second": 8157.920162641252, "loss_main": 2.2968426644802094, "loss_total": 2.2968426644802094}
{"event": "update", "optimizer_step": 23840, "tokens_seen": 781189120, "lr": 0.00029461695021723653, "grad_norm": 0.6607546806335449, "elapsed_seconds": 95753.224419765, "tokens_per_second": 8158.358371049801, "loss_main": 2.409325137734413, "loss_total": 2.409325137734413}
{"event": "update", "optimizer_step": 23850, "tokens_seen": 781516800, "lr": 0.0002946120523940113, "grad_norm": 0.6712638139724731, "elapsed_seconds": 95788.20801049704, "tokens_per_second": 8158.7996709820145, "loss_main": 2.3249213695526123, "loss_total": 2.3249213695526123}
{"event": "update", "optimizer_step": 23860, "tokens_seen": 781844480, "lr": 0.0002946071523890006, "grad_norm": 0.6553792357444763, "elapsed_seconds": 95823.19148324302, "tokens_per_second": 8159.240658736818, "loss_main": 2.4127528071403503, "loss_total": 2.4127528071403503}
{"event": "update", "optimizer_step": 23870, "tokens_seen": 782172160, "lr": 0.0002946022502022869, "grad_norm": 0.6702666282653809, "elapsed_seconds": 95858.21154493804, "tokens_per_second": 8159.678210075097, "loss_main": 2.409177750349045, "loss_total": 2.409177750349045}
{"event": "update", "optimizer_step": 23880, "tokens_seen": 782499840, "lr": 0.0002945973458339527, "grad_norm": 0.6128427982330322, "elapsed_seconds": 95893.211359818, "tokens_per_second": 8160.1171647473875, "loss_main": 2.262624815106392, "loss_total": 2.262624815106392}
{"event": "update", "optimizer_step": 23890, "tokens_seen": 782827520, "lr": 0.00029459243928408045, "grad_norm": 0.6316757798194885, "elapsed_seconds": 95928.22032006504, "tokens_per_second": 8160.555021119871, "loss_main": 2.3901811242103577, "loss_total": 2.3901811242103577}
{"event": "update", "optimizer_step": 23900, "tokens_seen": 783155200, "lr": 0.0002945875305527528, "grad_norm": 0.6555904150009155, "elapsed_seconds": 95963.19331645104, "tokens_per_second": 8160.995616490632, "loss_main": 2.509091079235077, "loss_total": 2.509091079235077}
{"event": "update", "optimizer_step": 23910, "tokens_seen": 783482880, "lr": 0.0002945826196400524, "grad_norm": 0.6560806035995483, "elapsed_seconds": 95998.16867812403, "tokens_per_second": 8161.4356897470625, "loss_main": 2.3378113210201263, "loss_total": 2.3378113210201263}
{"event": "update", "optimizer_step": 23920, "tokens_seen": 783810560, "lr": 0.0002945777065460621, "grad_norm": 0.6168140769004822, "elapsed_seconds": 96033.15655500203, "tokens_per_second": 8161.874378783752, "loss_main": 2.450019955635071, "loss_total": 2.450019955635071}
{"event": "update", "optimizer_step": 23930, "tokens_seen": 784138240, "lr": 0.00029457279127086426, "grad_norm": 0.6719215512275696, "elapsed_seconds": 96068.16521176405, "tokens_per_second": 8162.310982743514, "loss_main": 2.3872353434562683, "loss_total": 2.3872353434562683}
{"event": "update", "optimizer_step": 23940, "tokens_seen": 784465920, "lr": 0.0002945678738145418, "grad_norm": 0.6423326134681702, "elapsed_seconds": 96103.16320034, "tokens_per_second": 8162.748174736716, "loss_main": 2.3945087790489197, "loss_total": 2.3945087790489197}
{"event": "update", "optimizer_step": 23950, "tokens_seen": 784793600, "lr": 0.00029456295417717754, "grad_norm": 0.7387481331825256, "elapsed_seconds": 96138.155575031, "tokens_per_second": 8163.185525100988, "loss_main": 2.4343994110822678, "loss_total": 2.4343994110822678}
{"event": "update", "optimizer_step": 23960, "tokens_seen": 785121280, "lr": 0.0002945580323588542, "grad_norm": 0.6345334649085999, "elapsed_seconds": 96173.119059699, "tokens_per_second": 8163.6250095272435, "loss_main": 2.5322922468185425, "loss_total": 2.5322922468185425}
{"event": "update", "optimizer_step": 23970, "tokens_seen": 785448960, "lr": 0.0002945531083596547, "grad_norm": 0.6078773140907288, "elapsed_seconds": 96208.11233822902, "tokens_per_second": 8164.061646264064, "loss_main": 2.3434917628765106, "loss_total": 2.3434917628765106}
{"event": "update", "optimizer_step": 23980, "tokens_seen": 785776640, "lr": 0.0002945481821796618, "grad_norm": 0.6301474571228027, "elapsed_seconds": 96243.09681099502, "tokens_per_second": 8164.498712496034, "loss_main": 2.1874978840351105, "loss_total": 2.1874978840351105}
{"event": "update", "optimizer_step": 23990, "tokens_seen": 786104320, "lr": 0.00029454325381895856, "grad_norm": 0.684165358543396, "elapsed_seconds": 96278.106948119, "tokens_per_second": 8164.933284610642, "loss_main": 2.382437527179718, "loss_total": 2.382437527179718}
{"event": "update", "optimizer_step": 24000, "tokens_seen": 786432000, "lr": 0.000294538323277628, "grad_norm": 0.6478098034858704, "elapsed_seconds": 96313.10676223005, "tokens_per_second": 8165.368415967302, "loss_main": 2.438025265932083, "loss_total": 2.438025265932083}
{"event": "update", "optimizer_step": 24010, "tokens_seen": 786759680, "lr": 0.0002945333905557528, "grad_norm": 0.6132094860076904, "elapsed_seconds": 96348.07988704403, "tokens_per_second": 8165.8054931906945, "loss_main": 2.2854705452919006, "loss_total": 2.2854705452919006}
{"event": "update", "optimizer_step": 24020, "tokens_seen": 787087360, "lr": 0.0002945284556534163, "grad_norm": 0.6080275774002075, "elapsed_seconds": 96382.98776492203, "tokens_per_second": 8166.247781400022, "loss_main": 2.4325348883867264, "loss_total": 2.4325348883867264}
{"event": "update", "optimizer_step": 24030, "tokens_seen": 787415040, "lr": 0.00029452351857070156, "grad_norm": 0.6512567400932312, "elapsed_seconds": 96417.84670323401, "tokens_per_second": 8166.693894581539, "loss_main": 2.549351930618286, "loss_total": 2.549351930618286}
{"event": "update", "optimizer_step": 24040, "tokens_seen": 787742720, "lr": 0.00029451857930769157, "grad_norm": 0.6184639930725098, "elapsed_seconds": 96452.72694945801, "tokens_per_second": 8167.13788105528, "loss_main": 2.3292836248874664, "loss_total": 2.3292836248874664}
{"event": "update", "optimizer_step": 24050, "tokens_seen": 788070400, "lr": 0.0002945136378644694, "grad_norm": 0.6964637041091919, "elapsed_seconds": 96487.63055129402, "tokens_per_second": 8167.579569497792, "loss_main": 2.4673729836940765, "loss_total": 2.4673729836940765}
{"event": "update", "optimizer_step": 24060, "tokens_seen": 788398080, "lr": 0.00029450869424111844, "grad_norm": 0.6309794783592224, "elapsed_seconds": 96522.600982867, "tokens_per_second": 8168.015283176451, "loss_main": 2.3541996479034424, "loss_total": 2.3541996479034424}
{"event": "update", "optimizer_step": 24070, "tokens_seen": 788725760, "lr": 0.00029450374843772173, "grad_norm": 0.6582040786743164, "elapsed_seconds": 96557.53430681501, "tokens_per_second": 8168.4538204320315, "loss_main": 2.48184072971344, "loss_total": 2.48184072971344}
{"event": "update", "optimizer_step": 24080, "tokens_seen": 789053440, "lr": 0.00029449880045436265, "grad_norm": 0.64650958776474, "elapsed_seconds": 96592.45739830204, "tokens_per_second": 8168.89290585406, "loss_main": 2.363928198814392, "loss_total": 2.363928198814392}
{"event": "update", "optimizer_step": 24090, "tokens_seen": 789381120, "lr": 0.00029449385029112446, "grad_norm": 0.6262295842170715, "elapsed_seconds": 96627.37674555503, "tokens_per_second": 8169.331990442475, "loss_main": 2.431475877761841, "loss_total": 2.431475877761841}
{"event": "update", "optimizer_step": 24100, "tokens_seen": 789708800, "lr": 0.0002944888979480904, "grad_norm": 3.9745092391967773, "elapsed_seconds": 96662.30968064803, "tokens_per_second": 8169.769609365139, "loss_main": 2.502408593893051, "loss_total": 2.502408593893051}
{"event": "update", "optimizer_step": 24110, "tokens_seen": 790036480, "lr": 0.00029448394342534393, "grad_norm": 0.6455079913139343, "elapsed_seconds": 96697.24136325903, "tokens_per_second": 8170.2070179241055, "loss_main": 2.425209105014801, "loss_total": 2.425209105014801}
{"event": "update", "optimizer_step": 24120, "tokens_seen": 790364160, "lr": 0.00029447898672296845, "grad_norm": 0.6072755455970764, "elapsed_seconds": 96732.18348045705, "tokens_per_second": 8170.643229196604, "loss_main": 2.196472853422165, "loss_total": 2.196472853422165}
{"event": "update", "optimizer_step": 24130, "tokens_seen": 790691840, "lr": 0.00029447402784104726, "grad_norm": 0.6537001132965088, "elapsed_seconds": 96767.11340303201, "tokens_per_second": 8171.0801551638015, "loss_main": 2.389753684401512, "loss_total": 2.389753684401512}
{"event": "update", "optimizer_step": 24140, "tokens_seen": 791019520, "lr": 0.00029446906677966405, "grad_norm": 1.689916968345642, "elapsed_seconds": 96802.07044054504, "tokens_per_second": 8171.514476912321, "loss_main": 2.4361950010061264, "loss_total": 2.4361950010061264}
{"event": "update", "optimizer_step": 24150, "tokens_seen": 791347200, "lr": 0.0002944641035389022, "grad_norm": 0.6267830729484558, "elapsed_seconds": 96837.040141089, "tokens_per_second": 8171.9474164744, "loss_main": 2.4246550798416138, "loss_total": 2.4246550798416138}
{"event": "update", "optimizer_step": 24160, "tokens_seen": 791674880, "lr": 0.0002944591381188452, "grad_norm": 0.6063023209571838, "elapsed_seconds": 96871.97553644702, "tokens_per_second": 8172.382937541529, "loss_main": 2.4295733273029327, "loss_total": 2.4295733273029327}
{"event": "update", "optimizer_step": 24170, "tokens_seen": 792002560, "lr": 0.00029445417051957674, "grad_norm": 0.6277179718017578, "elapsed_seconds": 96906.93440980604, "tokens_per_second": 8172.816164535043, "loss_main": 2.400524914264679, "loss_total": 2.400524914264679}
{"event": "update", "optimizer_step": 24180, "tokens_seen": 792330240, "lr": 0.0002944492007411804, "grad_norm": 0.6171038150787354, "elapsed_seconds": 96941.87920066802, "tokens_per_second": 8173.2502663775485, "loss_main": 2.2949081659317017, "loss_total": 2.2949081659317017}
{"event": "update", "optimizer_step": 24190, "tokens_seen": 792657920, "lr": 0.00029444422878373993, "grad_norm": 0.619794487953186, "elapsed_seconds": 96976.84124144702, "tokens_per_second": 8173.682601462432, "loss_main": 2.2883248776197433, "loss_total": 2.2883248776197433}
{"event": "update", "optimizer_step": 24200, "tokens_seen": 792985600, "lr": 0.0002944392546473389, "grad_norm": 0.6328961253166199, "elapsed_seconds": 97011.78736991202, "tokens_per_second": 8174.115965684626, "loss_main": 2.2247422337532043, "loss_total": 2.2247422337532043}
{"event": "update", "optimizer_step": 24210, "tokens_seen": 793313280, "lr": 0.00029443427833206106, "grad_norm": 0.6208457350730896, "elapsed_seconds": 97046.72812930803, "tokens_per_second": 8174.549470054932, "loss_main": 2.3425445556640625, "loss_total": 2.3425445556640625}
{"event": "update", "optimizer_step": 24220, "tokens_seen": 793640960, "lr": 0.0002944292998379903, "grad_norm": 0.6564822196960449, "elapsed_seconds": 97081.69484127604, "tokens_per_second": 8174.980476984516, "loss_main": 2.4620929956436157, "loss_total": 2.4620929956436157}
{"event": "update", "optimizer_step": 24230, "tokens_seen": 793968640, "lr": 0.00029442431916521016, "grad_norm": 0.637530505657196, "elapsed_seconds": 97116.64604056603, "tokens_per_second": 8175.412479425576, "loss_main": 2.5317938029766083, "loss_total": 2.5317938029766083}
{"event": "update", "optimizer_step": 24240, "tokens_seen": 794296320, "lr": 0.0002944193363138047, "grad_norm": 0.6336032748222351, "elapsed_seconds": 97151.58779155905, "tokens_per_second": 8175.844966159286, "loss_main": 2.3212165534496307, "loss_total": 2.3212165534496307}
{"event": "update", "optimizer_step": 24250, "tokens_seen": 794624000, "lr": 0.0002944143512838578, "grad_norm": 0.6528781056404114, "elapsed_seconds": 97186.54478331504, "tokens_per_second": 8176.275859705435, "loss_main": 2.378919839859009, "loss_total": 2.378919839859009}
{"event": "update", "optimizer_step": 24260, "tokens_seen": 794951680, "lr": 0.0002944093640754533, "grad_norm": 0.6688255071640015, "elapsed_seconds": 97221.519511602, "tokens_per_second": 8176.704951676196, "loss_main": 2.2789916694164276, "loss_total": 2.2789916694164276}
{"event": "update", "optimizer_step": 24270, "tokens_seen": 795279360, "lr": 0.0002944043746886751, "grad_norm": 0.6237936615943909, "elapsed_seconds": 97256.46491033502, "tokens_per_second": 8177.136201004249, "loss_main": 2.371352955698967, "loss_total": 2.371352955698967}
{"event": "update", "optimizer_step": 24280, "tokens_seen": 795607040, "lr": 0.00029439938312360726, "grad_norm": 0.6476078033447266, "elapsed_seconds": 97291.420838608, "tokens_per_second": 8177.566255505651, "loss_main": 2.3572404086589813, "loss_total": 2.3572404086589813}
{"event": "update", "optimizer_step": 24290, "tokens_seen": 795934720, "lr": 0.000294394389380334, "grad_norm": 0.6183738112449646, "elapsed_seconds": 97326.39838733501, "tokens_per_second": 8177.994184397707, "loss_main": 2.445292145013809, "loss_total": 2.445292145013809}
{"event": "update", "optimizer_step": 24300, "tokens_seen": 796262400, "lr": 0.00029438939345893887, "grad_norm": 0.6103134751319885, "elapsed_seconds": 97361.39986926701, "tokens_per_second": 8178.419795413678, "loss_main": 2.315205067396164, "loss_total": 2.315205067396164}
{"event": "update", "optimizer_step": 24310, "tokens_seen": 796590080, "lr": 0.0002943843953595065, "grad_norm": 0.6711370348930359, "elapsed_seconds": 97396.35553736403, "tokens_per_second": 8178.848947735065, "loss_main": 2.2945016622543335, "loss_total": 2.2945016622543335}
{"event": "update", "optimizer_step": 24320, "tokens_seen": 796917760, "lr": 0.00029437939508212066, "grad_norm": 0.6260201930999756, "elapsed_seconds": 97431.32024213503, "tokens_per_second": 8179.277033499192, "loss_main": 2.322566479444504, "loss_total": 2.322566479444504}
{"event": "update", "optimizer_step": 24330, "tokens_seen": 797245440, "lr": 0.00029437439262686583, "grad_norm": 0.6451329588890076, "elapsed_seconds": 97466.26189052203, "tokens_per_second": 8179.706747094679, "loss_main": 2.411936193704605, "loss_total": 2.411936193704605}
{"event": "update", "optimizer_step": 24340, "tokens_seen": 797573120, "lr": 0.0002943693879938259, "grad_norm": 0.691512405872345, "elapsed_seconds": 97501.238801556, "tokens_per_second": 8180.133194238674, "loss_main": 2.56277197599411, "loss_total": 2.56277197599411}
{"event": "update", "optimizer_step": 24350, "tokens_seen": 797900800, "lr": 0.0002943643811830853, "grad_norm": 0.6402860879898071, "elapsed_seconds": 97536.202608947, "tokens_per_second": 8180.560434560208, "loss_main": 2.4573149383068085, "loss_total": 2.4573149383068085}
{"event": "update", "optimizer_step": 24360, "tokens_seen": 798228480, "lr": 0.0002943593721947283, "grad_norm": 0.6729059815406799, "elapsed_seconds": 97571.18163928401, "tokens_per_second": 8180.986092297339, "loss_main": 2.3165862411260605, "loss_total": 2.3165862411260605}
{"event": "update", "optimizer_step": 24370, "tokens_seen": 798556160, "lr": 0.00029435436102883913, "grad_norm": 0.6208049654960632, "elapsed_seconds": 97606.12634229101, "tokens_per_second": 8181.414322289314, "loss_main": 2.560237020254135, "loss_total": 2.560237020254135}
{"event": "update", "optimizer_step": 24380, "tokens_seen": 798883840, "lr": 0.0002943493476855023, "grad_norm": 0.5916759371757507, "elapsed_seconds": 97641.09274661704, "tokens_per_second": 8181.840427299794, "loss_main": 2.2949093878269196, "loss_total": 2.2949093878269196}
{"event": "update", "optimizer_step": 24390, "tokens_seen": 799211520, "lr": 0.00029434433216480205, "grad_norm": 0.6315324902534485, "elapsed_seconds": 97676.06031328003, "tokens_per_second": 8182.266129864978, "loss_main": 2.197056084871292, "loss_total": 2.197056084871292}
{"event": "update", "optimizer_step": 24400, "tokens_seen": 799539200, "lr": 0.0002943393144668228, "grad_norm": 0.6256296634674072, "elapsed_seconds": 97711.04578145605, "tokens_per_second": 8182.6900286000155, "loss_main": 2.243311107158661, "loss_total": 2.243311107158661}
{"event": "update", "optimizer_step": 24410, "tokens_seen": 799866880, "lr": 0.0002943342945916492, "grad_norm": 0.6147034168243408, "elapsed_seconds": 97746.01863004803, "tokens_per_second": 8183.114680377514, "loss_main": 2.2192039787769318, "loss_total": 2.2192039787769318}
{"event": "evaluation", "tokens_seen": 800030720, "elapsed_seconds": 97763.50754087901, "parameters": 600375552, "main_loss": 2.4691918715834618, "perplexity": 11.8128966558046}
{"event": "update", "optimizer_step": 24420, "tokens_seen": 800194560, "lr": 0.0002943292725393655, "grad_norm": 0.6305016279220581, "elapsed_seconds": 97796.852174067, "tokens_per_second": 8182.211821866689, "loss_main": 2.4040747582912445, "loss_total": 2.4040747582912445}
{"event": "update", "optimizer_step": 24430, "tokens_seen": 800522240, "lr": 0.00029432424831005643, "grad_norm": 0.6106542944908142, "elapsed_seconds": 97831.78423310403, "tokens_per_second": 8182.639683771828, "loss_main": 2.4907720386981964, "loss_total": 2.4907720386981964}
{"event": "update", "optimizer_step": 24440, "tokens_seen": 800849920, "lr": 0.00029431922190380655, "grad_norm": 0.6674469113349915, "elapsed_seconds": 97866.78533336404, "tokens_per_second": 8183.0614674024655, "loss_main": 2.5042836666107178, "loss_total": 2.5042836666107178}
{"event": "update", "optimizer_step": 24450, "tokens_seen": 801177600, "lr": 0.0002943141933207003, "grad_norm": 0.6182876229286194, "elapsed_seconds": 97901.744905581, "tokens_per_second": 8183.486420723927, "loss_main": 2.3549607694149017, "loss_total": 2.3549607694149017}
{"event": "update", "optimizer_step": 24460, "tokens_seen": 801505280, "lr": 0.00029430916256082253, "grad_norm": 0.6503768563270569, "elapsed_seconds": 97936.72068523103, "tokens_per_second": 8183.909716316118, "loss_main": 2.3605277836322784, "loss_total": 2.3605277836322784}
{"event": "update", "optimizer_step": 24470, "tokens_seen": 801832960, "lr": 0.00029430412962425784, "grad_norm": 0.6119099855422974, "elapsed_seconds": 97971.73007085302, "tokens_per_second": 8184.329902310753, "loss_main": 2.4219210147857666, "loss_total": 2.4219210147857666}
{"event": "update", "optimizer_step": 24480, "tokens_seen": 802160640, "lr": 0.00029429909451109094, "grad_norm": 0.6559721827507019, "elapsed_seconds": 98006.70679727802, "tokens_per_second": 8184.752515552116, "loss_main": 2.475719153881073, "loss_total": 2.475719153881073}
{"event": "update", "optimizer_step": 24490, "tokens_seen": 802488320, "lr": 0.0002942940572214066, "grad_norm": 0.6294955015182495, "elapsed_seconds": 98041.68841096305, "tokens_per_second": 8185.174419234762, "loss_main": 2.361464560031891, "loss_total": 2.361464560031891}
{"event": "update", "optimizer_step": 24500, "tokens_seen": 802816000, "lr": 0.0002942890177552895, "grad_norm": 0.6648560762405396, "elapsed_seconds": 98076.68527959305, "tokens_per_second": 8185.594748755677, "loss_main": 2.3717475086450577, "loss_total": 2.3717475086450577}
{"event": "update", "optimizer_step": 24510, "tokens_seen": 803143680, "lr": 0.0002942839761128247, "grad_norm": 0.6038636565208435, "elapsed_seconds": 98111.67952349305, "tokens_per_second": 8186.014997405947, "loss_main": 2.4611575603485107, "loss_total": 2.4611575603485107}
{"event": "update", "optimizer_step": 24520, "tokens_seen": 803471360, "lr": 0.000294278932294097, "grad_norm": 0.6493648886680603, "elapsed_seconds": 98146.65920719103, "tokens_per_second": 8186.436160846228, "loss_main": 2.3968258798122406, "loss_total": 2.3968258798122406}
{"event": "update", "optimizer_step": 24530, "tokens_seen": 803799040, "lr": 0.0002942738862991911, "grad_norm": 0.6330007314682007, "elapsed_seconds": 98181.63325843902, "tokens_per_second": 8186.857493847108, "loss_main": 2.361772119998932, "loss_total": 2.361772119998932}
{"event": "update", "optimizer_step": 24540, "tokens_seen": 804126720, "lr": 0.00029426883812819216, "grad_norm": 0.6237472891807556, "elapsed_seconds": 98216.62659782101, "tokens_per_second": 8187.2769189350265, "loss_main": 2.420256584882736, "loss_total": 2.420256584882736}
{"event": "update", "optimizer_step": 24550, "tokens_seen": 804454400, "lr": 0.00029426378778118513, "grad_norm": 0.6381568908691406, "elapsed_seconds": 98251.62152297603, "tokens_per_second": 8187.695913108969, "loss_main": 2.313518315553665, "loss_total": 2.313518315553665}
{"event": "update", "optimizer_step": 24560, "tokens_seen": 804782080, "lr": 0.00029425873525825493, "grad_norm": 0.6193179488182068, "elapsed_seconds": 98286.657373978, "tokens_per_second": 8188.111199446193, "loss_main": 2.3056930899620056, "loss_total": 2.3056930899620056}
{"event": "update", "optimizer_step": 24570, "tokens_seen": 805109760, "lr": 0.00029425368055948677, "grad_norm": 0.6408434510231018, "elapsed_seconds": 98322.48377251602, "tokens_per_second": 8188.460351172002, "loss_main": 2.3411852717399597, "loss_total": 2.3411852717399597}
{"event": "update", "optimizer_step": 24580, "tokens_seen": 805437440, "lr": 0.00029424862368496543, "grad_norm": 0.7031131982803345, "elapsed_seconds": 98357.55626900704, "tokens_per_second": 8188.8720150502295, "loss_main": 2.4112437069416046, "loss_total": 2.4112437069416046}
{"event": "update", "optimizer_step": 24590, "tokens_seen": 805765120, "lr": 0.00029424356463477635, "grad_norm": 0.6382814049720764, "elapsed_seconds": 98392.652623815, "tokens_per_second": 8189.2813997065905, "loss_main": 2.447754293680191, "loss_total": 2.447754293680191}
{"event": "update", "optimizer_step": 24600, "tokens_seen": 806092800, "lr": 0.00029423850340900453, "grad_norm": 0.6538674831390381, "elapsed_seconds": 98427.72203203, "tokens_per_second": 8189.692734509127, "loss_main": 2.461401492357254, "loss_total": 2.461401492357254}
{"event": "update", "optimizer_step": 24610, "tokens_seen": 806420480, "lr": 0.0002942334400077353, "grad_norm": 0.6364463567733765, "elapsed_seconds": 98462.73574007, "tokens_per_second": 8190.108409427653, "loss_main": 2.293870061635971, "loss_total": 2.293870061635971}
{"event": "update", "optimizer_step": 24620, "tokens_seen": 806748160, "lr": 0.00029422837443105376, "grad_norm": 0.6146875023841858, "elapsed_seconds": 98497.76313928503, "tokens_per_second": 8190.522650338595, "loss_main": 2.3832279443740845, "loss_total": 2.3832279443740845}
{"event": "update", "optimizer_step": 24630, "tokens_seen": 807075840, "lr": 0.00029422330667904515, "grad_norm": 0.6489359736442566, "elapsed_seconds": 98532.76632087003, "tokens_per_second": 8190.938609921631, "loss_main": 2.3898182958364487, "loss_total": 2.3898182958364487}
{"event": "update", "optimizer_step": 24640, "tokens_seen": 807403520, "lr": 0.0002942182367517949, "grad_norm": 0.6202083230018616, "elapsed_seconds": 98567.75516471302, "tokens_per_second": 8191.355465595997, "loss_main": 2.3685433715581894, "loss_total": 2.3685433715581894}
{"event": "update", "optimizer_step": 24650, "tokens_seen": 807731200, "lr": 0.0002942131646493883, "grad_norm": 0.6202654242515564, "elapsed_seconds": 98602.73872819601, "tokens_per_second": 8191.772464115387, "loss_main": 2.4021958708763123, "loss_total": 2.4021958708763123}
{"event": "update", "optimizer_step": 24660, "tokens_seen": 808058880, "lr": 0.0002942080903719107, "grad_norm": 0.6322243213653564, "elapsed_seconds": 98637.72579181101, "tokens_per_second": 8192.188876145863, "loss_main": 2.420709103345871, "loss_total": 2.420709103345871}
{"event": "update", "optimizer_step": 24670, "tokens_seen": 808386560, "lr": 0.00029420301391944767, "grad_norm": 0.6672614812850952, "elapsed_seconds": 98672.69187917403, "tokens_per_second": 8192.606734494278, "loss_main": 2.44120292365551, "loss_total": 2.44120292365551}
{"event": "update", "optimizer_step": 24680, "tokens_seen": 808714240, "lr": 0.0002941979352920844, "grad_norm": 0.6466080546379089, "elapsed_seconds": 98707.66569919005, "tokens_per_second": 8193.023654966606, "loss_main": 2.2344398200511932, "loss_total": 2.2344398200511932}
{"event": "update", "optimizer_step": 24690, "tokens_seen": 809041920, "lr": 0.00029419285448990654, "grad_norm": 0.6442947387695312, "elapsed_seconds": 98742.61881740601, "tokens_per_second": 8193.4419978882, "loss_main": 2.479650914669037, "loss_total": 2.479650914669037}
{"event": "update", "optimizer_step": 24700, "tokens_seen": 809369600, "lr": 0.00029418777151299965, "grad_norm": 0.6319769024848938, "elapsed_seconds": 98777.57766003802, "tokens_per_second": 8193.859569887416, "loss_main": 2.4448896646499634, "loss_total": 2.4448896646499634}
{"event": "update", "optimizer_step": 24710, "tokens_seen": 809697280, "lr": 0.00029418268636144916, "grad_norm": 0.6544342041015625, "elapsed_seconds": 98812.53118772904, "tokens_per_second": 8194.27728717622, "loss_main": 2.3338866233825684, "loss_total": 2.3338866233825684}
{"event": "update", "optimizer_step": 24720, "tokens_seen": 810024960, "lr": 0.0002941775990353408, "grad_norm": 0.6590431332588196, "elapsed_seconds": 98847.48076945601, "tokens_per_second": 8194.695036176367, "loss_main": 2.1690301299095154, "loss_total": 2.1690301299095154}
{"event": "update", "optimizer_step": 24730, "tokens_seen": 810352640, "lr": 0.0002941725095347602, "grad_norm": 0.5923877954483032, "elapsed_seconds": 98882.44793038903, "tokens_per_second": 8195.111032955714, "loss_main": 2.3074082881212234, "loss_total": 2.3074082881212234}
{"event": "update", "optimizer_step": 24740, "tokens_seen": 810680320, "lr": 0.0002941674178597929, "grad_norm": 0.6433796286582947, "elapsed_seconds": 98917.41925622505, "tokens_per_second": 8195.526390555144, "loss_main": 2.268596112728119, "loss_total": 2.268596112728119}
{"event": "update", "optimizer_step": 24750, "tokens_seen": 811008000, "lr": 0.00029416232401052473, "grad_norm": 0.6396535038948059, "elapsed_seconds": 98952.37165219901, "tokens_per_second": 8195.943022473044, "loss_main": 2.3119552582502365, "loss_total": 2.3119552582502365}
{"event": "update", "optimizer_step": 24760, "tokens_seen": 811335680, "lr": 0.00029415722798704143, "grad_norm": 0.6463906764984131, "elapsed_seconds": 98987.33225701703, "tokens_per_second": 8196.358680456164, "loss_main": 2.50645050406456, "loss_total": 2.50645050406456}
{"event": "update", "optimizer_step": 24770, "tokens_seen": 811663360, "lr": 0.00029415212978942877, "grad_norm": 0.6447885632514954, "elapsed_seconds": 99022.30803828203, "tokens_per_second": 8196.772788675162, "loss_main": 2.299454480409622, "loss_total": 2.299454480409622}
{"event": "update", "optimizer_step": 24780, "tokens_seen": 811991040, "lr": 0.0002941470294177725, "grad_norm": 4.343839645385742, "elapsed_seconds": 99057.25742725702, "tokens_per_second": 8197.188788477088, "loss_main": 2.3160851895809174, "loss_total": 2.3160851895809174}
{"event": "update", "optimizer_step": 24790, "tokens_seen": 812318720, "lr": 0.0002941419268721586, "grad_norm": 0.6441619992256165, "elapsed_seconds": 99092.209670273, "tokens_per_second": 8197.60425873004, "loss_main": 2.3270717710256577, "loss_total": 2.3270717710256577}
{"event": "update", "optimizer_step": 24800, "tokens_seen": 812646400, "lr": 0.00029413682215267284, "grad_norm": 0.8297449350357056, "elapsed_seconds": 99127.20818653703, "tokens_per_second": 8198.015609102664, "loss_main": 2.3969453275203705, "loss_total": 2.3969453275203705}
{"event": "update", "optimizer_step": 24810, "tokens_seen": 812974080, "lr": 0.0002941317152594012, "grad_norm": 0.7081248760223389, "elapsed_seconds": 99162.17477275204, "tokens_per_second": 8198.429308988798, "loss_main": 2.580795109272003, "loss_total": 2.580795109272003}
{"event": "update", "optimizer_step": 24820, "tokens_seen": 813301760, "lr": 0.0002941266061924296, "grad_norm": 0.630240261554718, "elapsed_seconds": 99197.12472318503, "tokens_per_second": 8198.844092200885, "loss_main": 2.490478962659836, "loss_total": 2.490478962659836}
{"event": "update", "optimizer_step": 24830, "tokens_seen": 813629440, "lr": 0.0002941214949518441, "grad_norm": 0.6485105752944946, "elapsed_seconds": 99232.120252272, "tokens_per_second": 8199.254817205938, "loss_main": 2.406168147921562, "loss_total": 2.406168147921562}
{"event": "update", "optimizer_step": 24840, "tokens_seen": 813957120, "lr": 0.00029411638153773074, "grad_norm": 0.6570827960968018, "elapsed_seconds": 99267.07290382503, "tokens_per_second": 8199.668794390693, "loss_main": 2.3980687856674194, "loss_total": 2.3980687856674194}
{"event": "update", "optimizer_step": 24850, "tokens_seen": 814284800, "lr": 0.0002941112659501756, "grad_norm": 0.6363720893859863, "elapsed_seconds": 99302.10620127304, "tokens_per_second": 8200.075820643178, "loss_main": 2.4331082701683044, "loss_total": 2.4331082701683044}
{"event": "update", "optimizer_step": 24860, "tokens_seen": 814612480, "lr": 0.0002941061481892648, "grad_norm": 0.7302814722061157, "elapsed_seconds": 99337.09368435305, "tokens_per_second": 8200.486341874048, "loss_main": 2.4972083568573, "loss_total": 2.4972083568573}
{"event": "update", "optimizer_step": 24870, "tokens_seen": 814940160, "lr": 0.0002941010282550844, "grad_norm": 0.6224040389060974, "elapsed_seconds": 99372.088402475, "tokens_per_second": 8200.895976940168, "loss_main": 2.421865403652191, "loss_total": 2.421865403652191}
{"event": "update", "optimizer_step": 24880, "tokens_seen": 815267840, "lr": 0.00029409590614772063, "grad_norm": 0.6609721183776855, "elapsed_seconds": 99407.09304002102, "tokens_per_second": 8201.304505220522, "loss_main": 2.5293186604976654, "loss_total": 2.5293186604976654}
{"event": "update", "optimizer_step": 24890, "tokens_seen": 815595520, "lr": 0.00029409078186725984, "grad_norm": 0.6358999013900757, "elapsed_seconds": 99442.06451766903, "tokens_per_second": 8201.715480827368, "loss_main": 2.2802072763442993, "loss_total": 2.2802072763442993}
{"event": "update", "optimizer_step": 24900, "tokens_seen": 815923200, "lr": 0.00029408565541378805, "grad_norm": 0.6734969615936279, "elapsed_seconds": 99477.06424283702, "tokens_per_second": 8202.12383839777, "loss_main": 2.4771209955215454, "loss_total": 2.4771209955215454}
{"event": "update", "optimizer_step": 24910, "tokens_seen": 816250880, "lr": 0.00029408052678739176, "grad_norm": 0.6132158637046814, "elapsed_seconds": 99512.04688876704, "tokens_per_second": 8202.533316517869, "loss_main": 2.282138004899025, "loss_total": 2.282138004899025}
{"event": "update", "optimizer_step": 24920, "tokens_seen": 816578560, "lr": 0.0002940753959881572, "grad_norm": 0.6037264466285706, "elapsed_seconds": 99547.05074836605, "tokens_per_second": 8202.940758778865, "loss_main": 2.2276216447353363, "loss_total": 2.2276216447353363}
{"event": "update", "optimizer_step": 24930, "tokens_seen": 816906240, "lr": 0.0002940702630161707, "grad_norm": 0.6486800909042358, "elapsed_seconds": 99582.05618649104, "tokens_per_second": 8203.347784566218, "loss_main": 2.4925127625465393, "loss_total": 2.4925127625465393}
{"event": "update", "optimizer_step": 24940, "tokens_seen": 817233920, "lr": 0.00029406512787151875, "grad_norm": 0.6467195749282837, "elapsed_seconds": 99617.04796540801, "tokens_per_second": 8203.755649171457, "loss_main": 2.412483811378479, "loss_total": 2.412483811378479}
{"event": "update", "optimizer_step": 24950, "tokens_seen": 817561600, "lr": 0.00029405999055428784, "grad_norm": 0.6426056623458862, "elapsed_seconds": 99652.02055600804, "tokens_per_second": 8204.16480707986, "loss_main": 2.4876689314842224, "loss_total": 2.4876689314842224}
{"event": "update", "optimizer_step": 24960, "tokens_seen": 817889280, "lr": 0.0002940548510645643, "grad_norm": 0.6221312284469604, "elapsed_seconds": 99687.00442949001, "tokens_per_second": 8204.57274928453, "loss_main": 2.3076758086681366, "loss_total": 2.3076758086681366}
{"event": "update", "optimizer_step": 24970, "tokens_seen": 818216960, "lr": 0.0002940497094024348, "grad_norm": 0.6270124316215515, "elapsed_seconds": 99721.97431453504, "tokens_per_second": 8204.981556213937, "loss_main": 2.4159223586320877, "loss_total": 2.4159223586320877}
{"event": "update", "optimizer_step": 24980, "tokens_seen": 818544640, "lr": 0.0002940445655679857, "grad_norm": 0.6148409843444824, "elapsed_seconds": 99756.97668481304, "tokens_per_second": 8205.387404494335, "loss_main": 2.4240268766880035, "loss_total": 2.4240268766880035}
{"event": "update", "optimizer_step": 24990, "tokens_seen": 818872320, "lr": 0.00029403941956130373, "grad_norm": 0.612089991569519, "elapsed_seconds": 99791.93792166002, "tokens_per_second": 8205.796350431054, "loss_main": 2.3915703743696213, "loss_total": 2.3915703743696213}
{"event": "update", "optimizer_step": 25000, "tokens_seen": 819200000, "lr": 0.0002940342713824755, "grad_norm": 0.6294932961463928, "elapsed_seconds": 99826.915451459, "tokens_per_second": 8206.20367057557, "loss_main": 2.5096508264541626, "loss_total": 2.5096508264541626}
{"event": "update", "optimizer_step": 25010, "tokens_seen": 819527680, "lr": 0.00029402912103158754, "grad_norm": 0.6412995457649231, "elapsed_seconds": 99861.88230678905, "tokens_per_second": 8206.611582608683, "loss_main": 2.476945459842682, "loss_total": 2.476945459842682}
{"event": "update", "optimizer_step": 25020, "tokens_seen": 819855360, "lr": 0.0002940239685087268, "grad_norm": 0.6148906350135803, "elapsed_seconds": 99896.862224788, "tokens_per_second": 8207.01813591663, "loss_main": 2.3476494550704956, "loss_total": 2.3476494550704956}
{"event": "update", "optimizer_step": 25030, "tokens_seen": 820183040, "lr": 0.0002940188138139798, "grad_norm": 0.5969112515449524, "elapsed_seconds": 99931.824143629, "tokens_per_second": 8207.42588288167, "loss_main": 2.1006796658039093, "loss_total": 2.1006796658039093}
{"event": "update", "optimizer_step": 25040, "tokens_seen": 820510720, "lr": 0.0002940136569474334, "grad_norm": 0.6461386680603027, "elapsed_seconds": 99966.80046199, "tokens_per_second": 8207.83216235854, "loss_main": 2.4557458758354187, "loss_total": 2.4557458758354187}
{"event": "update", "optimizer_step": 25050, "tokens_seen": 820838400, "lr": 0.0002940084979091743, "grad_norm": 0.6244767904281616, "elapsed_seconds": 100001.79390415602, "tokens_per_second": 8208.236752099769, "loss_main": 2.3322711288928986, "loss_total": 2.3322711288928986}
{"event": "update", "optimizer_step": 25060, "tokens_seen": 821166080, "lr": 0.0002940033366992896, "grad_norm": 0.6196910738945007, "elapsed_seconds": 100036.77112865902, "tokens_per_second": 8208.642389545781, "loss_main": 2.261802613735199, "loss_total": 2.261802613735199}
{"event": "update", "optimizer_step": 25070, "tokens_seen": 821493760, "lr": 0.0002939981733178659, "grad_norm": 0.6070421934127808, "elapsed_seconds": 100071.74713568302, "tokens_per_second": 8209.04784330558, "loss_main": 2.244242548942566, "loss_total": 2.244242548942566}
{"event": "update", "optimizer_step": 25080, "tokens_seen": 821821440, "lr": 0.00029399300776499014, "grad_norm": 0.6564680337905884, "elapsed_seconds": 100106.73288546101, "tokens_per_second": 8209.452214770632, "loss_main": 2.359360843896866, "loss_total": 2.359360843896866}
{"event": "update", "optimizer_step": 25090, "tokens_seen": 822149120, "lr": 0.0002939878400407494, "grad_norm": 0.6515815258026123, "elapsed_seconds": 100141.693607861, "tokens_per_second": 8209.85835549582, "loss_main": 2.4024746417999268, "loss_total": 2.4024746417999268}
{"event": "update", "optimizer_step": 25100, "tokens_seen": 822476800, "lr": 0.0002939826701452307, "grad_norm": 0.6317618489265442, "elapsed_seconds": 100176.64726673905, "tokens_per_second": 8210.264791653506, "loss_main": 2.3606846928596497, "loss_total": 2.3606846928596497}
{"event": "update", "optimizer_step": 25110, "tokens_seen": 822804480, "lr": 0.000293977498078521, "grad_norm": 0.6924927830696106, "elapsed_seconds": 100211.626603715, "tokens_per_second": 8210.668840390796, "loss_main": 2.626101106405258, "loss_total": 2.626101106405258}
{"event": "update", "optimizer_step": 25120, "tokens_seen": 823132160, "lr": 0.00029397232384070727, "grad_norm": 0.6843961477279663, "elapsed_seconds": 100246.60263958503, "tokens_per_second": 8211.072877545721, "loss_main": 2.279137909412384, "loss_total": 2.279137909412384}
{"event": "update", "optimizer_step": 25130, "tokens_seen": 823459840, "lr": 0.0002939671474318767, "grad_norm": 0.632743239402771, "elapsed_seconds": 100281.61220885802, "tokens_per_second": 8211.473887007, "loss_main": 2.221931889653206, "loss_total": 2.221931889653206}
{"event": "update", "optimizer_step": 25140, "tokens_seen": 823787520, "lr": 0.0002939619688521165, "grad_norm": 0.6276866793632507, "elapsed_seconds": 100316.58097426302, "tokens_per_second": 8211.877956759201, "loss_main": 2.3884008824825287, "loss_total": 2.3884008824825287}
{"event": "update", "optimizer_step": 25150, "tokens_seen": 824115200, "lr": 0.0002939567881015137, "grad_norm": 0.6208446621894836, "elapsed_seconds": 100351.56556013605, "tokens_per_second": 8212.280450235188, "loss_main": 2.284781515598297, "loss_total": 2.284781515598297}
{"event": "update", "optimizer_step": 25160, "tokens_seen": 824442880, "lr": 0.00029395160518015553, "grad_norm": 0.5945541262626648, "elapsed_seconds": 100386.51493293, "tokens_per_second": 8212.685543977941, "loss_main": 2.2170767784118652, "loss_total": 2.2170767784118652}
{"event": "update", "optimizer_step": 25170, "tokens_seen": 824770560, "lr": 0.00029394642008812933, "grad_norm": 0.6154724359512329, "elapsed_seconds": 100421.50786635402, "tokens_per_second": 8213.086793096614, "loss_main": 2.3339046239852905, "loss_total": 2.3339046239852905}
{"event": "update", "optimizer_step": 25180, "tokens_seen": 825098240, "lr": 0.00029394123282552235, "grad_norm": 0.6497383713722229, "elapsed_seconds": 100456.47850905504, "tokens_per_second": 8213.489585200088, "loss_main": 2.3063984513282776, "loss_total": 2.3063984513282776}
{"event": "update", "optimizer_step": 25190, "tokens_seen": 825425920, "lr": 0.0002939360433924219, "grad_norm": 0.6302946209907532, "elapsed_seconds": 100491.45620258205, "tokens_per_second": 8213.891520648413, "loss_main": 2.3155629336833954, "loss_total": 2.3155629336833954}
{"event": "update", "optimizer_step": 25200, "tokens_seen": 825753600, "lr": 0.0002939308517889152, "grad_norm": 0.6062779426574707, "elapsed_seconds": 100526.40852078504, "tokens_per_second": 8214.29524988218, "loss_main": 2.2241912484169006, "loss_total": 2.2241912484169006}
{"event": "update", "optimizer_step": 25210, "tokens_seen": 826081280, "lr": 0.0002939256580150898, "grad_norm": 0.6529139280319214, "elapsed_seconds": 100561.38155317702, "tokens_per_second": 8214.697006356928, "loss_main": 2.5308903753757477, "loss_total": 2.5308903753757477}
{"event": "update", "optimizer_step": 25220, "tokens_seen": 826408960, "lr": 0.00029392046207103316, "grad_norm": 0.6245569586753845, "elapsed_seconds": 100596.38886072801, "tokens_per_second": 8215.095684439853, "loss_main": 2.224731147289276, "loss_total": 2.224731147289276}
{"event": "update", "optimizer_step": 25230, "tokens_seen": 826736640, "lr": 0.0002939152639568326, "grad_norm": 0.6356732249259949, "elapsed_seconds": 100631.359288954, "tokens_per_second": 8215.497095950966, "loss_main": 2.331194043159485, "loss_total": 2.331194043159485}
{"event": "update", "optimizer_step": 25240, "tokens_seen": 827064320, "lr": 0.00029391006367257577, "grad_norm": 0.6161510348320007, "elapsed_seconds": 100666.32010690204, "tokens_per_second": 8215.899012914186, "loss_main": 2.4128307700157166, "loss_total": 2.4128307700157166}
{"event": "update", "optimizer_step": 25250, "tokens_seen": 827392000, "lr": 0.00029390486121835, "grad_norm": 0.5942806005477905, "elapsed_seconds": 100701.28767654503, "tokens_per_second": 8216.300099931224, "loss_main": 2.1773855686187744, "loss_total": 2.1773855686187744}
{"event": "update", "optimizer_step": 25260, "tokens_seen": 827719680, "lr": 0.0002938996565942431, "grad_norm": 0.6370375752449036, "elapsed_seconds": 100736.22344508703, "tokens_per_second": 8216.70350240203, "loss_main": 2.3818577229976654, "loss_total": 2.3818577229976654}
{"event": "update", "optimizer_step": 25270, "tokens_seen": 828047360, "lr": 0.00029389444980034254, "grad_norm": 0.6246883273124695, "elapsed_seconds": 100771.18656920205, "tokens_per_second": 8217.104394532058, "loss_main": 2.316557288169861, "loss_total": 2.316557288169861}
{"event": "update", "optimizer_step": 25280, "tokens_seen": 828375040, "lr": 0.00029388924083673606, "grad_norm": 0.6427195072174072, "elapsed_seconds": 100806.16309583903, "tokens_per_second": 8217.50391602984, "loss_main": 2.415461778640747, "loss_total": 2.415461778640747}
{"event": "update", "optimizer_step": 25290, "tokens_seen": 828702720, "lr": 0.00029388402970351125, "grad_norm": 0.6746302843093872, "elapsed_seconds": 100841.15151954402, "tokens_per_second": 8217.90219084705, "loss_main": 2.4252156913280487, "loss_total": 2.4252156913280487}
{"event": "update", "optimizer_step": 25300, "tokens_seen": 829030400, "lr": 0.00029387881640075583, "grad_norm": 0.6212627291679382, "elapsed_seconds": 100876.12714103801, "tokens_per_second": 8218.301232370937, "loss_main": 2.167498916387558, "loss_total": 2.167498916387558}
{"event": "update", "optimizer_step": 25310, "tokens_seen": 829358080, "lr": 0.0002938736009285576, "grad_norm": 0.6121959686279297, "elapsed_seconds": 100911.09251385601, "tokens_per_second": 8218.700831983575, "loss_main": 2.254461348056793, "loss_total": 2.254461348056793}
{"event": "update", "optimizer_step": 25320, "tokens_seen": 829685760, "lr": 0.0002938683832870043, "grad_norm": 0.6553078293800354, "elapsed_seconds": 100946.08586847101, "tokens_per_second": 8219.09787647487, "loss_main": 2.5341661870479584, "loss_total": 2.5341661870479584}
{"event": "update", "optimizer_step": 25330, "tokens_seen": 830013440, "lr": 0.00029386316347618387, "grad_norm": 0.6482987403869629, "elapsed_seconds": 100981.08462236705, "tokens_per_second": 8219.494206305586, "loss_main": 2.27147376537323, "loss_total": 2.27147376537323}
{"event": "update", "optimizer_step": 25340, "tokens_seen": 830341120, "lr": 0.0002938579414961841, "grad_norm": 0.6251770257949829, "elapsed_seconds": 101016.011149147, "tokens_per_second": 8219.896138781674, "loss_main": 2.2936172485351562, "loss_total": 2.2936172485351562}
{"event": "update", "optimizer_step": 25350, "tokens_seen": 830668800, "lr": 0.0002938527173470929, "grad_norm": 0.6277851462364197, "elapsed_seconds": 101050.97391364205, "tokens_per_second": 8220.29484554882, "loss_main": 2.4608436226844788, "loss_total": 2.4608436226844788}
{"event": "update", "optimizer_step": 25360, "tokens_seen": 830996480, "lr": 0.00029384749102899824, "grad_norm": 0.6335296630859375, "elapsed_seconds": 101085.93663212802, "tokens_per_second": 8220.693280254825, "loss_main": 2.4070178270339966, "loss_total": 2.4070178270339966}
{"event": "update", "optimizer_step": 25370, "tokens_seen": 831324160, "lr": 0.00029384226254198804, "grad_norm": 0.6388769745826721, "elapsed_seconds": 101120.88822241704, "tokens_per_second": 8221.092344160279, "loss_main": 2.3743544071912766, "loss_total": 2.3743544071912766}
{"event": "update", "optimizer_step": 25380, "tokens_seen": 831651840, "lr": 0.0002938370318861503, "grad_norm": 0.6364908814430237, "elapsed_seconds": 101155.82760543103, "tokens_per_second": 8221.4921244473, "loss_main": 2.515848696231842, "loss_total": 2.515848696231842}
{"event": "update", "optimizer_step": 25390, "tokens_seen": 831979520, "lr": 0.00029383179906157324, "grad_norm": 0.6249502897262573, "elapsed_seconds": 101190.78659453802, "tokens_per_second": 8221.890035637965, "loss_main": 2.3007918000221252, "loss_total": 2.3007918000221252}
{"event": "update", "optimizer_step": 25400, "tokens_seen": 832307200, "lr": 0.00029382656406834473, "grad_norm": 0.6509467363357544, "elapsed_seconds": 101225.71214248205, "tokens_per_second": 8222.290388320225, "loss_main": 2.3949383050203323, "loss_total": 2.3949383050203323}
{"event": "update", "optimizer_step": 25410, "tokens_seen": 832634880, "lr": 0.0002938213269065529, "grad_norm": 0.6151329874992371, "elapsed_seconds": 101260.71340103704, "tokens_per_second": 8222.684316891973, "loss_main": 2.3216095566749573, "loss_total": 2.3216095566749573}
{"event": "update", "optimizer_step": 25420, "tokens_seen": 832962560, "lr": 0.0002938160875762861, "grad_norm": 0.664251983165741, "elapsed_seconds": 101295.664671459, "tokens_per_second": 8223.082031216436, "loss_main": 2.469796597957611, "loss_total": 2.469796597957611}
{"event": "update", "optimizer_step": 25430, "tokens_seen": 833290240, "lr": 0.00029381084607763236, "grad_norm": 0.6608074307441711, "elapsed_seconds": 101330.62208545802, "tokens_per_second": 8223.47897259762, "loss_main": 2.390268921852112, "loss_total": 2.390268921852112}
{"event": "update", "optimizer_step": 25440, "tokens_seen": 833617920, "lr": 0.00029380560241068, "grad_norm": 0.6374518275260925, "elapsed_seconds": 101365.56624165602, "tokens_per_second": 8223.876715813441, "loss_main": 2.3691402077674866, "loss_total": 2.3691402077674866}
{"event": "update", "optimizer_step": 25450, "tokens_seen": 833945600, "lr": 0.00029380035657551715, "grad_norm": 0.7910090684890747, "elapsed_seconds": 101400.51616390003, "tokens_per_second": 8224.273717226855, "loss_main": 2.4245602190494537, "loss_total": 2.4245602190494537}
{"event": "update", "optimizer_step": 25460, "tokens_seen": 834273280, "lr": 0.0002937951085722323, "grad_norm": 0.6198970079421997, "elapsed_seconds": 101435.45797337702, "tokens_per_second": 8224.67110286982, "loss_main": 2.2551747858524323, "loss_total": 2.2551747858524323}
{"event": "update", "optimizer_step": 25470, "tokens_seen": 834600960, "lr": 0.00029378985840091364, "grad_norm": 0.6566877961158752, "elapsed_seconds": 101470.41624683602, "tokens_per_second": 8225.066880279246, "loss_main": 2.4142145812511444, "loss_total": 2.4142145812511444}
{"event": "update", "optimizer_step": 25480, "tokens_seen": 834928640, "lr": 0.0002937846060616497, "grad_norm": 0.6299901604652405, "elapsed_seconds": 101505.38674552704, "tokens_per_second": 8225.461394410107, "loss_main": 2.3057751059532166, "loss_total": 2.3057751059532166}
{"event": "update", "optimizer_step": 25490, "tokens_seen": 835256320, "lr": 0.00029377935155452874, "grad_norm": 0.6576663851737976, "elapsed_seconds": 101540.35316335905, "tokens_per_second": 8225.855967392905, "loss_main": 2.425061285495758, "loss_total": 2.425061285495758}
{"event": "update", "optimizer_step": 25500, "tokens_seen": 835584000, "lr": 0.0002937740948796392, "grad_norm": 0.6596753597259521, "elapsed_seconds": 101575.343314244, "tokens_per_second": 8226.248346657818, "loss_main": 2.1283474564552307, "loss_total": 2.1283474564552307}
{"event": "update", "optimizer_step": 25510, "tokens_seen": 835911680, "lr": 0.0002937688360370698, "grad_norm": 0.6359602212905884, "elapsed_seconds": 101610.30104509904, "tokens_per_second": 8226.64308049817, "loss_main": 2.234279289841652, "loss_total": 2.234279289841652}
{"event": "update", "optimizer_step": 25520, "tokens_seen": 836239360, "lr": 0.00029376357502690885, "grad_norm": 0.6371306777000427, "elapsed_seconds": 101645.27534591203, "tokens_per_second": 8227.036201674591, "loss_main": 2.2423889487981796, "loss_total": 2.2423889487981796}
{"event": "update", "optimizer_step": 25530, "tokens_seen": 836567040, "lr": 0.00029375831184924486, "grad_norm": 0.7183001041412354, "elapsed_seconds": 101680.259822172, "tokens_per_second": 8227.428229068917, "loss_main": 2.403573989868164, "loss_total": 2.403573989868164}
{"event": "update", "optimizer_step": 25540, "tokens_seen": 836894720, "lr": 0.0002937530465041666, "grad_norm": 0.5914093852043152, "elapsed_seconds": 101715.253400243, "tokens_per_second": 8227.819250539276, "loss_main": 2.172816291451454, "loss_total": 2.172816291451454}
{"event": "update", "optimizer_step": 25550, "tokens_seen": 837222400, "lr": 0.0002937477789917627, "grad_norm": 0.647717297077179, "elapsed_seconds": 101750.23428996, "tokens_per_second": 8228.211029118103, "loss_main": 2.4411124140024185, "loss_total": 2.4411124140024185}
{"event": "update", "optimizer_step": 25560, "tokens_seen": 837550080, "lr": 0.0002937425093121217, "grad_norm": 0.6231710314750671, "elapsed_seconds": 101785.22595226805, "tokens_per_second": 8228.601667522624, "loss_main": 2.3014868646860123, "loss_total": 2.3014868646860123}
{"event": "update", "optimizer_step": 25570, "tokens_seen": 837877760, "lr": 0.0002937372374653323, "grad_norm": 0.6367173194885254, "elapsed_seconds": 101820.21950222604, "tokens_per_second": 8228.99188487491, "loss_main": 2.4442684054374695, "loss_total": 2.4442684054374695}
{"event": "update", "optimizer_step": 25580, "tokens_seen": 838205440, "lr": 0.0002937319634514834, "grad_norm": 0.6485050916671753, "elapsed_seconds": 101855.20456247701, "tokens_per_second": 8229.382520024814, "loss_main": 2.44655779004097, "loss_total": 2.44655779004097}
{"event": "update", "optimizer_step": 25590, "tokens_seen": 838533120, "lr": 0.0002937266872706637, "grad_norm": 0.890557050704956, "elapsed_seconds": 101890.33665464702, "tokens_per_second": 8229.761011018862, "loss_main": 2.4821611046791077, "loss_total": 2.4821611046791077}
{"event": "update", "optimizer_step": 25600, "tokens_seen": 838860800, "lr": 0.00029372140892296194, "grad_norm": 0.647427499294281, "elapsed_seconds": 101925.95293978503, "tokens_per_second": 8230.100144323156, "loss_main": 2.30956569314003, "loss_total": 2.30956569314003}
{"event": "update", "optimizer_step": 25610, "tokens_seen": 839188480, "lr": 0.0002937161284084671, "grad_norm": 0.6649659872055054, "elapsed_seconds": 101960.92179953202, "tokens_per_second": 8230.49130185337, "loss_main": 2.342626675963402, "loss_total": 2.342626675963402}
{"event": "update", "optimizer_step": 25620, "tokens_seen": 839516160, "lr": 0.0002937108457272679, "grad_norm": 0.6466104984283447, "elapsed_seconds": 101995.88355599303, "tokens_per_second": 8230.882764392427, "loss_main": 2.496163934469223, "loss_total": 2.496163934469223}
{"event": "update", "optimizer_step": 25630, "tokens_seen": 839843840, "lr": 0.00029370556087945346, "grad_norm": 0.6290450692176819, "elapsed_seconds": 102030.87086259603, "tokens_per_second": 8231.271897414357, "loss_main": 2.259488433599472, "loss_total": 2.259488433599472}
{"event": "update", "optimizer_step": 25640, "tokens_seen": 840171520, "lr": 0.0002937002738651126, "grad_norm": 0.6609746217727661, "elapsed_seconds": 102065.85861491802, "tokens_per_second": 8231.660727705865, "loss_main": 2.320563495159149, "loss_total": 2.320563495159149}
{"event": "update", "optimizer_step": 25650, "tokens_seen": 840499200, "lr": 0.00029369498468433434, "grad_norm": 0.656952440738678, "elapsed_seconds": 102100.84114562802, "tokens_per_second": 8232.049712511016, "loss_main": 2.478260889649391, "loss_total": 2.478260889649391}
{"event": "update", "optimizer_step": 25660, "tokens_seen": 840826880, "lr": 0.0002936896933372078, "grad_norm": 0.6089293360710144, "elapsed_seconds": 102135.80985882704, "tokens_per_second": 8232.439544584782, "loss_main": 2.29164582490921, "loss_total": 2.29164582490921}
{"event": "update", "optimizer_step": 25670, "tokens_seen": 841154560, "lr": 0.00029368439982382195, "grad_norm": 0.6683303713798523, "elapsed_seconds": 102170.80077947804, "tokens_per_second": 8232.827320356617, "loss_main": 2.373587667942047, "loss_total": 2.373587667942047}
{"event": "update", "optimizer_step": 25680, "tokens_seen": 841482240, "lr": 0.00029367910414426594, "grad_norm": 0.65153968334198, "elapsed_seconds": 102205.78370967502, "tokens_per_second": 8233.215474285762, "loss_main": 2.576946347951889, "loss_total": 2.576946347951889}
{"event": "update", "optimizer_step": 25690, "tokens_seen": 841809920, "lr": 0.00029367380629862893, "grad_norm": 0.6698126196861267, "elapsed_seconds": 102240.81699265505, "tokens_per_second": 8233.599307607992, "loss_main": 2.470008358359337, "loss_total": 2.470008358359337}
{"event": "update", "optimizer_step": 25700, "tokens_seen": 842137600, "lr": 0.00029366850628700003, "grad_norm": 0.6798384785652161, "elapsed_seconds": 102275.78745430103, "tokens_per_second": 8233.987935573557, "loss_main": 2.4323677122592926, "loss_total": 2.4323677122592926}
{"event": "update", "optimizer_step": 25710, "tokens_seen": 842465280, "lr": 0.0002936632041094686, "grad_norm": 0.6269241571426392, "elapsed_seconds": 102310.73517375201, "tokens_per_second": 8234.378128250768, "loss_main": 2.3900156021118164, "loss_total": 2.3900156021118164}
{"event": "update", "optimizer_step": 25720, "tokens_seen": 842792960, "lr": 0.0002936578997661237, "grad_norm": 0.6354489922523499, "elapsed_seconds": 102345.74911644001, "tokens_per_second": 8234.762726111312, "loss_main": 2.4512326419353485, "loss_total": 2.4512326419353485}
{"event": "update", "optimizer_step": 25730, "tokens_seen": 843120640, "lr": 0.00029365259325705474, "grad_norm": 0.6206093430519104, "elapsed_seconds": 102380.72738253005, "tokens_per_second": 8235.149930609574, "loss_main": 2.3495860248804092, "loss_total": 2.3495860248804092}
{"event": "update", "optimizer_step": 25740, "tokens_seen": 843448320, "lr": 0.00029364728458235103, "grad_norm": 0.6857247352600098, "elapsed_seconds": 102415.68348788202, "tokens_per_second": 8235.538652630268, "loss_main": 2.3190925270318985, "loss_total": 2.3190925270318985}
{"event": "update", "optimizer_step": 25750, "tokens_seen": 843776000, "lr": 0.0002936419737421019, "grad_norm": 0.6368948817253113, "elapsed_seconds": 102450.64238125901, "tokens_per_second": 8235.926885260305, "loss_main": 2.341440737247467, "loss_total": 2.341440737247467}
{"event": "update", "optimizer_step": 25760, "tokens_seen": 844103680, "lr": 0.0002936366607363967, "grad_norm": 0.6575013399124146, "elapsed_seconds": 102485.612982694, "tokens_per_second": 8236.313912105279, "loss_main": 2.3501438200473785, "loss_total": 2.3501438200473785}
{"event": "update", "optimizer_step": 25770, "tokens_seen": 844431360, "lr": 0.0002936313455653251, "grad_norm": 0.631879448890686, "elapsed_seconds": 102520.59870116605, "tokens_per_second": 8236.699460382644, "loss_main": 2.330010086297989, "loss_total": 2.330010086297989}
{"event": "update", "optimizer_step": 25780, "tokens_seen": 844759040, "lr": 0.0002936260282289763, "grad_norm": 0.6025064587593079, "elapsed_seconds": 102555.55530215305, "tokens_per_second": 8237.08708427485, "loss_main": 2.269640624523163, "loss_total": 2.269640624523163}
{"event": "update", "optimizer_step": 25790, "tokens_seen": 845086720, "lr": 0.00029362070872744, "grad_norm": 0.6413658857345581, "elapsed_seconds": 102590.510837937, "tokens_per_second": 8237.474529539966, "loss_main": 2.510007321834564, "loss_total": 2.510007321834564}
{"event": "update", "optimizer_step": 25800, "tokens_seen": 845414400, "lr": 0.0002936153870608055, "grad_norm": 0.6290717720985413, "elapsed_seconds": 102625.45602805301, "tokens_per_second": 8237.862541326034, "loss_main": 2.2569549828767776, "loss_total": 2.2569549828767776}
{"event": "update", "optimizer_step": 25810, "tokens_seen": 845742080, "lr": 0.0002936100632291627, "grad_norm": 0.6287252902984619, "elapsed_seconds": 102660.39512124204, "tokens_per_second": 8238.250778220538, "loss_main": 2.355746328830719, "loss_total": 2.355746328830719}
{"event": "update", "optimizer_step": 25820, "tokens_seen": 846069760, "lr": 0.00029360473723260097, "grad_norm": 0.6540904641151428, "elapsed_seconds": 102695.38832796301, "tokens_per_second": 8238.63440973642, "loss_main": 2.2658943980932236, "loss_total": 2.2658943980932236}
{"event": "update", "optimizer_step": 25830, "tokens_seen": 846397440, "lr": 0.00029359940907121014, "grad_norm": 0.8416702747344971, "elapsed_seconds": 102730.35696844803, "tokens_per_second": 8239.019750120768, "loss_main": 2.380200445652008, "loss_total": 2.380200445652008}
{"event": "update", "optimizer_step": 25840, "tokens_seen": 846725120, "lr": 0.0002935940787450798, "grad_norm": 0.5908732414245605, "elapsed_seconds": 102765.322459555, "tokens_per_second": 8239.405080767812, "loss_main": 2.2889923751354218, "loss_total": 2.2889923751354218}
{"event": "update", "optimizer_step": 25850, "tokens_seen": 847052800, "lr": 0.0002935887462542996, "grad_norm": 0.6130792498588562, "elapsed_seconds": 102800.32878594205, "tokens_per_second": 8239.786876205346, "loss_main": 2.213503450155258, "loss_total": 2.213503450155258}
{"event": "update", "optimizer_step": 25860, "tokens_seen": 847380480, "lr": 0.0002935834115989594, "grad_norm": 0.7043086886405945, "elapsed_seconds": 102835.32853579603, "tokens_per_second": 8240.1689386837, "loss_main": 2.2607363760471344, "loss_total": 2.2607363760471344}
{"event": "update", "optimizer_step": 25870, "tokens_seen": 847708160, "lr": 0.0002935780747791491, "grad_norm": 0.6241093873977661, "elapsed_seconds": 102870.35613741603, "tokens_per_second": 8240.548510084056, "loss_main": 2.278671234846115, "loss_total": 2.278671234846115}
{"event": "update", "optimizer_step": 25880, "tokens_seen": 848035840, "lr": 0.00029357273579495825, "grad_norm": 0.6452531814575195, "elapsed_seconds": 102905.33053729305, "tokens_per_second": 8240.932083617092, "loss_main": 2.3340314626693726, "loss_total": 2.3340314626693726}
{"event": "update", "optimizer_step": 25890, "tokens_seen": 848363520, "lr": 0.00029356739464647707, "grad_norm": 0.6723352074623108, "elapsed_seconds": 102940.36526089301, "tokens_per_second": 8241.310567044324, "loss_main": 2.299777090549469, "loss_total": 2.299777090549469}
{"event": "update", "optimizer_step": 25900, "tokens_seen": 848691200, "lr": 0.0002935620513337952, "grad_norm": 0.6087579131126404, "elapsed_seconds": 102975.37758320605, "tokens_per_second": 8241.690585831953, "loss_main": 2.29137846827507, "loss_total": 2.29137846827507}
{"event": "update", "optimizer_step": 25910, "tokens_seen": 849018880, "lr": 0.00029355670585700267, "grad_norm": 0.6511550545692444, "elapsed_seconds": 103010.41287172702, "tokens_per_second": 8242.068508717024, "loss_main": 2.5543187856674194, "loss_total": 2.5543187856674194}
{"event": "update", "optimizer_step": 25920, "tokens_seen": 849346560, "lr": 0.00029355135821618954, "grad_norm": 0.654906153678894, "elapsed_seconds": 103045.44690880203, "tokens_per_second": 8242.446274716964, "loss_main": 2.4072491079568863, "loss_total": 2.4072491079568863}
{"event": "update", "optimizer_step": 25930, "tokens_seen": 849674240, "lr": 0.0002935460084114457, "grad_norm": 0.6248804330825806, "elapsed_seconds": 103080.49451708404, "tokens_per_second": 8242.822698713182, "loss_main": 2.3488419353961945, "loss_total": 2.3488419353961945}
{"event": "update", "optimizer_step": 25940, "tokens_seen": 850001920, "lr": 0.00029354065644286134, "grad_norm": 0.6379966139793396, "elapsed_seconds": 103115.499152918, "tokens_per_second": 8243.202302104613, "loss_main": 2.298355132341385, "loss_total": 2.298355132341385}
{"event": "update", "optimizer_step": 25950, "tokens_seen": 850329600, "lr": 0.0002935353023105265, "grad_norm": 0.6551370620727539, "elapsed_seconds": 103150.52910663001, "tokens_per_second": 8243.579624501848, "loss_main": 2.4016758799552917, "loss_total": 2.4016758799552917}
{"event": "update", "optimizer_step": 25960, "tokens_seen": 850657280, "lr": 0.0002935299460145311, "grad_norm": 0.6621364951133728, "elapsed_seconds": 103185.637239517, "tokens_per_second": 8243.950444628585, "loss_main": 2.4816718995571136, "loss_total": 2.4816718995571136}
{"event": "update", "optimizer_step": 25970, "tokens_seen": 850984960, "lr": 0.0002935245875549656, "grad_norm": 0.6395865082740784, "elapsed_seconds": 103220.63460670202, "tokens_per_second": 8244.329859455702, "loss_main": 2.368803381919861, "loss_total": 2.368803381919861}
{"event": "update", "optimizer_step": 25980, "tokens_seen": 851312640, "lr": 0.0002935192269319201, "grad_norm": 1.0447558164596558, "elapsed_seconds": 103255.65149751602, "tokens_per_second": 8244.7074581722, "loss_main": 2.39291812479496, "loss_total": 2.39291812479496}
{"event": "update", "optimizer_step": 25990, "tokens_seen": 851640320, "lr": 0.0002935138641454848, "grad_norm": 0.6549894213676453, "elapsed_seconds": 103290.66639657505, "tokens_per_second": 8245.084959856926, "loss_main": 2.3518139123916626, "loss_total": 2.3518139123916626}
{"event": "update", "optimizer_step": 26000, "tokens_seen": 851968000, "lr": 0.00029350849919575, "grad_norm": 0.6229526400566101, "elapsed_seconds": 103325.63818966603, "tokens_per_second": 8245.465645574966, "loss_main": 2.5368166863918304, "loss_total": 2.5368166863918304}
{"event": "update", "optimizer_step": 26010, "tokens_seen": 852295680, "lr": 0.00029350313208280604, "grad_norm": 0.660902738571167, "elapsed_seconds": 103360.70494245901, "tokens_per_second": 8245.838498048883, "loss_main": 2.205209195613861, "loss_total": 2.205209195613861}
{"event": "update", "optimizer_step": 26020, "tokens_seen": 852623360, "lr": 0.0002934977628067432, "grad_norm": 0.6503816246986389, "elapsed_seconds": 103395.70213970402, "tokens_per_second": 8246.21664494304, "loss_main": 2.6074788868427277, "loss_total": 2.6074788868427277}
{"event": "update", "optimizer_step": 26030, "tokens_seen": 852951040, "lr": 0.00029349239136765184, "grad_norm": 0.6572619080543518, "elapsed_seconds": 103430.67344669002, "tokens_per_second": 8246.596600181916, "loss_main": 2.546581894159317, "loss_total": 2.546581894159317}
{"event": "update", "optimizer_step": 26040, "tokens_seen": 853278720, "lr": 0.00029348701776562257, "grad_norm": 0.615562915802002, "elapsed_seconds": 103465.66381866403, "tokens_per_second": 8246.97477895153, "loss_main": 2.3206269443035126, "loss_total": 2.3206269443035126}
{"event": "update", "optimizer_step": 26050, "tokens_seen": 853606400, "lr": 0.0002934816420007456, "grad_norm": 0.6503060460090637, "elapsed_seconds": 103500.67253082903, "tokens_per_second": 8247.351240599352, "loss_main": 2.0997732132673264, "loss_total": 2.0997732132673264}
{"event": "update", "optimizer_step": 26060, "tokens_seen": 853934080, "lr": 0.00029347626407311156, "grad_norm": 0.6741231679916382, "elapsed_seconds": 103535.66832348902, "tokens_per_second": 8247.728476837088, "loss_main": 2.406430810689926, "loss_total": 2.406430810689926}
{"event": "update", "optimizer_step": 26070, "tokens_seen": 854261760, "lr": 0.0002934708839828109, "grad_norm": 0.6961899399757385, "elapsed_seconds": 103570.640402149, "tokens_per_second": 8248.107346667279, "loss_main": 2.370256692171097, "loss_total": 2.370256692171097}
{"event": "update", "optimizer_step": 26080, "tokens_seen": 854589440, "lr": 0.0002934655017299342, "grad_norm": 0.6394187808036804, "elapsed_seconds": 103605.62534963002, "tokens_per_second": 8248.484936180657, "loss_main": 2.310019701719284, "loss_total": 2.310019701719284}
{"event": "update", "optimizer_step": 26090, "tokens_seen": 854917120, "lr": 0.00029346011731457217, "grad_norm": 0.674584686756134, "elapsed_seconds": 103640.588561207, "tokens_per_second": 8248.864000758851, "loss_main": 2.415507808327675, "loss_total": 2.415507808327675}
{"event": "update", "optimizer_step": 26100, "tokens_seen": 855244800, "lr": 0.0002934547307368154, "grad_norm": 0.6336143612861633, "elapsed_seconds": 103675.57007807604, "tokens_per_second": 8249.241353155154, "loss_main": 2.272648334503174, "loss_total": 2.272648334503174}
{"event": "update", "optimizer_step": 26110, "tokens_seen": 855572480, "lr": 0.00029344934199675447, "grad_norm": 0.7314760088920593, "elapsed_seconds": 103710.553208681, "tokens_per_second": 8249.61832262587, "loss_main": 2.456601917743683, "loss_total": 2.456601917743683}
{"event": "update", "optimizer_step": 26120, "tokens_seen": 855900160, "lr": 0.0002934439510944802, "grad_norm": 0.662051796913147, "elapsed_seconds": 103745.5486642, "tokens_per_second": 8249.994057772521, "loss_main": 2.4161655008792877, "loss_total": 2.4161655008792877}
{"event": "update", "optimizer_step": 26130, "tokens_seen": 856227840, "lr": 0.0002934385580300832, "grad_norm": 0.6283407807350159, "elapsed_seconds": 103780.52440676105, "tokens_per_second": 8250.371106664199, "loss_main": 2.3107528388500214, "loss_total": 2.3107528388500214}
{"event": "update", "optimizer_step": 26140, "tokens_seen": 856555520, "lr": 0.0002934331628036544, "grad_norm": 0.6693599224090576, "elapsed_seconds": 103815.51072878105, "tokens_per_second": 8250.74706069461, "loss_main": 2.526794582605362, "loss_total": 2.526794582605362}
{"event": "update", "optimizer_step": 26150, "tokens_seen": 856883200, "lr": 0.0002934277654152845, "grad_norm": 0.6105177998542786, "elapsed_seconds": 103850.49024478102, "tokens_per_second": 8251.123302165273, "loss_main": 2.3108982145786285, "loss_total": 2.3108982145786285}
{"event": "update", "optimizer_step": 26160, "tokens_seen": 857210880, "lr": 0.0002934223658650645, "grad_norm": 0.6417942047119141, "elapsed_seconds": 103885.47837278305, "tokens_per_second": 8251.498606224646, "loss_main": 2.43075467646122, "loss_total": 2.43075467646122}
{"event": "update", "optimizer_step": 26170, "tokens_seen": 857538560, "lr": 0.0002934169641530852, "grad_norm": 0.6792166829109192, "elapsed_seconds": 103920.45732284605, "tokens_per_second": 8251.874386348349, "loss_main": 2.381002113223076, "loss_total": 2.381002113223076}
{"event": "update", "optimizer_step": 26180, "tokens_seen": 857866240, "lr": 0.00029341156027943747, "grad_norm": 0.6157324314117432, "elapsed_seconds": 103955.41901235405, "tokens_per_second": 8252.251283774358, "loss_main": 2.330384373664856, "loss_total": 2.330384373664856}
{"event": "update", "optimizer_step": 26190, "tokens_seen": 858193920, "lr": 0.0002934061542442123, "grad_norm": 0.8435325026512146, "elapsed_seconds": 103990.37412354205, "tokens_per_second": 8252.628449826072, "loss_main": 2.3913989067077637, "loss_total": 2.3913989067077637}
{"event": "update", "optimizer_step": 26200, "tokens_seen": 858521600, "lr": 0.00029340074604750077, "grad_norm": 0.6490158438682556, "elapsed_seconds": 104025.33880142, "tokens_per_second": 8253.004603415728, "loss_main": 2.372731178998947, "loss_total": 2.372731178998947}
{"event": "update", "optimizer_step": 26210, "tokens_seen": 858849280, "lr": 0.00029339533568939393, "grad_norm": 0.6195091009140015, "elapsed_seconds": 104060.31456045201, "tokens_per_second": 8253.379625342826, "loss_main": 2.222035437822342, "loss_total": 2.222035437822342}
{"event": "update", "optimizer_step": 26220, "tokens_seen": 859176960, "lr": 0.00029338992316998275, "grad_norm": 0.6804616451263428, "elapsed_seconds": 104095.28808022704, "tokens_per_second": 8253.754572808577, "loss_main": 2.142080157995224, "loss_total": 2.142080157995224}
{"event": "update", "optimizer_step": 26230, "tokens_seen": 859504640, "lr": 0.0002933845084893584, "grad_norm": 0.6641785502433777, "elapsed_seconds": 104130.29334060504, "tokens_per_second": 8254.12675241971, "loss_main": 2.3307151198387146, "loss_total": 2.3307151198387146}
{"event": "update", "optimizer_step": 26240, "tokens_seen": 859832320, "lr": 0.000293379091647612, "grad_norm": 0.6567241549491882, "elapsed_seconds": 104165.35238356603, "tokens_per_second": 8254.494419928196, "loss_main": 2.3343541026115417, "loss_total": 2.3343541026115417}
{"event": "update", "optimizer_step": 26250, "tokens_seen": 860160000, "lr": 0.0002933736726448348, "grad_norm": 0.6966535449028015, "elapsed_seconds": 104200.31125823304, "tokens_per_second": 8254.86977546852, "loss_main": 2.4155203849077225, "loss_total": 2.4155203849077225}
{"event": "update", "optimizer_step": 26260, "tokens_seen": 860487680, "lr": 0.00029336825148111785, "grad_norm": 0.6404518485069275, "elapsed_seconds": 104235.29872521601, "tokens_per_second": 8255.24261477303, "loss_main": 2.4300288259983063, "loss_total": 2.4300288259983063}
{"event": "update", "optimizer_step": 26270, "tokens_seen": 860815360, "lr": 0.0002933628281565527, "grad_norm": 0.7391425967216492, "elapsed_seconds": 104270.33212095505, "tokens_per_second": 8255.611567453741, "loss_main": 2.1589618623256683, "loss_total": 2.1589618623256683}
{"event": "update", "optimizer_step": 26280, "tokens_seen": 861143040, "lr": 0.0002933574026712303, "grad_norm": 0.6656134724617004, "elapsed_seconds": 104305.31848329504, "tokens_per_second": 8255.98399508186, "loss_main": 2.3788250386714935, "loss_total": 2.3788250386714935}
{"event": "update", "optimizer_step": 26290, "tokens_seen": 861470720, "lr": 0.00029335197502524226, "grad_norm": 0.6243367195129395, "elapsed_seconds": 104340.27701398503, "tokens_per_second": 8256.35837524693, "loss_main": 2.274818032979965, "loss_total": 2.274818032979965}
{"event": "update", "optimizer_step": 26300, "tokens_seen": 861798400, "lr": 0.00029334654521867977, "grad_norm": 0.6547715663909912, "elapsed_seconds": 104375.27314967703, "tokens_per_second": 8256.729529839478, "loss_main": 2.412470579147339, "loss_total": 2.412470579147339}
{"event": "update", "optimizer_step": 26310, "tokens_seen": 862126080, "lr": 0.00029334111325163433, "grad_norm": 0.8326671719551086, "elapsed_seconds": 104410.219665821, "tokens_per_second": 8257.1043597011, "loss_main": 2.4046446084976196, "loss_total": 2.4046446084976196}
{"event": "update", "optimizer_step": 26320, "tokens_seen": 862453760, "lr": 0.00029333567912419724, "grad_norm": 0.6088728904724121, "elapsed_seconds": 104445.201592797, "tokens_per_second": 8257.476139138196, "loss_main": 2.240555226802826, "loss_total": 2.240555226802826}
{"event": "update", "optimizer_step": 26330, "tokens_seen": 862781440, "lr": 0.0002933302428364602, "grad_norm": 0.6810978055000305, "elapsed_seconds": 104480.14860445802, "tokens_per_second": 8257.850429236338, "loss_main": 2.478205978870392, "loss_total": 2.478205978870392}
{"event": "update", "optimizer_step": 26340, "tokens_seen": 863109120, "lr": 0.00029332480438851454, "grad_norm": 0.6673550605773926, "elapsed_seconds": 104515.10162481503, "tokens_per_second": 8258.22399425455, "loss_main": 2.40680068731308, "loss_total": 2.40680068731308}
{"event": "update", "optimizer_step": 26350, "tokens_seen": 863436800, "lr": 0.00029331936378045173, "grad_norm": 0.6239634156227112, "elapsed_seconds": 104550.04370004305, "tokens_per_second": 8258.598174068908, "loss_main": 2.4396266043186188, "loss_total": 2.4396266043186188}
{"event": "update", "optimizer_step": 26360, "tokens_seen": 863764480, "lr": 0.0002933139210123636, "grad_norm": 0.6078159809112549, "elapsed_seconds": 104585.04005683505, "tokens_per_second": 8258.96781729587, "loss_main": 2.436925157904625, "loss_total": 2.436925157904625}
{"event": "update", "optimizer_step": 26370, "tokens_seen": 864092160, "lr": 0.0002933084760843417, "grad_norm": 0.6471867561340332, "elapsed_seconds": 104619.99817121204, "tokens_per_second": 8259.340232312961, "loss_main": 2.4462192952632904, "loss_total": 2.4462192952632904}
{"event": "update", "optimizer_step": 26380, "tokens_seen": 864419840, "lr": 0.0002933030289964775, "grad_norm": 1.2462564706802368, "elapsed_seconds": 104654.97072477301, "tokens_per_second": 8259.711258945315, "loss_main": 2.505418360233307, "loss_total": 2.505418360233307}
{"event": "update", "optimizer_step": 26390, "tokens_seen": 864747520, "lr": 0.00029329757974886294, "grad_norm": 0.7117871642112732, "elapsed_seconds": 104689.96286475402, "tokens_per_second": 8260.080492311787, "loss_main": 2.31012499332428, "loss_total": 2.31012499332428}
{"event": "update", "optimizer_step": 26400, "tokens_seen": 865075200, "lr": 0.00029329212834158954, "grad_norm": 0.636128842830658, "elapsed_seconds": 104724.944658124, "tokens_per_second": 8260.45029504718, "loss_main": 2.335604503750801, "loss_total": 2.335604503750801}
{"event": "update", "optimizer_step": 26410, "tokens_seen": 865402880, "lr": 0.00029328667477474923, "grad_norm": 0.6779457330703735, "elapsed_seconds": 104759.92029665702, "tokens_per_second": 8260.820336149261, "loss_main": 2.3827908784151077, "loss_total": 2.3827908784151077}
{"event": "update", "optimizer_step": 26420, "tokens_seen": 865730560, "lr": 0.00029328121904843374, "grad_norm": 0.6407155990600586, "elapsed_seconds": 104794.87982434902, "tokens_per_second": 8261.191400296335, "loss_main": 2.3279848098754883, "loss_total": 2.3279848098754883}
{"event": "update", "optimizer_step": 26430, "tokens_seen": 866058240, "lr": 0.0002932757611627349, "grad_norm": 0.6250215768814087, "elapsed_seconds": 104829.84295878, "tokens_per_second": 8261.56193270786, "loss_main": 2.3600049018859863, "loss_total": 2.3600049018859863}
{"event": "update", "optimizer_step": 26440, "tokens_seen": 866385920, "lr": 0.00029327030111774455, "grad_norm": 0.6480323076248169, "elapsed_seconds": 104864.79484012304, "tokens_per_second": 8261.933104631471, "loss_main": 2.376796618103981, "loss_total": 2.376796618103981}
{"event": "update", "optimizer_step": 26450, "tokens_seen": 866713600, "lr": 0.00029326483891355473, "grad_norm": 0.7218634486198425, "elapsed_seconds": 104899.77066873602, "tokens_per_second": 8262.302143033306, "loss_main": 2.2791969776153564, "loss_total": 2.2791969776153564}
{"event": "update", "optimizer_step": 26460, "tokens_seen": 867041280, "lr": 0.00029325937455025727, "grad_norm": 0.6570969223976135, "elapsed_seconds": 104934.70123253501, "tokens_per_second": 8262.674499626572, "loss_main": 2.25783933699131, "loss_total": 2.25783933699131}
{"event": "update", "optimizer_step": 26470, "tokens_seen": 867368960, "lr": 0.0002932539080279441, "grad_norm": 0.6804556250572205, "elapsed_seconds": 104969.66003268701, "tokens_per_second": 8263.044385681595, "loss_main": 2.390988826751709, "loss_total": 2.390988826751709}
{"event": "update", "optimizer_step": 26480, "tokens_seen": 867696640, "lr": 0.0002932484393467073, "grad_norm": 0.6131989359855652, "elapsed_seconds": 105004.58375262102, "tokens_per_second": 8263.416786110934, "loss_main": 2.202895402908325, "loss_total": 2.202895402908325}
{"event": "update", "optimizer_step": 26490, "tokens_seen": 868024320, "lr": 0.000293242968506639, "grad_norm": 0.6386030912399292, "elapsed_seconds": 105039.51579332701, "tokens_per_second": 8263.788284286285, "loss_main": 2.403321087360382, "loss_total": 2.403321087360382}
{"event": "update", "optimizer_step": 26500, "tokens_seen": 868352000, "lr": 0.0002932374955078313, "grad_norm": 0.655267059803009, "elapsed_seconds": 105074.46568412503, "tokens_per_second": 8264.158131533504, "loss_main": 2.383226215839386, "loss_total": 2.383226215839386}
{"event": "update", "optimizer_step": 26510, "tokens_seen": 868679680, "lr": 0.00029323202035037616, "grad_norm": 0.6322514414787292, "elapsed_seconds": 105109.424134981, "tokens_per_second": 8264.527059766266, "loss_main": 2.267229303717613, "loss_total": 2.267229303717613}
{"event": "update", "optimizer_step": 26520, "tokens_seen": 869007360, "lr": 0.000293226543034366, "grad_norm": 0.7952046394348145, "elapsed_seconds": 105144.40736301802, "tokens_per_second": 8264.893795061249, "loss_main": 2.45117124915123, "loss_total": 2.45117124915123}
{"event": "update", "optimizer_step": 26530, "tokens_seen": 869335040, "lr": 0.0002932210635598927, "grad_norm": 0.6355435252189636, "elapsed_seconds": 105179.37205066101, "tokens_per_second": 8265.261743350906, "loss_main": 2.3679085671901703, "loss_total": 2.3679085671901703}
{"event": "update", "optimizer_step": 26540, "tokens_seen": 869662720, "lr": 0.00029321558192704875, "grad_norm": 0.6488851308822632, "elapsed_seconds": 105214.31719075504, "tokens_per_second": 8265.630982742483, "loss_main": 2.253602623939514, "loss_total": 2.253602623939514}
{"event": "update", "optimizer_step": 26550, "tokens_seen": 869990400, "lr": 0.00029321009813592627, "grad_norm": 0.6665303111076355, "elapsed_seconds": 105249.29907880205, "tokens_per_second": 8265.997090855897, "loss_main": 2.4650295078754425, "loss_total": 2.4650295078754425}
{"event": "update", "optimizer_step": 26560, "tokens_seen": 870318080, "lr": 0.00029320461218661773, "grad_norm": 0.6904584169387817, "elapsed_seconds": 105284.276154669, "tokens_per_second": 8266.363333509078, "loss_main": 2.382631331682205, "loss_total": 2.382631331682205}
{"event": "update", "optimizer_step": 26570, "tokens_seen": 870645760, "lr": 0.0002931991240792154, "grad_norm": 0.6074334979057312, "elapsed_seconds": 105319.26200138702, "tokens_per_second": 8266.728644457591, "loss_main": 2.371324807405472, "loss_total": 2.371324807405472}
{"event": "update", "optimizer_step": 26580, "tokens_seen": 870973440, "lr": 0.0002931936338138116, "grad_norm": 0.6231592297554016, "elapsed_seconds": 105354.22427413601, "tokens_per_second": 8267.09556262017, "loss_main": 2.3913127779960632, "loss_total": 2.3913127779960632}
{"event": "update", "optimizer_step": 26590, "tokens_seen": 871301120, "lr": 0.0002931881413904988, "grad_norm": 0.728826642036438, "elapsed_seconds": 105389.16364174301, "tokens_per_second": 8267.464034176006, "loss_main": 2.2040210962295532, "loss_total": 2.2040210962295532}
{"event": "update", "optimizer_step": 26600, "tokens_seen": 871628800, "lr": 0.0002931826468093694, "grad_norm": 0.6642788648605347, "elapsed_seconds": 105424.11976058502, "tokens_per_second": 8267.830947789202, "loss_main": 2.272608071565628, "loss_total": 2.272608071565628}
{"event": "update", "optimizer_step": 26610, "tokens_seen": 871956480, "lr": 0.00029317715007051595, "grad_norm": 0.6379980444908142, "elapsed_seconds": 105459.09617483901, "tokens_per_second": 8268.196026963828, "loss_main": 2.1890136748552322, "loss_total": 2.1890136748552322}
{"event": "update", "optimizer_step": 26620, "tokens_seen": 872284160, "lr": 0.0002931716511740311, "grad_norm": 0.6399919986724854, "elapsed_seconds": 105494.213535165, "tokens_per_second": 8268.54981680333, "loss_main": 2.3877601623535156, "loss_total": 2.3877601623535156}
{"event": "update", "optimizer_step": 26630, "tokens_seen": 872611840, "lr": 0.0002931661501200071, "grad_norm": 0.6189219951629639, "elapsed_seconds": 105529.77542104304, "tokens_per_second": 8268.868539883179, "loss_main": 2.25490839779377, "loss_total": 2.25490839779377}
{"event": "update", "optimizer_step": 26640, "tokens_seen": 872939520, "lr": 0.00029316064690853693, "grad_norm": 0.6402801871299744, "elapsed_seconds": 105564.758359664, "tokens_per_second": 8269.232398807326, "loss_main": 2.316809579730034, "loss_total": 2.316809579730034}
{"event": "update", "optimizer_step": 26650, "tokens_seen": 873267200, "lr": 0.0002931551415397129, "grad_norm": 0.675017774105072, "elapsed_seconds": 105599.737394928, "tokens_per_second": 8269.596322328955, "loss_main": 2.5142549574375153, "loss_total": 2.5142549574375153}
{"event": "update", "optimizer_step": 26660, "tokens_seen": 873594880, "lr": 0.0002931496340136279, "grad_norm": 0.6424346566200256, "elapsed_seconds": 105634.69757555, "tokens_per_second": 8269.961480934846, "loss_main": 2.341343969106674, "loss_total": 2.341343969106674}
{"event": "update", "optimizer_step": 26670, "tokens_seen": 873922560, "lr": 0.0002931441243303744, "grad_norm": 0.6094587445259094, "elapsed_seconds": 105669.642201573, "tokens_per_second": 8270.327615313821, "loss_main": 2.3414861112833023, "loss_total": 2.3414861112833023}
{"event": "update", "optimizer_step": 26680, "tokens_seen": 874250240, "lr": 0.0002931386124900454, "grad_norm": 0.6095638871192932, "elapsed_seconds": 105704.61913028103, "tokens_per_second": 8270.690980140478, "loss_main": 2.2780755907297134, "loss_total": 2.2780755907297134}
{"event": "update", "optimizer_step": 26690, "tokens_seen": 874577920, "lr": 0.0002931330984927336, "grad_norm": 0.6214224100112915, "elapsed_seconds": 105739.586876271, "tokens_per_second": 8271.05482285806, "loss_main": 2.372858941555023, "loss_total": 2.372858941555023}
{"event": "update", "optimizer_step": 26700, "tokens_seen": 874905600, "lr": 0.0002931275823385318, "grad_norm": 0.6352173089981079, "elapsed_seconds": 105774.56560819503, "tokens_per_second": 8271.417565927735, "loss_main": 2.324518695473671, "loss_total": 2.324518695473671}
{"event": "update", "optimizer_step": 26710, "tokens_seen": 875233280, "lr": 0.0002931220640275329, "grad_norm": 0.6525511741638184, "elapsed_seconds": 105809.50956283201, "tokens_per_second": 8271.782787919145, "loss_main": 2.240323632955551, "loss_total": 2.240323632955551}
{"event": "update", "optimizer_step": 26720, "tokens_seen": 875560960, "lr": 0.0002931165435598296, "grad_norm": 0.9244714975357056, "elapsed_seconds": 105844.44589750405, "tokens_per_second": 8272.148364287927, "loss_main": 2.6790699660778046, "loss_total": 2.6790699660778046}
{"event": "update", "optimizer_step": 26730, "tokens_seen": 875888640, "lr": 0.000293111020935515, "grad_norm": 0.6587720513343811, "elapsed_seconds": 105879.40878477704, "tokens_per_second": 8272.511624809262, "loss_main": 2.558946654200554, "loss_total": 2.558946654200554}
{"event": "update", "optimizer_step": 26740, "tokens_seen": 876216320, "lr": 0.0002931054961546821, "grad_norm": 0.6252827048301697, "elapsed_seconds": 105914.35587594903, "tokens_per_second": 8272.875879321386, "loss_main": 2.340582996606827, "loss_total": 2.340582996606827}
{"event": "update", "optimizer_step": 26750, "tokens_seen": 876544000, "lr": 0.0002930999692174239, "grad_norm": 0.6360083818435669, "elapsed_seconds": 105949.32500066503, "tokens_per_second": 8273.238173008634, "loss_main": 2.3634666204452515, "loss_total": 2.3634666204452515}
{"event": "update", "optimizer_step": 26760, "tokens_seen": 876871680, "lr": 0.00029309444012383325, "grad_norm": 0.6437233090400696, "elapsed_seconds": 105984.293033269, "tokens_per_second": 8273.600312876037, "loss_main": 2.4367288798093796, "loss_total": 2.4367288798093796}
{"event": "update", "optimizer_step": 26770, "tokens_seen": 877199360, "lr": 0.00029308890887400345, "grad_norm": 0.6453609466552734, "elapsed_seconds": 106019.266854649, "tokens_per_second": 8273.961762088287, "loss_main": 2.4389887750148773, "loss_total": 2.4389887750148773}
{"event": "update", "optimizer_step": 26780, "tokens_seen": 877527040, "lr": 0.0002930833754680274, "grad_norm": 0.6117005348205566, "elapsed_seconds": 106054.211950091, "tokens_per_second": 8274.325214098646, "loss_main": 2.2741487324237823, "loss_total": 2.2741487324237823}
{"event": "update", "optimizer_step": 26790, "tokens_seen": 877854720, "lr": 0.00029307783990599847, "grad_norm": 0.6384692788124084, "elapsed_seconds": 106089.14927374804, "tokens_per_second": 8274.68903285123, "loss_main": 2.3219696283340454, "loss_total": 2.3219696283340454}
{"event": "update", "optimizer_step": 26800, "tokens_seen": 878182400, "lr": 0.00029307230218800955, "grad_norm": 0.6586380004882812, "elapsed_seconds": 106124.19798219204, "tokens_per_second": 8275.043926808867, "loss_main": 2.305439293384552, "loss_total": 2.305439293384552}
{"event": "update", "optimizer_step": 26810, "tokens_seen": 878510080, "lr": 0.0002930667623141542, "grad_norm": 0.6352730989456177, "elapsed_seconds": 106159.16951541201, "tokens_per_second": 8275.404602448962, "loss_main": 2.4104271829128265, "loss_total": 2.4104271829128265}
{"event": "update", "optimizer_step": 26820, "tokens_seen": 878837760, "lr": 0.0002930612202845254, "grad_norm": 0.614924430847168, "elapsed_seconds": 106194.10614819505, "tokens_per_second": 8275.767760346062, "loss_main": 2.4503155648708344, "loss_total": 2.4503155648708344}
{"event": "update", "optimizer_step": 26830, "tokens_seen": 879165440, "lr": 0.0002930556760992165, "grad_norm": 0.642022967338562, "elapsed_seconds": 106229.05496981402, "tokens_per_second": 8276.129729760121, "loss_main": 2.364402338862419, "loss_total": 2.364402338862419}
{"event": "update", "optimizer_step": 26840, "tokens_seen": 879493120, "lr": 0.00029305012975832094, "grad_norm": 0.633574366569519, "elapsed_seconds": 106263.99972334405, "tokens_per_second": 8276.491777927997, "loss_main": 2.296667903661728, "loss_total": 2.296667903661728}
{"event": "update", "optimizer_step": 26850, "tokens_seen": 879820800, "lr": 0.00029304458126193204, "grad_norm": 0.6215147972106934, "elapsed_seconds": 106298.93216792902, "tokens_per_second": 8276.854546479131, "loss_main": 2.2511997520923615, "loss_total": 2.2511997520923615}
{"event": "update", "optimizer_step": 26860, "tokens_seen": 880148480, "lr": 0.00029303903061014304, "grad_norm": 0.7312614321708679, "elapsed_seconds": 106333.87575275102, "tokens_per_second": 8277.216209503482, "loss_main": 2.4398851692676544, "loss_total": 2.4398851692676544}
{"event": "update", "optimizer_step": 26870, "tokens_seen": 880476160, "lr": 0.0002930334778030476, "grad_norm": 0.6697907447814941, "elapsed_seconds": 106368.824138664, "tokens_per_second": 8277.577261286615, "loss_main": 2.39489021897316, "loss_total": 2.39489021897316}
{"event": "update", "optimizer_step": 26880, "tokens_seen": 880803840, "lr": 0.0002930279228407391, "grad_norm": 0.6395344734191895, "elapsed_seconds": 106403.76595221204, "tokens_per_second": 8277.93858720739, "loss_main": 2.213927835226059, "loss_total": 2.213927835226059}
{"event": "update", "optimizer_step": 26890, "tokens_seen": 881131520, "lr": 0.0002930223657233111, "grad_norm": 0.6107479929924011, "elapsed_seconds": 106438.676108015, "tokens_per_second": 8278.302138085775, "loss_main": 2.242334082722664, "loss_total": 2.242334082722664}
{"event": "update", "optimizer_step": 26900, "tokens_seen": 881459200, "lr": 0.00029301680645085694, "grad_norm": 0.6214162707328796, "elapsed_seconds": 106473.617313174, "tokens_per_second": 8278.663036377715, "loss_main": 2.2331955432891846, "loss_total": 2.2331955432891846}
{"event": "update", "optimizer_step": 26910, "tokens_seen": 881786880, "lr": 0.0002930112450234704, "grad_norm": 0.6377939581871033, "elapsed_seconds": 106508.53525337705, "tokens_per_second": 8279.025506287218, "loss_main": 2.38774836063385, "loss_total": 2.38774836063385}
{"event": "update", "optimizer_step": 26920, "tokens_seen": 882114560, "lr": 0.00029300568144124506, "grad_norm": 0.6441900730133057, "elapsed_seconds": 106543.48446738301, "tokens_per_second": 8279.385308353123, "loss_main": 2.4309126436710358, "loss_total": 2.4309126436710358}
{"event": "update", "optimizer_step": 26930, "tokens_seen": 882442240, "lr": 0.0002930001157042746, "grad_norm": 0.7214285135269165, "elapsed_seconds": 106578.45607251005, "tokens_per_second": 8279.743134950608, "loss_main": 2.3508267998695374, "loss_total": 2.3508267998695374}
{"event": "update", "optimizer_step": 26940, "tokens_seen": 882769920, "lr": 0.00029299454781265264, "grad_norm": 0.6667938828468323, "elapsed_seconds": 106613.40820450004, "tokens_per_second": 8280.102239173508, "loss_main": 2.4000271558761597, "loss_total": 2.4000271558761597}
{"event": "update", "optimizer_step": 26950, "tokens_seen": 883097600, "lr": 0.0002929889777664729, "grad_norm": 0.6428001523017883, "elapsed_seconds": 106648.35487377702, "tokens_per_second": 8280.461532155696, "loss_main": 2.2762606739997864, "loss_total": 2.2762606739997864}
{"event": "update", "optimizer_step": 26960, "tokens_seen": 883425280, "lr": 0.0002929834055658292, "grad_norm": 0.6582037806510925, "elapsed_seconds": 106683.30917441502, "tokens_per_second": 8280.819997397162, "loss_main": 2.379026383161545, "loss_total": 2.379026383161545}
{"event": "update", "optimizer_step": 26970, "tokens_seen": 883752960, "lr": 0.0002929778312108153, "grad_norm": 0.6315960884094238, "elapsed_seconds": 106718.25909408502, "tokens_per_second": 8281.17856777316, "loss_main": 2.1620581448078156, "loss_total": 2.1620581448078156}
{"event": "update", "optimizer_step": 26980, "tokens_seen": 884080640, "lr": 0.000292972254701525, "grad_norm": 0.6463754773139954, "elapsed_seconds": 106753.228454308, "tokens_per_second": 8281.535395235376, "loss_main": 2.3183636218309402, "loss_total": 2.3183636218309402}
{"event": "update", "optimizer_step": 26990, "tokens_seen": 884408320, "lr": 0.0002929666760380522, "grad_norm": 0.6445267200469971, "elapsed_seconds": 106788.18912131403, "tokens_per_second": 8281.892663197896, "loss_main": 2.5703980326652527, "loss_total": 2.5703980326652527}
{"event": "update", "optimizer_step": 27000, "tokens_seen": 884736000, "lr": 0.000292961095220491, "grad_norm": 0.6697501540184021, "elapsed_seconds": 106823.13380358904, "tokens_per_second": 8282.250936643788, "loss_main": 2.0620899498462677, "loss_total": 2.0620899498462677}
{"event": "update", "optimizer_step": 27010, "tokens_seen": 885063680, "lr": 0.000292955512248935, "grad_norm": 0.618829607963562, "elapsed_seconds": 106858.09972709004, "tokens_per_second": 8282.607329349914, "loss_main": 2.2264932096004486, "loss_total": 2.2264932096004486}
{"event": "update", "optimizer_step": 27020, "tokens_seen": 885391360, "lr": 0.0002929499271234784, "grad_norm": 0.6983330845832825, "elapsed_seconds": 106893.09198267502, "tokens_per_second": 8282.961448467617, "loss_main": 2.301860362291336, "loss_total": 2.301860362291336}
{"event": "update", "optimizer_step": 27030, "tokens_seen": 885719040, "lr": 0.0002929443398442151, "grad_norm": 0.6189706921577454, "elapsed_seconds": 106928.07546813501, "tokens_per_second": 8283.316015202647, "loss_main": 2.1570010036230087, "loss_total": 2.1570010036230087}
{"event": "update", "optimizer_step": 27040, "tokens_seen": 886046720, "lr": 0.0002929387504112393, "grad_norm": 0.6943098902702332, "elapsed_seconds": 106963.03237639705, "tokens_per_second": 8283.672408258304, "loss_main": 2.626944422721863, "loss_total": 2.626944422721863}
{"event": "update", "optimizer_step": 27050, "tokens_seen": 886374400, "lr": 0.00029293315882464495, "grad_norm": 0.6372452974319458, "elapsed_seconds": 106997.97391418903, "tokens_per_second": 8284.029758459357, "loss_main": 2.3956480622291565, "loss_total": 2.3956480622291565}
{"event": "update", "optimizer_step": 27060, "tokens_seen": 886702080, "lr": 0.0002929275650845263, "grad_norm": 1.2130789756774902, "elapsed_seconds": 107032.94864865602, "tokens_per_second": 8284.384305908161, "loss_main": 2.310899570584297, "loss_total": 2.310899570584297}
{"event": "update", "optimizer_step": 27070, "tokens_seen": 887029760, "lr": 0.0002929219691909774, "grad_norm": 0.6318307518959045, "elapsed_seconds": 107067.97632059705, "tokens_per_second": 8284.734525512451, "loss_main": 2.3351390808820724, "loss_total": 2.3351390808820724}
{"event": "update", "optimizer_step": 27080, "tokens_seen": 887357440, "lr": 0.0002929163711440924, "grad_norm": 0.6418551802635193, "elapsed_seconds": 107102.92455304804, "tokens_per_second": 8285.09066118444, "loss_main": 2.4241937696933746, "loss_total": 2.4241937696933746}
{"event": "update", "optimizer_step": 27090, "tokens_seen": 887685120, "lr": 0.00029291077094396563, "grad_norm": 0.6427386999130249, "elapsed_seconds": 107137.87002437701, "tokens_per_second": 8285.446778044266, "loss_main": 2.393227905035019, "loss_total": 2.393227905035019}
{"event": "update", "optimizer_step": 27100, "tokens_seen": 888012800, "lr": 0.0002929051685906914, "grad_norm": 0.6738958954811096, "elapsed_seconds": 107172.80575467803, "tokens_per_second": 8285.803415772183, "loss_main": 2.456471771001816, "loss_total": 2.456471771001816}
{"event": "update", "optimizer_step": 27110, "tokens_seen": 888340480, "lr": 0.00029289956408436396, "grad_norm": 0.6469000577926636, "elapsed_seconds": 107207.73454264703, "tokens_per_second": 8286.160357643039, "loss_main": 2.459961712360382, "loss_total": 2.459961712360382}
{"event": "update", "optimizer_step": 27120, "tokens_seen": 888668160, "lr": 0.0002928939574250776, "grad_norm": 0.6506856679916382, "elapsed_seconds": 107242.709551715, "tokens_per_second": 8286.513495553401, "loss_main": 2.4423040747642517, "loss_total": 2.4423040747642517}
{"event": "update", "optimizer_step": 27130, "tokens_seen": 888995840, "lr": 0.00029288834861292677, "grad_norm": 0.6501343846321106, "elapsed_seconds": 107277.63455473504, "tokens_per_second": 8286.870266014468, "loss_main": 2.4767111241817474, "loss_total": 2.4767111241817474}
{"event": "update", "optimizer_step": 27140, "tokens_seen": 889323520, "lr": 0.0002928827376480059, "grad_norm": 0.659600555896759, "elapsed_seconds": 107312.60097663803, "tokens_per_second": 8287.223605675217, "loss_main": 2.5288524329662323, "loss_total": 2.5288524329662323}
{"event": "update", "optimizer_step": 27150, "tokens_seen": 889651200, "lr": 0.0002928771245304094, "grad_norm": 0.6206898093223572, "elapsed_seconds": 107347.562167542, "tokens_per_second": 8287.577118998592, "loss_main": 2.1488156914711, "loss_total": 2.1488156914711}
{"event": "update", "optimizer_step": 27160, "tokens_seen": 889978880, "lr": 0.00029287150926023174, "grad_norm": 0.6458125114440918, "elapsed_seconds": 107382.50800900202, "tokens_per_second": 8287.93158682224, "loss_main": 2.418700009584427, "loss_total": 2.418700009584427}
{"event": "update", "optimizer_step": 27170, "tokens_seen": 890306560, "lr": 0.00029286589183756746, "grad_norm": 0.621564507484436, "elapsed_seconds": 107417.47073121404, "tokens_per_second": 8288.284521498132, "loss_main": 2.257259041070938, "loss_total": 2.257259041070938}
{"event": "update", "optimizer_step": 27180, "tokens_seen": 890634240, "lr": 0.0002928602722625111, "grad_norm": 0.6725940108299255, "elapsed_seconds": 107452.438304674, "tokens_per_second": 8288.636852284988, "loss_main": 2.440286412835121, "loss_total": 2.440286412835121}
{"event": "update", "optimizer_step": 27190, "tokens_seen": 890961920, "lr": 0.00029285465053515737, "grad_norm": 0.6065551042556763, "elapsed_seconds": 107487.40421377501, "tokens_per_second": 8288.989082181399, "loss_main": 2.222980782389641, "loss_total": 2.222980782389641}
{"event": "update", "optimizer_step": 27200, "tokens_seen": 891289600, "lr": 0.00029284902665560066, "grad_norm": 0.6048475503921509, "elapsed_seconds": 107522.380263531, "tokens_per_second": 8289.340301205219, "loss_main": 2.1590915620326996, "loss_total": 2.1590915620326996}
{"event": "update", "optimizer_step": 27210, "tokens_seen": 891617280, "lr": 0.0002928434006239359, "grad_norm": 0.6208047270774841, "elapsed_seconds": 107557.31831183605, "tokens_per_second": 8289.694220666366, "loss_main": 2.3947096168994904, "loss_total": 2.3947096168994904}
{"event": "update", "optimizer_step": 27220, "tokens_seen": 891944960, "lr": 0.0002928377724402577, "grad_norm": 0.6410796046257019, "elapsed_seconds": 107592.29659071704, "tokens_per_second": 8290.044810484658, "loss_main": 2.4138077199459076, "loss_total": 2.4138077199459076}
{"event": "update", "optimizer_step": 27230, "tokens_seen": 892272640, "lr": 0.00029283214210466075, "grad_norm": 0.659176766872406, "elapsed_seconds": 107627.29215905204, "tokens_per_second": 8290.39384063845, "loss_main": 2.572449415922165, "loss_total": 2.572449415922165}
{"event": "update", "optimizer_step": 27240, "tokens_seen": 892600320, "lr": 0.00029282650961723973, "grad_norm": 0.6237740516662598, "elapsed_seconds": 107662.25475074002, "tokens_per_second": 8290.745183319363, "loss_main": 2.3796577155590057, "loss_total": 2.3796577155590057}
{"event": "update", "optimizer_step": 27250, "tokens_seen": 892928000, "lr": 0.0002928208749780897, "grad_norm": 0.6555922627449036, "elapsed_seconds": 107697.23819579103, "tokens_per_second": 8291.09469248114, "loss_main": 2.3887638598680496, "loss_total": 2.3887638598680496}
{"event": "update", "optimizer_step": 27260, "tokens_seen": 893255680, "lr": 0.00029281523818730547, "grad_norm": 0.6647771000862122, "elapsed_seconds": 107732.20003403502, "tokens_per_second": 8291.445637588395, "loss_main": 2.400322139263153, "loss_total": 2.400322139263153}
{"event": "update", "optimizer_step": 27270, "tokens_seen": 893583360, "lr": 0.00029280959924498176, "grad_norm": 0.6420750617980957, "elapsed_seconds": 107767.13208185701, "tokens_per_second": 8291.798647116806, "loss_main": 2.3665134012699127, "loss_total": 2.3665134012699127}
{"event": "update", "optimizer_step": 27280, "tokens_seen": 893911040, "lr": 0.00029280395815121354, "grad_norm": 0.6611747741699219, "elapsed_seconds": 107802.11229865503, "tokens_per_second": 8292.147722704249, "loss_main": 2.4094696044921875, "loss_total": 2.4094696044921875}
{"event": "update", "optimizer_step": 27290, "tokens_seen": 894238720, "lr": 0.0002927983149060959, "grad_norm": 0.6294140815734863, "elapsed_seconds": 107837.07371308003, "tokens_per_second": 8292.498017697359, "loss_main": 2.4652983844280243, "loss_total": 2.4652983844280243}
{"event": "update", "optimizer_step": 27300, "tokens_seen": 894566400, "lr": 0.00029279266950972365, "grad_norm": 0.6291239857673645, "elapsed_seconds": 107872.06267640105, "tokens_per_second": 8292.845967760497, "loss_main": 2.4052451848983765, "loss_total": 2.4052451848983765}
{"event": "update", "optimizer_step": 27310, "tokens_seen": 894894080, "lr": 0.0002927870219621919, "grad_norm": 0.6289589405059814, "elapsed_seconds": 107907.02151220303, "tokens_per_second": 8293.196007627714, "loss_main": 2.24866583943367, "loss_total": 2.24866583943367}
{"event": "update", "optimizer_step": 27320, "tokens_seen": 895221760, "lr": 0.0002927813722635958, "grad_norm": 0.627949059009552, "elapsed_seconds": 107941.98194655002, "tokens_per_second": 8293.545697940675, "loss_main": 2.0775531828403473, "loss_total": 2.0775531828403473}
{"event": "update", "optimizer_step": 27330, "tokens_seen": 895549440, "lr": 0.0002927757204140304, "grad_norm": 0.6224824786186218, "elapsed_seconds": 107976.93130306702, "tokens_per_second": 8293.896012717694, "loss_main": 2.4111948013305664, "loss_total": 2.4111948013305664}
{"event": "update", "optimizer_step": 27340, "tokens_seen": 895877120, "lr": 0.0002927700664135908, "grad_norm": 0.67413330078125, "elapsed_seconds": 108011.86438657402, "tokens_per_second": 8294.247350399022, "loss_main": 2.3410839438438416, "loss_total": 2.3410839438438416}
{"event": "update", "optimizer_step": 27350, "tokens_seen": 896204800, "lr": 0.0002927644102623721, "grad_norm": 0.6590041518211365, "elapsed_seconds": 108046.86206220504, "tokens_per_second": 8294.593502253074, "loss_main": 2.284091293811798, "loss_total": 2.284091293811798}
{"event": "update", "optimizer_step": 27360, "tokens_seen": 896532480, "lr": 0.00029275875196046965, "grad_norm": 0.6630183458328247, "elapsed_seconds": 108081.787155886, "tokens_per_second": 8294.945000372118, "loss_main": 2.4500366747379303, "loss_total": 2.4500366747379303}
{"event": "update", "optimizer_step": 27370, "tokens_seen": 896860160, "lr": 0.0002927530915079787, "grad_norm": 0.6554638147354126, "elapsed_seconds": 108116.74411753501, "tokens_per_second": 8295.293826319932, "loss_main": 2.410614550113678, "loss_total": 2.410614550113678}
{"event": "update", "optimizer_step": 27380, "tokens_seen": 897187840, "lr": 0.0002927474289049944, "grad_norm": 0.6376472115516663, "elapsed_seconds": 108151.68233333202, "tokens_per_second": 8295.643864649246, "loss_main": 2.3893058598041534, "loss_total": 2.3893058598041534}
{"event": "update", "optimizer_step": 27390, "tokens_seen": 897515520, "lr": 0.0002927417641516122, "grad_norm": 0.6256071925163269, "elapsed_seconds": 108186.63980343804, "tokens_per_second": 8295.992200429522, "loss_main": 2.2635918110609055, "loss_total": 2.2635918110609055}
{"event": "update", "optimizer_step": 27400, "tokens_seen": 897843200, "lr": 0.0002927360972479274, "grad_norm": 0.6492390036582947, "elapsed_seconds": 108221.61713719805, "tokens_per_second": 8296.338788411917, "loss_main": 2.1826930344104767, "loss_total": 2.1826930344104767}
{"event": "update", "optimizer_step": 27410, "tokens_seen": 898170880, "lr": 0.0002927304281940354, "grad_norm": 0.6174940466880798, "elapsed_seconds": 108256.55583076004, "tokens_per_second": 8296.68811378159, "loss_main": 2.44363996386528, "loss_total": 2.44363996386528}
{"event": "update", "optimizer_step": 27420, "tokens_seen": 898498560, "lr": 0.0002927247569900316, "grad_norm": 0.6611067056655884, "elapsed_seconds": 108291.523757532, "tokens_per_second": 8297.03497396311, "loss_main": 2.4482950270175934, "loss_total": 2.4482950270175934}
{"event": "update", "optimizer_step": 27430, "tokens_seen": 898826240, "lr": 0.0002927190836360115, "grad_norm": 1.7706807851791382, "elapsed_seconds": 108326.50605260703, "tokens_per_second": 8297.380509655684, "loss_main": 2.338892161846161, "loss_total": 2.338892161846161}
{"event": "update", "optimizer_step": 27440, "tokens_seen": 899153920, "lr": 0.0002927134081320707, "grad_norm": 0.6056513786315918, "elapsed_seconds": 108361.43347309902, "tokens_per_second": 8297.73002424536, "loss_main": 2.3576622903347015, "loss_total": 2.3576622903347015}
{"event": "update", "optimizer_step": 27450, "tokens_seen": 899481600, "lr": 0.0002927077304783045, "grad_norm": 0.6503254175186157, "elapsed_seconds": 108396.38289261505, "tokens_per_second": 8298.077629500689, "loss_main": 2.5340048372745514, "loss_total": 2.5340048372745514}
{"event": "update", "optimizer_step": 27460, "tokens_seen": 899809280, "lr": 0.0002927020506748087, "grad_norm": 0.6385494470596313, "elapsed_seconds": 108431.29523683805, "tokens_per_second": 8298.42784810987, "loss_main": 2.3479473292827606, "loss_total": 2.3479473292827606}
{"event": "evaluation", "tokens_seen": 900005888, "elapsed_seconds": 108452.26364264503, "parameters": 600375552, "main_loss": 2.459628216922283, "perplexity": 11.70046069795726}
{"event": "update", "optimizer_step": 27470, "tokens_seen": 900136960, "lr": 0.0002926963687216788, "grad_norm": 0.6192787289619446, "elapsed_seconds": 108481.99097185, "tokens_per_second": 8297.570425616328, "loss_main": 2.332066595554352, "loss_total": 2.332066595554352}
{"event": "update", "optimizer_step": 27480, "tokens_seen": 900464640, "lr": 0.0002926906846190104, "grad_norm": 0.6423550844192505, "elapsed_seconds": 108517.05715328804, "tokens_per_second": 8297.90876772515, "loss_main": 2.4409176409244537, "loss_total": 2.4409176409244537}
{"event": "update", "optimizer_step": 27490, "tokens_seen": 900792320, "lr": 0.0002926849983668992, "grad_norm": 0.6464270949363708, "elapsed_seconds": 108552.06590543402, "tokens_per_second": 8298.251281414876, "loss_main": 2.2511404752731323, "loss_total": 2.2511404752731323}
{"event": "update", "optimizer_step": 27500, "tokens_seen": 901120000, "lr": 0.0002926793099654411, "grad_norm": 0.6061075925827026, "elapsed_seconds": 108587.02736294904, "tokens_per_second": 8298.597188668147, "loss_main": 2.3145033568143845, "loss_total": 2.3145033568143845}
{"event": "update", "optimizer_step": 27510, "tokens_seen": 901447680, "lr": 0.00029267361941473166, "grad_norm": 0.6373827457427979, "elapsed_seconds": 108621.98868079501, "tokens_per_second": 8298.942883922555, "loss_main": 2.3535810708999634, "loss_total": 2.3535810708999634}
{"event": "update", "optimizer_step": 27520, "tokens_seen": 901775360, "lr": 0.00029266792671486666, "grad_norm": 0.60204017162323, "elapsed_seconds": 108656.93683791702, "tokens_per_second": 8299.289361940817, "loss_main": 2.2351037114858627, "loss_total": 2.2351037114858627}
{"event": "update", "optimizer_step": 27530, "tokens_seen": 902103040, "lr": 0.0002926622318659421, "grad_norm": 0.6582523584365845, "elapsed_seconds": 108691.90853472403, "tokens_per_second": 8299.633819676681, "loss_main": 2.208125352859497, "loss_total": 2.208125352859497}
{"event": "update", "optimizer_step": 27540, "tokens_seen": 902430720, "lr": 0.0002926565348680537, "grad_norm": 0.6199178099632263, "elapsed_seconds": 108726.88439123501, "tokens_per_second": 8299.977738281896, "loss_main": 2.148480609059334, "loss_total": 2.148480609059334}
{"event": "update", "optimizer_step": 27550, "tokens_seen": 902758400, "lr": 0.00029265083572129727, "grad_norm": 0.7010195851325989, "elapsed_seconds": 108761.80187663302, "tokens_per_second": 8300.325890370832, "loss_main": 2.326996475458145, "loss_total": 2.326996475458145}
{"event": "update", "optimizer_step": 27560, "tokens_seen": 903086080, "lr": 0.0002926451344257689, "grad_norm": 0.6470416784286499, "elapsed_seconds": 108796.74766839703, "tokens_per_second": 8300.671659345253, "loss_main": 2.3487194776535034, "loss_total": 2.3487194776535034}
{"event": "update", "optimizer_step": 27570, "tokens_seen": 903413760, "lr": 0.0002926394309815647, "grad_norm": 0.7383157014846802, "elapsed_seconds": 108831.71308041504, "tokens_per_second": 8301.01570975432, "loss_main": 2.4760690927505493, "loss_total": 2.4760690927505493}
{"event": "update", "optimizer_step": 27580, "tokens_seen": 903741440, "lr": 0.00029263372538878034, "grad_norm": 0.6162686944007874, "elapsed_seconds": 108866.64960649703, "tokens_per_second": 8301.36174178787, "loss_main": 2.3123468458652496, "loss_total": 2.3123468458652496}
{"event": "update", "optimizer_step": 27590, "tokens_seen": 904069120, "lr": 0.000292628017647512, "grad_norm": 0.6492137908935547, "elapsed_seconds": 108901.598168611, "tokens_per_second": 8301.706634279517, "loss_main": 2.208241969347, "loss_total": 2.208241969347}
{"event": "update", "optimizer_step": 27600, "tokens_seen": 904396800, "lr": 0.00029262230775785596, "grad_norm": 0.6770290732383728, "elapsed_seconds": 108936.53097422502, "tokens_per_second": 8302.052506279873, "loss_main": 2.3107373118400574, "loss_total": 2.3107373118400574}
{"event": "update", "optimizer_step": 27610, "tokens_seen": 904724480, "lr": 0.0002926165957199081, "grad_norm": 0.6411075592041016, "elapsed_seconds": 108971.47610738705, "tokens_per_second": 8302.397217308777, "loss_main": 2.264210134744644, "loss_total": 2.264210134744644}
{"event": "update", "optimizer_step": 27620, "tokens_seen": 905052160, "lr": 0.0002926108815337645, "grad_norm": 0.6279494762420654, "elapsed_seconds": 109006.427726247, "tokens_per_second": 8302.741213324596, "loss_main": 2.4554070234298706, "loss_total": 2.4554070234298706}
{"event": "update", "optimizer_step": 27630, "tokens_seen": 905379840, "lr": 0.00029260516519952163, "grad_norm": 0.671367347240448, "elapsed_seconds": 109041.41801910405, "tokens_per_second": 8303.082043938364, "loss_main": 2.4067806005477905, "loss_total": 2.4067806005477905}
{"event": "update", "optimizer_step": 27640, "tokens_seen": 905707520, "lr": 0.0002925994467172755, "grad_norm": 0.6213061809539795, "elapsed_seconds": 109076.38469772902, "tokens_per_second": 8303.424453513786, "loss_main": 2.391331523656845, "loss_total": 2.391331523656845}
{"event": "update", "optimizer_step": 27650, "tokens_seen": 906035200, "lr": 0.00029259372608712246, "grad_norm": 0.6604645848274231, "elapsed_seconds": 109111.85802708502, "tokens_per_second": 8303.728085861148, "loss_main": 2.4505991339683533, "loss_total": 2.4505991339683533}
{"event": "update", "optimizer_step": 27660, "tokens_seen": 906362880, "lr": 0.0002925880033091587, "grad_norm": 0.6434271931648254, "elapsed_seconds": 109147.11327817605, "tokens_per_second": 8304.048112477447, "loss_main": 2.569853514432907, "loss_total": 2.569853514432907}
{"event": "update", "optimizer_step": 27670, "tokens_seen": 906690560, "lr": 0.00029258227838348076, "grad_norm": 0.6336300373077393, "elapsed_seconds": 109210.94903508801, "tokens_per_second": 8302.194679296235, "loss_main": 2.4585173428058624, "loss_total": 2.4585173428058624}
{"event": "update", "optimizer_step": 27680, "tokens_seen": 907018240, "lr": 0.0002925765513101848, "grad_norm": 0.6644324064254761, "elapsed_seconds": 109288.28479771805, "tokens_per_second": 8299.31809872213, "loss_main": 2.4982581734657288, "loss_total": 2.4982581734657288}
{"event": "update", "optimizer_step": 27690, "tokens_seen": 907345920, "lr": 0.0002925708220893674, "grad_norm": 0.6406882405281067, "elapsed_seconds": 109365.38101451704, "tokens_per_second": 8296.463758303553, "loss_main": 2.4037082195281982, "loss_total": 2.4037082195281982}
{"event": "update", "optimizer_step": 27700, "tokens_seen": 907673600, "lr": 0.0002925650907211248, "grad_norm": 0.6152157187461853, "elapsed_seconds": 109442.48898530402, "tokens_per_second": 8293.612548613388, "loss_main": 2.2071196883916855, "loss_total": 2.2071196883916855}
{"event": "update", "optimizer_step": 27710, "tokens_seen": 908001280, "lr": 0.0002925593572055536, "grad_norm": 0.6393044590950012, "elapsed_seconds": 109520.260915922, "tokens_per_second": 8290.715091494045, "loss_main": 2.3287044167518616, "loss_total": 2.3287044167518616}
{"event": "update", "optimizer_step": 27720, "tokens_seen": 908328960, "lr": 0.0002925536215427504, "grad_norm": 0.6733641624450684, "elapsed_seconds": 109597.57556266704, "tokens_per_second": 8287.856326535477, "loss_main": 2.5018580555915833, "loss_total": 2.5018580555915833}
{"event": "update", "optimizer_step": 27730, "tokens_seen": 908656640, "lr": 0.00029254788373281164, "grad_norm": 0.6167312264442444, "elapsed_seconds": 109674.70561266405, "tokens_per_second": 8285.015536846611, "loss_main": 2.1510184705257416, "loss_total": 2.1510184705257416}
{"event": "update", "optimizer_step": 27740, "tokens_seen": 908984320, "lr": 0.0002925421437758338, "grad_norm": 0.6601927876472473, "elapsed_seconds": 109752.05433409102, "tokens_per_second": 8282.162238467117, "loss_main": 2.4895230531692505, "loss_total": 2.4895230531692505}
{"event": "update", "optimizer_step": 27750, "tokens_seen": 909312000, "lr": 0.00029253640167191375, "grad_norm": 0.6713187098503113, "elapsed_seconds": 109829.40321182302, "tokens_per_second": 8279.312947246475, "loss_main": 2.0603106319904327, "loss_total": 2.0603106319904327}
{"event": "update", "optimizer_step": 27760, "tokens_seen": 909639680, "lr": 0.00029253065742114795, "grad_norm": 0.6437638401985168, "elapsed_seconds": 109906.86779042904, "tokens_per_second": 8276.458953725307, "loss_main": 2.321177050471306, "loss_total": 2.321177050471306}
{"event": "update", "optimizer_step": 27770, "tokens_seen": 909967360, "lr": 0.0002925249110236331, "grad_norm": 0.7185045480728149, "elapsed_seconds": 109983.85452008701, "tokens_per_second": 8273.644926981598, "loss_main": 2.4306506514549255, "loss_total": 2.4306506514549255}
{"event": "update", "optimizer_step": 27780, "tokens_seen": 910295040, "lr": 0.00029251916247946606, "grad_norm": 0.6749851703643799, "elapsed_seconds": 110061.19193600502, "tokens_per_second": 8270.808483786821, "loss_main": 2.466691315174103, "loss_total": 2.466691315174103}
{"event": "update", "optimizer_step": 27790, "tokens_seen": 910622720, "lr": 0.0002925134117887435, "grad_norm": 0.6382747292518616, "elapsed_seconds": 110139.02127210604, "tokens_per_second": 8267.939096264927, "loss_main": 2.4774500727653503, "loss_total": 2.4774500727653503}
{"event": "update", "optimizer_step": 27800, "tokens_seen": 910950400, "lr": 0.0002925076589515624, "grad_norm": 0.6259503960609436, "elapsed_seconds": 110216.21787607303, "tokens_per_second": 8265.121209514478, "loss_main": 2.2114692330360413, "loss_total": 2.2114692330360413}
{"event": "update", "optimizer_step": 27810, "tokens_seen": 911278080, "lr": 0.0002925019039680193, "grad_norm": 0.6437085270881653, "elapsed_seconds": 110293.70801777602, "tokens_per_second": 8262.285277897534, "loss_main": 2.3723497688770294, "loss_total": 2.3723497688770294}
{"event": "update", "optimizer_step": 27820, "tokens_seen": 911605760, "lr": 0.00029249614683821124, "grad_norm": 0.6601182222366333, "elapsed_seconds": 110371.42578438605, "tokens_per_second": 8259.436294506602, "loss_main": 2.3374023139476776, "loss_total": 2.3374023139476776}
{"event": "update", "optimizer_step": 27830, "tokens_seen": 911933440, "lr": 0.0002924903875622351, "grad_norm": 0.6317214369773865, "elapsed_seconds": 110448.86030859803, "tokens_per_second": 8256.612494253228, "loss_main": 2.350650578737259, "loss_total": 2.350650578737259}
{"event": "update", "optimizer_step": 27840, "tokens_seen": 912261120, "lr": 0.00029248462614018785, "grad_norm": 0.6427147388458252, "elapsed_seconds": 110526.14280555601, "tokens_per_second": 8253.804003681758, "loss_main": 2.3835104405879974, "loss_total": 2.3835104405879974}
{"event": "update", "optimizer_step": 27850, "tokens_seen": 912588800, "lr": 0.00029247886257216646, "grad_norm": 0.6294498443603516, "elapsed_seconds": 110603.50380806503, "tokens_per_second": 8250.993581393717, "loss_main": 2.4426708817481995, "loss_total": 2.4426708817481995}
{"event": "update", "optimizer_step": 27860, "tokens_seen": 912916480, "lr": 0.00029247309685826795, "grad_norm": 0.6581583619117737, "elapsed_seconds": 110680.85208736302, "tokens_per_second": 8248.188035988496, "loss_main": 2.4557350277900696, "loss_total": 2.4557350277900696}
{"event": "update", "optimizer_step": 27870, "tokens_seen": 913244160, "lr": 0.00029246732899858947, "grad_norm": 0.6583535075187683, "elapsed_seconds": 110758.27972350502, "tokens_per_second": 8245.38050139282, "loss_main": 2.6475543677806854, "loss_total": 2.6475543677806854}
{"event": "update", "optimizer_step": 27880, "tokens_seen": 913571840, "lr": 0.00029246155899322794, "grad_norm": 0.6763343811035156, "elapsed_seconds": 110836.029185527, "tokens_per_second": 8242.552956049913, "loss_main": 2.4817542135715485, "loss_total": 2.4817542135715485}
{"event": "update", "optimizer_step": 27890, "tokens_seen": 913899520, "lr": 0.0002924557868422805, "grad_norm": 0.6344807147979736, "elapsed_seconds": 110913.54583436705, "tokens_per_second": 8239.746670481292, "loss_main": 2.424266517162323, "loss_total": 2.424266517162323}
{"event": "update", "optimizer_step": 27900, "tokens_seen": 914227200, "lr": 0.00029245001254584455, "grad_norm": 0.6553148627281189, "elapsed_seconds": 110991.13148714701, "tokens_per_second": 8236.93918379298, "loss_main": 2.561287969350815, "loss_total": 2.561287969350815}
{"event": "update", "optimizer_step": 27910, "tokens_seen": 914554880, "lr": 0.000292444236104017, "grad_norm": 0.6613029837608337, "elapsed_seconds": 111068.533451077, "tokens_per_second": 8234.149237262049, "loss_main": 2.3881328105926514, "loss_total": 2.3881328105926514}
{"event": "update", "optimizer_step": 27920, "tokens_seen": 914882560, "lr": 0.00029243845751689525, "grad_norm": 0.656540036201477, "elapsed_seconds": 111145.88576665905, "tokens_per_second": 8231.366853476835, "loss_main": 2.398815304040909, "loss_total": 2.398815304040909}
{"event": "update", "optimizer_step": 27930, "tokens_seen": 915210240, "lr": 0.00029243267678457643, "grad_norm": 0.6656879782676697, "elapsed_seconds": 111223.417031786, "tokens_per_second": 8228.575100677284, "loss_main": 2.3133539259433746, "loss_total": 2.3133539259433746}
{"event": "update", "optimizer_step": 27940, "tokens_seen": 915537920, "lr": 0.0002924268939071581, "grad_norm": 0.6296898126602173, "elapsed_seconds": 111300.832919456, "tokens_per_second": 8225.795764372568, "loss_main": 2.2780479192733765, "loss_total": 2.2780479192733765}
{"event": "update", "optimizer_step": 27950, "tokens_seen": 915865600, "lr": 0.00029242110888473734, "grad_norm": 0.6924555897712708, "elapsed_seconds": 111378.21728347102, "tokens_per_second": 8223.022619126785, "loss_main": 2.58006089925766, "loss_total": 2.58006089925766}
{"event": "update", "optimizer_step": 27960, "tokens_seen": 916193280, "lr": 0.0002924153217174117, "grad_norm": 0.64882892370224, "elapsed_seconds": 111456.01900471904, "tokens_per_second": 8220.22254321867, "loss_main": 2.4482516944408417, "loss_total": 2.4482516944408417}
{"event": "update", "optimizer_step": 27970, "tokens_seen": 916520960, "lr": 0.0002924095324052786, "grad_norm": 0.6616300344467163, "elapsed_seconds": 111533.68020112201, "tokens_per_second": 8217.436727159837, "loss_main": 2.3930419385433197, "loss_total": 2.3930419385433197}
{"event": "update", "optimizer_step": 27980, "tokens_seen": 916848640, "lr": 0.0002924037409484353, "grad_norm": 0.6874798536300659, "elapsed_seconds": 111611.15974078502, "tokens_per_second": 8214.668157999298, "loss_main": 2.5350953340530396, "loss_total": 2.5350953340530396}
{"event": "update", "optimizer_step": 27990, "tokens_seen": 917176320, "lr": 0.0002923979473469795, "grad_norm": 0.6995683312416077, "elapsed_seconds": 111688.18790333002, "tokens_per_second": 8211.936617629142, "loss_main": 2.385521501302719, "loss_total": 2.385521501302719}
{"event": "update", "optimizer_step": 28000, "tokens_seen": 917504000, "lr": 0.0002923921516010086, "grad_norm": 0.6634120941162109, "elapsed_seconds": 111765.86033824005, "tokens_per_second": 8209.16152055138, "loss_main": 2.36275577545166, "loss_total": 2.36275577545166}
{"event": "update", "optimizer_step": 28010, "tokens_seen": 917831680, "lr": 0.0002923863537106203, "grad_norm": 0.6330718398094177, "elapsed_seconds": 111843.46989493305, "tokens_per_second": 8206.394891558899, "loss_main": 2.1353906989097595, "loss_total": 2.1353906989097595}
{"event": "update", "optimizer_step": 28020, "tokens_seen": 918159360, "lr": 0.00029238055367591205, "grad_norm": 0.7153457999229431, "elapsed_seconds": 111921.339740008, "tokens_per_second": 8203.613020831182, "loss_main": 2.2630793899297714, "loss_total": 2.2630793899297714}
{"event": "update", "optimizer_step": 28030, "tokens_seen": 918487040, "lr": 0.0002923747514969815, "grad_norm": 0.6400290727615356, "elapsed_seconds": 111998.81471054, "tokens_per_second": 8200.863932121265, "loss_main": 2.4364385902881622, "loss_total": 2.4364385902881622}
{"event": "update", "optimizer_step": 28040, "tokens_seen": 918814720, "lr": 0.0002923689471739264, "grad_norm": 0.628071665763855, "elapsed_seconds": 112076.62127515703, "tokens_per_second": 8198.094388875596, "loss_main": 2.4639212787151337, "loss_total": 2.4639212787151337}
{"event": "update", "optimizer_step": 28050, "tokens_seen": 919142400, "lr": 0.0002923631407068444, "grad_norm": 0.6716669797897339, "elapsed_seconds": 112154.17758441705, "tokens_per_second": 8195.34697499942, "loss_main": 2.3896775245666504, "loss_total": 2.3896775245666504}
{"event": "update", "optimizer_step": 28060, "tokens_seen": 919470080, "lr": 0.0002923573320958332, "grad_norm": 0.6202197074890137, "elapsed_seconds": 112231.91070747201, "tokens_per_second": 8192.590451360684, "loss_main": 2.3003164529800415, "loss_total": 2.3003164529800415}
{"event": "update", "optimizer_step": 28070, "tokens_seen": 919797760, "lr": 0.0002923515213409907, "grad_norm": 0.6705535650253296, "elapsed_seconds": 112309.65582645102, "tokens_per_second": 8189.836868713566, "loss_main": 2.4922682642936707, "loss_total": 2.4922682642936707}
{"event": "update", "optimizer_step": 28080, "tokens_seen": 920125440, "lr": 0.0002923457084424146, "grad_norm": 0.6466771960258484, "elapsed_seconds": 112387.10437810904, "tokens_per_second": 8187.108699805808, "loss_main": 2.317196622490883, "loss_total": 2.317196622490883}
{"event": "update", "optimizer_step": 28090, "tokens_seen": 920453120, "lr": 0.00029233989340020285, "grad_norm": 0.6455274224281311, "elapsed_seconds": 112464.67822563305, "tokens_per_second": 8184.37517024976, "loss_main": 2.406984508037567, "loss_total": 2.406984508037567}
{"event": "update", "optimizer_step": 28100, "tokens_seen": 920780800, "lr": 0.00029233407621445326, "grad_norm": 0.6315793395042419, "elapsed_seconds": 112542.42262943805, "tokens_per_second": 8181.633009907756, "loss_main": 2.282680630683899, "loss_total": 2.282680630683899}
{"event": "update", "optimizer_step": 28110, "tokens_seen": 921108480, "lr": 0.0002923282568852637, "grad_norm": 0.9518145322799683, "elapsed_seconds": 112619.86025137402, "tokens_per_second": 8178.9169152228815, "loss_main": 2.369005173444748, "loss_total": 2.369005173444748}
{"event": "update", "optimizer_step": 28120, "tokens_seen": 921436160, "lr": 0.00029232243541273237, "grad_norm": 0.6035446524620056, "elapsed_seconds": 112697.86747120303, "tokens_per_second": 8176.163228957715, "loss_main": 2.311851054430008, "loss_total": 2.311851054430008}
{"event": "update", "optimizer_step": 28130, "tokens_seen": 921763840, "lr": 0.000292316611796957, "grad_norm": 0.6978602409362793, "elapsed_seconds": 112775.51569751604, "tokens_per_second": 8173.439370229388, "loss_main": 2.3203356862068176, "loss_total": 2.3203356862068176}
{"event": "update", "optimizer_step": 28140, "tokens_seen": 922091520, "lr": 0.0002923107860380356, "grad_norm": 0.6901611685752869, "elapsed_seconds": 112852.708897428, "tokens_per_second": 8170.752204433926, "loss_main": 2.3226385414600372, "loss_total": 2.3226385414600372}
{"event": "update", "optimizer_step": 28150, "tokens_seen": 922419200, "lr": 0.00029230495813606643, "grad_norm": 0.6119184494018555, "elapsed_seconds": 112929.61084896303, "tokens_per_second": 8168.089777920899, "loss_main": 2.3844878673553467, "loss_total": 2.3844878673553467}
{"event": "update", "optimizer_step": 28160, "tokens_seen": 922746880, "lr": 0.0002922991280911476, "grad_norm": 0.646362841129303, "elapsed_seconds": 113006.61618740304, "tokens_per_second": 8165.4235046713975, "loss_main": 2.307523563504219, "loss_total": 2.307523563504219}
{"event": "update", "optimizer_step": 28170, "tokens_seen": 923074560, "lr": 0.0002922932959033771, "grad_norm": 0.6302460432052612, "elapsed_seconds": 113083.70534259203, "tokens_per_second": 8162.754812494914, "loss_main": 2.1561720073223114, "loss_total": 2.1561720073223114}
{"event": "update", "optimizer_step": 28180, "tokens_seen": 923402240, "lr": 0.0002922874615728531, "grad_norm": 0.6395696997642517, "elapsed_seconds": 113160.69241332205, "tokens_per_second": 8160.097117709849, "loss_main": 2.532092034816742, "loss_total": 2.532092034816742}
{"event": "update", "optimizer_step": 28190, "tokens_seen": 923729920, "lr": 0.000292281625099674, "grad_norm": 0.6194565296173096, "elapsed_seconds": 113238.084570412, "tokens_per_second": 8157.413855102964, "loss_main": 2.3858821988105774, "loss_total": 2.3858821988105774}
{"event": "update", "optimizer_step": 28200, "tokens_seen": 924057600, "lr": 0.0002922757864839378, "grad_norm": 0.6429522037506104, "elapsed_seconds": 113315.75450689002, "tokens_per_second": 8154.714267412955, "loss_main": 2.3516320437192917, "loss_total": 2.3516320437192917}
{"event": "update", "optimizer_step": 28210, "tokens_seen": 924385280, "lr": 0.0002922699457257429, "grad_norm": 0.6070938110351562, "elapsed_seconds": 113393.36714991601, "tokens_per_second": 8152.022496852759, "loss_main": 2.1956639289855957, "loss_total": 2.1956639289855957}
{"event": "update", "optimizer_step": 28220, "tokens_seen": 924712960, "lr": 0.0002922641028251877, "grad_norm": 0.6722631454467773, "elapsed_seconds": 113471.15000234003, "tokens_per_second": 8149.322184369598, "loss_main": 2.5069157779216766, "loss_total": 2.5069157779216766}
{"event": "update", "optimizer_step": 28230, "tokens_seen": 925040640, "lr": 0.0002922582577823704, "grad_norm": 0.6155539751052856, "elapsed_seconds": 113548.42455420404, "tokens_per_second": 8146.662039845546, "loss_main": 2.1663826256990433, "loss_total": 2.1663826256990433}
{"event": "update", "optimizer_step": 28240, "tokens_seen": 925368320, "lr": 0.00029225241059738954, "grad_norm": 0.6433064937591553, "elapsed_seconds": 113625.57182375202, "tokens_per_second": 8144.014636382786, "loss_main": 2.32805535197258, "loss_total": 2.32805535197258}
{"event": "update", "optimizer_step": 28250, "tokens_seen": 925696000, "lr": 0.0002922465612703435, "grad_norm": 0.6387293338775635, "elapsed_seconds": 113701.68635104405, "tokens_per_second": 8141.444772788983, "loss_main": 2.298487976193428, "loss_total": 2.298487976193428}
{"event": "update", "optimizer_step": 28260, "tokens_seen": 926023680, "lr": 0.0002922407098013307, "grad_norm": 0.6615663170814514, "elapsed_seconds": 113777.07807101205, "tokens_per_second": 8138.930052519348, "loss_main": 2.381292462348938, "loss_total": 2.381292462348938}
{"event": "update", "optimizer_step": 28270, "tokens_seen": 926351360, "lr": 0.00029223485619044964, "grad_norm": 0.6360413432121277, "elapsed_seconds": 113851.88142763602, "tokens_per_second": 8136.46071003918, "loss_main": 2.2997191548347473, "loss_total": 2.2997191548347473}
{"event": "update", "optimizer_step": 28280, "tokens_seen": 926679040, "lr": 0.00029222900043779875, "grad_norm": 0.6506165266036987, "elapsed_seconds": 113928.76690188702, "tokens_per_second": 8133.845956553149, "loss_main": 2.410291075706482, "loss_total": 2.410291075706482}
{"event": "update", "optimizer_step": 28290, "tokens_seen": 927006720, "lr": 0.0002922231425434769, "grad_norm": 0.6497752666473389, "elapsed_seconds": 113998.99578734505, "tokens_per_second": 8131.709526014144, "loss_main": 2.3104180693626404, "loss_total": 2.3104180693626404}
{"event": "update", "optimizer_step": 28300, "tokens_seen": 927334400, "lr": 0.00029221728250758243, "grad_norm": 0.6686872243881226, "elapsed_seconds": 114033.94680988404, "tokens_per_second": 8132.090714583792, "loss_main": 2.442165583372116, "loss_total": 2.442165583372116}
{"event": "update", "optimizer_step": 28310, "tokens_seen": 927662080, "lr": 0.0002922114203302141, "grad_norm": 0.6824662685394287, "elapsed_seconds": 114068.90149623301, "tokens_per_second": 8132.471408349934, "loss_main": 2.582544058561325, "loss_total": 2.582544058561325}
{"event": "update", "optimizer_step": 28320, "tokens_seen": 927989760, "lr": 0.0002922055560114705, "grad_norm": 0.6526224613189697, "elapsed_seconds": 114103.84071340103, "tokens_per_second": 8132.8529714513925, "loss_main": 2.509558990597725, "loss_total": 2.509558990597725}
{"event": "update", "optimizer_step": 28330, "tokens_seen": 928317440, "lr": 0.0002921996895514505, "grad_norm": 0.6147858500480652, "elapsed_seconds": 114138.78787038103, "tokens_per_second": 8133.233735180554, "loss_main": 2.3287204056978226, "loss_total": 2.3287204056978226}
{"event": "update", "optimizer_step": 28340, "tokens_seen": 928645120, "lr": 0.0002921938209502527, "grad_norm": 0.6580731868743896, "elapsed_seconds": 114173.73582030402, "tokens_per_second": 8133.6142093272465, "loss_main": 2.401765316724777, "loss_total": 2.401765316724777}
{"event": "update", "optimizer_step": 28350, "tokens_seen": 928972800, "lr": 0.00029218795020797596, "grad_norm": 0.6600828170776367, "elapsed_seconds": 114208.68658202305, "tokens_per_second": 8133.994250365755, "loss_main": 2.3624048829078674, "loss_total": 2.3624048829078674}
{"event": "update", "optimizer_step": 28360, "tokens_seen": 929300480, "lr": 0.0002921820773247192, "grad_norm": 0.6570447683334351, "elapsed_seconds": 114243.69322959904, "tokens_per_second": 8134.3700796888315, "loss_main": 2.335632413625717, "loss_total": 2.335632413625717}
{"event": "update", "optimizer_step": 28370, "tokens_seen": 929628160, "lr": 0.000292176202300581, "grad_norm": 0.6462951898574829, "elapsed_seconds": 114278.61017914902, "tokens_per_second": 8134.7520637735015, "loss_main": 2.434065669775009, "loss_total": 2.434065669775009}
{"event": "update", "optimizer_step": 28380, "tokens_seen": 929955840, "lr": 0.0002921703251356605, "grad_norm": 0.6473580598831177, "elapsed_seconds": 114313.55320316704, "tokens_per_second": 8135.131958913124, "loss_main": 2.267773449420929, "loss_total": 2.267773449420929}
{"event": "update", "optimizer_step": 28390, "tokens_seen": 930283520, "lr": 0.0002921644458300566, "grad_norm": 0.6115618944168091, "elapsed_seconds": 114348.50438764301, "tokens_per_second": 8135.5110412841605, "loss_main": 2.2600525617599487, "loss_total": 2.2600525617599487}
{"event": "update", "optimizer_step": 28400, "tokens_seen": 930611200, "lr": 0.00029215856438386814, "grad_norm": 0.6234139204025269, "elapsed_seconds": 114383.45489331405, "tokens_per_second": 8135.88994027139, "loss_main": 2.281564474105835, "loss_total": 2.281564474105835}
{"event": "update", "optimizer_step": 28410, "tokens_seen": 930938880, "lr": 0.0002921526807971943, "grad_norm": 0.6353316903114319, "elapsed_seconds": 114418.412162102, "tokens_per_second": 8136.268126856145, "loss_main": 2.351916417479515, "loss_total": 2.351916417479515}
{"event": "update", "optimizer_step": 28420, "tokens_seen": 931266560, "lr": 0.00029214679507013393, "grad_norm": 0.6576880216598511, "elapsed_seconds": 114453.39182713203, "tokens_per_second": 8136.644490244249, "loss_main": 2.294776365160942, "loss_total": 2.294776365160942}
{"event": "update", "optimizer_step": 28430, "tokens_seen": 931594240, "lr": 0.0002921409072027862, "grad_norm": 0.6508113145828247, "elapsed_seconds": 114488.336980308, "tokens_per_second": 8137.02307650983, "loss_main": 2.4832927584648132, "loss_total": 2.4832927584648132}
{"event": "update", "optimizer_step": 28440, "tokens_seen": 931921920, "lr": 0.0002921350171952502, "grad_norm": 0.6309215426445007, "elapsed_seconds": 114523.30252436403, "tokens_per_second": 8137.399982870213, "loss_main": 2.3009948134422302, "loss_total": 2.3009948134422302}
{"event": "update", "optimizer_step": 28450, "tokens_seen": 932249600, "lr": 0.00029212912504762527, "grad_norm": 0.6237303614616394, "elapsed_seconds": 114558.33132072404, "tokens_per_second": 8137.77216595466, "loss_main": 2.490404039621353, "loss_total": 2.490404039621353}
{"event": "update", "optimizer_step": 28460, "tokens_seen": 932577280, "lr": 0.0002921232307600103, "grad_norm": 0.6347549557685852, "elapsed_seconds": 114593.61430395703, "tokens_per_second": 8138.126069803151, "loss_main": 2.3001812994480133, "loss_total": 2.3001812994480133}
{"event": "update", "optimizer_step": 28470, "tokens_seen": 932904960, "lr": 0.00029211733433250466, "grad_norm": 0.7808482646942139, "elapsed_seconds": 114630.988264893, "tokens_per_second": 8138.331302214833, "loss_main": 2.551389455795288, "loss_total": 2.551389455795288}
{"event": "update", "optimizer_step": 28480, "tokens_seen": 933232640, "lr": 0.0002921114357652075, "grad_norm": 0.6193656325340271, "elapsed_seconds": 114670.50818497501, "tokens_per_second": 8138.384095190389, "loss_main": 2.269533947110176, "loss_total": 2.269533947110176}
{"event": "update", "optimizer_step": 28490, "tokens_seen": 933560320, "lr": 0.0002921055350582183, "grad_norm": 0.6108748316764832, "elapsed_seconds": 114712.03855724802, "tokens_per_second": 8138.294216906439, "loss_main": 2.2050799429416656, "loss_total": 2.2050799429416656}
{"event": "update", "optimizer_step": 28500, "tokens_seen": 933888000, "lr": 0.0002920996322116363, "grad_norm": 0.6953529119491577, "elapsed_seconds": 114753.39893393905, "tokens_per_second": 8138.216459606729, "loss_main": 2.519920438528061, "loss_total": 2.519920438528061}
{"event": "update", "optimizer_step": 28510, "tokens_seen": 934215680, "lr": 0.0002920937272255608, "grad_norm": 0.594211995601654, "elapsed_seconds": 114793.71848440601, "tokens_per_second": 8138.212546245788, "loss_main": 2.2204502522945404, "loss_total": 2.2204502522945404}
{"event": "update", "optimizer_step": 28520, "tokens_seen": 934543360, "lr": 0.00029208782010009125, "grad_norm": 0.6283525228500366, "elapsed_seconds": 114835.46942446101, "tokens_per_second": 8138.107195309933, "loss_main": 2.2296027839183807, "loss_total": 2.2296027839183807}
{"event": "update", "optimizer_step": 28530, "tokens_seen": 934871040, "lr": 0.000292081910835327, "grad_norm": 0.6786880493164062, "elapsed_seconds": 114876.35077202902, "tokens_per_second": 8138.063524103775, "loss_main": 2.4113244116306305, "loss_total": 2.4113244116306305}
{"event": "update", "optimizer_step": 28540, "tokens_seen": 935198720, "lr": 0.0002920759994313677, "grad_norm": 0.6895319819450378, "elapsed_seconds": 114918.055755098, "tokens_per_second": 8137.961557520631, "loss_main": 2.391614556312561, "loss_total": 2.391614556312561}
{"event": "update", "optimizer_step": 28550, "tokens_seen": 935526400, "lr": 0.0002920700858883127, "grad_norm": 0.6877767443656921, "elapsed_seconds": 114964.14360026701, "tokens_per_second": 8137.549419346322, "loss_main": 2.417518734931946, "loss_total": 2.417518734931946}
{"event": "update", "optimizer_step": 28560, "tokens_seen": 935854080, "lr": 0.0002920641702062616, "grad_norm": 0.6539239287376404, "elapsed_seconds": 115006.59069710603, "tokens_per_second": 8137.395207764814, "loss_main": 2.3899098336696625, "loss_total": 2.3899098336696625}
{"event": "update", "optimizer_step": 28570, "tokens_seen": 936181760, "lr": 0.000292058252385314, "grad_norm": 0.6320158243179321, "elapsed_seconds": 115047.906830855, "tokens_per_second": 8137.321102037842, "loss_main": 2.411146253347397, "loss_total": 2.411146253347397}
{"event": "update", "optimizer_step": 28580, "tokens_seen": 936509440, "lr": 0.0002920523324255696, "grad_norm": 0.6471940875053406, "elapsed_seconds": 115089.54653613805, "tokens_per_second": 8137.2241718402865, "loss_main": 2.5064351856708527, "loss_total": 2.5064351856708527}
{"event": "update", "optimizer_step": 28590, "tokens_seen": 936837120, "lr": 0.00029204641032712787, "grad_norm": 0.6820133924484253, "elapsed_seconds": 115128.65845788701, "tokens_per_second": 8137.305971846153, "loss_main": 2.3769296407699585, "loss_total": 2.3769296407699585}
{"event": "update", "optimizer_step": 28600, "tokens_seen": 937164800, "lr": 0.00029204048609008846, "grad_norm": 0.6182891726493835, "elapsed_seconds": 115170.380524871, "tokens_per_second": 8137.203295925723, "loss_main": 2.320213183760643, "loss_total": 2.320213183760643}
{"event": "update", "optimizer_step": 28610, "tokens_seen": 937492480, "lr": 0.00029203455971455133, "grad_norm": 0.6595272421836853, "elapsed_seconds": 115211.99667030101, "tokens_per_second": 8137.108175312648, "loss_main": 2.2494926750659943, "loss_total": 2.2494926750659943}
{"event": "update", "optimizer_step": 28620, "tokens_seen": 937820160, "lr": 0.00029202863120061614, "grad_norm": 0.5986172556877136, "elapsed_seconds": 115252.44392475701, "tokens_per_second": 8137.0956490281405, "loss_main": 2.236116945743561, "loss_total": 2.236116945743561}
{"event": "update", "optimizer_step": 28630, "tokens_seen": 938147840, "lr": 0.0002920227005483826, "grad_norm": 0.6419153213500977, "elapsed_seconds": 115295.090875283, "tokens_per_second": 8136.927885462298, "loss_main": 2.3959920704364777, "loss_total": 2.3959920704364777}
{"event": "update", "optimizer_step": 28640, "tokens_seen": 938475520, "lr": 0.0002920167677579507, "grad_norm": 0.6387683153152466, "elapsed_seconds": 115337.398527526, "tokens_per_second": 8136.7841825912765, "loss_main": 2.3371696323156357, "loss_total": 2.3371696323156357}
{"event": "update", "optimizer_step": 28650, "tokens_seen": 938803200, "lr": 0.0002920108328294202, "grad_norm": 0.6512438058853149, "elapsed_seconds": 115379.593579065, "tokens_per_second": 8136.648525778312, "loss_main": 2.3802881240844727, "loss_total": 2.3802881240844727}
{"event": "update", "optimizer_step": 28660, "tokens_seen": 939130880, "lr": 0.00029200489576289095, "grad_norm": 0.6144235134124756, "elapsed_seconds": 115422.27400550002, "tokens_per_second": 8136.478752404837, "loss_main": 2.3210805505514145, "loss_total": 2.3210805505514145}
{"event": "update", "optimizer_step": 28670, "tokens_seen": 939458560, "lr": 0.000291998956558463, "grad_norm": 0.6509087681770325, "elapsed_seconds": 115464.39072548703, "tokens_per_second": 8136.348826657158, "loss_main": 2.3766311407089233, "loss_total": 2.3766311407089233}
{"event": "update", "optimizer_step": 28680, "tokens_seen": 939786240, "lr": 0.0002919930152162363, "grad_norm": 0.6035184860229492, "elapsed_seconds": 115507.29812330601, "tokens_per_second": 8136.1633010994865, "loss_main": 2.18490768969059, "loss_total": 2.18490768969059}
{"event": "update", "optimizer_step": 28690, "tokens_seen": 940113920, "lr": 0.00029198707173631086, "grad_norm": 0.6668632626533508, "elapsed_seconds": 115542.845189207, "tokens_per_second": 8136.49619291024, "loss_main": 2.388366550207138, "loss_total": 2.388366550207138}
{"event": "update", "optimizer_step": 28700, "tokens_seen": 940441600, "lr": 0.0002919811261187867, "grad_norm": 0.6249805092811584, "elapsed_seconds": 115577.76295734604, "tokens_per_second": 8136.873183356818, "loss_main": 2.3038933873176575, "loss_total": 2.3038933873176575}
{"event": "update", "optimizer_step": 28710, "tokens_seen": 940769280, "lr": 0.00029197517836376395, "grad_norm": 0.6234184503555298, "elapsed_seconds": 115612.66667105502, "tokens_per_second": 8137.250935286424, "loss_main": 2.397875964641571, "loss_total": 2.397875964641571}
{"event": "update", "optimizer_step": 28720, "tokens_seen": 941096960, "lr": 0.00029196922847134264, "grad_norm": 0.5998182892799377, "elapsed_seconds": 115647.60838485305, "tokens_per_second": 8137.625785292592, "loss_main": 2.398707300424576, "loss_total": 2.398707300424576}
{"event": "update", "optimizer_step": 28730, "tokens_seen": 941424640, "lr": 0.00029196327644162297, "grad_norm": 4.8296661376953125, "elapsed_seconds": 115682.52031477704, "tokens_per_second": 8138.00250408051, "loss_main": 2.3575549721717834, "loss_total": 2.3575549721717834}
{"event": "update", "optimizer_step": 28740, "tokens_seen": 941752320, "lr": 0.0002919573222747052, "grad_norm": 0.6804423332214355, "elapsed_seconds": 115719.39643340203, "tokens_per_second": 8138.240856985374, "loss_main": 2.4730087220668793, "loss_total": 2.4730087220668793}
{"event": "update", "optimizer_step": 28750, "tokens_seen": 942080000, "lr": 0.00029195136597068955, "grad_norm": 0.6174284815788269, "elapsed_seconds": 115754.30586015701, "tokens_per_second": 8138.617332629757, "loss_main": 2.249113827943802, "loss_total": 2.249113827943802}
{"event": "update", "optimizer_step": 28760, "tokens_seen": 942407680, "lr": 0.0002919454075296762, "grad_norm": 0.6356803774833679, "elapsed_seconds": 115789.24431047705, "tokens_per_second": 8138.99154115757, "loss_main": 2.2848669588565826, "loss_total": 2.2848669588565826}
{"event": "update", "optimizer_step": 28770, "tokens_seen": 942735360, "lr": 0.0002919394469517655, "grad_norm": 0.6215165853500366, "elapsed_seconds": 115824.17849306803, "tokens_per_second": 8139.365823832904, "loss_main": 2.2649219930171967, "loss_total": 2.2649219930171967}
{"event": "update", "optimizer_step": 28780, "tokens_seen": 943063040, "lr": 0.00029193348423705765, "grad_norm": 0.6758383512496948, "elapsed_seconds": 115859.10857728904, "tokens_per_second": 8139.74016873164, "loss_main": 2.2951326072216034, "loss_total": 2.2951326072216034}
{"event": "update", "optimizer_step": 28790, "tokens_seen": 943390720, "lr": 0.0002919275193856533, "grad_norm": 0.6581411361694336, "elapsed_seconds": 115894.03082399, "tokens_per_second": 8140.1148384660255, "loss_main": 2.348419666290283, "loss_total": 2.348419666290283}
{"event": "update", "optimizer_step": 28800, "tokens_seen": 943718400, "lr": 0.0002919215523976526, "grad_norm": 0.6473441123962402, "elapsed_seconds": 115928.96137004404, "tokens_per_second": 8140.488699693088, "loss_main": 2.3315625190734863, "loss_total": 2.3315625190734863}
{"event": "update", "optimizer_step": 28810, "tokens_seen": 944046080, "lr": 0.00029191558327315613, "grad_norm": 0.6127549409866333, "elapsed_seconds": 115963.90890068503, "tokens_per_second": 8140.86114334512, "loss_main": 2.3330685198307037, "loss_total": 2.3330685198307037}
{"event": "update", "optimizer_step": 28820, "tokens_seen": 944373760, "lr": 0.00029190961201226435, "grad_norm": 0.6146590709686279, "elapsed_seconds": 115998.84517641604, "tokens_per_second": 8141.234152493119, "loss_main": 2.3478030264377594, "loss_total": 2.3478030264377594}
{"event": "update", "optimizer_step": 28830, "tokens_seen": 944701440, "lr": 0.00029190363861507785, "grad_norm": 0.6379837393760681, "elapsed_seconds": 116033.776614559, "tokens_per_second": 8141.607276458038, "loss_main": 2.292757898569107, "loss_total": 2.292757898569107}
{"event": "update", "optimizer_step": 28840, "tokens_seen": 945029120, "lr": 0.000291897663081697, "grad_norm": 3.387129545211792, "elapsed_seconds": 116068.69470802101, "tokens_per_second": 8141.981111937956, "loss_main": 2.4757571816444397, "loss_total": 2.4757571816444397}
{"event": "update", "optimizer_step": 28850, "tokens_seen": 945356800, "lr": 0.0002918916854122225, "grad_norm": 0.5959853529930115, "elapsed_seconds": 116103.63346651703, "tokens_per_second": 8142.3532733162065, "loss_main": 2.3425196707248688, "loss_total": 2.3425196707248688}
{"event": "update", "optimizer_step": 28860, "tokens_seen": 945684480, "lr": 0.00029188570560675486, "grad_norm": 0.6100031733512878, "elapsed_seconds": 116138.56572343002, "tokens_per_second": 8142.7256666147705, "loss_main": 2.3520116806030273, "loss_total": 2.3520116806030273}
{"event": "update", "optimizer_step": 28870, "tokens_seen": 946012160, "lr": 0.00029187972366539496, "grad_norm": 0.6412490606307983, "elapsed_seconds": 116173.51733275002, "tokens_per_second": 8143.096479470312, "loss_main": 2.3462952375411987, "loss_total": 2.3462952375411987}
{"event": "update", "optimizer_step": 28880, "tokens_seen": 946339840, "lr": 0.0002918737395882433, "grad_norm": 0.6419684886932373, "elapsed_seconds": 116208.433372456, "tokens_per_second": 8143.469561859731, "loss_main": 2.3870082199573517, "loss_total": 2.3870082199573517}
{"event": "update", "optimizer_step": 28890, "tokens_seen": 946667520, "lr": 0.0002918677533754007, "grad_norm": 0.5952799320220947, "elapsed_seconds": 116243.37603170605, "tokens_per_second": 8143.840555196805, "loss_main": 2.030135929584503, "loss_total": 2.030135929584503}
{"event": "update", "optimizer_step": 28900, "tokens_seen": 946995200, "lr": 0.0002918617650269679, "grad_norm": 0.6703391075134277, "elapsed_seconds": 116278.32416169101, "tokens_per_second": 8144.210942386428, "loss_main": 2.415610522031784, "loss_total": 2.415610522031784}
{"event": "update", "optimizer_step": 28910, "tokens_seen": 947322880, "lr": 0.00029185577454304574, "grad_norm": 0.6371937394142151, "elapsed_seconds": 116313.77498256101, "tokens_per_second": 8144.5459073272505, "loss_main": 2.3093640506267548, "loss_total": 2.3093640506267548}
{"event": "update", "optimizer_step": 28920, "tokens_seen": 947650560, "lr": 0.000291849781923735, "grad_norm": 0.6678133010864258, "elapsed_seconds": 116348.90395705402, "tokens_per_second": 8144.90319865661, "loss_main": 2.3840420842170715, "loss_total": 2.3840420842170715}
{"event": "update", "optimizer_step": 28930, "tokens_seen": 947978240, "lr": 0.0002918437871691366, "grad_norm": 0.630472719669342, "elapsed_seconds": 116383.84474494105, "tokens_per_second": 8145.273444759665, "loss_main": 2.2069644033908844, "loss_total": 2.2069644033908844}
{"event": "update", "optimizer_step": 28940, "tokens_seen": 948305920, "lr": 0.0002918377902793514, "grad_norm": 0.6328409910202026, "elapsed_seconds": 116418.805901521, "tokens_per_second": 8145.642043452796, "loss_main": 2.4064440429210663, "loss_total": 2.4064440429210663}
{"event": "update", "optimizer_step": 28950, "tokens_seen": 948633600, "lr": 0.00029183179125448044, "grad_norm": 0.6514371037483215, "elapsed_seconds": 116453.75176669203, "tokens_per_second": 8146.011490471594, "loss_main": 2.376549184322357, "loss_total": 2.376549184322357}
{"event": "update", "optimizer_step": 28960, "tokens_seen": 948961280, "lr": 0.0002918257900946246, "grad_norm": 0.6257835626602173, "elapsed_seconds": 116488.68630565505, "tokens_per_second": 8146.38150790041, "loss_main": 2.3319006860256195, "loss_total": 2.3319006860256195}
{"event": "update", "optimizer_step": 28970, "tokens_seen": 949288960, "lr": 0.0002918197867998849, "grad_norm": 0.6326820254325867, "elapsed_seconds": 116523.60007516103, "tokens_per_second": 8146.752755559231, "loss_main": 2.309448003768921, "loss_total": 2.309448003768921}
{"event": "update", "optimizer_step": 28980, "tokens_seen": 949616640, "lr": 0.00029181378137036254, "grad_norm": 0.6791022419929504, "elapsed_seconds": 116558.524257101, "tokens_per_second": 8147.1230530112625, "loss_main": 2.298990622162819, "loss_total": 2.298990622162819}
{"event": "update", "optimizer_step": 28990, "tokens_seen": 949944320, "lr": 0.0002918077738061585, "grad_norm": 0.7261455655097961, "elapsed_seconds": 116593.505872885, "tokens_per_second": 8147.489115179949, "loss_main": 2.528497576713562, "loss_total": 2.528497576713562}
{"event": "update", "optimizer_step": 29000, "tokens_seen": 950272000, "lr": 0.0002918017641073739, "grad_norm": 0.6385813355445862, "elapsed_seconds": 116628.47502259904, "tokens_per_second": 8147.855828654762, "loss_main": 2.340624511241913, "loss_total": 2.340624511241913}
{"event": "update", "optimizer_step": 29010, "tokens_seen": 950599680, "lr": 0.00029179575227410983, "grad_norm": 0.6314489245414734, "elapsed_seconds": 116663.46860139805, "tokens_per_second": 8148.220616068742, "loss_main": 2.26433889567852, "loss_total": 2.26433889567852}
{"event": "update", "optimizer_step": 29020, "tokens_seen": 950927360, "lr": 0.0002917897383064677, "grad_norm": 0.7162304520606995, "elapsed_seconds": 116698.38231632201, "tokens_per_second": 8148.590761287688, "loss_main": 2.4770335257053375, "loss_total": 2.4770335257053375}
{"event": "update", "optimizer_step": 29030, "tokens_seen": 951255040, "lr": 0.00029178372220454855, "grad_norm": 0.6870623230934143, "elapsed_seconds": 116733.31444477703, "tokens_per_second": 8148.959399675144, "loss_main": 2.564573645591736, "loss_total": 2.564573645591736}
{"event": "update", "optimizer_step": 29040, "tokens_seen": 951582720, "lr": 0.00029177770396845374, "grad_norm": 0.6565247178077698, "elapsed_seconds": 116768.24060857703, "tokens_per_second": 8149.328233777489, "loss_main": 2.3531635403633118, "loss_total": 2.3531635403633118}
{"event": "update", "optimizer_step": 29050, "tokens_seen": 951910400, "lr": 0.00029177168359828445, "grad_norm": 0.6195101141929626, "elapsed_seconds": 116803.18312934105, "tokens_per_second": 8149.695706031485, "loss_main": 2.347689926624298, "loss_total": 2.347689926624298}
{"event": "update", "optimizer_step": 29060, "tokens_seen": 952238080, "lr": 0.00029176566109414236, "grad_norm": 0.6125367879867554, "elapsed_seconds": 116838.10859706905, "tokens_per_second": 8150.064148024795, "loss_main": 2.212318494915962, "loss_total": 2.212318494915962}
{"event": "update", "optimizer_step": 29070, "tokens_seen": 952565760, "lr": 0.0002917596364561284, "grad_norm": 0.6982721090316772, "elapsed_seconds": 116873.03632335603, "tokens_per_second": 8150.43221230694, "loss_main": 2.4351295828819275, "loss_total": 2.4351295828819275}
{"event": "update", "optimizer_step": 29080, "tokens_seen": 952893440, "lr": 0.0002917536096843443, "grad_norm": 0.6106314063072205, "elapsed_seconds": 116907.96358155203, "tokens_per_second": 8150.800089296617, "loss_main": 2.151435747742653, "loss_total": 2.151435747742653}
{"event": "update", "optimizer_step": 29090, "tokens_seen": 953221120, "lr": 0.0002917475807788913, "grad_norm": 0.6125401854515076, "elapsed_seconds": 116942.91987595905, "tokens_per_second": 8151.16572265408, "loss_main": 2.3310306072235107, "loss_total": 2.3310306072235107}
{"event": "update", "optimizer_step": 29100, "tokens_seen": 953548800, "lr": 0.0002917415497398711, "grad_norm": 0.6779062151908875, "elapsed_seconds": 116977.848086724, "tokens_per_second": 8151.533094480132, "loss_main": 2.537151277065277, "loss_total": 2.537151277065277}
{"event": "update", "optimizer_step": 29110, "tokens_seen": 953876480, "lr": 0.0002917355165673852, "grad_norm": 0.692163348197937, "elapsed_seconds": 117012.80549811904, "tokens_per_second": 8151.898212673257, "loss_main": 2.485084295272827, "loss_total": 2.485084295272827}
{"event": "update", "optimizer_step": 29120, "tokens_seen": 954204160, "lr": 0.000291729481261535, "grad_norm": 0.7673066258430481, "elapsed_seconds": 117047.749719546, "tokens_per_second": 8152.264031443023, "loss_main": 2.414338231086731, "loss_total": 2.414338231086731}
{"event": "update", "optimizer_step": 29130, "tokens_seen": 954531840, "lr": 0.0002917234438224221, "grad_norm": 0.6438232064247131, "elapsed_seconds": 117082.66427286103, "tokens_per_second": 8152.631697682114, "loss_main": 2.389899730682373, "loss_total": 2.389899730682373}
{"event": "update", "optimizer_step": 29140, "tokens_seen": 954859520, "lr": 0.00029171740425014826, "grad_norm": 0.6523294448852539, "elapsed_seconds": 117117.620299534, "tokens_per_second": 8152.99625759045, "loss_main": 2.441841334104538, "loss_total": 2.441841334104538}
{"event": "update", "optimizer_step": 29150, "tokens_seen": 955187200, "lr": 0.0002917113625448151, "grad_norm": 0.6519170999526978, "elapsed_seconds": 117152.55734608904, "tokens_per_second": 8153.3619208858645, "loss_main": 2.3483674228191376, "loss_total": 2.3483674228191376}
{"event": "update", "optimizer_step": 29160, "tokens_seen": 955514880, "lr": 0.00029170531870652424, "grad_norm": 0.6122791767120361, "elapsed_seconds": 117187.47014262405, "tokens_per_second": 8153.729053431072, "loss_main": 2.27482271194458, "loss_total": 2.27482271194458}
{"event": "update", "optimizer_step": 29170, "tokens_seen": 955842560, "lr": 0.00029169927273537744, "grad_norm": 0.6305669546127319, "elapsed_seconds": 117222.42079668603, "tokens_per_second": 8154.093333883977, "loss_main": 2.4580282866954803, "loss_total": 2.4580282866954803}
{"event": "update", "optimizer_step": 29180, "tokens_seen": 956170240, "lr": 0.0002916932246314766, "grad_norm": 0.6371157765388489, "elapsed_seconds": 117257.34790813003, "tokens_per_second": 8154.4590344065255, "loss_main": 2.4022224843502045, "loss_total": 2.4022224843502045}
{"event": "update", "optimizer_step": 29190, "tokens_seen": 956497920, "lr": 0.0002916871743949234, "grad_norm": 0.6392623782157898, "elapsed_seconds": 117292.272353746, "tokens_per_second": 8154.824702477103, "loss_main": 2.295992225408554, "loss_total": 2.295992225408554}
{"event": "update", "optimizer_step": 29200, "tokens_seen": 956825600, "lr": 0.0002916811220258198, "grad_norm": 0.6606846451759338, "elapsed_seconds": 117327.23007018404, "tokens_per_second": 8155.1878402621105, "loss_main": 2.5352421700954437, "loss_total": 2.5352421700954437}
{"event": "update", "optimizer_step": 29210, "tokens_seen": 957153280, "lr": 0.00029167506752426756, "grad_norm": 0.6397797465324402, "elapsed_seconds": 117362.20198810403, "tokens_per_second": 8155.549774850153, "loss_main": 2.3948573172092438, "loss_total": 2.3948573172092438}
{"event": "update", "optimizer_step": 29220, "tokens_seen": 957480960, "lr": 0.00029166901089036873, "grad_norm": 0.6930487751960754, "elapsed_seconds": 117397.16089519102, "tokens_per_second": 8155.912397701107, "loss_main": 2.3644268214702606, "loss_total": 2.3644268214702606}
{"event": "update", "optimizer_step": 29230, "tokens_seen": 957808640, "lr": 0.0002916629521242251, "grad_norm": 0.6326420307159424, "elapsed_seconds": 117432.09892206505, "tokens_per_second": 8156.276254890573, "loss_main": 2.2203537821769714, "loss_total": 2.2203537821769714}
{"event": "update", "optimizer_step": 29240, "tokens_seen": 958136320, "lr": 0.0002916568912259387, "grad_norm": 0.6401197910308838, "elapsed_seconds": 117467.01506428001, "tokens_per_second": 8156.641415257644, "loss_main": 2.337519347667694, "loss_total": 2.337519347667694}
{"event": "update", "optimizer_step": 29250, "tokens_seen": 958464000, "lr": 0.00029165082819561166, "grad_norm": 0.6323251724243164, "elapsed_seconds": 117501.96317988605, "tokens_per_second": 8157.004139008884, "loss_main": 2.308480590581894, "loss_total": 2.308480590581894}
{"event": "update", "optimizer_step": 29260, "tokens_seen": 958791680, "lr": 0.000291644763033346, "grad_norm": 0.6642771363258362, "elapsed_seconds": 117536.889823262, "tokens_per_second": 8157.368137286234, "loss_main": 2.4462857246398926, "loss_total": 2.4462857246398926}
{"event": "update", "optimizer_step": 29270, "tokens_seen": 959119360, "lr": 0.00029163869573924366, "grad_norm": 0.665129542350769, "elapsed_seconds": 117571.82607673004, "tokens_per_second": 8157.731252503104, "loss_main": 2.1683793514966965, "loss_total": 2.1683793514966965}
{"event": "update", "optimizer_step": 29280, "tokens_seen": 959447040, "lr": 0.00029163262631340706, "grad_norm": 0.619915783405304, "elapsed_seconds": 117606.74601537501, "tokens_per_second": 8158.0952837056575, "loss_main": 2.337529346346855, "loss_total": 2.337529346346855}
{"event": "update", "optimizer_step": 29290, "tokens_seen": 959774720, "lr": 0.00029162655475593803, "grad_norm": 0.623293936252594, "elapsed_seconds": 117641.73632117204, "tokens_per_second": 8158.454218830404, "loss_main": 2.2148281931877136, "loss_total": 2.2148281931877136}
{"event": "update", "optimizer_step": 29300, "tokens_seen": 960102400, "lr": 0.00029162048106693903, "grad_norm": 0.6728900671005249, "elapsed_seconds": 117676.65389605705, "tokens_per_second": 8158.817983115425, "loss_main": 2.4914465993642807, "loss_total": 2.4914465993642807}
{"event": "update", "optimizer_step": 29310, "tokens_seen": 960430080, "lr": 0.0002916144052465123, "grad_norm": 0.6294921636581421, "elapsed_seconds": 117711.56827748503, "tokens_per_second": 8159.18175294334, "loss_main": 2.2056820690631866, "loss_total": 2.2056820690631866}
{"event": "update", "optimizer_step": 29320, "tokens_seen": 960757760, "lr": 0.00029160832729475993, "grad_norm": 0.6398380398750305, "elapsed_seconds": 117746.50299391203, "tokens_per_second": 8159.54389787419, "loss_main": 2.4532163441181183, "loss_total": 2.4532163441181183}
{"event": "update", "optimizer_step": 29330, "tokens_seen": 961085440, "lr": 0.0002916022472117844, "grad_norm": 0.6376685500144958, "elapsed_seconds": 117781.40618214401, "tokens_per_second": 8159.9080122521345, "loss_main": 2.3900936990976334, "loss_total": 2.3900936990976334}
{"event": "update", "optimizer_step": 29340, "tokens_seen": 961413120, "lr": 0.000291596164997688, "grad_norm": 0.6744930744171143, "elapsed_seconds": 117816.32051140402, "tokens_per_second": 8160.271139234399, "loss_main": 2.2817328572273254, "loss_total": 2.2817328572273254}
{"event": "update", "optimizer_step": 29350, "tokens_seen": 961740800, "lr": 0.00029159008065257304, "grad_norm": 0.6348034143447876, "elapsed_seconds": 117851.24823205202, "tokens_per_second": 8160.633123768945, "loss_main": 2.1725169718265533, "loss_total": 2.1725169718265533}
{"event": "update", "optimizer_step": 29360, "tokens_seen": 962068480, "lr": 0.0002915839941765421, "grad_norm": 0.6437549591064453, "elapsed_seconds": 117886.18534981005, "tokens_per_second": 8160.994243262704, "loss_main": 2.404038667678833, "loss_total": 2.404038667678833}
{"event": "update", "optimizer_step": 29370, "tokens_seen": 962396160, "lr": 0.00029157790556969747, "grad_norm": 0.6720753908157349, "elapsed_seconds": 117921.10863910802, "tokens_per_second": 8161.356105846732, "loss_main": 2.468340039253235, "loss_total": 2.468340039253235}
{"event": "update", "optimizer_step": 29380, "tokens_seen": 962723840, "lr": 0.00029157181483214166, "grad_norm": 0.6312838196754456, "elapsed_seconds": 117956.02464450902, "tokens_per_second": 8161.718258151012, "loss_main": 2.305977314710617, "loss_total": 2.305977314710617}
{"event": "update", "optimizer_step": 29390, "tokens_seen": 963051520, "lr": 0.00029156572196397735, "grad_norm": 0.6167903542518616, "elapsed_seconds": 117990.927969496, "tokens_per_second": 8162.0810732921445, "loss_main": 2.406482517719269, "loss_total": 2.406482517719269}
{"event": "update", "optimizer_step": 29400, "tokens_seen": 963379200, "lr": 0.000291559626965307, "grad_norm": 0.6404571533203125, "elapsed_seconds": 118025.87826037605, "tokens_per_second": 8162.440425774219, "loss_main": 2.567592591047287, "loss_total": 2.567592591047287}
{"event": "update", "optimizer_step": 29410, "tokens_seen": 963706880, "lr": 0.0002915535298362332, "grad_norm": 0.6236571669578552, "elapsed_seconds": 118060.80745125102, "tokens_per_second": 8162.801024361351, "loss_main": 2.3596489280462265, "loss_total": 2.3596489280462265}
{"event": "update", "optimizer_step": 29420, "tokens_seen": 964034560, "lr": 0.00029154743057685853, "grad_norm": 0.7163881659507751, "elapsed_seconds": 118095.76417190902, "tokens_per_second": 8163.159506692206, "loss_main": 2.4297864139080048, "loss_total": 2.4297864139080048}
{"event": "update", "optimizer_step": 29430, "tokens_seen": 964362240, "lr": 0.0002915413291872858, "grad_norm": 0.6285644769668579, "elapsed_seconds": 118130.71039975405, "tokens_per_second": 8163.518501976331, "loss_main": 2.3552978932857513, "loss_total": 2.3552978932857513}
{"event": "update", "optimizer_step": 29440, "tokens_seen": 964689920, "lr": 0.0002915352256676176, "grad_norm": 0.6203380823135376, "elapsed_seconds": 118165.65848940302, "tokens_per_second": 8163.877156293361, "loss_main": 2.2402959764003754, "loss_total": 2.2402959764003754}
{"event": "update", "optimizer_step": 29450, "tokens_seen": 965017600, "lr": 0.00029152912001795673, "grad_norm": 0.6874475479125977, "elapsed_seconds": 118200.59920672805, "tokens_per_second": 8164.236107739382, "loss_main": 2.6747624576091766, "loss_total": 2.6747624576091766}
{"event": "update", "optimizer_step": 29460, "tokens_seen": 965345280, "lr": 0.00029152301223840595, "grad_norm": 0.654772162437439, "elapsed_seconds": 118235.55769468204, "tokens_per_second": 8164.593619905757, "loss_main": 2.3322607278823853, "loss_total": 2.3322607278823853}
{"event": "update", "optimizer_step": 29470, "tokens_seen": 965672960, "lr": 0.00029151690232906804, "grad_norm": 0.6170298457145691, "elapsed_seconds": 118270.51342230401, "tokens_per_second": 8164.951111287633, "loss_main": 2.242551624774933, "loss_total": 2.242551624774933}
{"event": "update", "optimizer_step": 29480, "tokens_seen": 966000640, "lr": 0.0002915107902900459, "grad_norm": 0.6039900183677673, "elapsed_seconds": 118305.46498378704, "tokens_per_second": 8165.308678955649, "loss_main": 2.2828781604766846, "loss_total": 2.2828781604766846}
{"event": "update", "optimizer_step": 29490, "tokens_seen": 966328320, "lr": 0.0002915046761214424, "grad_norm": 0.6517390608787537, "elapsed_seconds": 118340.422938895, "tokens_per_second": 8165.665594240465, "loss_main": 2.5710942149162292, "loss_total": 2.5710942149162292}
{"event": "update", "optimizer_step": 29500, "tokens_seen": 966656000, "lr": 0.00029149855982336047, "grad_norm": 0.6616243124008179, "elapsed_seconds": 118375.37549102702, "tokens_per_second": 8166.022671440426, "loss_main": 2.456908941268921, "loss_total": 2.456908941268921}
{"event": "update", "optimizer_step": 29510, "tokens_seen": 966983680, "lr": 0.0002914924413959031, "grad_norm": 0.703849732875824, "elapsed_seconds": 118410.32890615903, "tokens_per_second": 8166.379478316802, "loss_main": 2.6896656155586243, "loss_total": 2.6896656155586243}
{"event": "update", "optimizer_step": 29520, "tokens_seen": 967311360, "lr": 0.00029148632083917313, "grad_norm": 0.6104503870010376, "elapsed_seconds": 118445.31178383704, "tokens_per_second": 8166.7340431788925, "loss_main": 2.3333655297756195, "loss_total": 2.3333655297756195}
{"event": "update", "optimizer_step": 29530, "tokens_seen": 967639040, "lr": 0.00029148019815327373, "grad_norm": 0.6246582269668579, "elapsed_seconds": 118480.242065172, "tokens_per_second": 8167.092024235858, "loss_main": 2.378909945487976, "loss_total": 2.378909945487976}
{"event": "update", "optimizer_step": 29540, "tokens_seen": 967966720, "lr": 0.000291474073338308, "grad_norm": 0.6094883680343628, "elapsed_seconds": 118515.19525883405, "tokens_per_second": 8167.448215277259, "loss_main": 2.3889973759651184, "loss_total": 2.3889973759651184}
{"event": "update", "optimizer_step": 29550, "tokens_seen": 968294400, "lr": 0.000291467946394379, "grad_norm": 0.6453454494476318, "elapsed_seconds": 118550.11614154902, "tokens_per_second": 8167.806422423534, "loss_main": 2.3684770315885544, "loss_total": 2.3684770315885544}
{"event": "update", "optimizer_step": 29560, "tokens_seen": 968622080, "lr": 0.00029146181732158966, "grad_norm": 0.6447108387947083, "elapsed_seconds": 118585.05712708301, "tokens_per_second": 8168.163033913836, "loss_main": 2.4250735342502594, "loss_total": 2.4250735342502594}
{"event": "update", "optimizer_step": 29570, "tokens_seen": 968949760, "lr": 0.0002914556861200435, "grad_norm": 0.6465664505958557, "elapsed_seconds": 118620.05996658502, "tokens_per_second": 8168.515175872873, "loss_main": 2.4563093781471252, "loss_total": 2.4563093781471252}
{"event": "update", "optimizer_step": 29580, "tokens_seen": 969277440, "lr": 0.00029144955278984346, "grad_norm": 0.6086181998252869, "elapsed_seconds": 118654.98460975103, "tokens_per_second": 8168.872493539939, "loss_main": 2.2596838176250458, "loss_total": 2.2596838176250458}
{"event": "update", "optimizer_step": 29590, "tokens_seen": 969605120, "lr": 0.0002914434173310929, "grad_norm": 0.6223089098930359, "elapsed_seconds": 118689.9108755, "tokens_per_second": 8169.229489245038, "loss_main": 2.333867371082306, "loss_total": 2.333867371082306}
{"event": "update", "optimizer_step": 29600, "tokens_seen": 969932800, "lr": 0.0002914372797438951, "grad_norm": 0.6521702408790588, "elapsed_seconds": 118724.85251904803, "tokens_per_second": 8169.5852167463045, "loss_main": 2.4554344713687897, "loss_total": 2.4554344713687897}
{"event": "update", "optimizer_step": 29610, "tokens_seen": 970260480, "lr": 0.00029143114002835337, "grad_norm": 0.659357488155365, "elapsed_seconds": 118759.80829057004, "tokens_per_second": 8169.939763005176, "loss_main": 2.4613900631666183, "loss_total": 2.4613900631666183}
{"event": "update", "optimizer_step": 29620, "tokens_seen": 970588160, "lr": 0.000291424998184571, "grad_norm": 0.6270506978034973, "elapsed_seconds": 118794.721162748, "tokens_per_second": 8170.297051081087, "loss_main": 2.283858597278595, "loss_total": 2.283858597278595}
{"event": "update", "optimizer_step": 29630, "tokens_seen": 970915840, "lr": 0.00029141885421265145, "grad_norm": 0.8398495316505432, "elapsed_seconds": 118829.65911702404, "tokens_per_second": 8170.652404580554, "loss_main": 2.238990195095539, "loss_total": 2.238990195095539}
{"event": "update", "optimizer_step": 29640, "tokens_seen": 971243520, "lr": 0.00029141270811269804, "grad_norm": 0.6807920932769775, "elapsed_seconds": 118864.55967958103, "tokens_per_second": 8171.010119569253, "loss_main": 2.3386725783348083, "loss_total": 2.3386725783348083}
{"event": "update", "optimizer_step": 29650, "tokens_seen": 971571200, "lr": 0.0002914065598848144, "grad_norm": 0.6516984701156616, "elapsed_seconds": 118899.50725026405, "tokens_per_second": 8171.364393924705, "loss_main": 2.544267386198044, "loss_total": 2.544267386198044}
{"event": "update", "optimizer_step": 29660, "tokens_seen": 971898880, "lr": 0.0002914004095291039, "grad_norm": 0.6286701560020447, "elapsed_seconds": 118934.44494226202, "tokens_per_second": 8171.719138823228, "loss_main": 2.24156653881073, "loss_total": 2.24156653881073}
{"event": "update", "optimizer_step": 29670, "tokens_seen": 972226560, "lr": 0.00029139425704567017, "grad_norm": 0.5827649235725403, "elapsed_seconds": 118969.38420696801, "tokens_per_second": 8172.073567335964, "loss_main": 2.2091019451618195, "loss_total": 2.2091019451618195}
{"event": "update", "optimizer_step": 29680, "tokens_seen": 972554240, "lr": 0.0002913881024346166, "grad_norm": 0.6225444078445435, "elapsed_seconds": 119004.32706507505, "tokens_per_second": 8172.42754095974, "loss_main": 2.3534707129001617, "loss_total": 2.3534707129001617}
{"event": "update", "optimizer_step": 29690, "tokens_seen": 972881920, "lr": 0.0002913819456960469, "grad_norm": 0.6211217045783997, "elapsed_seconds": 119039.25198189903, "tokens_per_second": 8172.78253855237, "loss_main": 2.3732496201992035, "loss_total": 2.3732496201992035}
{"event": "update", "optimizer_step": 29700, "tokens_seen": 973209600, "lr": 0.00029137578683006483, "grad_norm": 0.6630406379699707, "elapsed_seconds": 119074.17279547203, "tokens_per_second": 8173.137609543887, "loss_main": 2.5403357446193695, "loss_total": 2.5403357446193695}
{"event": "update", "optimizer_step": 29710, "tokens_seen": 973537280, "lr": 0.00029136962583677377, "grad_norm": 0.6270637512207031, "elapsed_seconds": 119109.09687856102, "tokens_per_second": 8173.492247973139, "loss_main": 2.1784132570028305, "loss_total": 2.1784132570028305}
{"event": "update", "optimizer_step": 29720, "tokens_seen": 973864960, "lr": 0.0002913634627162777, "grad_norm": 0.6986104249954224, "elapsed_seconds": 119144.046730067, "tokens_per_second": 8173.844910660039, "loss_main": 2.1880104541778564, "loss_total": 2.1880104541778564}
{"event": "update", "optimizer_step": 29730, "tokens_seen": 974192640, "lr": 0.00029135729746868023, "grad_norm": 0.6537905931472778, "elapsed_seconds": 119178.97512473201, "tokens_per_second": 8174.198838179434, "loss_main": 2.291066735982895, "loss_total": 2.291066735982895}
{"event": "update", "optimizer_step": 29740, "tokens_seen": 974520320, "lr": 0.00029135113009408516, "grad_norm": 0.6232593655586243, "elapsed_seconds": 119213.91318013304, "tokens_per_second": 8174.551895863809, "loss_main": 2.187588393688202, "loss_total": 2.187588393688202}
{"event": "update", "optimizer_step": 29750, "tokens_seen": 974848000, "lr": 0.0002913449605925964, "grad_norm": 0.6455146670341492, "elapsed_seconds": 119248.86777413305, "tokens_per_second": 8174.90361289166, "loss_main": 2.3061705827713013, "loss_total": 2.3061705827713013}
{"event": "update", "optimizer_step": 29760, "tokens_seen": 975175680, "lr": 0.00029133878896431763, "grad_norm": 0.6386626958847046, "elapsed_seconds": 119283.84783106204, "tokens_per_second": 8175.2533786561835, "loss_main": 2.3451330363750458, "loss_total": 2.3451330363750458}
{"event": "update", "optimizer_step": 29770, "tokens_seen": 975503360, "lr": 0.0002913326152093528, "grad_norm": 0.6453353762626648, "elapsed_seconds": 119318.79099374404, "tokens_per_second": 8175.605467299331, "loss_main": 2.319521814584732, "loss_total": 2.319521814584732}
{"event": "update", "optimizer_step": 29780, "tokens_seen": 975831040, "lr": 0.00029132643932780597, "grad_norm": 0.6810410022735596, "elapsed_seconds": 119353.75793453603, "tokens_per_second": 8175.955720935327, "loss_main": 2.4252876192331314, "loss_total": 2.4252876192331314}
{"event": "update", "optimizer_step": 29790, "tokens_seen": 976158720, "lr": 0.000291320261319781, "grad_norm": 0.6562439203262329, "elapsed_seconds": 119388.73600234604, "tokens_per_second": 8176.305007373711, "loss_main": 2.4240165054798126, "loss_total": 2.4240165054798126}
{"event": "update", "optimizer_step": 29800, "tokens_seen": 976486400, "lr": 0.00029131408118538175, "grad_norm": 0.6274672150611877, "elapsed_seconds": 119423.708236198, "tokens_per_second": 8176.654488643834, "loss_main": 2.3439312875270844, "loss_total": 2.3439312875270844}
{"event": "update", "optimizer_step": 29810, "tokens_seen": 976814080, "lr": 0.0002913078989247124, "grad_norm": 0.6669471263885498, "elapsed_seconds": 119458.69345017202, "tokens_per_second": 8177.002876793086, "loss_main": 2.331601917743683, "loss_total": 2.331601917743683}
{"event": "update", "optimizer_step": 29820, "tokens_seen": 977141760, "lr": 0.0002913017145378771, "grad_norm": 0.6228199005126953, "elapsed_seconds": 119493.67329487001, "tokens_per_second": 8177.351428378508, "loss_main": 2.371723383665085, "loss_total": 2.371723383665085}
{"event": "update", "optimizer_step": 29830, "tokens_seen": 977469440, "lr": 0.00029129552802497987, "grad_norm": 0.6114730834960938, "elapsed_seconds": 119528.66042689903, "tokens_per_second": 8177.699277386261, "loss_main": 2.4444513767957687, "loss_total": 2.4444513767957687}
{"event": "update", "optimizer_step": 29840, "tokens_seen": 977797120, "lr": 0.0002912893393861247, "grad_norm": 0.6782593727111816, "elapsed_seconds": 119563.62953273003, "tokens_per_second": 8178.048155792496, "loss_main": 2.509751617908478, "loss_total": 2.509751617908478}
{"event": "update", "optimizer_step": 29850, "tokens_seen": 978124800, "lr": 0.000291283148621416, "grad_norm": 0.6793721914291382, "elapsed_seconds": 119598.67950250505, "tokens_per_second": 8178.3913005453605, "loss_main": 2.5825314223766327, "loss_total": 2.5825314223766327}
{"event": "update", "optimizer_step": 29860, "tokens_seen": 978452480, "lr": 0.00029127695573095784, "grad_norm": 0.8008081316947937, "elapsed_seconds": 119633.62177477701, "tokens_per_second": 8178.741606954278, "loss_main": 2.2158696353435516, "loss_total": 2.2158696353435516}
{"event": "update", "optimizer_step": 29870, "tokens_seen": 978780160, "lr": 0.00029127076071485455, "grad_norm": 0.656227171421051, "elapsed_seconds": 119668.601567809, "tokens_per_second": 8179.089144326502, "loss_main": 2.4302385449409485, "loss_total": 2.4302385449409485}
{"event": "update", "optimizer_step": 29880, "tokens_seen": 979107840, "lr": 0.0002912645635732102, "grad_norm": 0.6254929304122925, "elapsed_seconds": 119703.57836518303, "tokens_per_second": 8179.436683279497, "loss_main": 2.248276025056839, "loss_total": 2.248276025056839}
{"event": "update", "optimizer_step": 29890, "tokens_seen": 979435520, "lr": 0.0002912583643061294, "grad_norm": 0.637100100517273, "elapsed_seconds": 119738.52251346805, "tokens_per_second": 8179.786249574227, "loss_main": 2.3284963816404343, "loss_total": 2.3284963816404343}
{"event": "update", "optimizer_step": 29900, "tokens_seen": 979763200, "lr": 0.00029125216291371635, "grad_norm": 0.6313250064849854, "elapsed_seconds": 119773.48439987504, "tokens_per_second": 8180.134400440154, "loss_main": 2.364792823791504, "loss_total": 2.364792823791504}
{"event": "update", "optimizer_step": 29910, "tokens_seen": 980090880, "lr": 0.0002912459593960755, "grad_norm": 0.6858391165733337, "elapsed_seconds": 119808.44180885004, "tokens_per_second": 8180.482653832515, "loss_main": 2.3164319694042206, "loss_total": 2.3164319694042206}
{"event": "update", "optimizer_step": 29920, "tokens_seen": 980418560, "lr": 0.00029123975375331117, "grad_norm": 0.6672651171684265, "elapsed_seconds": 119843.38731986604, "tokens_per_second": 8180.831516245697, "loss_main": 2.371894523501396, "loss_total": 2.371894523501396}
{"event": "update", "optimizer_step": 29930, "tokens_seen": 980746240, "lr": 0.00029123354598552796, "grad_norm": 0.6345884799957275, "elapsed_seconds": 119878.34892871504, "tokens_per_second": 8181.179076658746, "loss_main": 2.3489055037498474, "loss_total": 2.3489055037498474}
{"event": "update", "optimizer_step": 29940, "tokens_seen": 981073920, "lr": 0.00029122733609283024, "grad_norm": 0.6760140061378479, "elapsed_seconds": 119913.80733032402, "tokens_per_second": 8181.492539032277, "loss_main": 2.3265165984630585, "loss_total": 2.3265165984630585}
{"event": "update", "optimizer_step": 29950, "tokens_seen": 981401600, "lr": 0.00029122112407532264, "grad_norm": 0.6410515904426575, "elapsed_seconds": 119949.00998018403, "tokens_per_second": 8181.823261085113, "loss_main": 2.436090737581253, "loss_total": 2.436090737581253}
{"event": "update", "optimizer_step": 29960, "tokens_seen": 981729280, "lr": 0.0002912149099331097, "grad_norm": 0.6434876918792725, "elapsed_seconds": 119983.93353587104, "tokens_per_second": 8182.17282155112, "loss_main": 2.48051954805851, "loss_total": 2.48051954805851}
{"event": "update", "optimizer_step": 29970, "tokens_seen": 982056960, "lr": 0.000291208693666296, "grad_norm": 0.6548312306404114, "elapsed_seconds": 120018.88793992903, "tokens_per_second": 8182.520075436226, "loss_main": 2.4759723246097565, "loss_total": 2.4759723246097565}
{"event": "update", "optimizer_step": 29980, "tokens_seen": 982384640, "lr": 0.0002912024752749861, "grad_norm": 0.6365295648574829, "elapsed_seconds": 120053.80816368002, "tokens_per_second": 8182.869456840784, "loss_main": 2.332419902086258, "loss_total": 2.332419902086258}
{"event": "update", "optimizer_step": 29990, "tokens_seen": 982712320, "lr": 0.0002911962547592849, "grad_norm": 0.7116101980209351, "elapsed_seconds": 120088.73193281103, "tokens_per_second": 8183.218393461112, "loss_main": 2.5170436799526215, "loss_total": 2.5170436799526215}
{"event": "update", "optimizer_step": 30000, "tokens_seen": 983040000, "lr": 0.0002911900321192969, "grad_norm": 0.6769687533378601, "elapsed_seconds": 120123.67267572804, "tokens_per_second": 8183.5659708282565, "loss_main": 2.3309688568115234, "loss_total": 2.3309688568115234}
{"event": "update", "optimizer_step": 30010, "tokens_seen": 983367680, "lr": 0.00029118380735512696, "grad_norm": 0.6279060244560242, "elapsed_seconds": 120158.69873853202, "tokens_per_second": 8183.907534982796, "loss_main": 2.314989447593689, "loss_total": 2.314989447593689}
{"event": "update", "optimizer_step": 30020, "tokens_seen": 983695360, "lr": 0.00029117758046687974, "grad_norm": 0.6189833879470825, "elapsed_seconds": 120193.636610599, "tokens_per_second": 8184.254905165712, "loss_main": 2.3730610013008118, "loss_total": 2.3730610013008118}
{"event": "update", "optimizer_step": 30030, "tokens_seen": 984023040, "lr": 0.0002911713514546602, "grad_norm": 0.6386346220970154, "elapsed_seconds": 120228.582339157, "tokens_per_second": 8184.601538626939, "loss_main": 2.4145387411117554, "loss_total": 2.4145387411117554}
{"event": "update", "optimizer_step": 30040, "tokens_seen": 984350720, "lr": 0.00029116512031857316, "grad_norm": 0.6578576564788818, "elapsed_seconds": 120263.49955283402, "tokens_per_second": 8184.949911319986, "loss_main": 2.301916182041168, "loss_total": 2.301916182041168}
{"event": "update", "optimizer_step": 30050, "tokens_seen": 984678400, "lr": 0.0002911588870587235, "grad_norm": 0.6895974278450012, "elapsed_seconds": 120298.42241201102, "tokens_per_second": 8185.297697650325, "loss_main": 2.1819701194763184, "loss_total": 2.1819701194763184}
{"event": "update", "optimizer_step": 30060, "tokens_seen": 985006080, "lr": 0.0002911526516752161, "grad_norm": 0.7354554533958435, "elapsed_seconds": 120333.37553552602, "tokens_per_second": 8185.643223389812, "loss_main": 2.311583712697029, "loss_total": 2.311583712697029}
{"event": "update", "optimizer_step": 30070, "tokens_seen": 985333760, "lr": 0.000291146414168156, "grad_norm": 0.6890115737915039, "elapsed_seconds": 120368.31872228003, "tokens_per_second": 8185.989224236094, "loss_main": 2.5023569464683533, "loss_total": 2.5023569464683533}
{"event": "update", "optimizer_step": 30080, "tokens_seen": 985661440, "lr": 0.00029114017453764807, "grad_norm": 0.6589816808700562, "elapsed_seconds": 120403.24237096502, "tokens_per_second": 8186.336352663623, "loss_main": 2.3343851566314697, "loss_total": 2.3343851566314697}
{"event": "update", "optimizer_step": 30090, "tokens_seen": 985989120, "lr": 0.00029113393278379753, "grad_norm": 0.6188359260559082, "elapsed_seconds": 120438.19474024902, "tokens_per_second": 8186.681327518222, "loss_main": 2.2693397104740143, "loss_total": 2.2693397104740143}
{"event": "update", "optimizer_step": 30100, "tokens_seen": 986316800, "lr": 0.0002911276889067092, "grad_norm": 0.6437447667121887, "elapsed_seconds": 120473.13923137303, "tokens_per_second": 8187.026637578878, "loss_main": 2.4007309675216675, "loss_total": 2.4007309675216675}
{"event": "update", "optimizer_step": 30110, "tokens_seen": 986644480, "lr": 0.0002911214429064885, "grad_norm": 0.6508488655090332, "elapsed_seconds": 120508.06316327304, "tokens_per_second": 8187.373144178931, "loss_main": 2.521313577890396, "loss_total": 2.521313577890396}
{"event": "update", "optimizer_step": 30120, "tokens_seen": 986972160, "lr": 0.0002911151947832403, "grad_norm": 0.6512487530708313, "elapsed_seconds": 120543.08697832603, "tokens_per_second": 8187.712665575425, "loss_main": 2.285728305578232, "loss_total": 2.285728305578232}
{"event": "update", "optimizer_step": 30130, "tokens_seen": 987299840, "lr": 0.00029110894453706986, "grad_norm": 0.6354854106903076, "elapsed_seconds": 120578.07313413604, "tokens_per_second": 8188.0545470459365, "loss_main": 2.4415632784366608, "loss_total": 2.4415632784366608}
{"event": "update", "optimizer_step": 30140, "tokens_seen": 987627520, "lr": 0.0002911026921680825, "grad_norm": 0.6379218101501465, "elapsed_seconds": 120613.04144637205, "tokens_per_second": 8188.397441574566, "loss_main": 2.5429601967334747, "loss_total": 2.5429601967334747}
{"event": "update", "optimizer_step": 30150, "tokens_seen": 987955200, "lr": 0.00029109643767638333, "grad_norm": 0.6984651684761047, "elapsed_seconds": 120647.97166458803, "tokens_per_second": 8188.742722891375, "loss_main": 2.340778172016144, "loss_total": 2.340778172016144}
{"event": "update", "optimizer_step": 30160, "tokens_seen": 988282880, "lr": 0.0002910901810620776, "grad_norm": 0.6743203997612, "elapsed_seconds": 120682.936706601, "tokens_per_second": 8189.085441321911, "loss_main": 2.262072578072548, "loss_total": 2.262072578072548}
{"event": "update", "optimizer_step": 30170, "tokens_seen": 988610560, "lr": 0.00029108392232527077, "grad_norm": 0.6236658096313477, "elapsed_seconds": 120717.88445430005, "tokens_per_second": 8189.429134456515, "loss_main": 2.4655911922454834, "loss_total": 2.4655911922454834}
{"event": "update", "optimizer_step": 30180, "tokens_seen": 988938240, "lr": 0.00029107766146606816, "grad_norm": 0.6415489912033081, "elapsed_seconds": 120752.82816259802, "tokens_per_second": 8189.772902613587, "loss_main": 2.375792905688286, "loss_total": 2.375792905688286}
{"event": "update", "optimizer_step": 30190, "tokens_seen": 989265920, "lr": 0.00029107139848457504, "grad_norm": 0.6567724347114563, "elapsed_seconds": 120787.80276571802, "tokens_per_second": 8190.114377018648, "loss_main": 2.4223301112651825, "loss_total": 2.4223301112651825}
{"event": "update", "optimizer_step": 30200, "tokens_seen": 989593600, "lr": 0.000291065133380897, "grad_norm": 0.664928138256073, "elapsed_seconds": 120822.76741085004, "tokens_per_second": 8190.456328772463, "loss_main": 2.535539299249649, "loss_total": 2.535539299249649}
{"event": "update", "optimizer_step": 30210, "tokens_seen": 989921280, "lr": 0.00029105886615513944, "grad_norm": 0.6364819407463074, "elapsed_seconds": 120857.740446429, "tokens_per_second": 8190.79751403088, "loss_main": 2.1167186200618744, "loss_total": 2.1167186200618744}
{"event": "update", "optimizer_step": 30220, "tokens_seen": 990248960, "lr": 0.00029105259680740783, "grad_norm": 0.6090837121009827, "elapsed_seconds": 120892.68665277201, "tokens_per_second": 8191.14031971341, "loss_main": 2.2793415784835815, "loss_total": 2.2793415784835815}
{"event": "update", "optimizer_step": 30230, "tokens_seen": 990576640, "lr": 0.0002910463253378078, "grad_norm": 0.6398906111717224, "elapsed_seconds": 120927.62698336405, "tokens_per_second": 8191.483325280774, "loss_main": 2.2676776349544525, "loss_total": 2.2676776349544525}
{"event": "update", "optimizer_step": 30240, "tokens_seen": 990904320, "lr": 0.0002910400517464447, "grad_norm": 0.6532524824142456, "elapsed_seconds": 120962.558178565, "tokens_per_second": 8191.826751359098, "loss_main": 2.4435238540172577, "loss_total": 2.4435238540172577}
{"event": "update", "optimizer_step": 30250, "tokens_seen": 991232000, "lr": 0.0002910337760334244, "grad_norm": 0.6766907572746277, "elapsed_seconds": 120997.483274678, "tokens_per_second": 8192.170392088165, "loss_main": 2.546103820204735, "loss_total": 2.546103820204735}
{"event": "update", "optimizer_step": 30260, "tokens_seen": 991559680, "lr": 0.0002910274981988523, "grad_norm": 0.7014146447181702, "elapsed_seconds": 121032.44739792403, "tokens_per_second": 8192.51119280438, "loss_main": 2.400698632001877, "loss_total": 2.400698632001877}
{"event": "update", "optimizer_step": 30270, "tokens_seen": 991887360, "lr": 0.0002910212182428342, "grad_norm": 0.6722201704978943, "elapsed_seconds": 121067.41830006003, "tokens_per_second": 8192.851337935139, "loss_main": 2.426836609840393, "loss_total": 2.426836609840393}
{"event": "update", "optimizer_step": 30280, "tokens_seen": 992215040, "lr": 0.0002910149361654759, "grad_norm": 0.6486435532569885, "elapsed_seconds": 121102.39336036105, "tokens_per_second": 8193.191005296592, "loss_main": 2.285395845770836, "loss_total": 2.285395845770836}
{"event": "update", "optimizer_step": 30290, "tokens_seen": 992542720, "lr": 0.000291008651966883, "grad_norm": 0.6790621876716614, "elapsed_seconds": 121137.363361692, "tokens_per_second": 8193.53081869931, "loss_main": 2.3156512081623077, "loss_total": 2.3156512081623077}
{"event": "update", "optimizer_step": 30300, "tokens_seen": 992870400, "lr": 0.00029100236564716126, "grad_norm": 0.6393650770187378, "elapsed_seconds": 121172.34091075603, "tokens_per_second": 8193.869925573637, "loss_main": 2.2334062606096268, "loss_total": 2.2334062606096268}
{"event": "update", "optimizer_step": 30310, "tokens_seen": 993198080, "lr": 0.00029099607720641657, "grad_norm": 0.6442825198173523, "elapsed_seconds": 121207.30029943003, "tokens_per_second": 8194.210064463176, "loss_main": 2.3829614222049713, "loss_total": 2.3829614222049713}
{"event": "update", "optimizer_step": 30320, "tokens_seen": 993525760, "lr": 0.00029098978664475483, "grad_norm": 0.648830771446228, "elapsed_seconds": 121242.27145719505, "tokens_per_second": 8194.549211747219, "loss_main": 2.409248471260071, "loss_total": 2.409248471260071}
{"event": "update", "optimizer_step": 30330, "tokens_seen": 993853440, "lr": 0.00029098349396228197, "grad_norm": 0.6670373678207397, "elapsed_seconds": 121277.23169339, "tokens_per_second": 8194.888901427392, "loss_main": 2.547682523727417, "loss_total": 2.547682523727417}
{"event": "update", "optimizer_step": 30340, "tokens_seen": 994181120, "lr": 0.0002909771991591037, "grad_norm": 0.6513363718986511, "elapsed_seconds": 121312.18280495703, "tokens_per_second": 8195.229011734311, "loss_main": 2.3268544524908066, "loss_total": 2.3268544524908066}
{"event": "update", "optimizer_step": 30350, "tokens_seen": 994508800, "lr": 0.00029097090223532615, "grad_norm": 0.6602830290794373, "elapsed_seconds": 121347.14020001702, "tokens_per_second": 8195.568501744227, "loss_main": 2.5055540204048157, "loss_total": 2.5055540204048157}
{"event": "update", "optimizer_step": 30360, "tokens_seen": 994836480, "lr": 0.0002909646031910554, "grad_norm": 0.6541792750358582, "elapsed_seconds": 121382.087782018, "tokens_per_second": 8195.908458804568, "loss_main": 2.2811801731586456, "loss_total": 2.2811801731586456}
{"event": "update", "optimizer_step": 30370, "tokens_seen": 995164160, "lr": 0.0002909583020263972, "grad_norm": 0.6427101492881775, "elapsed_seconds": 121417.00175107701, "tokens_per_second": 8196.250489204429, "loss_main": 2.326374113559723, "loss_total": 2.326374113559723}
{"event": "update", "optimizer_step": 30380, "tokens_seen": 995491840, "lr": 0.0002909519987414578, "grad_norm": 0.6519402861595154, "elapsed_seconds": 121451.94961065805, "tokens_per_second": 8196.590035740688, "loss_main": 2.2785590291023254, "loss_total": 2.2785590291023254}
{"event": "update", "optimizer_step": 30390, "tokens_seen": 995819520, "lr": 0.00029094569333634334, "grad_norm": 0.6857956647872925, "elapsed_seconds": 121486.909242047, "tokens_per_second": 8196.928592659791, "loss_main": 2.287519633769989, "loss_total": 2.287519633769989}
{"event": "update", "optimizer_step": 30400, "tokens_seen": 996147200, "lr": 0.00029093938581115997, "grad_norm": 0.6398463249206543, "elapsed_seconds": 121521.91237687005, "tokens_per_second": 8197.264020259134, "loss_main": 2.254212647676468, "loss_total": 2.254212647676468}
{"event": "update", "optimizer_step": 30410, "tokens_seen": 996474880, "lr": 0.00029093307616601376, "grad_norm": 0.6464845538139343, "elapsed_seconds": 121556.87686955003, "tokens_per_second": 8197.601860644847, "loss_main": 2.318017214536667, "loss_total": 2.318017214536667}
{"event": "update", "optimizer_step": 30420, "tokens_seen": 996802560, "lr": 0.00029092676440101086, "grad_norm": 0.6963521242141724, "elapsed_seconds": 121591.81648987002, "tokens_per_second": 8197.941183673696, "loss_main": 2.3275102972984314, "loss_total": 2.3275102972984314}
{"event": "update", "optimizer_step": 30430, "tokens_seen": 997130240, "lr": 0.0002909204505162577, "grad_norm": 0.661960244178772, "elapsed_seconds": 121626.74060377205, "tokens_per_second": 8198.281356962349, "loss_main": 2.277782306075096, "loss_total": 2.277782306075096}
{"event": "update", "optimizer_step": 30440, "tokens_seen": 997457920, "lr": 0.0002909141345118605, "grad_norm": 0.6626184582710266, "elapsed_seconds": 121661.69459521101, "tokens_per_second": 8198.619321543325, "loss_main": 2.284944549202919, "loss_total": 2.284944549202919}
{"event": "update", "optimizer_step": 30450, "tokens_seen": 997785600, "lr": 0.00029090781638792555, "grad_norm": 0.6571375131607056, "elapsed_seconds": 121696.625758173, "tokens_per_second": 8198.958629984774, "loss_main": 2.4458281099796295, "loss_total": 2.4458281099796295}
{"event": "update", "optimizer_step": 30460, "tokens_seen": 998113280, "lr": 0.00029090149614455923, "grad_norm": 0.6628016233444214, "elapsed_seconds": 121731.614953593, "tokens_per_second": 8199.293834888369, "loss_main": 2.3124172389507294, "loss_total": 2.3124172389507294}
{"event": "update", "optimizer_step": 30470, "tokens_seen": 998440960, "lr": 0.0002908951737818679, "grad_norm": 0.6334635615348816, "elapsed_seconds": 121766.52948174701, "tokens_per_second": 8199.633875166557, "loss_main": 2.34479096531868, "loss_total": 2.34479096531868}
{"event": "update", "optimizer_step": 30480, "tokens_seen": 998768640, "lr": 0.00029088884929995805, "grad_norm": 0.7049588561058044, "elapsed_seconds": 121801.46594286902, "tokens_per_second": 8199.972243917593, "loss_main": 2.474896013736725, "loss_total": 2.474896013736725}
{"event": "update", "optimizer_step": 30490, "tokens_seen": 999096320, "lr": 0.000290882522698936, "grad_norm": 0.6556033492088318, "elapsed_seconds": 121836.40754887101, "tokens_per_second": 8200.310072334023, "loss_main": 2.4015402495861053, "loss_total": 2.4015402495861053}
{"event": "update", "optimizer_step": 30500, "tokens_seen": 999424000, "lr": 0.0002908761939789085, "grad_norm": 0.692992627620697, "elapsed_seconds": 121871.36151701503, "tokens_per_second": 8200.64687519279, "loss_main": 2.4318883419036865, "loss_total": 2.4318883419036865}
{"event": "update", "optimizer_step": 30510, "tokens_seen": 999751680, "lr": 0.0002908698631399817, "grad_norm": 0.6687197089195251, "elapsed_seconds": 121906.27933570702, "tokens_per_second": 8200.98591678671, "loss_main": 2.4521220326423645, "loss_total": 2.4521220326423645}
{"event": "evaluation", "tokens_seen": 1000013824, "elapsed_seconds": 121934.245650661, "parameters": 600375552, "main_loss": 2.4477788656949997, "perplexity": 11.562636008827699}
{"event": "update", "optimizer_step": 30520, "tokens_seen": 1000079360, "lr": 0.0002908635301822626, "grad_norm": 0.682709813117981, "elapsed_seconds": 121961.02005433105, "tokens_per_second": 8199.991764208646, "loss_main": 2.2686850130558014, "loss_total": 2.2686850130558014}
{"event": "update", "optimizer_step": 30530, "tokens_seen": 1000407040, "lr": 0.0002908571951058574, "grad_norm": 0.6628218293190002, "elapsed_seconds": 122000.81120180205, "tokens_per_second": 8200.003181497068, "loss_main": 2.1900705099105835, "loss_total": 2.1900705099105835}
{"event": "update", "optimizer_step": 30540, "tokens_seen": 1000734720, "lr": 0.00029085085791087314, "grad_norm": 0.8241687417030334, "elapsed_seconds": 122035.98127767805, "tokens_per_second": 8200.325096931452, "loss_main": 2.448298841714859, "loss_total": 2.448298841714859}
{"event": "update", "optimizer_step": 30550, "tokens_seen": 1001062400, "lr": 0.00029084451859741616, "grad_norm": 0.6385359168052673, "elapsed_seconds": 122071.10479072703, "tokens_per_second": 8200.649954927288, "loss_main": 2.361118882894516, "loss_total": 2.361118882894516}
{"event": "update", "optimizer_step": 30560, "tokens_seen": 1001390080, "lr": 0.00029083817716559336, "grad_norm": 0.6650025844573975, "elapsed_seconds": 122106.17398481001, "tokens_per_second": 8200.97827424003, "loss_main": 2.422289878129959, "loss_total": 2.422289878129959}
{"event": "update", "optimizer_step": 30570, "tokens_seen": 1001717760, "lr": 0.00029083183361551133, "grad_norm": 0.6769172549247742, "elapsed_seconds": 122141.25330164604, "tokens_per_second": 8201.305725315497, "loss_main": 2.3851525485515594, "loss_total": 2.3851525485515594}
{"event": "update", "optimizer_step": 30580, "tokens_seen": 1002045440, "lr": 0.0002908254879472771, "grad_norm": 0.6706214547157288, "elapsed_seconds": 122176.30522096803, "tokens_per_second": 8201.634827536329, "loss_main": 2.5035310685634613, "loss_total": 2.5035310685634613}
{"event": "update", "optimizer_step": 30590, "tokens_seen": 1002373120, "lr": 0.00029081914016099717, "grad_norm": 0.6578052043914795, "elapsed_seconds": 122211.40432661603, "tokens_per_second": 8201.960574163015, "loss_main": 2.329506203532219, "loss_total": 2.329506203532219}
{"event": "update", "optimizer_step": 30600, "tokens_seen": 1002700800, "lr": 0.00029081279025677874, "grad_norm": 0.658323347568512, "elapsed_seconds": 122246.48539888405, "tokens_per_second": 8202.28734370758, "loss_main": 2.2623268961906433, "loss_total": 2.2623268961906433}
{"event": "update", "optimizer_step": 30610, "tokens_seen": 1003028480, "lr": 0.00029080643823472835, "grad_norm": 0.636491060256958, "elapsed_seconds": 122281.56775687303, "tokens_per_second": 8202.613839514035, "loss_main": 2.2348953187465668, "loss_total": 2.2348953187465668}
{"event": "update", "optimizer_step": 30620, "tokens_seen": 1003356160, "lr": 0.00029080008409495324, "grad_norm": 0.6679568886756897, "elapsed_seconds": 122316.80976415303, "tokens_per_second": 8202.929441461367, "loss_main": 2.3798719495534897, "loss_total": 2.3798719495534897}
{"event": "update", "optimizer_step": 30630, "tokens_seen": 1003683840, "lr": 0.0002907937278375601, "grad_norm": 0.6895285844802856, "elapsed_seconds": 122351.90054034401, "tokens_per_second": 8203.255001086378, "loss_main": 2.4301383197307587, "loss_total": 2.4301383197307587}
{"event": "update", "optimizer_step": 30640, "tokens_seen": 1004011520, "lr": 0.00029078736946265614, "grad_norm": 0.6816245913505554, "elapsed_seconds": 122387.02406498202, "tokens_per_second": 8203.578178900036, "loss_main": 2.4226369857788086, "loss_total": 2.4226369857788086}
{"event": "update", "optimizer_step": 30650, "tokens_seen": 1004339200, "lr": 0.0002907810089703483, "grad_norm": 0.7210306525230408, "elapsed_seconds": 122422.12494624103, "tokens_per_second": 8203.90268867685, "loss_main": 2.3769093453884125, "loss_total": 2.3769093453884125}
{"event": "update", "optimizer_step": 30660, "tokens_seen": 1004666880, "lr": 0.0002907746463607436, "grad_norm": 0.6499907374382019, "elapsed_seconds": 122457.22170964401, "tokens_per_second": 8204.227288302738, "loss_main": 2.249033823609352, "loss_total": 2.249033823609352}
{"event": "update", "optimizer_step": 30670, "tokens_seen": 1004994560, "lr": 0.0002907682816339493, "grad_norm": 0.6912462115287781, "elapsed_seconds": 122492.307938952, "tokens_per_second": 8204.552407493795, "loss_main": 2.4835875034332275, "loss_total": 2.4835875034332275}
{"event": "update", "optimizer_step": 30680, "tokens_seen": 1005322240, "lr": 0.0002907619147900723, "grad_norm": 0.657063901424408, "elapsed_seconds": 122527.44653697102, "tokens_per_second": 8204.87383368964, "loss_main": 2.333315148949623, "loss_total": 2.333315148949623}
{"event": "update", "optimizer_step": 30690, "tokens_seen": 1005649920, "lr": 0.00029075554582922, "grad_norm": 0.6435437202453613, "elapsed_seconds": 122562.47303204203, "tokens_per_second": 8205.202580541016, "loss_main": 2.3852279484272003, "loss_total": 2.3852279484272003}
{"event": "update", "optimizer_step": 30700, "tokens_seen": 1005977600, "lr": 0.0002907491747514995, "grad_norm": 0.6367055773735046, "elapsed_seconds": 122597.50729969703, "tokens_per_second": 8205.530619320236, "loss_main": 2.383722335100174, "loss_total": 2.383722335100174}
{"event": "update", "optimizer_step": 30710, "tokens_seen": 1006305280, "lr": 0.000290742801557018, "grad_norm": 0.670244574546814, "elapsed_seconds": 122632.59187598404, "tokens_per_second": 8205.855104307482, "loss_main": 2.472711890935898, "loss_total": 2.472711890935898}
{"event": "update", "optimizer_step": 30720, "tokens_seen": 1006632960, "lr": 0.000290736426245883, "grad_norm": 0.6929718852043152, "elapsed_seconds": 122667.66213258705, "tokens_per_second": 8206.180361634077, "loss_main": 2.3763338029384613, "loss_total": 2.3763338029384613}
{"event": "update", "optimizer_step": 30730, "tokens_seen": 1006960640, "lr": 0.00029073004881820155, "grad_norm": 0.6532623171806335, "elapsed_seconds": 122702.72044400102, "tokens_per_second": 8206.506231942558, "loss_main": 2.533359944820404, "loss_total": 2.533359944820404}
{"event": "update", "optimizer_step": 30740, "tokens_seen": 1007288320, "lr": 0.00029072366927408104, "grad_norm": 0.6290580034255981, "elapsed_seconds": 122737.78048812103, "tokens_per_second": 8206.831800233578, "loss_main": 2.0239689499139786, "loss_total": 2.0239689499139786}
{"event": "update", "optimizer_step": 30750, "tokens_seen": 1007616000, "lr": 0.0002907172876136291, "grad_norm": 0.7945544719696045, "elapsed_seconds": 122772.850570251, "tokens_per_second": 8207.156511556592, "loss_main": 2.390095353126526, "loss_total": 2.390095353126526}
{"event": "update", "optimizer_step": 30760, "tokens_seen": 1007943680, "lr": 0.0002907109038369529, "grad_norm": 0.680620551109314, "elapsed_seconds": 122808.02132057503, "tokens_per_second": 8207.474309588366, "loss_main": 2.4365509152412415, "loss_total": 2.4365509152412415}
{"event": "update", "optimizer_step": 30770, "tokens_seen": 1008271360, "lr": 0.0002907045179441599, "grad_norm": 0.6494226455688477, "elapsed_seconds": 122843.09261627501, "tokens_per_second": 8207.79857073069, "loss_main": 2.364902675151825, "loss_total": 2.364902675151825}
{"event": "update", "optimizer_step": 30780, "tokens_seen": 1008599040, "lr": 0.00029069812993535787, "grad_norm": 0.6553476452827454, "elapsed_seconds": 122878.15843322704, "tokens_per_second": 8208.123012749094, "loss_main": 2.1912597566843033, "loss_total": 2.1912597566843033}
{"event": "update", "optimizer_step": 30790, "tokens_seen": 1008926720, "lr": 0.00029069173981065397, "grad_norm": 0.696181058883667, "elapsed_seconds": 122913.23589627404, "tokens_per_second": 8208.446491893103, "loss_main": 2.3485944867134094, "loss_total": 2.3485944867134094}
{"event": "update", "optimizer_step": 30800, "tokens_seen": 1009254400, "lr": 0.0002906853475701561, "grad_norm": 0.8194618821144104, "elapsed_seconds": 122948.32421725203, "tokens_per_second": 8208.76906151749, "loss_main": 2.468140721321106, "loss_total": 2.468140721321106}
{"event": "update", "optimizer_step": 30810, "tokens_seen": 1009582080, "lr": 0.00029067895321397157, "grad_norm": 0.682170569896698, "elapsed_seconds": 122983.41424305702, "tokens_per_second": 8209.09133328111, "loss_main": 2.3435626178979874, "loss_total": 2.3435626178979874}
{"event": "update", "optimizer_step": 30820, "tokens_seen": 1009909760, "lr": 0.0002906725567422083, "grad_norm": 0.6756598353385925, "elapsed_seconds": 123018.477768437, "tokens_per_second": 8209.415189651401, "loss_main": 2.4462477564811707, "loss_total": 2.4462477564811707}
{"event": "update", "optimizer_step": 30830, "tokens_seen": 1010237440, "lr": 0.0002906661581549737, "grad_norm": 0.6620099544525146, "elapsed_seconds": 123053.62912176101, "tokens_per_second": 8209.733001863558, "loss_main": 2.434112176299095, "loss_total": 2.434112176299095}
{"event": "update", "optimizer_step": 30840, "tokens_seen": 1010565120, "lr": 0.00029065975745237564, "grad_norm": 0.6789045333862305, "elapsed_seconds": 123088.566021592, "tokens_per_second": 8210.064936679239, "loss_main": 2.253027319908142, "loss_total": 2.253027319908142}
{"event": "update", "optimizer_step": 30850, "tokens_seen": 1010892800, "lr": 0.0002906533546345218, "grad_norm": 0.6606760621070862, "elapsed_seconds": 123123.51587514603, "tokens_per_second": 8210.395819309615, "loss_main": 2.344829171895981, "loss_total": 2.344829171895981}
{"event": "update", "optimizer_step": 30860, "tokens_seen": 1011220480, "lr": 0.00029064694970152, "grad_norm": 0.6842536330223083, "elapsed_seconds": 123158.47466062603, "tokens_per_second": 8210.7259186711, "loss_main": 2.4620786011219025, "loss_total": 2.4620786011219025}
{"event": "update", "optimizer_step": 30870, "tokens_seen": 1011548160, "lr": 0.00029064054265347803, "grad_norm": 0.6614697575569153, "elapsed_seconds": 123193.449586211, "tokens_per_second": 8211.054754921175, "loss_main": 2.246071383357048, "loss_total": 2.246071383357048}
{"event": "update", "optimizer_step": 30880, "tokens_seen": 1011875840, "lr": 0.0002906341334905038, "grad_norm": 0.6808205842971802, "elapsed_seconds": 123228.52363408601, "tokens_per_second": 8211.376799454789, "loss_main": 2.388178378343582, "loss_total": 2.388178378343582}
{"event": "update", "optimizer_step": 30890, "tokens_seen": 1012203520, "lr": 0.0002906277222127051, "grad_norm": 0.7328112125396729, "elapsed_seconds": 123263.50737564603, "tokens_per_second": 8211.704676837611, "loss_main": 2.2950609624385834, "loss_total": 2.2950609624385834}
{"event": "update", "optimizer_step": 30900, "tokens_seen": 1012531200, "lr": 0.00029062130882018993, "grad_norm": 0.6350744962692261, "elapsed_seconds": 123298.48060085304, "tokens_per_second": 8212.033068581015, "loss_main": 2.3521426916122437, "loss_total": 2.3521426916122437}
{"event": "update", "optimizer_step": 30910, "tokens_seen": 1012858880, "lr": 0.0002906148933130662, "grad_norm": 0.6731256246566772, "elapsed_seconds": 123333.40218200604, "tokens_per_second": 8212.364712888566, "loss_main": 2.2384578585624695, "loss_total": 2.2384578585624695}
{"event": "update", "optimizer_step": 30920, "tokens_seen": 1013186560, "lr": 0.0002906084756914419, "grad_norm": 0.6859409809112549, "elapsed_seconds": 123368.34646591404, "tokens_per_second": 8212.694658106142, "loss_main": 2.473574325442314, "loss_total": 2.473574325442314}
{"event": "update", "optimizer_step": 30930, "tokens_seen": 1013514240, "lr": 0.00029060205595542513, "grad_norm": 0.665518581867218, "elapsed_seconds": 123403.29001449503, "tokens_per_second": 8213.024465400817, "loss_main": 2.437924563884735, "loss_total": 2.437924563884735}
{"event": "update", "optimizer_step": 30940, "tokens_seen": 1013841920, "lr": 0.0002905956341051239, "grad_norm": 0.6891009211540222, "elapsed_seconds": 123438.24822029204, "tokens_per_second": 8213.353110704096, "loss_main": 2.318976491689682, "loss_total": 2.318976491689682}
{"event": "update", "optimizer_step": 30950, "tokens_seen": 1014169600, "lr": 0.00029058921014064626, "grad_norm": 0.7227120399475098, "elapsed_seconds": 123473.24293490004, "tokens_per_second": 8213.679141275248, "loss_main": 2.487847253680229, "loss_total": 2.487847253680229}
{"event": "update", "optimizer_step": 30960, "tokens_seen": 1014497280, "lr": 0.00029058278406210046, "grad_norm": 0.666781485080719, "elapsed_seconds": 123508.65564826003, "tokens_per_second": 8213.977187875675, "loss_main": 2.2622558623552322, "loss_total": 2.2622558623552322}
{"event": "update", "optimizer_step": 30970, "tokens_seen": 1014824960, "lr": 0.0002905763558695945, "grad_norm": 0.6723317503929138, "elapsed_seconds": 123543.92777272302, "tokens_per_second": 8214.28441118464, "loss_main": 2.2960848212242126, "loss_total": 2.2960848212242126}
{"event": "update", "optimizer_step": 30980, "tokens_seen": 1015152640, "lr": 0.0002905699255632368, "grad_norm": 0.6284346580505371, "elapsed_seconds": 123578.87526558805, "tokens_per_second": 8214.613038177415, "loss_main": 2.0517068803310394, "loss_total": 2.0517068803310394}
{"event": "update", "optimizer_step": 30990, "tokens_seen": 1015480320, "lr": 0.00029056349314313546, "grad_norm": 0.6427273750305176, "elapsed_seconds": 123613.84219868702, "tokens_per_second": 8214.940187424949, "loss_main": 2.319595530629158, "loss_total": 2.319595530629158}
{"event": "update", "optimizer_step": 31000, "tokens_seen": 1015808000, "lr": 0.0002905570586093989, "grad_norm": 0.6478872895240784, "elapsed_seconds": 123648.80783656205, "tokens_per_second": 8215.267237696999, "loss_main": 2.356249287724495, "loss_total": 2.356249287724495}
{"event": "update", "optimizer_step": 31010, "tokens_seen": 1016135680, "lr": 0.0002905506219621352, "grad_norm": 4.513625621795654, "elapsed_seconds": 123683.78666155704, "tokens_per_second": 8215.59322710995, "loss_main": 2.3742923587560654, "loss_total": 2.3742923587560654}
{"event": "update", "optimizer_step": 31020, "tokens_seen": 1016463360, "lr": 0.0002905441832014529, "grad_norm": 0.6736970543861389, "elapsed_seconds": 123718.69911921502, "tokens_per_second": 8215.923439516111, "loss_main": 2.326218917965889, "loss_total": 2.326218917965889}
{"event": "update", "optimizer_step": 31030, "tokens_seen": 1016791040, "lr": 0.00029053774232746024, "grad_norm": 0.685096263885498, "elapsed_seconds": 123753.62596806005, "tokens_per_second": 8216.25251014808, "loss_main": 2.48434579372406, "loss_total": 2.48434579372406}
{"event": "update", "optimizer_step": 31040, "tokens_seen": 1017118720, "lr": 0.0002905312993402659, "grad_norm": 0.6239256262779236, "elapsed_seconds": 123788.53713945101, "tokens_per_second": 8216.582435691838, "loss_main": 2.223544731736183, "loss_total": 2.223544731736183}
{"event": "update", "optimizer_step": 31050, "tokens_seen": 1017446400, "lr": 0.00029052485423997803, "grad_norm": 0.6542691588401794, "elapsed_seconds": 123823.45445448504, "tokens_per_second": 8216.911767503567, "loss_main": 2.373765140771866, "loss_total": 2.373765140771866}
{"event": "update", "optimizer_step": 31060, "tokens_seen": 1017774080, "lr": 0.00029051840702670534, "grad_norm": 0.7030432820320129, "elapsed_seconds": 123858.38908630703, "tokens_per_second": 8217.23976476712, "loss_main": 2.284966379404068, "loss_total": 2.284966379404068}
{"event": "update", "optimizer_step": 31070, "tokens_seen": 1018101760, "lr": 0.00029051195770055614, "grad_norm": 0.6640586853027344, "elapsed_seconds": 123893.31477082602, "tokens_per_second": 8217.56817051229, "loss_main": 2.4609398543834686, "loss_total": 2.4609398543834686}
{"event": "update", "optimizer_step": 31080, "tokens_seen": 1018429440, "lr": 0.0002905055062616393, "grad_norm": 0.7131125926971436, "elapsed_seconds": 123928.22366131702, "tokens_per_second": 8217.897504794888, "loss_main": 2.4948703944683075, "loss_total": 2.4948703944683075}
{"event": "update", "optimizer_step": 31090, "tokens_seen": 1018757120, "lr": 0.00029049905271006315, "grad_norm": 0.6825413107872009, "elapsed_seconds": 123963.153546363, "tokens_per_second": 8218.225261742622, "loss_main": 2.4519817233085632, "loss_total": 2.4519817233085632}
{"event": "update", "optimizer_step": 31100, "tokens_seen": 1019084800, "lr": 0.0002904925970459364, "grad_norm": 0.6552630662918091, "elapsed_seconds": 123998.10293948802, "tokens_per_second": 8218.551541045115, "loss_main": 2.449516773223877, "loss_total": 2.449516773223877}
{"event": "update", "optimizer_step": 31110, "tokens_seen": 1019412480, "lr": 0.0002904861392693678, "grad_norm": 0.6942136883735657, "elapsed_seconds": 124033.05446585402, "tokens_per_second": 8218.877495116769, "loss_main": 2.3296897411346436, "loss_total": 2.3296897411346436}
{"event": "update", "optimizer_step": 31120, "tokens_seen": 1019740160, "lr": 0.0002904796793804659, "grad_norm": 5.357501029968262, "elapsed_seconds": 124067.98462086904, "tokens_per_second": 8219.204681337857, "loss_main": 2.267081454396248, "loss_total": 2.267081454396248}
{"event": "update", "optimizer_step": 31130, "tokens_seen": 1020067840, "lr": 0.00029047321737933965, "grad_norm": 0.6967329382896423, "elapsed_seconds": 124102.96248214901, "tokens_per_second": 8219.528523718574, "loss_main": 2.4546390175819397, "loss_total": 2.4546390175819397}
{"event": "update", "optimizer_step": 31140, "tokens_seen": 1020395520, "lr": 0.0002904667532660976, "grad_norm": 0.6602164506912231, "elapsed_seconds": 124137.941385368, "tokens_per_second": 8219.852114611213, "loss_main": 2.3022837340831757, "loss_total": 2.3022837340831757}
{"event": "update", "optimizer_step": 31150, "tokens_seen": 1020723200, "lr": 0.00029046028704084875, "grad_norm": 0.714055597782135, "elapsed_seconds": 124172.89734410704, "tokens_per_second": 8220.1770421075, "loss_main": 2.434625506401062, "loss_total": 2.434625506401062}
{"event": "update", "optimizer_step": 31160, "tokens_seen": 1021050880, "lr": 0.0002904538187037018, "grad_norm": 0.6400265097618103, "elapsed_seconds": 124207.89616929303, "tokens_per_second": 8220.49894966683, "loss_main": 2.2658598124980927, "loss_total": 2.2658598124980927}
{"event": "update", "optimizer_step": 31170, "tokens_seen": 1021378560, "lr": 0.00029044734825476573, "grad_norm": 0.7208473682403564, "elapsed_seconds": 124242.88050710701, "tokens_per_second": 8220.821634456346, "loss_main": 2.1757173240184784, "loss_total": 2.1757173240184784}
{"event": "update", "optimizer_step": 31180, "tokens_seen": 1021706240, "lr": 0.00029044087569414945, "grad_norm": 0.6703811287879944, "elapsed_seconds": 124277.81880293, "tokens_per_second": 8221.147183313069, "loss_main": 2.5210299640893936, "loss_total": 2.5210299640893936}
{"event": "update", "optimizer_step": 31190, "tokens_seen": 1022033920, "lr": 0.00029043440102196184, "grad_norm": 0.6326509118080139, "elapsed_seconds": 124312.789781806, "tokens_per_second": 8221.4703876719, "loss_main": 2.2828930765390396, "loss_total": 2.2828930765390396}
{"event": "update", "optimizer_step": 31200, "tokens_seen": 1022361600, "lr": 0.0002904279242383121, "grad_norm": 0.6881078481674194, "elapsed_seconds": 124347.753593005, "tokens_per_second": 8221.793884159973, "loss_main": 2.3549387454986572, "loss_total": 2.3549387454986572}
{"event": "update", "optimizer_step": 31210, "tokens_seen": 1022689280, "lr": 0.0002904214453433089, "grad_norm": 0.6456511616706848, "elapsed_seconds": 124382.69899295102, "tokens_per_second": 8222.11841582532, "loss_main": 2.3084824979305267, "loss_total": 2.3084824979305267}
{"event": "update", "optimizer_step": 31220, "tokens_seen": 1023016960, "lr": 0.0002904149643370616, "grad_norm": 0.7141706943511963, "elapsed_seconds": 124417.69883771904, "tokens_per_second": 8222.439167070155, "loss_main": 2.379187673330307, "loss_total": 2.379187673330307}
{"event": "update", "optimizer_step": 31230, "tokens_seen": 1023344640, "lr": 0.00029040848121967915, "grad_norm": 0.6642525792121887, "elapsed_seconds": 124452.74555309204, "tokens_per_second": 8222.756641101478, "loss_main": 2.3027012944221497, "loss_total": 2.3027012944221497}
{"event": "update", "optimizer_step": 31240, "tokens_seen": 1023672320, "lr": 0.0002904019959912708, "grad_norm": 0.9347814321517944, "elapsed_seconds": 124487.72884317505, "tokens_per_second": 8223.078125953954, "loss_main": 2.4745772778987885, "loss_total": 2.4745772778987885}
{"event": "update", "optimizer_step": 31250, "tokens_seen": 1024000000, "lr": 0.0002903955086519456, "grad_norm": 0.6594494581222534, "elapsed_seconds": 124522.70978613605, "tokens_per_second": 8223.399585173569, "loss_main": 2.2373105734586716, "loss_total": 2.2373105734586716}
{"event": "update", "optimizer_step": 31260, "tokens_seen": 1024327680, "lr": 0.0002903890192018127, "grad_norm": 0.6612198948860168, "elapsed_seconds": 124557.67899363104, "tokens_per_second": 8223.721638650448, "loss_main": 2.2732150852680206, "loss_total": 2.2732150852680206}
{"event": "update", "optimizer_step": 31270, "tokens_seen": 1024655360, "lr": 0.0002903825276409815, "grad_norm": 0.6874913573265076, "elapsed_seconds": 124592.65971754905, "tokens_per_second": 8224.042751177227, "loss_main": 2.552216351032257, "loss_total": 2.552216351032257}
{"event": "update", "optimizer_step": 31280, "tokens_seen": 1024983040, "lr": 0.0002903760339695613, "grad_norm": 0.6443978548049927, "elapsed_seconds": 124627.64136141702, "tokens_per_second": 8224.363622734181, "loss_main": 2.473811537027359, "loss_total": 2.473811537027359}
{"event": "update", "optimizer_step": 31290, "tokens_seen": 1025310720, "lr": 0.0002903695381876613, "grad_norm": 0.6461635231971741, "elapsed_seconds": 124662.62169630104, "tokens_per_second": 8224.684400572194, "loss_main": 2.2621884047985077, "loss_total": 2.2621884047985077}
{"event": "update", "optimizer_step": 31300, "tokens_seen": 1025638400, "lr": 0.0002903630402953908, "grad_norm": 0.6647869348526001, "elapsed_seconds": 124697.602273817, "tokens_per_second": 8225.004982436261, "loss_main": 2.43363156914711, "loss_total": 2.43363156914711}
{"event": "update", "optimizer_step": 31310, "tokens_seen": 1025966080, "lr": 0.00029035654029285925, "grad_norm": 0.6530901193618774, "elapsed_seconds": 124732.59725687001, "tokens_per_second": 8225.32443453543, "loss_main": 2.215490996837616, "loss_total": 2.215490996837616}
{"event": "update", "optimizer_step": 31320, "tokens_seen": 1026293760, "lr": 0.000290350038180176, "grad_norm": 0.6818640828132629, "elapsed_seconds": 124767.56733404205, "tokens_per_second": 8225.645349422328, "loss_main": 2.353461056947708, "loss_total": 2.353461056947708}
{"event": "update", "optimizer_step": 31330, "tokens_seen": 1026621440, "lr": 0.0002903435339574506, "grad_norm": 0.703620970249176, "elapsed_seconds": 124802.498904292, "tokens_per_second": 8225.968622529674, "loss_main": 2.3615647554397583, "loss_total": 2.3615647554397583}
{"event": "update", "optimizer_step": 31340, "tokens_seen": 1026949120, "lr": 0.00029033702762479253, "grad_norm": 0.658268392086029, "elapsed_seconds": 124837.47021179204, "tokens_per_second": 8226.289096196339, "loss_main": 2.28661772608757, "loss_total": 2.28661772608757}
{"event": "update", "optimizer_step": 31350, "tokens_seen": 1027276800, "lr": 0.0002903305191823113, "grad_norm": 0.6702713370323181, "elapsed_seconds": 124872.44404984004, "tokens_per_second": 8226.609223648938, "loss_main": 2.4568089991807938, "loss_total": 2.4568089991807938}
{"event": "update", "optimizer_step": 31360, "tokens_seen": 1027604480, "lr": 0.0002903240086301164, "grad_norm": 0.7309627532958984, "elapsed_seconds": 124907.435832571, "tokens_per_second": 8226.92798991908, "loss_main": 2.3317010402679443, "loss_total": 2.3317010402679443}
{"event": "update", "optimizer_step": 31370, "tokens_seen": 1027932160, "lr": 0.00029031749596831753, "grad_norm": 0.6484431624412537, "elapsed_seconds": 124942.402982987, "tokens_per_second": 8227.248199636197, "loss_main": 2.2004511803388596, "loss_total": 2.2004511803388596}
{"event": "update", "optimizer_step": 31380, "tokens_seen": 1028259840, "lr": 0.00029031098119702413, "grad_norm": 0.6647830009460449, "elapsed_seconds": 124977.40428824705, "tokens_per_second": 8227.565981674803, "loss_main": 2.324123650789261, "loss_total": 2.324123650789261}
{"event": "update", "optimizer_step": 31390, "tokens_seen": 1028587520, "lr": 0.000290304464316346, "grad_norm": 0.6592907309532166, "elapsed_seconds": 125012.39423211402, "tokens_per_second": 8227.884333534103, "loss_main": 2.4425752460956573, "loss_total": 2.4425752460956573}
{"event": "update", "optimizer_step": 31400, "tokens_seen": 1028915200, "lr": 0.00029029794532639303, "grad_norm": 0.7718046307563782, "elapsed_seconds": 125047.40979999502, "tokens_per_second": 8228.200821158, "loss_main": 2.2438713908195496, "loss_total": 2.2438713908195496}
{"event": "update", "optimizer_step": 31410, "tokens_seen": 1029242880, "lr": 0.00029029142422727454, "grad_norm": 0.8621711134910583, "elapsed_seconds": 125082.37870764203, "tokens_per_second": 8228.520201120204, "loss_main": 2.3090161085128784, "loss_total": 2.3090161085128784}
{"event": "update", "optimizer_step": 31420, "tokens_seen": 1029570560, "lr": 0.0002902849010191006, "grad_norm": 0.6730717420578003, "elapsed_seconds": 125117.37562525104, "tokens_per_second": 8228.837560370099, "loss_main": 2.402149945497513, "loss_total": 2.402149945497513}
{"event": "update", "optimizer_step": 31430, "tokens_seen": 1029898240, "lr": 0.00029027837570198096, "grad_norm": 0.6622092723846436, "elapsed_seconds": 125152.347879868, "tokens_per_second": 8229.156363798984, "loss_main": 2.46100977063179, "loss_total": 2.46100977063179}
{"event": "update", "optimizer_step": 31440, "tokens_seen": 1030225920, "lr": 0.0002902718482760254, "grad_norm": 0.6723722815513611, "elapsed_seconds": 125187.3602309, "tokens_per_second": 8229.472353277639, "loss_main": 2.3668464571237564, "loss_total": 2.3668464571237564}
{"event": "update", "optimizer_step": 31450, "tokens_seen": 1030553600, "lr": 0.0002902653187413439, "grad_norm": 0.6682157516479492, "elapsed_seconds": 125222.364940978, "tokens_per_second": 8229.788668228224, "loss_main": 2.3513678908348083, "loss_total": 2.3513678908348083}
{"event": "update", "optimizer_step": 31460, "tokens_seen": 1030881280, "lr": 0.0002902587870980463, "grad_norm": 0.6641722917556763, "elapsed_seconds": 125257.372423088, "tokens_per_second": 8230.104624244723, "loss_main": 2.455912470817566, "loss_total": 2.455912470817566}
{"event": "update", "optimizer_step": 31470, "tokens_seen": 1031208960, "lr": 0.0002902522533462425, "grad_norm": 0.6310384273529053, "elapsed_seconds": 125292.41792494903, "tokens_per_second": 8230.417906195256, "loss_main": 2.3125608414411545, "loss_total": 2.3125608414411545}
{"event": "update", "optimizer_step": 31480, "tokens_seen": 1031536640, "lr": 0.00029024571748604254, "grad_norm": 0.6613211631774902, "elapsed_seconds": 125327.440386865, "tokens_per_second": 8230.732526059877, "loss_main": 2.173660770058632, "loss_total": 2.173660770058632}
{"event": "update", "optimizer_step": 31490, "tokens_seen": 1031864320, "lr": 0.0002902391795175565, "grad_norm": 0.6672979593276978, "elapsed_seconds": 125362.45847949904, "tokens_per_second": 8231.04725701231, "loss_main": 2.288274824619293, "loss_total": 2.288274824619293}
{"event": "update", "optimizer_step": 31500, "tokens_seen": 1032192000, "lr": 0.0002902326394408944, "grad_norm": 0.6669682860374451, "elapsed_seconds": 125397.451882324, "tokens_per_second": 8231.363432876084, "loss_main": 2.277224123477936, "loss_total": 2.277224123477936}
{"event": "update", "optimizer_step": 31510, "tokens_seen": 1032519680, "lr": 0.0002902260972561662, "grad_norm": 0.6662474870681763, "elapsed_seconds": 125432.53571640205, "tokens_per_second": 8231.673497652042, "loss_main": 2.326091930270195, "loss_total": 2.326091930270195}
{"event": "update", "optimizer_step": 31520, "tokens_seen": 1032847360, "lr": 0.00029021955296348217, "grad_norm": 0.740268349647522, "elapsed_seconds": 125467.548421957, "tokens_per_second": 8231.988055799537, "loss_main": 2.3636724054813385, "loss_total": 2.3636724054813385}
{"event": "update", "optimizer_step": 31530, "tokens_seen": 1033175040, "lr": 0.00029021300656295243, "grad_norm": 0.6542173027992249, "elapsed_seconds": 125502.56006255501, "tokens_per_second": 8232.302508291688, "loss_main": 2.311594530940056, "loss_total": 2.311594530940056}
{"event": "update", "optimizer_step": 31540, "tokens_seen": 1033502720, "lr": 0.00029020645805468727, "grad_norm": 0.6917698979377747, "elapsed_seconds": 125537.56245053903, "tokens_per_second": 8232.61739216255, "loss_main": 2.3215222656726837, "loss_total": 2.3215222656726837}
{"event": "update", "optimizer_step": 31550, "tokens_seen": 1033830400, "lr": 0.00029019990743879673, "grad_norm": 0.7081360220909119, "elapsed_seconds": 125572.58209205704, "tokens_per_second": 8232.93096929472, "loss_main": 2.310983896255493, "loss_total": 2.310983896255493}
{"event": "update", "optimizer_step": 31560, "tokens_seen": 1034158080, "lr": 0.0002901933547153912, "grad_norm": 0.6709478497505188, "elapsed_seconds": 125607.597158093, "tokens_per_second": 8233.244671485767, "loss_main": 2.3796995878219604, "loss_total": 2.3796995878219604}
{"event": "update", "optimizer_step": 31570, "tokens_seen": 1034485760, "lr": 0.000290186799884581, "grad_norm": 0.6933364272117615, "elapsed_seconds": 125642.58706027304, "tokens_per_second": 8233.559847854282, "loss_main": 2.2225412279367447, "loss_total": 2.2225412279367447}
{"event": "update", "optimizer_step": 31580, "tokens_seen": 1034813440, "lr": 0.0002901802429464763, "grad_norm": 0.6711918711662292, "elapsed_seconds": 125677.58238429204, "tokens_per_second": 8233.87449350981, "loss_main": 2.4219849705696106, "loss_total": 2.4219849705696106}
{"event": "update", "optimizer_step": 31590, "tokens_seen": 1035141120, "lr": 0.00029017368390118776, "grad_norm": 0.6566081643104553, "elapsed_seconds": 125712.59007793502, "tokens_per_second": 8234.188153774163, "loss_main": 2.3019538521766663, "loss_total": 2.3019538521766663}
{"event": "update", "optimizer_step": 31600, "tokens_seen": 1035468800, "lr": 0.00029016712274882556, "grad_norm": 0.6602855324745178, "elapsed_seconds": 125747.59003661101, "tokens_per_second": 8234.5021459141, "loss_main": 2.4958769381046295, "loss_total": 2.4958769381046295}
{"event": "update", "optimizer_step": 31610, "tokens_seen": 1035796480, "lr": 0.0002901605594895002, "grad_norm": 0.6641430854797363, "elapsed_seconds": 125782.58163156605, "tokens_per_second": 8234.816510874185, "loss_main": 2.4277160316705704, "loss_total": 2.4277160316705704}
{"event": "update", "optimizer_step": 31620, "tokens_seen": 1036124160, "lr": 0.0002901539941233223, "grad_norm": 0.6985438466072083, "elapsed_seconds": 125817.60597159201, "tokens_per_second": 8235.128557715074, "loss_main": 2.4642974138259888, "loss_total": 2.4642974138259888}
{"event": "update", "optimizer_step": 31630, "tokens_seen": 1036451840, "lr": 0.0002901474266504022, "grad_norm": 0.6691356301307678, "elapsed_seconds": 125852.60645844304, "tokens_per_second": 8235.441991757556, "loss_main": 2.2472358345985413, "loss_total": 2.2472358345985413}
{"event": "update", "optimizer_step": 31640, "tokens_seen": 1036779520, "lr": 0.0002901408570708504, "grad_norm": 0.6651189923286438, "elapsed_seconds": 125887.57893971703, "tokens_per_second": 8235.757083679207, "loss_main": 2.2889389395713806, "loss_total": 2.2889389395713806}
{"event": "update", "optimizer_step": 31650, "tokens_seen": 1037107200, "lr": 0.0002901342853847777, "grad_norm": 0.6844066977500916, "elapsed_seconds": 125922.54612843704, "tokens_per_second": 8236.072346743873, "loss_main": 2.3253405690193176, "loss_total": 2.3253405690193176}
{"event": "update", "optimizer_step": 31660, "tokens_seen": 1037434880, "lr": 0.0002901277115922947, "grad_norm": 0.72109055519104, "elapsed_seconds": 125957.53763020004, "tokens_per_second": 8236.385844933038, "loss_main": 2.264338582754135, "loss_total": 2.264338582754135}
{"event": "update", "optimizer_step": 31670, "tokens_seen": 1037762560, "lr": 0.00029012113569351183, "grad_norm": 0.668626070022583, "elapsed_seconds": 125992.54844128102, "tokens_per_second": 8236.697906651603, "loss_main": 2.395997405052185, "loss_total": 2.395997405052185}
{"event": "update", "optimizer_step": 31680, "tokens_seen": 1038090240, "lr": 0.00029011455768854005, "grad_norm": 0.6676700711250305, "elapsed_seconds": 126027.52556684305, "tokens_per_second": 8237.011996632536, "loss_main": 2.412662625312805, "loss_total": 2.412662625312805}
{"event": "update", "optimizer_step": 31690, "tokens_seen": 1038417920, "lr": 0.00029010797757748983, "grad_norm": 0.7034211754798889, "elapsed_seconds": 126062.51110482705, "tokens_per_second": 8237.325362625099, "loss_main": 2.4391259253025055, "loss_total": 2.4391259253025055}
{"event": "update", "optimizer_step": 31700, "tokens_seen": 1038745600, "lr": 0.0002901013953604722, "grad_norm": 0.6739274263381958, "elapsed_seconds": 126097.49894534005, "tokens_per_second": 8237.638404313388, "loss_main": 2.3422312140464783, "loss_total": 2.3422312140464783}
{"event": "update", "optimizer_step": 31710, "tokens_seen": 1039073280, "lr": 0.00029009481103759783, "grad_norm": 0.6619036197662354, "elapsed_seconds": 126132.51309680002, "tokens_per_second": 8237.949553915305, "loss_main": 2.169312745332718, "loss_total": 2.169312745332718}
{"event": "update", "optimizer_step": 31720, "tokens_seen": 1039400960, "lr": 0.00029008822460897745, "grad_norm": 0.6343919634819031, "elapsed_seconds": 126167.51077077404, "tokens_per_second": 8238.261606733475, "loss_main": 2.2990855276584625, "loss_total": 2.2990855276584625}
{"event": "update", "optimizer_step": 31730, "tokens_seen": 1039728640, "lr": 0.00029008163607472206, "grad_norm": 0.7074882984161377, "elapsed_seconds": 126202.50135876401, "tokens_per_second": 8238.57394905586, "loss_main": 2.3861936032772064, "loss_total": 2.3861936032772064}
{"event": "update", "optimizer_step": 31740, "tokens_seen": 1040056320, "lr": 0.0002900750454349426, "grad_norm": 0.6521943211555481, "elapsed_seconds": 126237.51083606703, "tokens_per_second": 8238.884885417496, "loss_main": 2.4394058138132095, "loss_total": 2.4394058138132095}
{"event": "update", "optimizer_step": 31750, "tokens_seen": 1040384000, "lr": 0.00029006845268974993, "grad_norm": 0.6432552933692932, "elapsed_seconds": 126272.49756465101, "tokens_per_second": 8239.197133701482, "loss_main": 2.354265719652176, "loss_total": 2.354265719652176}
{"event": "update", "optimizer_step": 31760, "tokens_seen": 1040711680, "lr": 0.00029006185783925513, "grad_norm": 0.6488745212554932, "elapsed_seconds": 126307.48800043605, "tokens_per_second": 8239.508967167545, "loss_main": 2.2811431735754013, "loss_total": 2.2811431735754013}
{"event": "update", "optimizer_step": 31770, "tokens_seen": 1041039360, "lr": 0.000290055260883569, "grad_norm": 0.703547477722168, "elapsed_seconds": 126342.46759116405, "tokens_per_second": 8239.821335204051, "loss_main": 2.3960683345794678, "loss_total": 2.3960683345794678}
{"event": "update", "optimizer_step": 31780, "tokens_seen": 1041367040, "lr": 0.00029004866182280283, "grad_norm": 0.6834742426872253, "elapsed_seconds": 126377.499796457, "tokens_per_second": 8240.130099718865, "loss_main": 2.455088660120964, "loss_total": 2.455088660120964}
{"event": "update", "optimizer_step": 31790, "tokens_seen": 1041694720, "lr": 0.0002900420606570676, "grad_norm": 0.677514910697937, "elapsed_seconds": 126412.57568370103, "tokens_per_second": 8240.435845611131, "loss_main": 2.40160071849823, "loss_total": 2.40160071849823}
{"event": "update", "optimizer_step": 31800, "tokens_seen": 1042022400, "lr": 0.0002900354573864744, "grad_norm": 0.7830389142036438, "elapsed_seconds": 126447.56180785404, "tokens_per_second": 8240.747271848755, "loss_main": 2.4794180393218994, "loss_total": 2.4794180393218994}
{"event": "update", "optimizer_step": 31810, "tokens_seen": 1042350080, "lr": 0.0002900288520111344, "grad_norm": 0.6830925345420837, "elapsed_seconds": 126482.56752263702, "tokens_per_second": 8241.05724935926, "loss_main": 2.509675830602646, "loss_total": 2.509675830602646}
{"event": "update", "optimizer_step": 31820, "tokens_seen": 1042677760, "lr": 0.0002900222445311588, "grad_norm": 0.6650911569595337, "elapsed_seconds": 126517.58019281103, "tokens_per_second": 8241.366602261707, "loss_main": 2.2700706273317337, "loss_total": 2.2700706273317337}
{"event": "update", "optimizer_step": 31830, "tokens_seen": 1043005440, "lr": 0.00029001563494665875, "grad_norm": 0.6896544694900513, "elapsed_seconds": 126552.588203474, "tokens_per_second": 8241.676087438316, "loss_main": 2.3924481868743896, "loss_total": 2.3924481868743896}
{"event": "update", "optimizer_step": 31840, "tokens_seen": 1043333120, "lr": 0.0002900090232577457, "grad_norm": 0.7167820930480957, "elapsed_seconds": 126587.61004935601, "tokens_per_second": 8241.984500641165, "loss_main": 2.2958189845085144, "loss_total": 2.2958189845085144}
{"event": "update", "optimizer_step": 31850, "tokens_seen": 1043660800, "lr": 0.0002900024094645308, "grad_norm": 0.6726575493812561, "elapsed_seconds": 126622.63515646104, "tokens_per_second": 8242.292530955483, "loss_main": 2.286044418811798, "loss_total": 2.286044418811798}
{"event": "update", "optimizer_step": 31860, "tokens_seen": 1043988480, "lr": 0.00028999579356712535, "grad_norm": 0.6477360725402832, "elapsed_seconds": 126657.652594666, "tokens_per_second": 8242.600889983383, "loss_main": 2.3176243603229523, "loss_total": 2.3176243603229523}
{"event": "update", "optimizer_step": 31870, "tokens_seen": 1044316160, "lr": 0.00028998917556564085, "grad_norm": 0.6691597104072571, "elapsed_seconds": 126692.682987898, "tokens_per_second": 8242.908235669423, "loss_main": 2.3195802867412567, "loss_total": 2.3195802867412567}
{"event": "update", "optimizer_step": 31880, "tokens_seen": 1044643840, "lr": 0.00028998255546018863, "grad_norm": 0.6872474551200867, "elapsed_seconds": 126727.69840016402, "tokens_per_second": 8243.216385902957, "loss_main": 2.346758931875229, "loss_total": 2.346758931875229}
{"event": "update", "optimizer_step": 31890, "tokens_seen": 1044971520, "lr": 0.00028997593325088015, "grad_norm": 0.7202804088592529, "elapsed_seconds": 126762.74335909303, "tokens_per_second": 8243.522444444174, "loss_main": 2.3543961346149445, "loss_total": 2.3543961346149445}
{"event": "update", "optimizer_step": 31900, "tokens_seen": 1045299200, "lr": 0.0002899693089378269, "grad_norm": 0.6580164432525635, "elapsed_seconds": 126797.75666381005, "tokens_per_second": 8243.830391822254, "loss_main": 2.2482462227344513, "loss_total": 2.2482462227344513}
{"event": "update", "optimizer_step": 31910, "tokens_seen": 1045626880, "lr": 0.00028996268252114014, "grad_norm": 0.7862515449523926, "elapsed_seconds": 126832.784592418, "tokens_per_second": 8244.137218623418, "loss_main": 2.423018306493759, "loss_total": 2.423018306493759}
{"event": "update", "optimizer_step": 31920, "tokens_seen": 1045954560, "lr": 0.00028995605400093183, "grad_norm": 0.6752941608428955, "elapsed_seconds": 126867.809972279, "tokens_per_second": 8244.44404162525, "loss_main": 2.1763109415769577, "loss_total": 2.1763109415769577}
{"event": "update", "optimizer_step": 31930, "tokens_seen": 1046282240, "lr": 0.0002899494233773133, "grad_norm": 0.6883199214935303, "elapsed_seconds": 126902.79579438001, "tokens_per_second": 8244.75326528886, "loss_main": 2.351496398448944, "loss_total": 2.351496398448944}
{"event": "update", "optimizer_step": 31940, "tokens_seen": 1046609920, "lr": 0.00028994279065039613, "grad_norm": 0.6705266237258911, "elapsed_seconds": 126937.82643535902, "tokens_per_second": 8245.059407354582, "loss_main": 2.4370734691619873, "loss_total": 2.4370734691619873}
{"event": "update", "optimizer_step": 31950, "tokens_seen": 1046937600, "lr": 0.0002899361558202921, "grad_norm": 0.66159987449646, "elapsed_seconds": 126972.82951158605, "tokens_per_second": 8245.367170497439, "loss_main": 2.2402164340019226, "loss_total": 2.2402164340019226}
{"event": "update", "optimizer_step": 31960, "tokens_seen": 1047265280, "lr": 0.0002899295188871128, "grad_norm": 0.6486460566520691, "elapsed_seconds": 127007.86240004405, "tokens_per_second": 8245.672828516455, "loss_main": 2.265250012278557, "loss_total": 2.265250012278557}
{"event": "update", "optimizer_step": 31970, "tokens_seen": 1047592960, "lr": 0.00028992287985097004, "grad_norm": 0.705253541469574, "elapsed_seconds": 127042.88681476301, "tokens_per_second": 8245.978867966534, "loss_main": 2.5002397000789642, "loss_total": 2.5002397000789642}
{"event": "update", "optimizer_step": 31980, "tokens_seen": 1047920640, "lr": 0.0002899162387119756, "grad_norm": 0.6922811269760132, "elapsed_seconds": 127077.92298136902, "tokens_per_second": 8246.283976120985, "loss_main": 2.4350995421409607, "loss_total": 2.4350995421409607}
{"event": "update", "optimizer_step": 31990, "tokens_seen": 1048248320, "lr": 0.00028990959547024113, "grad_norm": 0.6830086708068848, "elapsed_seconds": 127113.44863873004, "tokens_per_second": 8246.55715996844, "loss_main": 2.3688368648290634, "loss_total": 2.3688368648290634}
{"event": "update", "optimizer_step": 32000, "tokens_seen": 1048576000, "lr": 0.00028990295012587856, "grad_norm": 0.6628376841545105, "elapsed_seconds": 127148.72619347501, "tokens_per_second": 8246.84628302482, "loss_main": 2.213424414396286, "loss_total": 2.213424414396286}
{"event": "update", "optimizer_step": 32010, "tokens_seen": 1048903680, "lr": 0.0002898963026789997, "grad_norm": 0.6931790113449097, "elapsed_seconds": 127183.79940123303, "tokens_per_second": 8247.148496413223, "loss_main": 2.3894204944372177, "loss_total": 2.3894204944372177}
{"event": "update", "optimizer_step": 32020, "tokens_seen": 1049231360, "lr": 0.0002898896531297164, "grad_norm": 0.6704822778701782, "elapsed_seconds": 127218.82957820804, "tokens_per_second": 8247.453332802303, "loss_main": 2.3199371695518494, "loss_total": 2.3199371695518494}
{"event": "update", "optimizer_step": 32030, "tokens_seen": 1049559040, "lr": 0.00028988300147814075, "grad_norm": 0.7001620531082153, "elapsed_seconds": 127253.83268620004, "tokens_per_second": 8247.7597557957, "loss_main": 2.285143658518791, "loss_total": 2.285143658518791}
{"event": "update", "optimizer_step": 32040, "tokens_seen": 1049886720, "lr": 0.00028987634772438466, "grad_norm": 0.6739466786384583, "elapsed_seconds": 127288.91255825403, "tokens_per_second": 8248.061036105695, "loss_main": 2.3622304499149323, "loss_total": 2.3622304499149323}
{"event": "update", "optimizer_step": 32050, "tokens_seen": 1050214400, "lr": 0.00028986969186856006, "grad_norm": 0.6384051442146301, "elapsed_seconds": 127323.94784414704, "tokens_per_second": 8248.365038802693, "loss_main": 2.2891742140054703, "loss_total": 2.2891742140054703}
{"event": "update", "optimizer_step": 32060, "tokens_seen": 1050542080, "lr": 0.00028986303391077893, "grad_norm": 0.6724016666412354, "elapsed_seconds": 127358.967569147, "tokens_per_second": 8248.669882076652, "loss_main": 2.2786214351654053, "loss_total": 2.2786214351654053}
{"event": "update", "optimizer_step": 32070, "tokens_seen": 1050869760, "lr": 0.0002898563738511536, "grad_norm": 0.6358965635299683, "elapsed_seconds": 127394.049083861, "tokens_per_second": 8248.97055676622, "loss_main": 2.2838013023138046, "loss_total": 2.2838013023138046}
{"event": "update", "optimizer_step": 32080, "tokens_seen": 1051197440, "lr": 0.00028984971168979597, "grad_norm": 0.6707243323326111, "elapsed_seconds": 127429.07000747201, "tokens_per_second": 8249.274988339484, "loss_main": 2.268613338470459, "loss_total": 2.268613338470459}
{"event": "update", "optimizer_step": 32090, "tokens_seen": 1051525120, "lr": 0.00028984304742681825, "grad_norm": 0.6498038172721863, "elapsed_seconds": 127464.10694268101, "tokens_per_second": 8249.578216343347, "loss_main": 2.246641367673874, "loss_total": 2.246641367673874}
{"event": "update", "optimizer_step": 32100, "tokens_seen": 1051852800, "lr": 0.00028983638106233264, "grad_norm": 0.6634424924850464, "elapsed_seconds": 127499.12190485402, "tokens_per_second": 8249.8826994663, "loss_main": 2.4278141856193542, "loss_total": 2.4278141856193542}
{"event": "update", "optimizer_step": 32110, "tokens_seen": 1052180480, "lr": 0.00028982971259645127, "grad_norm": 0.6824833154678345, "elapsed_seconds": 127534.13711960404, "tokens_per_second": 8250.186999056137, "loss_main": 2.4773164093494415, "loss_total": 2.4773164093494415}
{"event": "update", "optimizer_step": 32120, "tokens_seen": 1052508160, "lr": 0.00028982304202928655, "grad_norm": 0.6822646260261536, "elapsed_seconds": 127569.16314323305, "tokens_per_second": 8250.490432537032, "loss_main": 2.19802787899971, "loss_total": 2.19802787899971}
{"event": "update", "optimizer_step": 32130, "tokens_seen": 1052835840, "lr": 0.0002898163693609505, "grad_norm": 0.6919741034507751, "elapsed_seconds": 127604.19253477704, "tokens_per_second": 8250.793481672334, "loss_main": 2.329311490058899, "loss_total": 2.329311490058899}
{"event": "update", "optimizer_step": 32140, "tokens_seen": 1053163520, "lr": 0.00028980969459155574, "grad_norm": 0.6778643727302551, "elapsed_seconds": 127639.23422771902, "tokens_per_second": 8251.095569259438, "loss_main": 2.271400600671768, "loss_total": 2.271400600671768}
{"event": "update", "optimizer_step": 32150, "tokens_seen": 1053491200, "lr": 0.0002898030177212145, "grad_norm": 0.7168289422988892, "elapsed_seconds": 127674.25328807603, "tokens_per_second": 8251.398953733998, "loss_main": 2.317835807800293, "loss_total": 2.317835807800293}
{"event": "update", "optimizer_step": 32160, "tokens_seen": 1053818880, "lr": 0.00028979633875003924, "grad_norm": 0.7406582236289978, "elapsed_seconds": 127709.28408994904, "tokens_per_second": 8251.701413170302, "loss_main": 2.318332314491272, "loss_total": 2.318332314491272}
{"event": "update", "optimizer_step": 32170, "tokens_seen": 1054146560, "lr": 0.00028978965767814213, "grad_norm": 0.6447494029998779, "elapsed_seconds": 127744.29667099705, "tokens_per_second": 8252.004883747835, "loss_main": 2.2745829075574875, "loss_total": 2.2745829075574875}
{"event": "update", "optimizer_step": 32180, "tokens_seen": 1054474240, "lr": 0.00028978297450563595, "grad_norm": 0.6889185905456543, "elapsed_seconds": 127779.31957139005, "tokens_per_second": 8252.307521569383, "loss_main": 2.4735922515392303, "loss_total": 2.4735922515392303}
{"event": "update", "optimizer_step": 32190, "tokens_seen": 1054801920, "lr": 0.0002897762892326331, "grad_norm": 0.6558545827865601, "elapsed_seconds": 127814.36357742001, "tokens_per_second": 8252.608630806058, "loss_main": 2.205580934882164, "loss_total": 2.205580934882164}
{"event": "update", "optimizer_step": 32200, "tokens_seen": 1055129600, "lr": 0.0002897696018592461, "grad_norm": 0.666892945766449, "elapsed_seconds": 127849.39769399201, "tokens_per_second": 8252.910213354751, "loss_main": 2.3298548758029938, "loss_total": 2.3298548758029938}
{"event": "update", "optimizer_step": 32210, "tokens_seen": 1055457280, "lr": 0.0002897629123855874, "grad_norm": 0.6537217497825623, "elapsed_seconds": 127884.493968205, "tokens_per_second": 8253.207619231856, "loss_main": 2.3465445190668106, "loss_total": 2.3465445190668106}
{"event": "update", "optimizer_step": 32220, "tokens_seen": 1055784960, "lr": 0.00028975622081176986, "grad_norm": 0.6621119976043701, "elapsed_seconds": 127919.51516570302, "tokens_per_second": 8253.509705945715, "loss_main": 2.166118562221527, "loss_total": 2.166118562221527}
{"event": "update", "optimizer_step": 32230, "tokens_seen": 1056112640, "lr": 0.00028974952713790587, "grad_norm": 0.701515257358551, "elapsed_seconds": 127954.56188123603, "tokens_per_second": 8253.809981235801, "loss_main": 2.5384899973869324, "loss_total": 2.5384899973869324}
{"event": "update", "optimizer_step": 32240, "tokens_seen": 1056440320, "lr": 0.00028974283136410815, "grad_norm": 0.6814452409744263, "elapsed_seconds": 127989.63919215603, "tokens_per_second": 8254.108118969874, "loss_main": 2.4166543185710907, "loss_total": 2.4166543185710907}
{"event": "update", "optimizer_step": 32250, "tokens_seen": 1056768000, "lr": 0.00028973613349048957, "grad_norm": 0.7079753279685974, "elapsed_seconds": 128024.70417966001, "tokens_per_second": 8254.406887884803, "loss_main": 2.4775246679782867, "loss_total": 2.4775246679782867}
{"event": "update", "optimizer_step": 32260, "tokens_seen": 1057095680, "lr": 0.0002897294335171628, "grad_norm": 0.7345947623252869, "elapsed_seconds": 128059.77235856501, "tokens_per_second": 8254.705287466477, "loss_main": 2.3569515347480774, "loss_total": 2.3569515347480774}
{"event": "update", "optimizer_step": 32270, "tokens_seen": 1057423360, "lr": 0.00028972273144424053, "grad_norm": 0.6660426259040833, "elapsed_seconds": 128094.84162265703, "tokens_per_second": 8255.003453729758, "loss_main": 2.3114559054374695, "loss_total": 2.3114559054374695}
{"event": "update", "optimizer_step": 32280, "tokens_seen": 1057751040, "lr": 0.0002897160272718357, "grad_norm": 0.6815289258956909, "elapsed_seconds": 128129.84940795304, "tokens_per_second": 8255.305417804895, "loss_main": 2.4045722782611847, "loss_total": 2.4045722782611847}
{"event": "update", "optimizer_step": 32290, "tokens_seen": 1058078720, "lr": 0.00028970932100006114, "grad_norm": 0.6862967014312744, "elapsed_seconds": 128164.87306800002, "tokens_per_second": 8255.606194363558, "loss_main": 2.2398257851600647, "loss_total": 2.2398257851600647}
{"event": "update", "optimizer_step": 32300, "tokens_seen": 1058406400, "lr": 0.0002897026126290296, "grad_norm": 0.6865415573120117, "elapsed_seconds": 128199.93905274302, "tokens_per_second": 8255.904080925957, "loss_main": 2.3776155710220337, "loss_total": 2.3776155710220337}
{"event": "update", "optimizer_step": 32310, "tokens_seen": 1058734080, "lr": 0.0002896959021588542, "grad_norm": 0.6509491801261902, "elapsed_seconds": 128234.98873339302, "tokens_per_second": 8256.202854286214, "loss_main": 2.467153310775757, "loss_total": 2.467153310775757}
{"event": "update", "optimizer_step": 32320, "tokens_seen": 1059061760, "lr": 0.0002896891895896478, "grad_norm": 0.6938140392303467, "elapsed_seconds": 128270.00387885404, "tokens_per_second": 8256.503687333183, "loss_main": 2.2431618869304657, "loss_total": 2.2431618869304657}
{"event": "update", "optimizer_step": 32330, "tokens_seen": 1059389440, "lr": 0.0002896824749215234, "grad_norm": 0.736025869846344, "elapsed_seconds": 128305.009215481, "tokens_per_second": 8256.804987409458, "loss_main": 2.2664989829063416, "loss_total": 2.2664989829063416}
{"event": "update", "optimizer_step": 32340, "tokens_seen": 1059717120, "lr": 0.000289675758154594, "grad_norm": 0.7587729692459106, "elapsed_seconds": 128340.08513956203, "tokens_per_second": 8257.101581689167, "loss_main": 2.317545309662819, "loss_total": 2.317545309662819}
{"event": "update", "optimizer_step": 32350, "tokens_seen": 1060044800, "lr": 0.0002896690392889728, "grad_norm": 0.7571716904640198, "elapsed_seconds": 128375.115234442, "tokens_per_second": 8257.40096173716, "loss_main": 2.488042801618576, "loss_total": 2.488042801618576}
{"event": "update", "optimizer_step": 32360, "tokens_seen": 1060372480, "lr": 0.0002896623183247727, "grad_norm": 0.702005922794342, "elapsed_seconds": 128410.14779342304, "tokens_per_second": 8257.700019984795, "loss_main": 2.31360325217247, "loss_total": 2.31360325217247}
{"event": "update", "optimizer_step": 32370, "tokens_seen": 1060700160, "lr": 0.00028965559526210696, "grad_norm": 0.7279136776924133, "elapsed_seconds": 128445.17899608205, "tokens_per_second": 8257.999002300852, "loss_main": 2.396778851747513, "loss_total": 2.396778851747513}
{"event": "update", "optimizer_step": 32380, "tokens_seen": 1061027840, "lr": 0.0002896488701010887, "grad_norm": 0.6753289103507996, "elapsed_seconds": 128480.20287469204, "tokens_per_second": 8258.298292343377, "loss_main": 2.4186922311782837, "loss_total": 2.4186922311782837}
{"event": "update", "optimizer_step": 32390, "tokens_seen": 1061355520, "lr": 0.00028964214284183125, "grad_norm": 0.6426960825920105, "elapsed_seconds": 128515.240537573, "tokens_per_second": 8258.596533457056, "loss_main": 2.3691817820072174, "loss_total": 2.3691817820072174}
{"event": "update", "optimizer_step": 32400, "tokens_seen": 1061683200, "lr": 0.00028963541348444764, "grad_norm": 0.6640064716339111, "elapsed_seconds": 128550.24951729603, "tokens_per_second": 8258.89645478404, "loss_main": 2.416775122284889, "loss_total": 2.416775122284889}
{"event": "update", "optimizer_step": 32410, "tokens_seen": 1062010880, "lr": 0.0002896286820290513, "grad_norm": 0.6577023267745972, "elapsed_seconds": 128585.22548396501, "tokens_per_second": 8259.19833326758, "loss_main": 2.4331283569335938, "loss_total": 2.4331283569335938}
{"event": "update", "optimizer_step": 32420, "tokens_seen": 1062338560, "lr": 0.0002896219484757555, "grad_norm": 0.7439925670623779, "elapsed_seconds": 128620.22552096203, "tokens_per_second": 8259.498501865588, "loss_main": 2.534450948238373, "loss_total": 2.534450948238373}
{"event": "update", "optimizer_step": 32430, "tokens_seen": 1062666240, "lr": 0.0002896152128246736, "grad_norm": 0.6746051907539368, "elapsed_seconds": 128655.230352627, "tokens_per_second": 8259.798199322113, "loss_main": 2.2794623970985413, "loss_total": 2.2794623970985413}
{"event": "update", "optimizer_step": 32440, "tokens_seen": 1062993920, "lr": 0.00028960847507591893, "grad_norm": 0.6442757248878479, "elapsed_seconds": 128690.23947013501, "tokens_per_second": 8260.097458647497, "loss_main": 2.3373031318187714, "loss_total": 2.3373031318187714}
{"event": "update", "optimizer_step": 32450, "tokens_seen": 1063321600, "lr": 0.00028960173522960496, "grad_norm": 0.731265127658844, "elapsed_seconds": 128725.26542692602, "tokens_per_second": 8260.39547460572, "loss_main": 2.351459115743637, "loss_total": 2.351459115743637}
{"event": "update", "optimizer_step": 32460, "tokens_seen": 1063649280, "lr": 0.0002895949932858452, "grad_norm": 0.6994079947471619, "elapsed_seconds": 128760.31347698503, "tokens_per_second": 8260.691911022099, "loss_main": 2.3377599716186523, "loss_total": 2.3377599716186523}
{"event": "update", "optimizer_step": 32470, "tokens_seen": 1063976960, "lr": 0.000289588249244753, "grad_norm": 0.6416187882423401, "elapsed_seconds": 128795.34424689703, "tokens_per_second": 8260.989294460724, "loss_main": 2.127869114279747, "loss_total": 2.127869114279747}
{"event": "update", "optimizer_step": 32480, "tokens_seen": 1064304640, "lr": 0.00028958150310644194, "grad_norm": 0.7152904272079468, "elapsed_seconds": 128830.37915466103, "tokens_per_second": 8261.286250832973, "loss_main": 2.4787857234477997, "loss_total": 2.4787857234477997}
{"event": "update", "optimizer_step": 32490, "tokens_seen": 1064632320, "lr": 0.0002895747548710256, "grad_norm": 0.7089345455169678, "elapsed_seconds": 128865.423520296, "tokens_per_second": 8261.5824393913, "loss_main": 2.34696564078331, "loss_total": 2.34696564078331}
{"event": "update", "optimizer_step": 32500, "tokens_seen": 1064960000, "lr": 0.00028956800453861767, "grad_norm": 0.6719001531600952, "elapsed_seconds": 128900.470478167, "tokens_per_second": 8261.878300749737, "loss_main": 2.3306780755519867, "loss_total": 2.3306780755519867}
{"event": "update", "optimizer_step": 32510, "tokens_seen": 1065287680, "lr": 0.0002895612521093316, "grad_norm": 0.6621166467666626, "elapsed_seconds": 128935.49456812505, "tokens_per_second": 8262.175466641103, "loss_main": 2.440013289451599, "loss_total": 2.440013289451599}
{"event": "update", "optimizer_step": 32520, "tokens_seen": 1065615360, "lr": 0.00028955449758328114, "grad_norm": 0.7051335573196411, "elapsed_seconds": 128970.53867516905, "tokens_per_second": 8262.471188741069, "loss_main": 2.370582938194275, "loss_total": 2.370582938194275}
{"event": "update", "optimizer_step": 32530, "tokens_seen": 1065943040, "lr": 0.00028954774096058, "grad_norm": 0.6936283111572266, "elapsed_seconds": 129005.56402540905, "tokens_per_second": 8262.767951543941, "loss_main": 2.438784137368202, "loss_total": 2.438784137368202}
{"event": "update", "optimizer_step": 32540, "tokens_seen": 1066270720, "lr": 0.0002895409822413419, "grad_norm": 0.7527324557304382, "elapsed_seconds": 129040.59943851805, "tokens_per_second": 8263.06390887489, "loss_main": 2.3923719376325607, "loss_total": 2.3923719376325607}
{"event": "update", "optimizer_step": 32550, "tokens_seen": 1066598400, "lr": 0.00028953422142568056, "grad_norm": 0.6700339913368225, "elapsed_seconds": 129075.60873036901, "tokens_per_second": 8263.361377811189, "loss_main": 2.507817029953003, "loss_total": 2.507817029953003}
{"event": "update", "optimizer_step": 32560, "tokens_seen": 1066926080, "lr": 0.0002895274585137099, "grad_norm": 0.6813777089118958, "elapsed_seconds": 129110.64560058003, "tokens_per_second": 8263.656920287345, "loss_main": 2.395467907190323, "loss_total": 2.395467907190323}
{"event": "update", "optimizer_step": 32570, "tokens_seen": 1067253760, "lr": 0.0002895206935055436, "grad_norm": 0.6769670844078064, "elapsed_seconds": 129145.68601409503, "tokens_per_second": 8263.952075669948, "loss_main": 2.3666833341121674, "loss_total": 2.3666833341121674}
{"event": "update", "optimizer_step": 32580, "tokens_seen": 1067581440, "lr": 0.00028951392640129577, "grad_norm": 0.6334889531135559, "elapsed_seconds": 129180.71256850002, "tokens_per_second": 8264.247957557123, "loss_main": 2.214394137263298, "loss_total": 2.214394137263298}
{"event": "update", "optimizer_step": 32590, "tokens_seen": 1067909120, "lr": 0.0002895071572010801, "grad_norm": 0.6520952582359314, "elapsed_seconds": 129215.751202641, "tokens_per_second": 8264.542906423729, "loss_main": 2.320992633700371, "loss_total": 2.320992633700371}
{"event": "update", "optimizer_step": 32600, "tokens_seen": 1068236800, "lr": 0.0002895003859050106, "grad_norm": 0.6613831520080566, "elapsed_seconds": 129250.82426894904, "tokens_per_second": 8264.835493638171, "loss_main": 2.2446440756320953, "loss_total": 2.2446440756320953}
{"event": "update", "optimizer_step": 32610, "tokens_seen": 1068564480, "lr": 0.0002894936125132012, "grad_norm": 0.6731869578361511, "elapsed_seconds": 129285.87002555904, "tokens_per_second": 8265.129667988862, "loss_main": 2.3663739264011383, "loss_total": 2.3663739264011383}
{"event": "update", "optimizer_step": 32620, "tokens_seen": 1068892160, "lr": 0.00028948683702576623, "grad_norm": 0.6629518270492554, "elapsed_seconds": 129321.02846929, "tokens_per_second": 8265.41648061383, "loss_main": 2.344733089208603, "loss_total": 2.344733089208603}
{"event": "update", "optimizer_step": 32630, "tokens_seen": 1069219840, "lr": 0.0002894800594428193, "grad_norm": 0.682941198348999, "elapsed_seconds": 129356.10915963002, "tokens_per_second": 8265.708105680149, "loss_main": 2.3858538568019867, "loss_total": 2.3858538568019867}
{"event": "update", "optimizer_step": 32640, "tokens_seen": 1069547520, "lr": 0.00028947327976447477, "grad_norm": 0.6801228523254395, "elapsed_seconds": 129391.23264746804, "tokens_per_second": 8265.996838549549, "loss_main": 2.3404044210910797, "loss_total": 2.3404044210910797}
{"event": "update", "optimizer_step": 32650, "tokens_seen": 1069875200, "lr": 0.00028946649799084674, "grad_norm": 0.7210958003997803, "elapsed_seconds": 129426.36661351204, "tokens_per_second": 8266.284745478635, "loss_main": 2.385531932115555, "loss_total": 2.385531932115555}
{"event": "update", "optimizer_step": 32660, "tokens_seen": 1070202880, "lr": 0.0002894597141220493, "grad_norm": 0.6523940563201904, "elapsed_seconds": 129461.48569896602, "tokens_per_second": 8266.573446318387, "loss_main": 2.1640398055315018, "loss_total": 2.1640398055315018}
{"event": "update", "optimizer_step": 32670, "tokens_seen": 1070530560, "lr": 0.0002894529281581967, "grad_norm": 0.6634948253631592, "elapsed_seconds": 129496.90123719501, "tokens_per_second": 8266.84306552746, "loss_main": 2.387607842683792, "loss_total": 2.387607842683792}
{"event": "update", "optimizer_step": 32680, "tokens_seen": 1070858240, "lr": 0.00028944614009940306, "grad_norm": 0.6961663961410522, "elapsed_seconds": 129531.83972835302, "tokens_per_second": 8267.142983885231, "loss_main": 2.3878290206193924, "loss_total": 2.3878290206193924}
{"event": "update", "optimizer_step": 32690, "tokens_seen": 1071185920, "lr": 0.0002894393499457828, "grad_norm": 0.6546393036842346, "elapsed_seconds": 129566.78661903105, "tokens_per_second": 8267.442204533781, "loss_main": 2.3543019890785217, "loss_total": 2.3543019890785217}
{"event": "update", "optimizer_step": 32700, "tokens_seen": 1071513600, "lr": 0.00028943255769745013, "grad_norm": 0.6650656461715698, "elapsed_seconds": 129601.70521714503, "tokens_per_second": 8267.7430686942, "loss_main": 2.4390180706977844, "loss_total": 2.4390180706977844}
{"event": "update", "optimizer_step": 32710, "tokens_seen": 1071841280, "lr": 0.0002894257633545194, "grad_norm": 0.7354567050933838, "elapsed_seconds": 129636.60590570502, "tokens_per_second": 8268.044913021213, "loss_main": 2.4397338926792145, "loss_total": 2.4397338926792145}
{"event": "update", "optimizer_step": 32720, "tokens_seen": 1072168960, "lr": 0.00028941896691710503, "grad_norm": 0.6317335963249207, "elapsed_seconds": 129671.544134314, "tokens_per_second": 8268.344201172198, "loss_main": 2.117684245109558, "loss_total": 2.117684245109558}
{"event": "update", "optimizer_step": 32730, "tokens_seen": 1072496640, "lr": 0.00028941216838532127, "grad_norm": 0.6697314977645874, "elapsed_seconds": 129706.445895351, "tokens_per_second": 8268.64565285603, "loss_main": 2.2974642515182495, "loss_total": 2.2974642515182495}
{"event": "update", "optimizer_step": 32740, "tokens_seen": 1072824320, "lr": 0.00028940536775928273, "grad_norm": 0.616171658039093, "elapsed_seconds": 129741.37843854504, "tokens_per_second": 8268.944980480284, "loss_main": 2.221404492855072, "loss_total": 2.221404492855072}
{"event": "update", "optimizer_step": 32750, "tokens_seen": 1073152000, "lr": 0.0002893985650391038, "grad_norm": 0.6589782238006592, "elapsed_seconds": 129776.31428109604, "tokens_per_second": 8269.243936729072, "loss_main": 2.334496110677719, "loss_total": 2.334496110677719}
{"event": "update", "optimizer_step": 32760, "tokens_seen": 1073479680, "lr": 0.00028939176022489905, "grad_norm": 0.7163177728652954, "elapsed_seconds": 129811.24594155903, "tokens_per_second": 8269.542998480118, "loss_main": 2.4368200302124023, "loss_total": 2.4368200302124023}
{"event": "update", "optimizer_step": 32770, "tokens_seen": 1073807360, "lr": 0.000289384953316783, "grad_norm": 0.725470781326294, "elapsed_seconds": 129846.19671750005, "tokens_per_second": 8269.840681866328, "loss_main": 2.375538796186447, "loss_total": 2.375538796186447}
{"event": "update", "optimizer_step": 32780, "tokens_seen": 1074135040, "lr": 0.00028937814431487013, "grad_norm": 0.6840497851371765, "elapsed_seconds": 129881.13838122401, "tokens_per_second": 8270.13878525783, "loss_main": 2.2244442999362946, "loss_total": 2.2244442999362946}
{"event": "update", "optimizer_step": 32790, "tokens_seen": 1074462720, "lr": 0.00028937133321927527, "grad_norm": 0.7097671627998352, "elapsed_seconds": 129916.08217186201, "tokens_per_second": 8270.436592897146, "loss_main": 2.3358978927135468, "loss_total": 2.3358978927135468}
{"event": "update", "optimizer_step": 32800, "tokens_seen": 1074790400, "lr": 0.0002893645200301129, "grad_norm": 0.6800373792648315, "elapsed_seconds": 129951.01603097102, "tokens_per_second": 8270.734872468, "loss_main": 2.408961534500122, "loss_total": 2.408961534500122}
{"event": "update", "optimizer_step": 32810, "tokens_seen": 1075118080, "lr": 0.00028935770474749773, "grad_norm": 0.6478534936904907, "elapsed_seconds": 129986.015124992, "tokens_per_second": 8271.028840804047, "loss_main": 2.319472312927246, "loss_total": 2.319472312927246}
{"event": "update", "optimizer_step": 32820, "tokens_seen": 1075445760, "lr": 0.0002893508873715446, "grad_norm": 0.7040086984634399, "elapsed_seconds": 130020.99361169903, "tokens_per_second": 8271.323961819298, "loss_main": 2.4055402278900146, "loss_total": 2.4055402278900146}
{"event": "update", "optimizer_step": 32830, "tokens_seen": 1075773440, "lr": 0.00028934406790236816, "grad_norm": 0.6578412055969238, "elapsed_seconds": 130055.97195887804, "tokens_per_second": 8271.618932963303, "loss_main": 2.503211259841919, "loss_total": 2.503211259841919}
{"event": "update", "optimizer_step": 32840, "tokens_seen": 1076101120, "lr": 0.0002893372463400832, "grad_norm": 0.6871095895767212, "elapsed_seconds": 130090.97524376202, "tokens_per_second": 8271.912159806796, "loss_main": 2.3541367650032043, "loss_total": 2.3541367650032043}
{"event": "update", "optimizer_step": 32850, "tokens_seen": 1076428800, "lr": 0.00028933042268480455, "grad_norm": 0.6768884658813477, "elapsed_seconds": 130125.95673278003, "tokens_per_second": 8272.206614476609, "loss_main": 2.532398045063019, "loss_total": 2.532398045063019}
{"event": "update", "optimizer_step": 32860, "tokens_seen": 1076756480, "lr": 0.0002893235969366472, "grad_norm": 0.6747219562530518, "elapsed_seconds": 130160.905181824, "tokens_per_second": 8272.503010760876, "loss_main": 2.4001908600330353, "loss_total": 2.4001908600330353}
{"event": "update", "optimizer_step": 32870, "tokens_seen": 1077084160, "lr": 0.0002893167690957259, "grad_norm": 0.7831673622131348, "elapsed_seconds": 130195.885462442, "tokens_per_second": 8272.7972253064, "loss_main": 2.4965815246105194, "loss_total": 2.4965815246105194}
{"event": "update", "optimizer_step": 32880, "tokens_seen": 1077411840, "lr": 0.00028930993916215556, "grad_norm": 0.6769095659255981, "elapsed_seconds": 130230.83902138402, "tokens_per_second": 8273.092979329482, "loss_main": 2.363550305366516, "loss_total": 2.363550305366516}
{"event": "update", "optimizer_step": 32890, "tokens_seen": 1077739520, "lr": 0.0002893031071360513, "grad_norm": 0.6751729846000671, "elapsed_seconds": 130265.815541399, "tokens_per_second": 8273.387116342046, "loss_main": 2.2908395379781723, "loss_total": 2.2908395379781723}
{"event": "update", "optimizer_step": 32900, "tokens_seen": 1078067200, "lr": 0.00028929627301752805, "grad_norm": 0.7148807644844055, "elapsed_seconds": 130300.85238693102, "tokens_per_second": 8273.677264970283, "loss_main": 2.3899029195308685, "loss_total": 2.3899029195308685}
{"event": "update", "optimizer_step": 32910, "tokens_seen": 1078394880, "lr": 0.0002892894368067008, "grad_norm": 0.6794399619102478, "elapsed_seconds": 130335.80628511804, "tokens_per_second": 8273.972523259963, "loss_main": 2.4415251910686493, "loss_total": 2.4415251910686493}
{"event": "update", "optimizer_step": 32920, "tokens_seen": 1078722560, "lr": 0.00028928259850368474, "grad_norm": 0.7235540747642517, "elapsed_seconds": 130370.73838762502, "tokens_per_second": 8274.26900653647, "loss_main": 2.4855909943580627, "loss_total": 2.4855909943580627}
{"event": "update", "optimizer_step": 32930, "tokens_seen": 1079050240, "lr": 0.00028927575810859486, "grad_norm": 0.6928119659423828, "elapsed_seconds": 130405.72575159202, "tokens_per_second": 8274.561824497394, "loss_main": 2.4418259859085083, "loss_total": 2.4418259859085083}
{"event": "update", "optimizer_step": 32940, "tokens_seen": 1079377920, "lr": 0.0002892689156215463, "grad_norm": 0.6623931527137756, "elapsed_seconds": 130440.72218384204, "tokens_per_second": 8274.85391010588, "loss_main": 2.2983909249305725, "loss_total": 2.2983909249305725}
{"event": "update", "optimizer_step": 32950, "tokens_seen": 1079705600, "lr": 0.0002892620710426544, "grad_norm": 0.6887357234954834, "elapsed_seconds": 130475.73331229505, "tokens_per_second": 8275.144906951497, "loss_main": 2.468396544456482, "loss_total": 2.468396544456482}
{"event": "update", "optimizer_step": 32960, "tokens_seen": 1080033280, "lr": 0.0002892552243720343, "grad_norm": 0.6930616497993469, "elapsed_seconds": 130510.75177444704, "tokens_per_second": 8275.435282654329, "loss_main": 2.319389969110489, "loss_total": 2.319389969110489}
{"event": "update", "optimizer_step": 32970, "tokens_seen": 1080360960, "lr": 0.00028924837560980116, "grad_norm": 0.702538251876831, "elapsed_seconds": 130545.776020027, "tokens_per_second": 8275.725135942062, "loss_main": 2.31437885761261, "loss_total": 2.31437885761261}
{"event": "update", "optimizer_step": 32980, "tokens_seen": 1080688640, "lr": 0.0002892415247560704, "grad_norm": 0.6719293594360352, "elapsed_seconds": 130580.79589972005, "tokens_per_second": 8276.015110444865, "loss_main": 2.3968726992607117, "loss_total": 2.3968726992607117}
{"event": "update", "optimizer_step": 32990, "tokens_seen": 1081016320, "lr": 0.0002892346718109572, "grad_norm": 0.6737229228019714, "elapsed_seconds": 130615.83615857305, "tokens_per_second": 8276.303638156107, "loss_main": 2.2921853810548782, "loss_total": 2.2921853810548782}
{"event": "update", "optimizer_step": 33000, "tokens_seen": 1081344000, "lr": 0.0002892278167745771, "grad_norm": 0.65656977891922, "elapsed_seconds": 130650.85813282203, "tokens_per_second": 8276.593169412528, "loss_main": 2.4324215054512024, "loss_total": 2.4324215054512024}
{"event": "update", "optimizer_step": 33010, "tokens_seen": 1081671680, "lr": 0.0002892209596470453, "grad_norm": 0.6460680365562439, "elapsed_seconds": 130685.917078892, "tokens_per_second": 8276.880203909197, "loss_main": 2.3487145006656647, "loss_total": 2.3487145006656647}
{"event": "update", "optimizer_step": 33020, "tokens_seen": 1081999360, "lr": 0.00028921410042847726, "grad_norm": 0.6815459132194519, "elapsed_seconds": 130721.71643115702, "tokens_per_second": 8277.120202669781, "loss_main": 2.438524216413498, "loss_total": 2.438524216413498}
{"event": "update", "optimizer_step": 33030, "tokens_seen": 1082327040, "lr": 0.0002892072391189886, "grad_norm": 0.661020040512085, "elapsed_seconds": 130756.73645732604, "tokens_per_second": 8277.409404090089, "loss_main": 2.276408016681671, "loss_total": 2.276408016681671}
{"event": "update", "optimizer_step": 33040, "tokens_seen": 1082654720, "lr": 0.00028920037571869464, "grad_norm": 0.6803364157676697, "elapsed_seconds": 130791.769396179, "tokens_per_second": 8277.697633408032, "loss_main": 2.3970150351524353, "loss_total": 2.3970150351524353}
{"event": "update", "optimizer_step": 33050, "tokens_seen": 1082982400, "lr": 0.0002891935102277111, "grad_norm": 0.6808609962463379, "elapsed_seconds": 130826.78532756201, "tokens_per_second": 8277.986784498647, "loss_main": 2.481471508741379, "loss_total": 2.481471508741379}
{"event": "update", "optimizer_step": 33060, "tokens_seen": 1083310080, "lr": 0.0002891866426461533, "grad_norm": 0.6808706521987915, "elapsed_seconds": 130861.82555351203, "tokens_per_second": 8278.274243981205, "loss_main": 2.154858946800232, "loss_total": 2.154858946800232}
{"event": "update", "optimizer_step": 33070, "tokens_seen": 1083637760, "lr": 0.00028917977297413704, "grad_norm": 0.6650976538658142, "elapsed_seconds": 130896.84694501205, "tokens_per_second": 8278.56274074517, "loss_main": 2.448532849550247, "loss_total": 2.448532849550247}
{"event": "update", "optimizer_step": 33080, "tokens_seen": 1083965440, "lr": 0.0002891729012117779, "grad_norm": 0.6474770307540894, "elapsed_seconds": 130931.87350015802, "tokens_per_second": 8278.850756677608, "loss_main": 2.389501065015793, "loss_total": 2.389501065015793}
{"event": "update", "optimizer_step": 33090, "tokens_seen": 1084293120, "lr": 0.0002891660273591915, "grad_norm": 0.7218518853187561, "elapsed_seconds": 130966.90724087902, "tokens_per_second": 8279.138164312984, "loss_main": 2.2976044416427612, "loss_total": 2.2976044416427612}
{"event": "update", "optimizer_step": 33100, "tokens_seen": 1084620800, "lr": 0.0002891591514164937, "grad_norm": 0.6498622894287109, "elapsed_seconds": 131001.92434211401, "tokens_per_second": 8279.426469854689, "loss_main": 2.444499969482422, "loss_total": 2.444499969482422}
{"event": "update", "optimizer_step": 33110, "tokens_seen": 1084948480, "lr": 0.00028915227338380007, "grad_norm": 0.6869822144508362, "elapsed_seconds": 131036.92256517702, "tokens_per_second": 8279.715814146602, "loss_main": 2.2578465342521667, "loss_total": 2.2578465342521667}
{"event": "update", "optimizer_step": 33120, "tokens_seen": 1085276160, "lr": 0.0002891453932612265, "grad_norm": 0.6709677577018738, "elapsed_seconds": 131071.93015551305, "tokens_per_second": 8280.004412175447, "loss_main": 2.499105781316757, "loss_total": 2.499105781316757}
{"event": "update", "optimizer_step": 33130, "tokens_seen": 1085603840, "lr": 0.00028913851104888874, "grad_norm": 0.6154215335845947, "elapsed_seconds": 131106.94890053401, "tokens_per_second": 8280.292151589978, "loss_main": 2.12775257229805, "loss_total": 2.12775257229805}
{"event": "update", "optimizer_step": 33140, "tokens_seen": 1085931520, "lr": 0.0002891316267469026, "grad_norm": 0.643106997013092, "elapsed_seconds": 131141.97076655703, "tokens_per_second": 8280.57954026818, "loss_main": 2.383784383535385, "loss_total": 2.383784383535385}
{"event": "update", "optimizer_step": 33150, "tokens_seen": 1086259200, "lr": 0.0002891247403553842, "grad_norm": 0.6522437334060669, "elapsed_seconds": 131176.96942363802, "tokens_per_second": 8280.868240612492, "loss_main": 2.2342893481254578, "loss_total": 2.2342893481254578}
{"event": "update", "optimizer_step": 33160, "tokens_seen": 1086586880, "lr": 0.0002891178518744492, "grad_norm": 0.6706942319869995, "elapsed_seconds": 131211.996337882, "tokens_per_second": 8281.155003555823, "loss_main": 2.4295307099819183, "loss_total": 2.4295307099819183}
{"event": "update", "optimizer_step": 33170, "tokens_seen": 1086914560, "lr": 0.0002891109613042136, "grad_norm": 0.9236421585083008, "elapsed_seconds": 131247.02082742105, "tokens_per_second": 8281.441766432188, "loss_main": 2.4419162273406982, "loss_total": 2.4419162273406982}
{"event": "update", "optimizer_step": 33180, "tokens_seen": 1087242240, "lr": 0.0002891040686447935, "grad_norm": 0.6845349669456482, "elapsed_seconds": 131282.06921516504, "tokens_per_second": 8281.726868717022, "loss_main": 2.433095544576645, "loss_total": 2.433095544576645}
{"event": "update", "optimizer_step": 33190, "tokens_seen": 1087569920, "lr": 0.0002890971738963048, "grad_norm": 0.7020115852355957, "elapsed_seconds": 131317.04153389105, "tokens_per_second": 8282.01661639867, "loss_main": 2.3804843425750732, "loss_total": 2.3804843425750732}
{"event": "update", "optimizer_step": 33200, "tokens_seen": 1087897600, "lr": 0.0002890902770588637, "grad_norm": 0.6238025426864624, "elapsed_seconds": 131352.07085887901, "tokens_per_second": 8282.302615303315, "loss_main": 2.1848559826612473, "loss_total": 2.1848559826612473}
{"event": "update", "optimizer_step": 33210, "tokens_seen": 1088225280, "lr": 0.0002890833781325862, "grad_norm": 0.6691229343414307, "elapsed_seconds": 131387.0443991, "tokens_per_second": 8282.591978356842, "loss_main": 2.5461418330669403, "loss_total": 2.5461418330669403}
{"event": "update", "optimizer_step": 33220, "tokens_seen": 1088552960, "lr": 0.0002890764771175885, "grad_norm": 0.6746641397476196, "elapsed_seconds": 131422.04934295302, "tokens_per_second": 8282.879208186456, "loss_main": 2.455388069152832, "loss_total": 2.455388069152832}
{"event": "update", "optimizer_step": 33230, "tokens_seen": 1088880640, "lr": 0.0002890695740139866, "grad_norm": 0.7240163087844849, "elapsed_seconds": 131457.06998316, "tokens_per_second": 8283.16529601252, "loss_main": 2.4749997556209564, "loss_total": 2.4749997556209564}
{"event": "update", "optimizer_step": 33240, "tokens_seen": 1089208320, "lr": 0.00028906266882189693, "grad_norm": 0.605953574180603, "elapsed_seconds": 131492.09954435605, "tokens_per_second": 8283.450669464584, "loss_main": 2.2178816199302673, "loss_total": 2.2178816199302673}
{"event": "update", "optimizer_step": 33250, "tokens_seen": 1089536000, "lr": 0.00028905576154143547, "grad_norm": 0.6475321650505066, "elapsed_seconds": 131527.12935829203, "tokens_per_second": 8283.73587499202, "loss_main": 2.426954358816147, "loss_total": 2.426954358816147}
{"event": "update", "optimizer_step": 33260, "tokens_seen": 1089863680, "lr": 0.00028904885217271876, "grad_norm": 0.6632708311080933, "elapsed_seconds": 131562.15331482101, "tokens_per_second": 8284.02129746247, "loss_main": 2.34270541369915, "loss_total": 2.34270541369915}
{"event": "update", "optimizer_step": 33270, "tokens_seen": 1090191360, "lr": 0.0002890419407158629, "grad_norm": 0.7237595915794373, "elapsed_seconds": 131597.20825457503, "tokens_per_second": 8284.304617549507, "loss_main": 2.4135266840457916, "loss_total": 2.4135266840457916}
{"event": "update", "optimizer_step": 33280, "tokens_seen": 1090519040, "lr": 0.0002890350271709844, "grad_norm": 0.6353535056114197, "elapsed_seconds": 131632.245801376, "tokens_per_second": 8284.588881401583, "loss_main": 2.542531371116638, "loss_total": 2.542531371116638}
{"event": "update", "optimizer_step": 33290, "tokens_seen": 1090846720, "lr": 0.00028902811153819956, "grad_norm": 3.842197895050049, "elapsed_seconds": 131667.29247767, "tokens_per_second": 8284.872419511483, "loss_main": 2.5840344727039337, "loss_total": 2.5840344727039337}
{"event": "update", "optimizer_step": 33300, "tokens_seen": 1091174400, "lr": 0.0002890211938176247, "grad_norm": 0.6840530037879944, "elapsed_seconds": 131702.36243120203, "tokens_per_second": 8285.154342390797, "loss_main": 2.3071750104427338, "loss_total": 2.3071750104427338}
{"event": "update", "optimizer_step": 33310, "tokens_seen": 1091502080, "lr": 0.00028901427400937637, "grad_norm": 0.6880856156349182, "elapsed_seconds": 131737.50115354103, "tokens_per_second": 8285.431790055334, "loss_main": 2.412819057703018, "loss_total": 2.412819057703018}
{"event": "update", "optimizer_step": 33320, "tokens_seen": 1091829760, "lr": 0.000289007352113571, "grad_norm": 0.6417895555496216, "elapsed_seconds": 131772.634382418, "tokens_per_second": 8285.709435172977, "loss_main": 2.322594031691551, "loss_total": 2.322594031691551}
{"event": "update", "optimizer_step": 33330, "tokens_seen": 1092157440, "lr": 0.0002890004281303252, "grad_norm": 0.6449207663536072, "elapsed_seconds": 131807.72299988702, "tokens_per_second": 8285.989736738993, "loss_main": 2.3550630807876587, "loss_total": 2.3550630807876587}
{"event": "update", "optimizer_step": 33340, "tokens_seen": 1092485120, "lr": 0.0002889935020597555, "grad_norm": 0.6496114134788513, "elapsed_seconds": 131842.85340458504, "tokens_per_second": 8286.267262795809, "loss_main": 2.2453676760196686, "loss_total": 2.2453676760196686}
{"event": "update", "optimizer_step": 33350, "tokens_seen": 1092812800, "lr": 0.00028898657390197843, "grad_norm": 0.6675854325294495, "elapsed_seconds": 131878.163454518, "tokens_per_second": 8286.533353013276, "loss_main": 2.428910344839096, "loss_total": 2.428910344839096}
{"event": "update", "optimizer_step": 33360, "tokens_seen": 1093140480, "lr": 0.00028897964365711066, "grad_norm": 0.6729246377944946, "elapsed_seconds": 131913.243797409, "tokens_per_second": 8286.813730991513, "loss_main": 2.3682092428207397, "loss_total": 2.3682092428207397}
{"event": "update", "optimizer_step": 33370, "tokens_seen": 1093468160, "lr": 0.00028897271132526873, "grad_norm": 0.6500324010848999, "elapsed_seconds": 131948.30490524304, "tokens_per_second": 8287.095167954298, "loss_main": 2.332494854927063, "loss_total": 2.332494854927063}
{"event": "update", "optimizer_step": 33380, "tokens_seen": 1093795840, "lr": 0.00028896577690656943, "grad_norm": 0.6594811677932739, "elapsed_seconds": 131983.37279812904, "tokens_per_second": 8287.376029350156, "loss_main": 2.4071046710014343, "loss_total": 2.4071046710014343}
{"event": "update", "optimizer_step": 33390, "tokens_seen": 1094123520, "lr": 0.0002889588404011296, "grad_norm": 0.645141065120697, "elapsed_seconds": 132018.39079644, "tokens_per_second": 8287.65987374468, "loss_main": 2.3523107171058655, "loss_total": 2.3523107171058655}
{"event": "update", "optimizer_step": 33400, "tokens_seen": 1094451200, "lr": 0.00028895190180906576, "grad_norm": 3.7489023208618164, "elapsed_seconds": 132053.485835767, "tokens_per_second": 8287.938732349354, "loss_main": 2.456647515296936, "loss_total": 2.456647515296936}
{"event": "update", "optimizer_step": 33410, "tokens_seen": 1094778880, "lr": 0.0002889449611304949, "grad_norm": 0.6857526302337646, "elapsed_seconds": 132088.66615616804, "tokens_per_second": 8288.212091608573, "loss_main": 2.4695030748844147, "loss_total": 2.4695030748844147}
{"event": "update", "optimizer_step": 33420, "tokens_seen": 1095106560, "lr": 0.0002889380183655338, "grad_norm": 0.6860890984535217, "elapsed_seconds": 132123.75022532104, "tokens_per_second": 8288.491343399113, "loss_main": 2.338109076023102, "loss_total": 2.338109076023102}
{"event": "update", "optimizer_step": 33430, "tokens_seen": 1095434240, "lr": 0.00028893107351429933, "grad_norm": 0.6450688242912292, "elapsed_seconds": 132158.85065184504, "tokens_per_second": 8288.769421018771, "loss_main": 2.540230095386505, "loss_total": 2.540230095386505}
{"event": "update", "optimizer_step": 33440, "tokens_seen": 1095761920, "lr": 0.0002889241265769083, "grad_norm": 0.6421689987182617, "elapsed_seconds": 132193.90797831502, "tokens_per_second": 8289.050053499801, "loss_main": 2.290081962943077, "loss_total": 2.290081962943077}
{"event": "update", "optimizer_step": 33450, "tokens_seen": 1096089600, "lr": 0.00028891717755347786, "grad_norm": 0.6711828112602234, "elapsed_seconds": 132229.023535287, "tokens_per_second": 8289.326886751867, "loss_main": 2.394038662314415, "loss_total": 2.394038662314415}
{"event": "update", "optimizer_step": 33460, "tokens_seen": 1096417280, "lr": 0.0002889102264441248, "grad_norm": 0.6506003737449646, "elapsed_seconds": 132264.08616367, "tokens_per_second": 8289.606890287965, "loss_main": 2.4115216583013535, "loss_total": 2.4115216583013535}
{"event": "update", "optimizer_step": 33470, "tokens_seen": 1096744960, "lr": 0.0002889032732489662, "grad_norm": 0.6535298228263855, "elapsed_seconds": 132299.12485048402, "tokens_per_second": 8289.888245590973, "loss_main": 2.4827852100133896, "loss_total": 2.4827852100133896}
{"event": "update", "optimizer_step": 33480, "tokens_seen": 1097072640, "lr": 0.00028889631796811903, "grad_norm": 0.7146979570388794, "elapsed_seconds": 132334.17706438003, "tokens_per_second": 8290.168604488912, "loss_main": 2.253320649266243, "loss_total": 2.253320649266243}
{"event": "update", "optimizer_step": 33490, "tokens_seen": 1097400320, "lr": 0.0002888893606017005, "grad_norm": 0.7005600929260254, "elapsed_seconds": 132369.192171383, "tokens_per_second": 8290.451138956545, "loss_main": 2.3055886030197144, "loss_total": 2.3055886030197144}
{"event": "update", "optimizer_step": 33500, "tokens_seen": 1097728000, "lr": 0.0002888824011498276, "grad_norm": 0.6669950485229492, "elapsed_seconds": 132404.22993816505, "tokens_per_second": 8290.732105104626, "loss_main": 2.3819046020507812, "loss_total": 2.3819046020507812}
{"event": "update", "optimizer_step": 33510, "tokens_seen": 1098055680, "lr": 0.00028887543961261754, "grad_norm": 0.6820722818374634, "elapsed_seconds": 132439.239793377, "tokens_per_second": 8291.014669920443, "loss_main": 2.354557156562805, "loss_total": 2.354557156562805}
{"event": "update", "optimizer_step": 33520, "tokens_seen": 1098383360, "lr": 0.00028886847599018755, "grad_norm": 0.654802680015564, "elapsed_seconds": 132474.250891497, "tokens_per_second": 8291.29700759456, "loss_main": 2.3267701268196106, "loss_total": 2.3267701268196106}
{"event": "update", "optimizer_step": 33530, "tokens_seen": 1098711040, "lr": 0.00028886151028265485, "grad_norm": 0.6663827300071716, "elapsed_seconds": 132509.24226784904, "tokens_per_second": 8291.580430134134, "loss_main": 2.409175619482994, "loss_total": 2.409175619482994}
{"event": "update", "optimizer_step": 33540, "tokens_seen": 1099038720, "lr": 0.00028885454249013654, "grad_norm": 0.6326500177383423, "elapsed_seconds": 132544.21508869005, "tokens_per_second": 8291.864863846333, "loss_main": 2.2507879734039307, "loss_total": 2.2507879734039307}
{"event": "update", "optimizer_step": 33550, "tokens_seen": 1099366400, "lr": 0.00028884757261275003, "grad_norm": 0.7376405596733093, "elapsed_seconds": 132579.29965974105, "tokens_per_second": 8292.142158100665, "loss_main": 2.4059837013483047, "loss_total": 2.4059837013483047}
{"event": "update", "optimizer_step": 33560, "tokens_seen": 1099694080, "lr": 0.00028884060065061264, "grad_norm": 0.626186728477478, "elapsed_seconds": 132614.32632548, "tokens_per_second": 8292.422926471625, "loss_main": 2.2040080428123474, "loss_total": 2.2040080428123474}
{"event": "update", "optimizer_step": 33570, "tokens_seen": 1100021760, "lr": 0.0002888336266038418, "grad_norm": 0.6415461897850037, "elapsed_seconds": 132649.34058118705, "tokens_per_second": 8292.70432239156, "loss_main": 2.2636408507823944, "loss_total": 2.2636408507823944}
{"event": "evaluation", "tokens_seen": 1100021760, "elapsed_seconds": 132649.34058118705, "parameters": 600375552, "main_loss": 2.444455422461033, "perplexity": 11.524272029982018}
{"event": "update", "optimizer_step": 33580, "tokens_seen": 1100349440, "lr": 0.0002888266504725548, "grad_norm": 0.7259284257888794, "elapsed_seconds": 132705.04136867402, "tokens_per_second": 8291.692829838079, "loss_main": 2.472218334674835, "loss_total": 2.472218334674835}
{"event": "update", "optimizer_step": 33590, "tokens_seen": 1100677120, "lr": 0.00028881967225686904, "grad_norm": 0.6486609578132629, "elapsed_seconds": 132740.023113124, "tokens_per_second": 8291.976256942327, "loss_main": 2.3336394131183624, "loss_total": 2.3336394131183624}
{"event": "update", "optimizer_step": 33600, "tokens_seen": 1101004800, "lr": 0.0002888126919569021, "grad_norm": 0.669174075126648, "elapsed_seconds": 132774.989294258, "tokens_per_second": 8292.260506682745, "loss_main": 2.276126891374588, "loss_total": 2.276126891374588}
{"event": "update", "optimizer_step": 33610, "tokens_seen": 1101332480, "lr": 0.00028880570957277136, "grad_norm": 0.6815083622932434, "elapsed_seconds": 132809.933390102, "tokens_per_second": 8292.545985736333, "loss_main": 2.308271959424019, "loss_total": 2.308271959424019}
{"event": "update", "optimizer_step": 33620, "tokens_seen": 1101660160, "lr": 0.00028879872510459436, "grad_norm": 0.8355478048324585, "elapsed_seconds": 132844.901524243, "tokens_per_second": 8292.829814014029, "loss_main": 2.224683552980423, "loss_total": 2.224683552980423}
{"event": "update", "optimizer_step": 33630, "tokens_seen": 1101987840, "lr": 0.00028879173855248885, "grad_norm": 0.6779486536979675, "elapsed_seconds": 132879.89549085603, "tokens_per_second": 8293.111880689521, "loss_main": 2.3419138491153717, "loss_total": 2.3419138491153717}
{"event": "update", "optimizer_step": 33640, "tokens_seen": 1102315520, "lr": 0.00028878474991657235, "grad_norm": 0.6560001969337463, "elapsed_seconds": 132914.88464931905, "tokens_per_second": 8293.394098850067, "loss_main": 2.2262703478336334, "loss_total": 2.2262703478336334}
{"event": "update", "optimizer_step": 33650, "tokens_seen": 1102643200, "lr": 0.0002887777591969624, "grad_norm": 0.6363846659660339, "elapsed_seconds": 132949.90874136903, "tokens_per_second": 8293.673989239067, "loss_main": 2.3807517290115356, "loss_total": 2.3807517290115356}
{"event": "update", "optimizer_step": 33660, "tokens_seen": 1102970880, "lr": 0.0002887707663937767, "grad_norm": 0.6621598601341248, "elapsed_seconds": 132984.93899448, "tokens_per_second": 8293.953347948542, "loss_main": 2.3424777388572693, "loss_total": 2.3424777388572693}
{"event": "update", "optimizer_step": 33670, "tokens_seen": 1103298560, "lr": 0.00028876377150713307, "grad_norm": 0.661962628364563, "elapsed_seconds": 133019.97053536703, "tokens_per_second": 8294.232479225047, "loss_main": 2.574140578508377, "loss_total": 2.574140578508377}
{"event": "update", "optimizer_step": 33680, "tokens_seen": 1103626240, "lr": 0.0002887567745371492, "grad_norm": 0.6779696345329285, "elapsed_seconds": 133055.01994971203, "tokens_per_second": 8294.51034930598, "loss_main": 2.4443538784980774, "loss_total": 2.4443538784980774}
{"event": "update", "optimizer_step": 33690, "tokens_seen": 1103953920, "lr": 0.00028874977548394283, "grad_norm": 0.6530822515487671, "elapsed_seconds": 133090.06359721703, "tokens_per_second": 8294.788432448267, "loss_main": 2.2589721977710724, "loss_total": 2.2589721977710724}
{"event": "update", "optimizer_step": 33700, "tokens_seen": 1104281600, "lr": 0.00028874277434763184, "grad_norm": 0.693722665309906, "elapsed_seconds": 133125.112393015, "tokens_per_second": 8295.066048394496, "loss_main": 2.38794182240963, "loss_total": 2.38794182240963}
