[21:03:00] SFT start
{"event": "start", "state": {"optimizer_step": 0, "examples_seen": 0, "supervised_tokens_seen": 0, "epoch": 0, "batch_in_epoch": 0, "elapsed_seconds": 0.0}, "evaluation": {"loss": 2.1313908588858292, "perplexity": 8.426578846723997, "supervised_tokens": 9803.0}, "target_updates": 1000, "settings": {"max_sequence_length": 512, "microbatch_size": 16, "gradient_accumulation": 2, "learning_rate": 5e-05, "warmup_updates": 100, "weight_decay": 0.01, "grad_clip": 1.0, "planned_total_updates": 1000, "checkpoint_updates": 100, "min_lr_ratio": 0.1, "precision": "bf16", "seed": 2027}, "parameters": 329821696, "train_examples": 23780, "heldout_examples": 1222, "device": "cuda", "precision": {"precision": "bf16", "backend": "torch", "backend_version": "2.14.0.dev20260620+cu130", "recipe": "bf16_autocast", "compute_capability": null, "converted_linears": 0, "skipped_linears": [], "disabled_features": []}}
{"event": "update", "optimizer_step": 1, "loss_main": 2.582043020218765, "lr": 5e-07, "grad_norm": 72.60210418701172, "examples_seen": 32, "supervised_tokens_seen": 579, "epoch": 0, "elapsed_seconds": 0.668144783936441}
{"event": "update", "optimizer_step": 10, "loss_main": 0.3448690671217901, "lr": 5e-06, "grad_norm": 17.88517951965332, "examples_seen": 320, "supervised_tokens_seen": 6491, "epoch": 0, "elapsed_seconds": 3.796712632989511}
{"event": "update", "optimizer_step": 20, "loss_main": 0.45044883013423914, "lr": 1e-05, "grad_norm": 17.555618286132812, "examples_seen": 640, "supervised_tokens_seen": 13620, "epoch": 0, "elapsed_seconds": 7.3143927429337054}
{"event": "update", "optimizer_step": 30, "loss_main": 0.20886394676192396, "lr": 1.5e-05, "grad_norm": 7.622988224029541, "examples_seen": 960, "supervised_tokens_seen": 20206, "epoch": 0, "elapsed_seconds": 10.617324671940878}
{"event": "update", "optimizer_step": 40, "loss_main": 1.1449004257640236, "lr": 2e-05, "grad_norm": 13.055508613586426, "examples_seen": 1280, "supervised_tokens_seen": 27073, "epoch": 0, "elapsed_seconds": 14.141476179938763}
{"event": "update", "optimizer_step": 50, "loss_main": 0.21881622043989038, "lr": 2.5e-05, "grad_norm": 16.991287231445312, "examples_seen": 1600, "supervised_tokens_seen": 33521, "epoch": 0, "elapsed_seconds": 17.548432192998007}
{"event": "update", "optimizer_step": 60, "loss_main": 0.2454255141102233, "lr": 3e-05, "grad_norm": 7.230901718139648, "examples_seen": 1920, "supervised_tokens_seen": 40471, "epoch": 0, "elapsed_seconds": 21.034943638951518}
{"event": "update", "optimizer_step": 70, "loss_main": 0.11317408868320131, "lr": 3.5000000000000004e-05, "grad_norm": 4.658668041229248, "examples_seen": 2240, "supervised_tokens_seen": 46702, "epoch": 0, "elapsed_seconds": 24.227470120997168}
{"event": "update", "optimizer_step": 80, "loss_main": 0.18048736863740109, "lr": 4e-05, "grad_norm": 4.899852275848389, "examples_seen": 2560, "supervised_tokens_seen": 53496, "epoch": 0, "elapsed_seconds": 27.725780186010525}
{"event": "update", "optimizer_step": 90, "loss_main": 0.5281751556657953, "lr": 4.5e-05, "grad_norm": 8.079316139221191, "examples_seen": 2880, "supervised_tokens_seen": 59750, "epoch": 0, "elapsed_seconds": 30.888678914983757}
{"event": "update", "optimizer_step": 100, "loss_main": 0.3171076253056526, "lr": 5e-05, "grad_norm": 4.769251823425293, "examples_seen": 3200, "supervised_tokens_seen": 66413, "epoch": 0, "elapsed_seconds": 34.281033667968586}
{"event": "evaluation", "optimizer_step": 100, "loss": 0.293271991286602, "perplexity": 1.3408074287778458, "supervised_tokens": 9803.0, "elapsed_seconds": 34.281033667968586}
{"event": "update", "optimizer_step": 110, "loss_main": 0.20580632982133817, "lr": 4.9986293607929655e-05, "grad_norm": 8.771767616271973, "examples_seen": 3520, "supervised_tokens_seen": 73039, "epoch": 0, "elapsed_seconds": 49.58593018294778}
{"event": "update", "optimizer_step": 120, "loss_main": 1.6980141296619322, "lr": 4.9945191130846044e-05, "grad_norm": 17.357769012451172, "examples_seen": 3840, "supervised_tokens_seen": 80223, "epoch": 0, "elapsed_seconds": 53.4453969260212}
{"event": "update", "optimizer_step": 130, "loss_main": 0.38952388296256196, "lr": 4.987674264578615e-05, "grad_norm": 5.276385307312012, "examples_seen": 4160, "supervised_tokens_seen": 87417, "epoch": 0, "elapsed_seconds": 57.11055431794375}
{"event": "update", "optimizer_step": 140, "loss_main": 0.2109580703456945, "lr": 4.978103154668534e-05, "grad_norm": 9.925054550170898, "examples_seen": 4480, "supervised_tokens_seen": 94663, "epoch": 0, "elapsed_seconds": 61.12111066700891}
{"event": "update", "optimizer_step": 150, "loss_main": 0.37106277401387877, "lr": 4.965817444277468e-05, "grad_norm": 7.301942348480225, "examples_seen": 4800, "supervised_tokens_seen": 101460, "epoch": 0, "elapsed_seconds": 64.39049108698964}
{"event": "update", "optimizer_step": 160, "loss_main": 0.9133448176000311, "lr": 4.950832101651063e-05, "grad_norm": 7.7825751304626465, "examples_seen": 5120, "supervised_tokens_seen": 108317, "epoch": 0, "elapsed_seconds": 67.83261057501659}
{"event": "update", "optimizer_step": 170, "loss_main": 0.18387154662677416, "lr": 4.933165384120992e-05, "grad_norm": 4.063828468322754, "examples_seen": 5440, "supervised_tokens_seen": 115165, "epoch": 0, "elapsed_seconds": 71.11799177492503}
{"event": "update", "optimizer_step": 180, "loss_main": 0.9234836411498184, "lr": 4.9128388158612174e-05, "grad_norm": 9.079480171203613, "examples_seen": 5760, "supervised_tokens_seen": 122338, "epoch": 0, "elapsed_seconds": 74.79659386398271}
{"event": "update", "optimizer_step": 190, "loss_main": 0.2000339278438462, "lr": 4.889877161664096e-05, "grad_norm": 4.022947311401367, "examples_seen": 6080, "supervised_tokens_seen": 129040, "epoch": 0, "elapsed_seconds": 78.48648186994251}
{"event": "update", "optimizer_step": 200, "loss_main": 1.0312795385097464, "lr": 4.864308396768294e-05, "grad_norm": 9.42659854888916, "examples_seen": 6388, "supervised_tokens_seen": 135857, "epoch": 0, "elapsed_seconds": 82.01492871693335}
{"event": "evaluation", "optimizer_step": 200, "loss": 0.29353174887195504, "perplexity": 1.3411557589167078, "supervised_tokens": 9803.0, "elapsed_seconds": 82.01492871693335}
{"event": "update", "optimizer_step": 210, "loss_main": 0.21292323799459797, "lr": 4.836163672775272e-05, "grad_norm": 3.9907662868499756, "examples_seen": 6708, "supervised_tokens_seen": 142152, "epoch": 0, "elapsed_seconds": 98.0744458650006}
{"event": "update", "optimizer_step": 220, "loss_main": 0.16494449749810053, "lr": 4.805477279695852e-05, "grad_norm": 3.0554769039154053, "examples_seen": 7028, "supervised_tokens_seen": 149060, "epoch": 0, "elapsed_seconds": 101.41459090390708}
{"event": "update", "optimizer_step": 230, "loss_main": 0.18886458604608863, "lr": 4.7722866041731264e-05, "grad_norm": 4.725811958312988, "examples_seen": 7348, "supervised_tokens_seen": 155882, "epoch": 0, "elapsed_seconds": 104.71150556497741}
{"event": "update", "optimizer_step": 240, "loss_main": 0.2709571075745118, "lr": 4.7366320839325864e-05, "grad_norm": 4.329973220825195, "examples_seen": 7668, "supervised_tokens_seen": 162539, "epoch": 0, "elapsed_seconds": 108.2440540199168}
{"event": "update", "optimizer_step": 250, "loss_main": 0.2810475869777854, "lr": 4.6985571585149876e-05, "grad_norm": 4.394304275512695, "examples_seen": 7988, "supervised_tokens_seen": 169591, "epoch": 0, "elapsed_seconds": 111.6841139869066}
{"event": "update", "optimizer_step": 260, "loss_main": 0.8500484512156945, "lr": 4.6581082163519586e-05, "grad_norm": 7.930199146270752, "examples_seen": 8308, "supervised_tokens_seen": 176256, "epoch": 0, "elapsed_seconds": 114.94854408199899}
{"event": "update", "optimizer_step": 270, "loss_main": 0.1523237476333009, "lr": 4.615334538248844e-05, "grad_norm": 3.0352251529693604, "examples_seen": 8628, "supervised_tokens_seen": 182979, "epoch": 0, "elapsed_seconds": 118.3531196609838}
{"event": "update", "optimizer_step": 280, "loss_main": 0.0810330661804103, "lr": 4.570288237343632e-05, "grad_norm": 2.6564457416534424, "examples_seen": 8948, "supervised_tokens_seen": 189381, "epoch": 0, "elapsed_seconds": 121.63193809997756}
{"event": "update", "optimizer_step": 290, "loss_main": 0.2753364084421173, "lr": 4.523024195615124e-05, "grad_norm": 4.375861167907715, "examples_seen": 9268, "supervised_tokens_seen": 195867, "epoch": 0, "elapsed_seconds": 124.78247878700495}
{"event": "update", "optimizer_step": 300, "loss_main": 0.17384064111778205, "lr": 4.473599997017701e-05, "grad_norm": 4.415374279022217, "examples_seen": 9588, "supervised_tokens_seen": 202501, "epoch": 0, "elapsed_seconds": 128.23160781594925}
{"event": "evaluation", "optimizer_step": 300, "loss": 0.257396651701539, "perplexity": 1.2935581170415578, "supervised_tokens": 9803.0, "elapsed_seconds": 128.23160781594925}
{"event": "update", "optimizer_step": 310, "loss_main": 0.2661128966796278, "lr": 4.422075857324137e-05, "grad_norm": 4.191802024841309, "examples_seen": 9908, "supervised_tokens_seen": 209802, "epoch": 0, "elapsed_seconds": 149.30522614496294}
{"event": "update", "optimizer_step": 320, "loss_main": 0.3082529138881347, "lr": 4.368514550761965e-05, "grad_norm": 3.8808789253234863, "examples_seen": 10228, "supervised_tokens_seen": 216277, "epoch": 0, "elapsed_seconds": 154.13430302497}
{"event": "update", "optimizer_step": 330, "loss_main": 0.25763505688080424, "lr": 4.312981333532744e-05, "grad_norm": 3.4114813804626465, "examples_seen": 10548, "supervised_tokens_seen": 222897, "epoch": 0, "elapsed_seconds": 159.0593576990068}
{"event": "update", "optimizer_step": 340, "loss_main": 0.15403565706703892, "lr": 4.255543864307431e-05, "grad_norm": 2.778947114944458, "examples_seen": 10868, "supervised_tokens_seen": 229796, "epoch": 0, "elapsed_seconds": 164.92119129793718}
{"event": "update", "optimizer_step": 350, "loss_main": 0.16419364809989928, "lr": 4.1962721217947135e-05, "grad_norm": 3.973529100418091, "examples_seen": 11188, "supervised_tokens_seen": 236667, "epoch": 0, "elapsed_seconds": 171.46282337093726}
{"event": "update", "optimizer_step": 360, "loss_main": 0.17079185381860762, "lr": 4.135238319482731e-05, "grad_norm": 3.668447494506836, "examples_seen": 11508, "supervised_tokens_seen": 243766, "epoch": 0, "elapsed_seconds": 176.81530740694143}
{"event": "update", "optimizer_step": 370, "loss_main": 0.11553668072857863, "lr": 4.072516817658065e-05, "grad_norm": 2.835773468017578, "examples_seen": 11828, "supervised_tokens_seen": 250907, "epoch": 0, "elapsed_seconds": 182.4663075900171}
{"event": "update", "optimizer_step": 380, "loss_main": 1.0089412720827515, "lr": 4.0081840328091804e-05, "grad_norm": 8.854585647583008, "examples_seen": 12148, "supervised_tokens_seen": 258245, "epoch": 0, "elapsed_seconds": 188.60740728396922}
{"event": "update", "optimizer_step": 390, "loss_main": 0.17638518278663223, "lr": 3.9423183445247117e-05, "grad_norm": 2.974243640899658, "examples_seen": 12468, "supervised_tokens_seen": 265072, "epoch": 0, "elapsed_seconds": 194.04145530192181}
{"event": "update", "optimizer_step": 400, "loss_main": 0.10967253263813356, "lr": 3.875e-05, "grad_norm": 2.723069906234741, "examples_seen": 12788, "supervised_tokens_seen": 271908, "epoch": 0, "elapsed_seconds": 199.1794971099589}
{"event": "evaluation", "optimizer_step": 400, "loss": 0.23436279113114786, "perplexity": 1.2641030143913363, "supervised_tokens": 9803.0, "elapsed_seconds": 199.1794971099589}
{"event": "update", "optimizer_step": 410, "loss_main": 0.8654075497428313, "lr": 3.806311016268254e-05, "grad_norm": 9.59255599975586, "examples_seen": 13108, "supervised_tokens_seen": 279239, "epoch": 0, "elapsed_seconds": 221.85133982100524}
{"event": "update", "optimizer_step": 420, "loss_main": 0.12801291972152457, "lr": 3.7363350802754244e-05, "grad_norm": 2.9808168411254883, "examples_seen": 13428, "supervised_tokens_seen": 286391, "epoch": 0, "elapsed_seconds": 225.75324647093657}
{"event": "update", "optimizer_step": 430, "loss_main": 0.17617846832944017, "lr": 3.665157446920551e-05, "grad_norm": 3.4258885383605957, "examples_seen": 13748, "supervised_tokens_seen": 293269, "epoch": 0, "elapsed_seconds": 229.37324327800889}
{"event": "update", "optimizer_step": 440, "loss_main": 0.9275646461121863, "lr": 3.5928648351858027e-05, "grad_norm": 7.777194023132324, "examples_seen": 14068, "supervised_tokens_seen": 300357, "epoch": 0, "elapsed_seconds": 233.00607201701496}
{"event": "update", "optimizer_step": 450, "loss_main": 0.2561434470577004, "lr": 3.519545322482755e-05, "grad_norm": 4.4074835777282715, "examples_seen": 14388, "supervised_tokens_seen": 307024, "epoch": 0, "elapsed_seconds": 236.29893699102104}
{"event": "update", "optimizer_step": 460, "loss_main": 0.2812810982976641, "lr": 3.4452882373436316e-05, "grad_norm": 3.9400484561920166, "examples_seen": 14708, "supervised_tokens_seen": 313786, "epoch": 0, "elapsed_seconds": 239.64566164591815}
{"event": "update", "optimizer_step": 470, "loss_main": 0.14929015529823714, "lr": 3.370184050588248e-05, "grad_norm": 2.7622530460357666, "examples_seen": 15028, "supervised_tokens_seen": 320441, "epoch": 0, "elapsed_seconds": 242.90721573098563}
{"event": "update", "optimizer_step": 480, "loss_main": 0.23886502674960214, "lr": 3.294324265099252e-05, "grad_norm": 4.26909875869751, "examples_seen": 15348, "supervised_tokens_seen": 327101, "epoch": 0, "elapsed_seconds": 246.19695371796843}
{"event": "update", "optimizer_step": 490, "loss_main": 0.1914963059556058, "lr": 3.217801304339959e-05, "grad_norm": 3.1244945526123047, "examples_seen": 15668, "supervised_tokens_seen": 334127, "epoch": 0, "elapsed_seconds": 249.75538469094317}
{"event": "update", "optimizer_step": 500, "loss_main": 0.24316496332343535, "lr": 3.140708399750594e-05, "grad_norm": 3.9919180870056152, "examples_seen": 15988, "supervised_tokens_seen": 340856, "epoch": 0, "elapsed_seconds": 253.07235918194056}
{"event": "evaluation", "optimizer_step": 500, "loss": 0.2054951176811916, "perplexity": 1.2281329848104605, "supervised_tokens": 9803.0, "elapsed_seconds": 253.07235918194056}
{"event": "update", "optimizer_step": 510, "loss_main": 0.1363242366226749, "lr": 3.0631394771601475e-05, "grad_norm": 2.800961971282959, "examples_seen": 16308, "supervised_tokens_seen": 347415, "epoch": 0, "elapsed_seconds": 269.75726917991415}
{"event": "update", "optimizer_step": 520, "loss_main": 0.13766560612308582, "lr": 2.9851890423522204e-05, "grad_norm": 3.1143369674682617, "examples_seen": 16628, "supervised_tokens_seen": 354079, "epoch": 0, "elapsed_seconds": 273.15264133398887}
{"event": "update", "optimizer_step": 530, "loss_main": 0.10681942282086712, "lr": 2.906952065924282e-05, "grad_norm": 3.6466500759124756, "examples_seen": 16948, "supervised_tokens_seen": 360785, "epoch": 0, "elapsed_seconds": 278.24373330699746}
{"event": "update", "optimizer_step": 540, "loss_main": 0.7611653445576264, "lr": 2.828523867580628e-05, "grad_norm": 7.63767671585083, "examples_seen": 17268, "supervised_tokens_seen": 367886, "epoch": 0, "elapsed_seconds": 284.57829125097487}
{"event": "update", "optimizer_step": 550, "loss_main": 1.6090310929352756, "lr": 2.7500000000000004e-05, "grad_norm": 9.539782524108887, "examples_seen": 17588, "supervised_tokens_seen": 374903, "epoch": 0, "elapsed_seconds": 289.91372650593985}
{"event": "update", "optimizer_step": 560, "loss_main": 0.2381715017077953, "lr": 2.6714761324193736e-05, "grad_norm": 3.2448878288269043, "examples_seen": 17908, "supervised_tokens_seen": 381435, "epoch": 0, "elapsed_seconds": 294.86271275696345}
{"event": "update", "optimizer_step": 570, "loss_main": 0.5833663600312788, "lr": 2.593047934075718e-05, "grad_norm": 7.224437713623047, "examples_seen": 18228, "supervised_tokens_seen": 388096, "epoch": 0, "elapsed_seconds": 300.6574269889388}
{"event": "update", "optimizer_step": 580, "loss_main": 0.17063120007514954, "lr": 2.5148109576477802e-05, "grad_norm": 3.1569132804870605, "examples_seen": 18548, "supervised_tokens_seen": 394713, "epoch": 0, "elapsed_seconds": 307.2523120129481}
{"event": "update", "optimizer_step": 590, "loss_main": 0.20579814957309736, "lr": 2.4368605228398534e-05, "grad_norm": 3.5197463035583496, "examples_seen": 18868, "supervised_tokens_seen": 401422, "epoch": 0, "elapsed_seconds": 312.05633411800954}
{"event": "update", "optimizer_step": 600, "loss_main": 0.13287296199372836, "lr": 2.359291600249407e-05, "grad_norm": 2.930645704269409, "examples_seen": 19188, "supervised_tokens_seen": 408251, "epoch": 0, "elapsed_seconds": 317.2508822840173}
{"event": "evaluation", "optimizer_step": 600, "loss": 0.1957997778278765, "perplexity": 1.21628335405788, "supervised_tokens": 9803.0, "elapsed_seconds": 317.2508822840173}
{"event": "update", "optimizer_step": 610, "loss_main": 0.2662857146181675, "lr": 2.282198695660042e-05, "grad_norm": 3.4164302349090576, "examples_seen": 19508, "supervised_tokens_seen": 414667, "epoch": 0, "elapsed_seconds": 348.7629210409941}
{"event": "update", "optimizer_step": 620, "loss_main": 0.8732426838478127, "lr": 2.205675734900748e-05, "grad_norm": 7.938936233520508, "examples_seen": 19828, "supervised_tokens_seen": 421277, "epoch": 0, "elapsed_seconds": 353.6178812410217}
{"event": "update", "optimizer_step": 630, "loss_main": 0.20481948150086646, "lr": 2.129815949411752e-05, "grad_norm": 3.489652633666992, "examples_seen": 20148, "supervised_tokens_seen": 427997, "epoch": 0, "elapsed_seconds": 356.945278580999}
{"event": "update", "optimizer_step": 640, "loss_main": 0.16780278177851596, "lr": 2.054711762656369e-05, "grad_norm": 2.7410922050476074, "examples_seen": 20468, "supervised_tokens_seen": 434768, "epoch": 0, "elapsed_seconds": 360.3480104539776}
{"event": "update", "optimizer_step": 650, "loss_main": 0.7879787816936537, "lr": 1.9804546775172457e-05, "grad_norm": 7.087676525115967, "examples_seen": 20788, "supervised_tokens_seen": 441737, "epoch": 0, "elapsed_seconds": 363.9111358319642}
{"event": "update", "optimizer_step": 660, "loss_main": 0.9169386949151259, "lr": 1.907135164814198e-05, "grad_norm": 6.9520344734191895, "examples_seen": 21108, "supervised_tokens_seen": 448667, "epoch": 0, "elapsed_seconds": 367.34541216597427}
{"event": "update", "optimizer_step": 670, "loss_main": 0.6864817177116032, "lr": 1.83484255307945e-05, "grad_norm": 6.909915447235107, "examples_seen": 21428, "supervised_tokens_seen": 455358, "epoch": 0, "elapsed_seconds": 370.7975250129821}
{"event": "update", "optimizer_step": 680, "loss_main": 0.6668115776136452, "lr": 1.7636649197245758e-05, "grad_norm": 6.222225189208984, "examples_seen": 21748, "supervised_tokens_seen": 462103, "epoch": 0, "elapsed_seconds": 374.2321371859871}
{"event": "update", "optimizer_step": 690, "loss_main": 0.7467742286353946, "lr": 1.6936889837317466e-05, "grad_norm": 7.486237049102783, "examples_seen": 22068, "supervised_tokens_seen": 468798, "epoch": 0, "elapsed_seconds": 377.3495054609375}
{"event": "update", "optimizer_step": 700, "loss_main": 0.06512046938481078, "lr": 1.6250000000000005e-05, "grad_norm": 1.9520782232284546, "examples_seen": 22388, "supervised_tokens_seen": 474923, "epoch": 0, "elapsed_seconds": 380.41763784596696}
{"event": "evaluation", "optimizer_step": 700, "loss": 0.16757176933850207, "perplexity": 1.1824301493693867, "supervised_tokens": 9803.0, "elapsed_seconds": 380.41763784596696}
{"event": "update", "optimizer_step": 710, "loss_main": 0.7012673363142843, "lr": 1.5576816554752892e-05, "grad_norm": 6.851999759674072, "examples_seen": 22708, "supervised_tokens_seen": 482025, "epoch": 0, "elapsed_seconds": 397.81878568197135}
{"event": "update", "optimizer_step": 720, "loss_main": 0.12737537371484856, "lr": 1.49181596719082e-05, "grad_norm": 2.5364692211151123, "examples_seen": 23028, "supervised_tokens_seen": 488699, "epoch": 0, "elapsed_seconds": 401.43776834302116}
{"event": "update", "optimizer_step": 730, "loss_main": 1.3368558882362733, "lr": 1.427483182341936e-05, "grad_norm": 7.880423069000244, "examples_seen": 23348, "supervised_tokens_seen": 495767, "epoch": 0, "elapsed_seconds": 405.21936325298157}
{"event": "update", "optimizer_step": 740, "loss_main": 0.6865052365218884, "lr": 1.364761680517269e-05, "grad_norm": 6.446437835693359, "examples_seen": 23668, "supervised_tokens_seen": 503049, "epoch": 0, "elapsed_seconds": 408.84534190793056}
{"event": "update", "optimizer_step": 750, "loss_main": 0.19777961096746458, "lr": 1.3037278782052863e-05, "grad_norm": 2.874556064605713, "examples_seen": 23988, "supervised_tokens_seen": 510181, "epoch": 1, "elapsed_seconds": 412.51428738597315}
{"event": "update", "optimizer_step": 760, "loss_main": 0.09867129637584919, "lr": 1.2444561356925697e-05, "grad_norm": 2.439344644546509, "examples_seen": 24308, "supervised_tokens_seen": 516840, "epoch": 1, "elapsed_seconds": 415.91022672201507}
{"event": "update", "optimizer_step": 770, "loss_main": 0.08975962254529198, "lr": 1.187018666467256e-05, "grad_norm": 2.042389154434204, "examples_seen": 24628, "supervised_tokens_seen": 523626, "epoch": 1, "elapsed_seconds": 419.4126045269659}
{"event": "update", "optimizer_step": 780, "loss_main": 0.06747268372850054, "lr": 1.1314854492380354e-05, "grad_norm": 2.036616563796997, "examples_seen": 24948, "supervised_tokens_seen": 530721, "epoch": 1, "elapsed_seconds": 423.2359973610146}
{"event": "update", "optimizer_step": 790, "loss_main": 0.4986978998487712, "lr": 1.0779241426758628e-05, "grad_norm": 7.276482105255127, "examples_seen": 25268, "supervised_tokens_seen": 537467, "epoch": 1, "elapsed_seconds": 426.69079418096226}
{"event": "update", "optimizer_step": 800, "loss_main": 0.5189075121065465, "lr": 1.0264000029822999e-05, "grad_norm": 6.265253067016602, "examples_seen": 25588, "supervised_tokens_seen": 544337, "epoch": 1, "elapsed_seconds": 430.1407030170085}
{"event": "evaluation", "optimizer_step": 800, "loss": 0.15935508702849047, "perplexity": 1.1727543025955087, "supervised_tokens": 9803.0, "elapsed_seconds": 430.1407030170085}
{"event": "update", "optimizer_step": 810, "loss_main": 0.04016495504240107, "lr": 9.769758043848759e-06, "grad_norm": 2.197744607925415, "examples_seen": 25908, "supervised_tokens_seen": 550889, "epoch": 1, "elapsed_seconds": 447.23498723399825}
{"event": "update", "optimizer_step": 820, "loss_main": 0.46583344590489884, "lr": 9.297117626563687e-06, "grad_norm": 5.871922969818115, "examples_seen": 26228, "supervised_tokens_seen": 557320, "epoch": 1, "elapsed_seconds": 450.5221465820214}
{"event": "update", "optimizer_step": 830, "loss_main": 0.14073299395180783, "lr": 8.846654617511564e-06, "grad_norm": 2.8791282176971436, "examples_seen": 26548, "supervised_tokens_seen": 564035, "epoch": 1, "elapsed_seconds": 453.8200101609109}
{"event": "update", "optimizer_step": 840, "loss_main": 0.14977472471563438, "lr": 8.418917836480417e-06, "grad_norm": 2.9032509326934814, "examples_seen": 26868, "supervised_tokens_seen": 570981, "epoch": 1, "elapsed_seconds": 457.4582958589308}
{"event": "update", "optimizer_step": 850, "loss_main": 0.14890936369537025, "lr": 8.01442841485013e-06, "grad_norm": 3.2674412727355957, "examples_seen": 27188, "supervised_tokens_seen": 577732, "epoch": 1, "elapsed_seconds": 460.73095949098933}
{"event": "update", "optimizer_step": 860, "loss_main": 0.08782682458619516, "lr": 7.633679160674144e-06, "grad_norm": 2.2306466102600098, "examples_seen": 27508, "supervised_tokens_seen": 584543, "epoch": 1, "elapsed_seconds": 464.11339743901044}
{"event": "update", "optimizer_step": 870, "loss_main": 0.10435197544468325, "lr": 7.277133958268747e-06, "grad_norm": 2.55658221244812, "examples_seen": 27828, "supervised_tokens_seen": 591301, "epoch": 1, "elapsed_seconds": 467.4675484689651}
{"event": "update", "optimizer_step": 880, "loss_main": 0.18867233395576477, "lr": 6.94522720304148e-06, "grad_norm": 3.4763131141662598, "examples_seen": 28148, "supervised_tokens_seen": 598310, "epoch": 1, "elapsed_seconds": 471.0489246499492}
{"event": "update", "optimizer_step": 890, "loss_main": 0.11694863515541605, "lr": 6.638363272247286e-06, "grad_norm": 2.626865863800049, "examples_seen": 28468, "supervised_tokens_seen": 605307, "epoch": 1, "elapsed_seconds": 474.5600028919289}
{"event": "update", "optimizer_step": 900, "loss_main": 0.3831489517982893, "lr": 6.356916032317063e-06, "grad_norm": 6.009812831878662, "examples_seen": 28788, "supervised_tokens_seen": 612239, "epoch": 1, "elapsed_seconds": 478.0389708019793}
{"event": "evaluation", "optimizer_step": 900, "loss": 0.15130652232971725, "perplexity": 1.163353197167713, "supervised_tokens": 9803.0, "elapsed_seconds": 478.0389708019793}
{"event": "update", "optimizer_step": 910, "loss_main": 0.11255727487070734, "lr": 6.1012283833590465e-06, "grad_norm": 2.8053557872772217, "examples_seen": 29108, "supervised_tokens_seen": 619052, "epoch": 1, "elapsed_seconds": 495.2220217359718}
{"event": "update", "optimizer_step": 920, "loss_main": 0.5406193709641901, "lr": 5.871611841387825e-06, "grad_norm": 5.826312065124512, "examples_seen": 29428, "supervised_tokens_seen": 626233, "epoch": 1, "elapsed_seconds": 498.75393969891593}
{"event": "update", "optimizer_step": 930, "loss_main": 0.053391946757596634, "lr": 5.66834615879008e-06, "grad_norm": 2.540010452270508, "examples_seen": 29748, "supervised_tokens_seen": 633087, "epoch": 1, "elapsed_seconds": 502.18262091698125}
{"event": "update", "optimizer_step": 940, "loss_main": 0.17669469661941956, "lr": 5.491678983489372e-06, "grad_norm": 3.097886800765991, "examples_seen": 30068, "supervised_tokens_seen": 640050, "epoch": 1, "elapsed_seconds": 505.44570091192145}
{"event": "update", "optimizer_step": 950, "loss_main": 0.04434949580219484, "lr": 5.341825557225321e-06, "grad_norm": 1.700835943222046, "examples_seen": 30388, "supervised_tokens_seen": 646887, "epoch": 1, "elapsed_seconds": 508.9950205499772}
{"event": "update", "optimizer_step": 960, "loss_main": 0.11220765256526144, "lr": 5.218968453314668e-06, "grad_norm": 2.965045213699341, "examples_seen": 30708, "supervised_tokens_seen": 653419, "epoch": 1, "elapsed_seconds": 512.1914894769434}
{"event": "update", "optimizer_step": 970, "loss_main": 0.5292649815552426, "lr": 5.123257354213851e-06, "grad_norm": 7.230575084686279, "examples_seen": 31028, "supervised_tokens_seen": 660485, "epoch": 1, "elapsed_seconds": 516.2713217829587}
{"event": "update", "optimizer_step": 980, "loss_main": 0.3057133958946844, "lr": 5.054808869153956e-06, "grad_norm": 5.507513999938965, "examples_seen": 31348, "supervised_tokens_seen": 667643, "epoch": 1, "elapsed_seconds": 520.227503778995}
{"event": "update", "optimizer_step": 990, "loss_main": 0.5724416024450026, "lr": 5.0137063920703455e-06, "grad_norm": 7.175146102905273, "examples_seen": 31668, "supervised_tokens_seen": 674373, "epoch": 1, "elapsed_seconds": 523.673248337931}
{"event": "update", "optimizer_step": 1000, "loss_main": 0.04408280142686433, "lr": 5e-06, "grad_norm": 1.930242657661438, "examples_seen": 31988, "supervised_tokens_seen": 681348, "epoch": 1, "elapsed_seconds": 527.2423045010073}
{"event": "evaluation", "optimizer_step": 1000, "loss": 0.14797429386292638, "perplexity": 1.1594830901486244, "supervised_tokens": 9803.0, "elapsed_seconds": 527.2423045010073}
{"event": "complete", "optimizer_step": 1000, "evaluation": {"loss": 0.14797429386292638, "perplexity": 1.1594830901486244, "supervised_tokens": 9803.0}, "elapsed_seconds": 527.2423045010073}
[21:12:10] sft rc=0
[21:12:10] eval step 000600
{"event": "evaluation_progress", "processed": 16, "total": 5024}
{"event": "evaluation_progress", "processed": 27, "total": 5024}
{"event": "evaluation_progress", "processed": 43, "total": 5024}
{"event": "evaluation_progress", "processed": 59, "total": 5024}
{"event": "evaluation_progress", "processed": 75, "total": 5024}
{"event": "evaluation_progress", "processed": 88, "total": 5024}
{"event": "evaluation_progress", "processed": 104, "total": 5024}
{"event": "evaluation_progress", "processed": 120, "total": 5024}
{"event": "evaluation_progress", "processed": 136, "total": 5024}
{"event": "evaluation_progress", "processed": 152, "total": 5024}
{"event": "evaluation_progress", "processed": 168, "total": 5024}
{"event": "evaluation_progress", "processed": 171, "total": 5024}
{"event": "evaluation_progress", "processed": 187, "total": 5024}
{"event": "evaluation_progress", "processed": 203, "total": 5024}
{"event": "evaluation_progress", "processed": 219, "total": 5024}
{"event": "evaluation_progress", "processed": 235, "total": 5024}
{"event": "evaluation_progress", "processed": 251, "total": 5024}
{"event": "evaluation_progress", "processed": 267, "total": 5024}
{"event": "evaluation_progress", "processed": 279, "total": 5024}
{"event": "evaluation_progress", "processed": 295, "total": 5024}
{"event": "evaluation_progress", "processed": 311, "total": 5024}
{"event": "evaluation_progress", "processed": 327, "total": 5024}
{"event": "evaluation_progress", "processed": 343, "total": 5024}
{"event": "evaluation_progress", "processed": 347, "total": 5024}
{"event": "evaluation_progress", "processed": 363, "total": 5024}
{"event": "evaluation_progress", "processed": 379, "total": 5024}
{"event": "evaluation_progress", "processed": 395, "total": 5024}
{"event": "evaluation_progress", "processed": 411, "total": 5024}
{"event": "evaluation_progress", "processed": 427, "total": 5024}
{"event": "evaluation_progress", "processed": 443, "total": 5024}
{"event": "evaluation_progress", "processed": 459, "total": 5024}
{"event": "evaluation_progress", "processed": 469, "total": 5024}
{"event": "evaluation_progress", "processed": 485, "total": 5024}
{"event": "evaluation_progress", "processed": 501, "total": 5024}
{"event": "evaluation_progress", "processed": 517, "total": 5024}
{"event": "evaluation_progress", "processed": 533, "total": 5024}
{"event": "evaluation_progress", "processed": 549, "total": 5024}
{"event": "evaluation_progress", "processed": 565, "total": 5024}
{"event": "evaluation_progress", "processed": 581, "total": 5024}
{"event": "evaluation_progress", "processed": 597, "total": 5024}
{"event": "evaluation_progress", "processed": 599, "total": 5024}
{"event": "evaluation_progress", "processed": 615, "total": 5024}
{"event": "evaluation_progress", "processed": 631, "total": 5024}
{"event": "evaluation_progress", "processed": 644, "total": 5024}
{"event": "evaluation_progress", "processed": 660, "total": 5024}
{"event": "evaluation_progress", "processed": 676, "total": 5024}
{"event": "evaluation_progress", "processed": 692, "total": 5024}
{"event": "evaluation_progress", "processed": 708, "total": 5024}
{"event": "evaluation_progress", "processed": 724, "total": 5024}
{"event": "evaluation_progress", "processed": 740, "total": 5024}
{"event": "evaluation_progress", "processed": 743, "total": 5024}
{"event": "evaluation_progress", "processed": 759, "total": 5024}
{"event": "evaluation_progress", "processed": 775, "total": 5024}
{"event": "evaluation_progress", "processed": 791, "total": 5024}
{"event": "evaluation_progress", "processed": 807, "total": 5024}
{"event": "evaluation_progress", "processed": 823, "total": 5024}
{"event": "evaluation_progress", "processed": 839, "total": 5024}
{"event": "evaluation_progress", "processed": 855, "total": 5024}
{"event": "evaluation_progress", "processed": 871, "total": 5024}
{"event": "evaluation_progress", "processed": 876, "total": 5024}
{"event": "evaluation_progress", "processed": 891, "total": 5024}
{"event": "evaluation_progress", "processed": 907, "total": 5024}
{"event": "evaluation_progress", "processed": 923, "total": 5024}
{"event": "evaluation_progress", "processed": 939, "total": 5024}
{"event": "evaluation_progress", "processed": 955, "total": 5024}
{"event": "evaluation_progress", "processed": 962, "total": 5024}
{"event": "evaluation_progress", "processed": 978, "total": 5024}
{"event": "evaluation_progress", "processed": 989, "total": 5024}
{"event": "evaluation_progress", "processed": 1005, "total": 5024}
{"event": "evaluation_progress", "processed": 1021, "total": 5024}
{"event": "evaluation_progress", "processed": 1037, "total": 5024}
{"event": "evaluation_progress", "processed": 1053, "total": 5024}
{"event": "evaluation_progress", "processed": 1069, "total": 5024}
{"event": "evaluation_progress", "processed": 1085, "total": 5024}
{"event": "evaluation_progress", "processed": 1101, "total": 5024}
{"event": "evaluation_progress", "processed": 1114, "total": 5024}
{"event": "evaluation_progress", "processed": 1130, "total": 5024}
{"event": "evaluation_progress", "processed": 1146, "total": 5024}
{"event": "evaluation_progress", "processed": 1162, "total": 5024}
{"event": "evaluation_progress", "processed": 1178, "total": 5024}
{"event": "evaluation_progress", "processed": 1194, "total": 5024}
{"event": "evaluation_progress", "processed": 1210, "total": 5024}
{"event": "evaluation_progress", "processed": 1220, "total": 5024}
{"event": "evaluation_progress", "processed": 1236, "total": 5024}
{"event": "evaluation_progress", "processed": 1252, "total": 5024}
{"event": "evaluation_progress", "processed": 1268, "total": 5024}
{"event": "evaluation_progress", "processed": 1277, "total": 5024}
{"event": "evaluation_progress", "processed": 1293, "total": 5024}
{"event": "evaluation_progress", "processed": 1302, "total": 5024}
{"event": "evaluation_progress", "processed": 1318, "total": 5024}
{"event": "evaluation_progress", "processed": 1334, "total": 5024}
{"event": "evaluation_progress", "processed": 1350, "total": 5024}
{"event": "evaluation_progress", "processed": 1366, "total": 5024}
{"event": "evaluation_progress", "processed": 1382, "total": 5024}
{"event": "evaluation_progress", "processed": 1394, "total": 5024}
{"event": "evaluation_progress", "processed": 1410, "total": 5024}
{"event": "evaluation_progress", "processed": 1426, "total": 5024}
{"event": "evaluation_progress", "processed": 1442, "total": 5024}
{"event": "evaluation_progress", "processed": 1458, "total": 5024}
{"event": "evaluation_progress", "processed": 1474, "total": 5024}
{"event": "evaluation_progress", "processed": 1490, "total": 5024}
{"event": "evaluation_progress", "processed": 1501, "total": 5024}
{"event": "evaluation_progress", "processed": 1517, "total": 5024}
{"event": "evaluation_progress", "processed": 1533, "total": 5024}
{"event": "evaluation_progress", "processed": 1549, "total": 5024}
{"event": "evaluation_progress", "processed": 1565, "total": 5024}
{"event": "evaluation_progress", "processed": 1581, "total": 5024}
{"event": "evaluation_progress", "processed": 1597, "total": 5024}
{"event": "evaluation_progress", "processed": 1613, "total": 5024}
{"event": "evaluation_progress", "processed": 1627, "total": 5024}
{"event": "evaluation_progress", "processed": 1643, "total": 5024}
{"event": "evaluation_progress", "processed": 1659, "total": 5024}
{"event": "evaluation_progress", "processed": 1675, "total": 5024}
{"event": "evaluation_progress", "processed": 1691, "total": 5024}
{"event": "evaluation_progress", "processed": 1707, "total": 5024}
{"event": "evaluation_progress", "processed": 1723, "total": 5024}
{"event": "evaluation_progress", "processed": 1739, "total": 5024}
{"event": "evaluation_progress", "processed": 1748, "total": 5024}
{"event": "evaluation_progress", "processed": 1764, "total": 5024}
{"event": "evaluation_progress", "processed": 1780, "total": 5024}
{"event": "evaluation_progress", "processed": 1796, "total": 5024}
{"event": "evaluation_progress", "processed": 1812, "total": 5024}
{"event": "evaluation_progress", "processed": 1828, "total": 5024}
{"event": "evaluation_progress", "processed": 1844, "total": 5024}
{"event": "evaluation_progress", "processed": 1860, "total": 5024}
{"event": "evaluation_progress", "processed": 1876, "total": 5024}
{"event": "evaluation_progress", "processed": 1886, "total": 5024}
{"event": "evaluation_progress", "processed": 1902, "total": 5024}
{"event": "evaluation_progress", "processed": 1918, "total": 5024}
{"event": "evaluation_progress", "processed": 1934, "total": 5024}
{"event": "evaluation_progress", "processed": 1950, "total": 5024}
{"event": "evaluation_progress", "processed": 1966, "total": 5024}
{"event": "evaluation_progress", "processed": 1980, "total": 5024}
{"event": "evaluation_progress", "processed": 1996, "total": 5024}
{"event": "evaluation_progress", "processed": 2012, "total": 5024}
{"event": "evaluation_progress", "processed": 2028, "total": 5024}
{"event": "evaluation_progress", "processed": 2044, "total": 5024}
{"event": "evaluation_progress", "processed": 2060, "total": 5024}
{"event": "evaluation_progress", "processed": 2076, "total": 5024}
{"event": "evaluation_progress", "processed": 2092, "total": 5024}
{"event": "evaluation_progress", "processed": 2108, "total": 5024}
{"event": "evaluation_progress", "processed": 2124, "total": 5024}
{"event": "evaluation_progress", "processed": 2127, "total": 5024}
{"event": "evaluation_progress", "processed": 2143, "total": 5024}
{"event": "evaluation_progress", "processed": 2159, "total": 5024}
{"event": "evaluation_progress", "processed": 2175, "total": 5024}
{"event": "evaluation_progress", "processed": 2191, "total": 5024}
{"event": "evaluation_progress", "processed": 2207, "total": 5024}
{"event": "evaluation_progress", "processed": 2223, "total": 5024}
{"event": "evaluation_progress", "processed": 2239, "total": 5024}
{"event": "evaluation_progress", "processed": 2251, "total": 5024}
{"event": "evaluation_progress", "processed": 2267, "total": 5024}
{"event": "evaluation_progress", "processed": 2283, "total": 5024}
{"event": "evaluation_progress", "processed": 2299, "total": 5024}
{"event": "evaluation_progress", "processed": 2315, "total": 5024}
{"event": "evaluation_progress", "processed": 2331, "total": 5024}
{"event": "evaluation_progress", "processed": 2347, "total": 5024}
{"event": "evaluation_progress", "processed": 2363, "total": 5024}
{"event": "evaluation_progress", "processed": 2374, "total": 5024}
{"event": "evaluation_progress", "processed": 2390, "total": 5024}
{"event": "evaluation_progress", "processed": 2406, "total": 5024}
{"event": "evaluation_progress", "processed": 2422, "total": 5024}
{"event": "evaluation_progress", "processed": 2438, "total": 5024}
{"event": "evaluation_progress", "processed": 2450, "total": 5024}
{"event": "evaluation_progress", "processed": 2466, "total": 5024}
{"event": "evaluation_progress", "processed": 2482, "total": 5024}
{"event": "evaluation_progress", "processed": 2498, "total": 5024}
{"event": "evaluation_progress", "processed": 2514, "total": 5024}
{"event": "evaluation_progress", "processed": 2530, "total": 5024}
{"event": "evaluation_progress", "processed": 2546, "total": 5024}
{"event": "evaluation_progress", "processed": 2562, "total": 5024}
{"event": "evaluation_progress", "processed": 2573, "total": 5024}
{"event": "evaluation_progress", "processed": 2589, "total": 5024}
{"event": "evaluation_progress", "processed": 2605, "total": 5024}
{"event": "evaluation_progress", "processed": 2621, "total": 5024}
{"event": "evaluation_progress", "processed": 2637, "total": 5024}
{"event": "evaluation_progress", "processed": 2651, "total": 5024}
{"event": "evaluation_progress", "processed": 2667, "total": 5024}
{"event": "evaluation_progress", "processed": 2683, "total": 5024}
{"event": "evaluation_progress", "processed": 2699, "total": 5024}
{"event": "evaluation_progress", "processed": 2710, "total": 5024}
{"event": "evaluation_progress", "processed": 2726, "total": 5024}
{"event": "evaluation_progress", "processed": 2742, "total": 5024}
{"event": "evaluation_progress", "processed": 2758, "total": 5024}
{"event": "evaluation_progress", "processed": 2774, "total": 5024}
{"event": "evaluation_progress", "processed": 2790, "total": 5024}
{"event": "evaluation_progress", "processed": 2806, "total": 5024}
{"event": "evaluation_progress", "processed": 2822, "total": 5024}
{"event": "evaluation_progress", "processed": 2826, "total": 5024}
{"event": "evaluation_progress", "processed": 2834, "total": 5024}
{"event": "evaluation_progress", "processed": 2844, "total": 5024}
{"event": "evaluation_progress", "processed": 2847, "total": 5024}
{"event": "evaluation_progress", "processed": 2852, "total": 5024}
{"event": "evaluation_progress", "processed": 2868, "total": 5024}
{"event": "evaluation_progress", "processed": 2871, "total": 5024}
{"event": "evaluation_progress", "processed": 2887, "total": 5024}
{"event": "evaluation_progress", "processed": 2901, "total": 5024}
{"event": "evaluation_progress", "processed": 2917, "total": 5024}
{"event": "evaluation_progress", "processed": 2933, "total": 5024}
{"event": "evaluation_progress", "processed": 2949, "total": 5024}
{"event": "evaluation_progress", "processed": 2965, "total": 5024}
{"event": "evaluation_progress", "processed": 2981, "total": 5024}
{"event": "evaluation_progress", "processed": 2990, "total": 5024}
{"event": "evaluation_progress", "processed": 3001, "total": 5024}
{"event": "evaluation_progress", "processed": 3017, "total": 5024}
{"event": "evaluation_progress", "processed": 3033, "total": 5024}
{"event": "evaluation_progress", "processed": 3037, "total": 5024}
{"event": "evaluation_progress", "processed": 3053, "total": 5024}
{"event": "evaluation_progress", "processed": 3069, "total": 5024}
{"event": "evaluation_progress", "processed": 3085, "total": 5024}
{"event": "evaluation_progress", "processed": 3101, "total": 5024}
{"event": "evaluation_progress", "processed": 3103, "total": 5024}
{"event": "evaluation_progress", "processed": 3119, "total": 5024}
{"event": "evaluation_progress", "processed": 3135, "total": 5024}
{"event": "evaluation_progress", "processed": 3151, "total": 5024}
{"event": "evaluation_progress", "processed": 3166, "total": 5024}
{"event": "evaluation_progress", "processed": 3176, "total": 5024}
{"event": "evaluation_progress", "processed": 3186, "total": 5024}
{"event": "evaluation_progress", "processed": 3202, "total": 5024}
{"event": "evaluation_progress", "processed": 3218, "total": 5024}
{"event": "evaluation_progress", "processed": 3234, "total": 5024}
{"event": "evaluation_progress", "processed": 3242, "total": 5024}
{"event": "evaluation_progress", "processed": 3258, "total": 5024}
{"event": "evaluation_progress", "processed": 3274, "total": 5024}
{"event": "evaluation_progress", "processed": 3290, "total": 5024}
{"event": "evaluation_progress", "processed": 3306, "total": 5024}
{"event": "evaluation_progress", "processed": 3322, "total": 5024}
{"event": "evaluation_progress", "processed": 3325, "total": 5024}
{"event": "evaluation_progress", "processed": 3341, "total": 5024}
{"event": "evaluation_progress", "processed": 3357, "total": 5024}
{"event": "evaluation_progress", "processed": 3366, "total": 5024}
{"event": "evaluation_progress", "processed": 3382, "total": 5024}
{"event": "evaluation_progress", "processed": 3393, "total": 5024}
{"event": "evaluation_progress", "processed": 3409, "total": 5024}
{"event": "evaluation_progress", "processed": 3425, "total": 5024}
{"event": "evaluation_progress", "processed": 3441, "total": 5024}
{"event": "evaluation_progress", "processed": 3457, "total": 5024}
{"event": "evaluation_progress", "processed": 3473, "total": 5024}
{"event": "evaluation_progress", "processed": 3489, "total": 5024}
{"event": "evaluation_progress", "processed": 3492, "total": 5024}
{"event": "evaluation_progress", "processed": 3502, "total": 5024}
{"event": "evaluation_progress", "processed": 3518, "total": 5024}
{"event": "evaluation_progress", "processed": 3534, "total": 5024}
{"event": "evaluation_progress", "processed": 3550, "total": 5024}
{"event": "evaluation_progress", "processed": 3556, "total": 5024}
{"event": "evaluation_progress", "processed": 3572, "total": 5024}
{"event": "evaluation_progress", "processed": 3579, "total": 5024}
{"event": "evaluation_progress", "processed": 3595, "total": 5024}
{"event": "evaluation_progress", "processed": 3611, "total": 5024}
{"event": "evaluation_progress", "processed": 3627, "total": 5024}
{"event": "evaluation_progress", "processed": 3638, "total": 5024}
{"event": "evaluation_progress", "processed": 3646, "total": 5024}
{"event": "evaluation_progress", "processed": 3662, "total": 5024}
{"event": "evaluation_progress", "processed": 3678, "total": 5024}
{"event": "evaluation_progress", "processed": 3690, "total": 5024}
{"event": "evaluation_progress", "processed": 3700, "total": 5024}
{"event": "evaluation_progress", "processed": 3716, "total": 5024}
{"event": "evaluation_progress", "processed": 3732, "total": 5024}
{"event": "evaluation_progress", "processed": 3748, "total": 5024}
{"event": "evaluation_progress", "processed": 3750, "total": 5024}
{"event": "evaluation_progress", "processed": 3766, "total": 5024}
{"event": "evaluation_progress", "processed": 3779, "total": 5024}
{"event": "evaluation_progress", "processed": 3795, "total": 5024}
{"event": "evaluation_progress", "processed": 3804, "total": 5024}
{"event": "evaluation_progress", "processed": 3807, "total": 5024}
{"event": "evaluation_progress", "processed": 3823, "total": 5024}
{"event": "evaluation_progress", "processed": 3839, "total": 5024}
{"event": "evaluation_progress", "processed": 3855, "total": 5024}
{"event": "evaluation_progress", "processed": 3871, "total": 5024}
{"event": "evaluation_progress", "processed": 3882, "total": 5024}
{"event": "evaluation_progress", "processed": 3898, "total": 5024}
{"event": "evaluation_progress", "processed": 3914, "total": 5024}
{"event": "evaluation_progress", "processed": 3922, "total": 5024}
{"event": "evaluation_progress", "processed": 3938, "total": 5024}
{"event": "evaluation_progress", "processed": 3954, "total": 5024}
{"event": "evaluation_progress", "processed": 3962, "total": 5024}
{"event": "evaluation_progress", "processed": 3968, "total": 5024}
{"event": "evaluation_progress", "processed": 3973, "total": 5024}
{"event": "evaluation_progress", "processed": 3989, "total": 5024}
{"event": "evaluation_progress", "processed": 3998, "total": 5024}
{"event": "evaluation_progress", "processed": 4002, "total": 5024}
{"event": "evaluation_progress", "processed": 4018, "total": 5024}
{"event": "evaluation_progress", "processed": 4019, "total": 5024}
{"event": "evaluation_progress", "processed": 4035, "total": 5024}
{"event": "evaluation_progress", "processed": 4051, "total": 5024}
{"event": "evaluation_progress", "processed": 4067, "total": 5024}
{"event": "evaluation_progress", "processed": 4083, "total": 5024}
{"event": "evaluation_progress", "processed": 4099, "total": 5024}
{"event": "evaluation_progress", "processed": 4110, "total": 5024}
{"event": "evaluation_progress", "processed": 4126, "total": 5024}
{"event": "evaluation_progress", "processed": 4142, "total": 5024}
{"event": "evaluation_progress", "processed": 4158, "total": 5024}
{"event": "evaluation_progress", "processed": 4174, "total": 5024}
{"event": "evaluation_progress", "processed": 4176, "total": 5024}
{"event": "evaluation_progress", "processed": 4179, "total": 5024}
{"event": "evaluation_progress", "processed": 4195, "total": 5024}
{"event": "evaluation_progress", "processed": 4211, "total": 5024}
{"event": "evaluation_progress", "processed": 4227, "total": 5024}
{"event": "evaluation_progress", "processed": 4243, "total": 5024}
{"event": "evaluation_progress", "processed": 4249, "total": 5024}
{"event": "evaluation_progress", "processed": 4265, "total": 5024}
{"event": "evaluation_progress", "processed": 4275, "total": 5024}
{"event": "evaluation_progress", "processed": 4288, "total": 5024}
{"event": "evaluation_progress", "processed": 4296, "total": 5024}
{"event": "evaluation_progress", "processed": 4312, "total": 5024}
{"event": "evaluation_progress", "processed": 4328, "total": 5024}
{"event": "evaluation_progress", "processed": 4329, "total": 5024}
{"event": "evaluation_progress", "processed": 4345, "total": 5024}
{"event": "evaluation_progress", "processed": 4351, "total": 5024}
{"event": "evaluation_progress", "processed": 4364, "total": 5024}
{"event": "evaluation_progress", "processed": 4374, "total": 5024}
{"event": "evaluation_progress", "processed": 4380, "total": 5024}
{"event": "evaluation_progress", "processed": 4396, "total": 5024}
{"event": "evaluation_progress", "processed": 4412, "total": 5024}
{"event": "evaluation_progress", "processed": 4428, "total": 5024}
{"event": "evaluation_progress", "processed": 4435, "total": 5024}
{"event": "evaluation_progress", "processed": 4451, "total": 5024}
{"event": "evaluation_progress", "processed": 4465, "total": 5024}
{"event": "evaluation_progress", "processed": 4481, "total": 5024}
{"event": "evaluation_progress", "processed": 4497, "total": 5024}
{"event": "evaluation_progress", "processed": 4513, "total": 5024}
{"event": "evaluation_progress", "processed": 4529, "total": 5024}
{"event": "evaluation_progress", "processed": 4532, "total": 5024}
{"event": "evaluation_progress", "processed": 4537, "total": 5024}
{"event": "evaluation_progress", "processed": 4547, "total": 5024}
{"event": "evaluation_progress", "processed": 4563, "total": 5024}
{"event": "evaluation_progress", "processed": 4568, "total": 5024}
{"event": "evaluation_progress", "processed": 4579, "total": 5024}
{"event": "evaluation_progress", "processed": 4586, "total": 5024}
{"event": "evaluation_progress", "processed": 4588, "total": 5024}
{"event": "evaluation_progress", "processed": 4589, "total": 5024}
{"event": "evaluation_progress", "processed": 4594, "total": 5024}
{"event": "evaluation_progress", "processed": 4595, "total": 5024}
{"event": "evaluation_progress", "processed": 4596, "total": 5024}
{"event": "evaluation_progress", "processed": 4600, "total": 5024}
{"event": "evaluation_progress", "processed": 4602, "total": 5024}
{"event": "evaluation_progress", "processed": 4605, "total": 5024}
{"event": "evaluation_progress", "processed": 4612, "total": 5024}
{"event": "evaluation_progress", "processed": 4617, "total": 5024}
{"event": "evaluation_progress", "processed": 4620, "total": 5024}
{"event": "evaluation_progress", "processed": 4625, "total": 5024}
{"event": "evaluation_progress", "processed": 4628, "total": 5024}
{"event": "evaluation_progress", "processed": 4629, "total": 5024}
{"event": "evaluation_progress", "processed": 4633, "total": 5024}
{"event": "evaluation_progress", "processed": 4636, "total": 5024}
{"event": "evaluation_progress", "processed": 4639, "total": 5024}
{"event": "evaluation_progress", "processed": 4642, "total": 5024}
{"event": "evaluation_progress", "processed": 4645, "total": 5024}
{"event": "evaluation_progress", "processed": 4648, "total": 5024}
{"event": "evaluation_progress", "processed": 4653, "total": 5024}
{"event": "evaluation_progress", "processed": 4654, "total": 5024}
{"event": "evaluation_progress", "processed": 4656, "total": 5024}
{"event": "evaluation_progress", "processed": 4657, "total": 5024}
{"event": "evaluation_progress", "processed": 4658, "total": 5024}
{"event": "evaluation_progress", "processed": 4661, "total": 5024}
{"event": "evaluation_progress", "processed": 4664, "total": 5024}
{"event": "evaluation_progress", "processed": 4667, "total": 5024}
{"event": "evaluation_progress", "processed": 4668, "total": 5024}
{"event": "evaluation_progress", "processed": 4669, "total": 5024}
{"event": "evaluation_progress", "processed": 4671, "total": 5024}
{"event": "evaluation_progress", "processed": 4673, "total": 5024}
{"event": "evaluation_progress", "processed": 4674, "total": 5024}
{"event": "evaluation_progress", "processed": 4675, "total": 5024}
{"event": "evaluation_progress", "processed": 4676, "total": 5024}
{"event": "evaluation_progress", "processed": 4677, "total": 5024}
{"event": "evaluation_progress", "processed": 4679, "total": 5024}
{"event": "evaluation_progress", "processed": 4680, "total": 5024}
{"event": "evaluation_progress", "processed": 4681, "total": 5024}
{"event": "evaluation_progress", "processed": 4682, "total": 5024}
{"event": "evaluation_progress", "processed": 4683, "total": 5024}
{"event": "evaluation_progress", "processed": 4684, "total": 5024}
{"event": "evaluation_progress", "processed": 4685, "total": 5024}
{"event": "evaluation_progress", "processed": 4686, "total": 5024}
{"event": "evaluation_progress", "processed": 4702, "total": 5024}
{"event": "evaluation_progress", "processed": 4718, "total": 5024}
{"event": "evaluation_progress", "processed": 4734, "total": 5024}
{"event": "evaluation_progress", "processed": 4750, "total": 5024}
{"event": "evaluation_progress", "processed": 4766, "total": 5024}
{"event": "evaluation_progress", "processed": 4782, "total": 5024}
{"event": "evaluation_progress", "processed": 4798, "total": 5024}
{"event": "evaluation_progress", "processed": 4814, "total": 5024}
{"event": "evaluation_progress", "processed": 4830, "total": 5024}
{"event": "evaluation_progress", "processed": 4846, "total": 5024}
{"event": "evaluation_progress", "processed": 4862, "total": 5024}
{"event": "evaluation_progress", "processed": 4875, "total": 5024}
{"event": "evaluation_progress", "processed": 4891, "total": 5024}
{"event": "evaluation_progress", "processed": 4907, "total": 5024}
{"event": "evaluation_progress", "processed": 4923, "total": 5024}
{"event": "evaluation_progress", "processed": 4939, "total": 5024}
{"event": "evaluation_progress", "processed": 4955, "total": 5024}
{"event": "evaluation_progress", "processed": 4971, "total": 5024}
{"event": "evaluation_progress", "processed": 4986, "total": 5024}
{"event": "evaluation_progress", "processed": 5002, "total": 5024}
{"event": "evaluation_progress", "processed": 5018, "total": 5024}
{"event": "evaluation_progress", "processed": 5024, "total": 5024}
{
  "asdiv": {
    "correct": 370,
    "total": 2305,
    "accuracy": 0.16052060737527116
  },
  "svamp": {
    "correct": 142,
    "total": 1000,
    "accuracy": 0.142
  },
  "gsm8k": {
    "correct": 48,
    "total": 1319,
    "accuracy": 0.03639120545868082
  },
  "algebra": {
    "correct": 62,
    "total": 100,
    "accuracy": 0.62
  },
  "arithmetic": {
    "correct": 89,
    "total": 300,
    "accuracy": 0.2966666666666667
  },
  "overall": {
    "correct": 711,
    "total": 5024,
    "accuracy": 0.14152070063694266
  },
  "numeric_completion_rate": 0.9970143312101911
}
[21:16:58] eval step 000800
{"event": "evaluation_progress", "processed": 16, "total": 5024}
{"event": "evaluation_progress", "processed": 27, "total": 5024}
{"event": "evaluation_progress", "processed": 43, "total": 5024}
{"event": "evaluation_progress", "processed": 59, "total": 5024}
{"event": "evaluation_progress", "processed": 75, "total": 5024}
{"event": "evaluation_progress", "processed": 88, "total": 5024}
{"event": "evaluation_progress", "processed": 104, "total": 5024}
{"event": "evaluation_progress", "processed": 120, "total": 5024}
{"event": "evaluation_progress", "processed": 136, "total": 5024}
{"event": "evaluation_progress", "processed": 152, "total": 5024}
{"event": "evaluation_progress", "processed": 168, "total": 5024}
{"event": "evaluation_progress", "processed": 171, "total": 5024}
{"event": "evaluation_progress", "processed": 187, "total": 5024}
{"event": "evaluation_progress", "processed": 203, "total": 5024}
{"event": "evaluation_progress", "processed": 219, "total": 5024}
{"event": "evaluation_progress", "processed": 235, "total": 5024}
{"event": "evaluation_progress", "processed": 251, "total": 5024}
{"event": "evaluation_progress", "processed": 267, "total": 5024}
{"event": "evaluation_progress", "processed": 279, "total": 5024}
{"event": "evaluation_progress", "processed": 295, "total": 5024}
{"event": "evaluation_progress", "processed": 311, "total": 5024}
{"event": "evaluation_progress", "processed": 327, "total": 5024}
{"event": "evaluation_progress", "processed": 343, "total": 5024}
{"event": "evaluation_progress", "processed": 347, "total": 5024}
{"event": "evaluation_progress", "processed": 363, "total": 5024}
{"event": "evaluation_progress", "processed": 379, "total": 5024}
{"event": "evaluation_progress", "processed": 395, "total": 5024}
{"event": "evaluation_progress", "processed": 411, "total": 5024}
{"event": "evaluation_progress", "processed": 427, "total": 5024}
{"event": "evaluation_progress", "processed": 443, "total": 5024}
{"event": "evaluation_progress", "processed": 459, "total": 5024}
{"event": "evaluation_progress", "processed": 469, "total": 5024}
{"event": "evaluation_progress", "processed": 485, "total": 5024}
{"event": "evaluation_progress", "processed": 501, "total": 5024}
{"event": "evaluation_progress", "processed": 517, "total": 5024}
{"event": "evaluation_progress", "processed": 533, "total": 5024}
{"event": "evaluation_progress", "processed": 549, "total": 5024}
{"event": "evaluation_progress", "processed": 565, "total": 5024}
{"event": "evaluation_progress", "processed": 581, "total": 5024}
{"event": "evaluation_progress", "processed": 597, "total": 5024}
{"event": "evaluation_progress", "processed": 599, "total": 5024}
{"event": "evaluation_progress", "processed": 615, "total": 5024}
{"event": "evaluation_progress", "processed": 631, "total": 5024}
{"event": "evaluation_progress", "processed": 644, "total": 5024}
{"event": "evaluation_progress", "processed": 660, "total": 5024}
{"event": "evaluation_progress", "processed": 676, "total": 5024}
{"event": "evaluation_progress", "processed": 692, "total": 5024}
{"event": "evaluation_progress", "processed": 708, "total": 5024}
{"event": "evaluation_progress", "processed": 724, "total": 5024}
{"event": "evaluation_progress", "processed": 740, "total": 5024}
{"event": "evaluation_progress", "processed": 743, "total": 5024}
{"event": "evaluation_progress", "processed": 759, "total": 5024}
{"event": "evaluation_progress", "processed": 775, "total": 5024}
{"event": "evaluation_progress", "processed": 791, "total": 5024}
{"event": "evaluation_progress", "processed": 807, "total": 5024}
{"event": "evaluation_progress", "processed": 823, "total": 5024}
{"event": "evaluation_progress", "processed": 839, "total": 5024}
{"event": "evaluation_progress", "processed": 855, "total": 5024}
{"event": "evaluation_progress", "processed": 871, "total": 5024}
{"event": "evaluation_progress", "processed": 876, "total": 5024}
{"event": "evaluation_progress", "processed": 891, "total": 5024}
{"event": "evaluation_progress", "processed": 907, "total": 5024}
{"event": "evaluation_progress", "processed": 923, "total": 5024}
{"event": "evaluation_progress", "processed": 939, "total": 5024}
{"event": "evaluation_progress", "processed": 955, "total": 5024}
{"event": "evaluation_progress", "processed": 962, "total": 5024}
{"event": "evaluation_progress", "processed": 978, "total": 5024}
{"event": "evaluation_progress", "processed": 989, "total": 5024}
{"event": "evaluation_progress", "processed": 1005, "total": 5024}
{"event": "evaluation_progress", "processed": 1021, "total": 5024}
{"event": "evaluation_progress", "processed": 1037, "total": 5024}
{"event": "evaluation_progress", "processed": 1053, "total": 5024}
{"event": "evaluation_progress", "processed": 1069, "total": 5024}
{"event": "evaluation_progress", "processed": 1085, "total": 5024}
{"event": "evaluation_progress", "processed": 1101, "total": 5024}
{"event": "evaluation_progress", "processed": 1114, "total": 5024}
{"event": "evaluation_progress", "processed": 1130, "total": 5024}
{"event": "evaluation_progress", "processed": 1146, "total": 5024}
{"event": "evaluation_progress", "processed": 1162, "total": 5024}
{"event": "evaluation_progress", "processed": 1178, "total": 5024}
{"event": "evaluation_progress", "processed": 1194, "total": 5024}
{"event": "evaluation_progress", "processed": 1210, "total": 5024}
{"event": "evaluation_progress", "processed": 1220, "total": 5024}
{"event": "evaluation_progress", "processed": 1236, "total": 5024}
{"event": "evaluation_progress", "processed": 1252, "total": 5024}
{"event": "evaluation_progress", "processed": 1268, "total": 5024}
{"event": "evaluation_progress", "processed": 1277, "total": 5024}
{"event": "evaluation_progress", "processed": 1293, "total": 5024}
{"event": "evaluation_progress", "processed": 1302, "total": 5024}
{"event": "evaluation_progress", "processed": 1318, "total": 5024}
{"event": "evaluation_progress", "processed": 1334, "total": 5024}
{"event": "evaluation_progress", "processed": 1350, "total": 5024}
{"event": "evaluation_progress", "processed": 1366, "total": 5024}
{"event": "evaluation_progress", "processed": 1382, "total": 5024}
{"event": "evaluation_progress", "processed": 1394, "total": 5024}
{"event": "evaluation_progress", "processed": 1410, "total": 5024}
{"event": "evaluation_progress", "processed": 1426, "total": 5024}
{"event": "evaluation_progress", "processed": 1442, "total": 5024}
{"event": "evaluation_progress", "processed": 1458, "total": 5024}
{"event": "evaluation_progress", "processed": 1474, "total": 5024}
{"event": "evaluation_progress", "processed": 1490, "total": 5024}
{"event": "evaluation_progress", "processed": 1501, "total": 5024}
{"event": "evaluation_progress", "processed": 1517, "total": 5024}
{"event": "evaluation_progress", "processed": 1533, "total": 5024}
{"event": "evaluation_progress", "processed": 1549, "total": 5024}
{"event": "evaluation_progress", "processed": 1565, "total": 5024}
{"event": "evaluation_progress", "processed": 1581, "total": 5024}
{"event": "evaluation_progress", "processed": 1597, "total": 5024}
{"event": "evaluation_progress", "processed": 1613, "total": 5024}
{"event": "evaluation_progress", "processed": 1627, "total": 5024}
{"event": "evaluation_progress", "processed": 1643, "total": 5024}
{"event": "evaluation_progress", "processed": 1659, "total": 5024}
{"event": "evaluation_progress", "processed": 1675, "total": 5024}
{"event": "evaluation_progress", "processed": 1691, "total": 5024}
{"event": "evaluation_progress", "processed": 1707, "total": 5024}
{"event": "evaluation_progress", "processed": 1723, "total": 5024}
{"event": "evaluation_progress", "processed": 1739, "total": 5024}
{"event": "evaluation_progress", "processed": 1748, "total": 5024}
{"event": "evaluation_progress", "processed": 1764, "total": 5024}
{"event": "evaluation_progress", "processed": 1780, "total": 5024}
{"event": "evaluation_progress", "processed": 1796, "total": 5024}
{"event": "evaluation_progress", "processed": 1812, "total": 5024}
{"event": "evaluation_progress", "processed": 1828, "total": 5024}
{"event": "evaluation_progress", "processed": 1844, "total": 5024}
{"event": "evaluation_progress", "processed": 1860, "total": 5024}
{"event": "evaluation_progress", "processed": 1876, "total": 5024}
{"event": "evaluation_progress", "processed": 1886, "total": 5024}
{"event": "evaluation_progress", "processed": 1902, "total": 5024}
{"event": "evaluation_progress", "processed": 1918, "total": 5024}
{"event": "evaluation_progress", "processed": 1934, "total": 5024}
{"event": "evaluation_progress", "processed": 1950, "total": 5024}
{"event": "evaluation_progress", "processed": 1966, "total": 5024}
{"event": "evaluation_progress", "processed": 1980, "total": 5024}
{"event": "evaluation_progress", "processed": 1996, "total": 5024}
{"event": "evaluation_progress", "processed": 2012, "total": 5024}
{"event": "evaluation_progress", "processed": 2028, "total": 5024}
{"event": "evaluation_progress", "processed": 2044, "total": 5024}
{"event": "evaluation_progress", "processed": 2060, "total": 5024}
{"event": "evaluation_progress", "processed": 2076, "total": 5024}
{"event": "evaluation_progress", "processed": 2092, "total": 5024}
{"event": "evaluation_progress", "processed": 2108, "total": 5024}
{"event": "evaluation_progress", "processed": 2124, "total": 5024}
{"event": "evaluation_progress", "processed": 2127, "total": 5024}
{"event": "evaluation_progress", "processed": 2143, "total": 5024}
{"event": "evaluation_progress", "processed": 2159, "total": 5024}
{"event": "evaluation_progress", "processed": 2175, "total": 5024}
{"event": "evaluation_progress", "processed": 2191, "total": 5024}
{"event": "evaluation_progress", "processed": 2207, "total": 5024}
{"event": "evaluation_progress", "processed": 2223, "total": 5024}
{"event": "evaluation_progress", "processed": 2239, "total": 5024}
{"event": "evaluation_progress", "processed": 2251, "total": 5024}
{"event": "evaluation_progress", "processed": 2267, "total": 5024}
{"event": "evaluation_progress", "processed": 2283, "total": 5024}
{"event": "evaluation_progress", "processed": 2299, "total": 5024}
{"event": "evaluation_progress", "processed": 2315, "total": 5024}
{"event": "evaluation_progress", "processed": 2331, "total": 5024}
{"event": "evaluation_progress", "processed": 2347, "total": 5024}
{"event": "evaluation_progress", "processed": 2363, "total": 5024}
{"event": "evaluation_progress", "processed": 2374, "total": 5024}
{"event": "evaluation_progress", "processed": 2390, "total": 5024}
{"event": "evaluation_progress", "processed": 2406, "total": 5024}
{"event": "evaluation_progress", "processed": 2422, "total": 5024}
{"event": "evaluation_progress", "processed": 2438, "total": 5024}
{"event": "evaluation_progress", "processed": 2450, "total": 5024}
{"event": "evaluation_progress", "processed": 2466, "total": 5024}
{"event": "evaluation_progress", "processed": 2482, "total": 5024}
{"event": "evaluation_progress", "processed": 2498, "total": 5024}
{"event": "evaluation_progress", "processed": 2514, "total": 5024}
{"event": "evaluation_progress", "processed": 2530, "total": 5024}
{"event": "evaluation_progress", "processed": 2546, "total": 5024}
{"event": "evaluation_progress", "processed": 2562, "total": 5024}
{"event": "evaluation_progress", "processed": 2573, "total": 5024}
{"event": "evaluation_progress", "processed": 2589, "total": 5024}
{"event": "evaluation_progress", "processed": 2605, "total": 5024}
{"event": "evaluation_progress", "processed": 2621, "total": 5024}
{"event": "evaluation_progress", "processed": 2637, "total": 5024}
{"event": "evaluation_progress", "processed": 2651, "total": 5024}
{"event": "evaluation_progress", "processed": 2667, "total": 5024}
{"event": "evaluation_progress", "processed": 2683, "total": 5024}
{"event": "evaluation_progress", "processed": 2699, "total": 5024}
{"event": "evaluation_progress", "processed": 2710, "total": 5024}
{"event": "evaluation_progress", "processed": 2726, "total": 5024}
{"event": "evaluation_progress", "processed": 2742, "total": 5024}
{"event": "evaluation_progress", "processed": 2758, "total": 5024}
{"event": "evaluation_progress", "processed": 2774, "total": 5024}
{"event": "evaluation_progress", "processed": 2790, "total": 5024}
{"event": "evaluation_progress", "processed": 2806, "total": 5024}
{"event": "evaluation_progress", "processed": 2822, "total": 5024}
{"event": "evaluation_progress", "processed": 2826, "total": 5024}
{"event": "evaluation_progress", "processed": 2834, "total": 5024}
{"event": "evaluation_progress", "processed": 2844, "total": 5024}
{"event": "evaluation_progress", "processed": 2847, "total": 5024}
{"event": "evaluation_progress", "processed": 2852, "total": 5024}
{"event": "evaluation_progress", "processed": 2868, "total": 5024}
{"event": "evaluation_progress", "processed": 2871, "total": 5024}
{"event": "evaluation_progress", "processed": 2887, "total": 5024}
{"event": "evaluation_progress", "processed": 2901, "total": 5024}
{"event": "evaluation_progress", "processed": 2917, "total": 5024}
{"event": "evaluation_progress", "processed": 2933, "total": 5024}
{"event": "evaluation_progress", "processed": 2949, "total": 5024}
{"event": "evaluation_progress", "processed": 2965, "total": 5024}
{"event": "evaluation_progress", "processed": 2981, "total": 5024}
{"event": "evaluation_progress", "processed": 2990, "total": 5024}
{"event": "evaluation_progress", "processed": 3001, "total": 5024}
{"event": "evaluation_progress", "processed": 3017, "total": 5024}
{"event": "evaluation_progress", "processed": 3033, "total": 5024}
{"event": "evaluation_progress", "processed": 3037, "total": 5024}
{"event": "evaluation_progress", "processed": 3053, "total": 5024}
{"event": "evaluation_progress", "processed": 3069, "total": 5024}
{"event": "evaluation_progress", "processed": 3085, "total": 5024}
{"event": "evaluation_progress", "processed": 3101, "total": 5024}
{"event": "evaluation_progress", "processed": 3103, "total": 5024}
{"event": "evaluation_progress", "processed": 3119, "total": 5024}
{"event": "evaluation_progress", "processed": 3135, "total": 5024}
{"event": "evaluation_progress", "processed": 3151, "total": 5024}
{"event": "evaluation_progress", "processed": 3166, "total": 5024}
{"event": "evaluation_progress", "processed": 3176, "total": 5024}
{"event": "evaluation_progress", "processed": 3186, "total": 5024}
{"event": "evaluation_progress", "processed": 3202, "total": 5024}
{"event": "evaluation_progress", "processed": 3218, "total": 5024}
{"event": "evaluation_progress", "processed": 3234, "total": 5024}
{"event": "evaluation_progress", "processed": 3242, "total": 5024}
{"event": "evaluation_progress", "processed": 3258, "total": 5024}
{"event": "evaluation_progress", "processed": 3274, "total": 5024}
{"event": "evaluation_progress", "processed": 3290, "total": 5024}
{"event": "evaluation_progress", "processed": 3306, "total": 5024}
{"event": "evaluation_progress", "processed": 3322, "total": 5024}
{"event": "evaluation_progress", "processed": 3325, "total": 5024}
{"event": "evaluation_progress", "processed": 3341, "total": 5024}
{"event": "evaluation_progress", "processed": 3357, "total": 5024}
{"event": "evaluation_progress", "processed": 3366, "total": 5024}
{"event": "evaluation_progress", "processed": 3382, "total": 5024}
{"event": "evaluation_progress", "processed": 3393, "total": 5024}
{"event": "evaluation_progress", "processed": 3409, "total": 5024}
{"event": "evaluation_progress", "processed": 3425, "total": 5024}
{"event": "evaluation_progress", "processed": 3441, "total": 5024}
{"event": "evaluation_progress", "processed": 3457, "total": 5024}
{"event": "evaluation_progress", "processed": 3473, "total": 5024}
{"event": "evaluation_progress", "processed": 3489, "total": 5024}
{"event": "evaluation_progress", "processed": 3492, "total": 5024}
{"event": "evaluation_progress", "processed": 3502, "total": 5024}
{"event": "evaluation_progress", "processed": 3518, "total": 5024}
{"event": "evaluation_progress", "processed": 3534, "total": 5024}
{"event": "evaluation_progress", "processed": 3550, "total": 5024}
{"event": "evaluation_progress", "processed": 3556, "total": 5024}
{"event": "evaluation_progress", "processed": 3572, "total": 5024}
{"event": "evaluation_progress", "processed": 3579, "total": 5024}
{"event": "evaluation_progress", "processed": 3595, "total": 5024}
{"event": "evaluation_progress", "processed": 3611, "total": 5024}
{"event": "evaluation_progress", "processed": 3627, "total": 5024}
{"event": "evaluation_progress", "processed": 3638, "total": 5024}
{"event": "evaluation_progress", "processed": 3646, "total": 5024}
{"event": "evaluation_progress", "processed": 3662, "total": 5024}
{"event": "evaluation_progress", "processed": 3678, "total": 5024}
{"event": "evaluation_progress", "processed": 3690, "total": 5024}
{"event": "evaluation_progress", "processed": 3700, "total": 5024}
{"event": "evaluation_progress", "processed": 3716, "total": 5024}
{"event": "evaluation_progress", "processed": 3732, "total": 5024}
{"event": "evaluation_progress", "processed": 3748, "total": 5024}
{"event": "evaluation_progress", "processed": 3750, "total": 5024}
{"event": "evaluation_progress", "processed": 3766, "total": 5024}
{"event": "evaluation_progress", "processed": 3779, "total": 5024}
{"event": "evaluation_progress", "processed": 3795, "total": 5024}
{"event": "evaluation_progress", "processed": 3804, "total": 5024}
{"event": "evaluation_progress", "processed": 3807, "total": 5024}
{"event": "evaluation_progress", "processed": 3823, "total": 5024}
{"event": "evaluation_progress", "processed": 3839, "total": 5024}
{"event": "evaluation_progress", "processed": 3855, "total": 5024}
{"event": "evaluation_progress", "processed": 3871, "total": 5024}
{"event": "evaluation_progress", "processed": 3882, "total": 5024}
{"event": "evaluation_progress", "processed": 3898, "total": 5024}
{"event": "evaluation_progress", "processed": 3914, "total": 5024}
{"event": "evaluation_progress", "processed": 3922, "total": 5024}
{"event": "evaluation_progress", "processed": 3938, "total": 5024}
{"event": "evaluation_progress", "processed": 3954, "total": 5024}
{"event": "evaluation_progress", "processed": 3962, "total": 5024}
{"event": "evaluation_progress", "processed": 3968, "total": 5024}
{"event": "evaluation_progress", "processed": 3973, "total": 5024}
{"event": "evaluation_progress", "processed": 3989, "total": 5024}
{"event": "evaluation_progress", "processed": 3998, "total": 5024}
{"event": "evaluation_progress", "processed": 4002, "total": 5024}
{"event": "evaluation_progress", "processed": 4018, "total": 5024}
{"event": "evaluation_progress", "processed": 4019, "total": 5024}
{"event": "evaluation_progress", "processed": 4035, "total": 5024}
{"event": "evaluation_progress", "processed": 4051, "total": 5024}
{"event": "evaluation_progress", "processed": 4067, "total": 5024}
{"event": "evaluation_progress", "processed": 4083, "total": 5024}
{"event": "evaluation_progress", "processed": 4099, "total": 5024}
{"event": "evaluation_progress", "processed": 4110, "total": 5024}
{"event": "evaluation_progress", "processed": 4126, "total": 5024}
{"event": "evaluation_progress", "processed": 4142, "total": 5024}
{"event": "evaluation_progress", "processed": 4158, "total": 5024}
{"event": "evaluation_progress", "processed": 4174, "total": 5024}
{"event": "evaluation_progress", "processed": 4176, "total": 5024}
{"event": "evaluation_progress", "processed": 4179, "total": 5024}
{"event": "evaluation_progress", "processed": 4195, "total": 5024}
{"event": "evaluation_progress", "processed": 4211, "total": 5024}
{"event": "evaluation_progress", "processed": 4227, "total": 5024}
{"event": "evaluation_progress", "processed": 4243, "total": 5024}
{"event": "evaluation_progress", "processed": 4249, "total": 5024}
{"event": "evaluation_progress", "processed": 4265, "total": 5024}
{"event": "evaluation_progress", "processed": 4275, "total": 5024}
{"event": "evaluation_progress", "processed": 4288, "total": 5024}
{"event": "evaluation_progress", "processed": 4296, "total": 5024}
{"event": "evaluation_progress", "processed": 4312, "total": 5024}
{"event": "evaluation_progress", "processed": 4328, "total": 5024}
{"event": "evaluation_progress", "processed": 4329, "total": 5024}
{"event": "evaluation_progress", "processed": 4345, "total": 5024}
{"event": "evaluation_progress", "processed": 4351, "total": 5024}
{"event": "evaluation_progress", "processed": 4364, "total": 5024}
{"event": "evaluation_progress", "processed": 4374, "total": 5024}
{"event": "evaluation_progress", "processed": 4380, "total": 5024}
{"event": "evaluation_progress", "processed": 4396, "total": 5024}
{"event": "evaluation_progress", "processed": 4412, "total": 5024}
{"event": "evaluation_progress", "processed": 4428, "total": 5024}
{"event": "evaluation_progress", "processed": 4435, "total": 5024}
{"event": "evaluation_progress", "processed": 4451, "total": 5024}
{"event": "evaluation_progress", "processed": 4465, "total": 5024}
{"event": "evaluation_progress", "processed": 4481, "total": 5024}
{"event": "evaluation_progress", "processed": 4497, "total": 5024}
{"event": "evaluation_progress", "processed": 4513, "total": 5024}
{"event": "evaluation_progress", "processed": 4529, "total": 5024}
{"event": "evaluation_progress", "processed": 4532, "total": 5024}
{"event": "evaluation_progress", "processed": 4537, "total": 5024}
{"event": "evaluation_progress", "processed": 4547, "total": 5024}
{"event": "evaluation_progress", "processed": 4563, "total": 5024}
{"event": "evaluation_progress", "processed": 4568, "total": 5024}
{"event": "evaluation_progress", "processed": 4579, "total": 5024}
{"event": "evaluation_progress", "processed": 4586, "total": 5024}
{"event": "evaluation_progress", "processed": 4588, "total": 5024}
{"event": "evaluation_progress", "processed": 4589, "total": 5024}
{"event": "evaluation_progress", "processed": 4594, "total": 5024}
{"event": "evaluation_progress", "processed": 4595, "total": 5024}
{"event": "evaluation_progress", "processed": 4596, "total": 5024}
{"event": "evaluation_progress", "processed": 4600, "total": 5024}
{"event": "evaluation_progress", "processed": 4602, "total": 5024}
{"event": "evaluation_progress", "processed": 4605, "total": 5024}
{"event": "evaluation_progress", "processed": 4612, "total": 5024}
{"event": "evaluation_progress", "processed": 4617, "total": 5024}
{"event": "evaluation_progress", "processed": 4620, "total": 5024}
{"event": "evaluation_progress", "processed": 4625, "total": 5024}
{"event": "evaluation_progress", "processed": 4628, "total": 5024}
{"event": "evaluation_progress", "processed": 4629, "total": 5024}
{"event": "evaluation_progress", "processed": 4633, "total": 5024}
{"event": "evaluation_progress", "processed": 4636, "total": 5024}
{"event": "evaluation_progress", "processed": 4639, "total": 5024}
{"event": "evaluation_progress", "processed": 4642, "total": 5024}
{"event": "evaluation_progress", "processed": 4645, "total": 5024}
{"event": "evaluation_progress", "processed": 4648, "total": 5024}
{"event": "evaluation_progress", "processed": 4653, "total": 5024}
{"event": "evaluation_progress", "processed": 4654, "total": 5024}
{"event": "evaluation_progress", "processed": 4656, "total": 5024}
{"event": "evaluation_progress", "processed": 4657, "total": 5024}
{"event": "evaluation_progress", "processed": 4658, "total": 5024}
{"event": "evaluation_progress", "processed": 4661, "total": 5024}
{"event": "evaluation_progress", "processed": 4664, "total": 5024}
{"event": "evaluation_progress", "processed": 4667, "total": 5024}
{"event": "evaluation_progress", "processed": 4668, "total": 5024}
{"event": "evaluation_progress", "processed": 4669, "total": 5024}
{"event": "evaluation_progress", "processed": 4671, "total": 5024}
{"event": "evaluation_progress", "processed": 4673, "total": 5024}
{"event": "evaluation_progress", "processed": 4674, "total": 5024}
{"event": "evaluation_progress", "processed": 4675, "total": 5024}
{"event": "evaluation_progress", "processed": 4676, "total": 5024}
{"event": "evaluation_progress", "processed": 4677, "total": 5024}
{"event": "evaluation_progress", "processed": 4679, "total": 5024}
{"event": "evaluation_progress", "processed": 4680, "total": 5024}
{"event": "evaluation_progress", "processed": 4681, "total": 5024}
{"event": "evaluation_progress", "processed": 4682, "total": 5024}
{"event": "evaluation_progress", "processed": 4683, "total": 5024}
{"event": "evaluation_progress", "processed": 4684, "total": 5024}
{"event": "evaluation_progress", "processed": 4685, "total": 5024}
{"event": "evaluation_progress", "processed": 4686, "total": 5024}
{"event": "evaluation_progress", "processed": 4702, "total": 5024}
{"event": "evaluation_progress", "processed": 4718, "total": 5024}
{"event": "evaluation_progress", "processed": 4734, "total": 5024}
{"event": "evaluation_progress", "processed": 4750, "total": 5024}
{"event": "evaluation_progress", "processed": 4766, "total": 5024}
{"event": "evaluation_progress", "processed": 4782, "total": 5024}
{"event": "evaluation_progress", "processed": 4798, "total": 5024}
{"event": "evaluation_progress", "processed": 4814, "total": 5024}
{"event": "evaluation_progress", "processed": 4830, "total": 5024}
{"event": "evaluation_progress", "processed": 4846, "total": 5024}
{"event": "evaluation_progress", "processed": 4862, "total": 5024}
{"event": "evaluation_progress", "processed": 4875, "total": 5024}
{"event": "evaluation_progress", "processed": 4891, "total": 5024}
{"event": "evaluation_progress", "processed": 4907, "total": 5024}
{"event": "evaluation_progress", "processed": 4923, "total": 5024}
{"event": "evaluation_progress", "processed": 4939, "total": 5024}
{"event": "evaluation_progress", "processed": 4955, "total": 5024}
{"event": "evaluation_progress", "processed": 4971, "total": 5024}
{"event": "evaluation_progress", "processed": 4986, "total": 5024}
{"event": "evaluation_progress", "processed": 5002, "total": 5024}
{"event": "evaluation_progress", "processed": 5018, "total": 5024}
{"event": "evaluation_progress", "processed": 5024, "total": 5024}
{
  "asdiv": {
    "correct": 372,
    "total": 2305,
    "accuracy": 0.16138828633405639
  },
  "svamp": {
    "correct": 152,
    "total": 1000,
    "accuracy": 0.152
  },
  "gsm8k": {
    "correct": 58,
    "total": 1319,
    "accuracy": 0.04397270659590599
  },
  "algebra": {
    "correct": 72,
    "total": 100,
    "accuracy": 0.72
  },
  "arithmetic": {
    "correct": 117,
    "total": 300,
    "accuracy": 0.39
  },
  "overall": {
    "correct": 771,
    "total": 5024,
    "accuracy": 0.15346337579617833
  },
  "numeric_completion_rate": 0.9952229299363057
}
[21:21:44] eval step 001000
{"event": "evaluation_progress", "processed": 16, "total": 5024}
{"event": "evaluation_progress", "processed": 27, "total": 5024}
{"event": "evaluation_progress", "processed": 43, "total": 5024}
{"event": "evaluation_progress", "processed": 59, "total": 5024}
{"event": "evaluation_progress", "processed": 75, "total": 5024}
{"event": "evaluation_progress", "processed": 88, "total": 5024}
{"event": "evaluation_progress", "processed": 104, "total": 5024}
{"event": "evaluation_progress", "processed": 120, "total": 5024}
{"event": "evaluation_progress", "processed": 136, "total": 5024}
{"event": "evaluation_progress", "processed": 152, "total": 5024}
{"event": "evaluation_progress", "processed": 168, "total": 5024}
{"event": "evaluation_progress", "processed": 171, "total": 5024}
{"event": "evaluation_progress", "processed": 187, "total": 5024}
{"event": "evaluation_progress", "processed": 203, "total": 5024}
{"event": "evaluation_progress", "processed": 219, "total": 5024}
{"event": "evaluation_progress", "processed": 235, "total": 5024}
{"event": "evaluation_progress", "processed": 251, "total": 5024}
{"event": "evaluation_progress", "processed": 267, "total": 5024}
{"event": "evaluation_progress", "processed": 279, "total": 5024}
{"event": "evaluation_progress", "processed": 295, "total": 5024}
{"event": "evaluation_progress", "processed": 311, "total": 5024}
{"event": "evaluation_progress", "processed": 327, "total": 5024}
{"event": "evaluation_progress", "processed": 343, "total": 5024}
{"event": "evaluation_progress", "processed": 347, "total": 5024}
{"event": "evaluation_progress", "processed": 363, "total": 5024}
{"event": "evaluation_progress", "processed": 379, "total": 5024}
{"event": "evaluation_progress", "processed": 395, "total": 5024}
{"event": "evaluation_progress", "processed": 411, "total": 5024}
{"event": "evaluation_progress", "processed": 427, "total": 5024}
{"event": "evaluation_progress", "processed": 443, "total": 5024}
{"event": "evaluation_progress", "processed": 459, "total": 5024}
{"event": "evaluation_progress", "processed": 469, "total": 5024}
{"event": "evaluation_progress", "processed": 485, "total": 5024}
{"event": "evaluation_progress", "processed": 501, "total": 5024}
{"event": "evaluation_progress", "processed": 517, "total": 5024}
{"event": "evaluation_progress", "processed": 533, "total": 5024}
{"event": "evaluation_progress", "processed": 549, "total": 5024}
{"event": "evaluation_progress", "processed": 565, "total": 5024}
{"event": "evaluation_progress", "processed": 581, "total": 5024}
{"event": "evaluation_progress", "processed": 597, "total": 5024}
{"event": "evaluation_progress", "processed": 599, "total": 5024}
{"event": "evaluation_progress", "processed": 615, "total": 5024}
{"event": "evaluation_progress", "processed": 631, "total": 5024}
{"event": "evaluation_progress", "processed": 644, "total": 5024}
{"event": "evaluation_progress", "processed": 660, "total": 5024}
{"event": "evaluation_progress", "processed": 676, "total": 5024}
{"event": "evaluation_progress", "processed": 692, "total": 5024}
{"event": "evaluation_progress", "processed": 708, "total": 5024}
{"event": "evaluation_progress", "processed": 724, "total": 5024}
{"event": "evaluation_progress", "processed": 740, "total": 5024}
{"event": "evaluation_progress", "processed": 743, "total": 5024}
{"event": "evaluation_progress", "processed": 759, "total": 5024}
{"event": "evaluation_progress", "processed": 775, "total": 5024}
{"event": "evaluation_progress", "processed": 791, "total": 5024}
{"event": "evaluation_progress", "processed": 807, "total": 5024}
{"event": "evaluation_progress", "processed": 823, "total": 5024}
{"event": "evaluation_progress", "processed": 839, "total": 5024}
{"event": "evaluation_progress", "processed": 855, "total": 5024}
{"event": "evaluation_progress", "processed": 871, "total": 5024}
{"event": "evaluation_progress", "processed": 876, "total": 5024}
{"event": "evaluation_progress", "processed": 891, "total": 5024}
{"event": "evaluation_progress", "processed": 907, "total": 5024}
{"event": "evaluation_progress", "processed": 923, "total": 5024}
{"event": "evaluation_progress", "processed": 939, "total": 5024}
{"event": "evaluation_progress", "processed": 955, "total": 5024}
{"event": "evaluation_progress", "processed": 962, "total": 5024}
{"event": "evaluation_progress", "processed": 978, "total": 5024}
{"event": "evaluation_progress", "processed": 989, "total": 5024}
{"event": "evaluation_progress", "processed": 1005, "total": 5024}
{"event": "evaluation_progress", "processed": 1021, "total": 5024}
{"event": "evaluation_progress", "processed": 1037, "total": 5024}
{"event": "evaluation_progress", "processed": 1053, "total": 5024}
{"event": "evaluation_progress", "processed": 1069, "total": 5024}
{"event": "evaluation_progress", "processed": 1085, "total": 5024}
{"event": "evaluation_progress", "processed": 1101, "total": 5024}
{"event": "evaluation_progress", "processed": 1114, "total": 5024}
{"event": "evaluation_progress", "processed": 1130, "total": 5024}
{"event": "evaluation_progress", "processed": 1146, "total": 5024}
{"event": "evaluation_progress", "processed": 1162, "total": 5024}
{"event": "evaluation_progress", "processed": 1178, "total": 5024}
{"event": "evaluation_progress", "processed": 1194, "total": 5024}
{"event": "evaluation_progress", "processed": 1210, "total": 5024}
{"event": "evaluation_progress", "processed": 1220, "total": 5024}
{"event": "evaluation_progress", "processed": 1236, "total": 5024}
{"event": "evaluation_progress", "processed": 1252, "total": 5024}
{"event": "evaluation_progress", "processed": 1268, "total": 5024}
{"event": "evaluation_progress", "processed": 1277, "total": 5024}
{"event": "evaluation_progress", "processed": 1293, "total": 5024}
{"event": "evaluation_progress", "processed": 1302, "total": 5024}
{"event": "evaluation_progress", "processed": 1318, "total": 5024}
{"event": "evaluation_progress", "processed": 1334, "total": 5024}
{"event": "evaluation_progress", "processed": 1350, "total": 5024}
{"event": "evaluation_progress", "processed": 1366, "total": 5024}
{"event": "evaluation_progress", "processed": 1382, "total": 5024}
{"event": "evaluation_progress", "processed": 1394, "total": 5024}
{"event": "evaluation_progress", "processed": 1410, "total": 5024}
{"event": "evaluation_progress", "processed": 1426, "total": 5024}
{"event": "evaluation_progress", "processed": 1442, "total": 5024}
{"event": "evaluation_progress", "processed": 1458, "total": 5024}
{"event": "evaluation_progress", "processed": 1474, "total": 5024}
{"event": "evaluation_progress", "processed": 1490, "total": 5024}
{"event": "evaluation_progress", "processed": 1501, "total": 5024}
{"event": "evaluation_progress", "processed": 1517, "total": 5024}
{"event": "evaluation_progress", "processed": 1533, "total": 5024}
{"event": "evaluation_progress", "processed": 1549, "total": 5024}
{"event": "evaluation_progress", "processed": 1565, "total": 5024}
{"event": "evaluation_progress", "processed": 1581, "total": 5024}
{"event": "evaluation_progress", "processed": 1597, "total": 5024}
{"event": "evaluation_progress", "processed": 1613, "total": 5024}
{"event": "evaluation_progress", "processed": 1627, "total": 5024}
{"event": "evaluation_progress", "processed": 1643, "total": 5024}
{"event": "evaluation_progress", "processed": 1659, "total": 5024}
{"event": "evaluation_progress", "processed": 1675, "total": 5024}
{"event": "evaluation_progress", "processed": 1691, "total": 5024}
{"event": "evaluation_progress", "processed": 1707, "total": 5024}
{"event": "evaluation_progress", "processed": 1723, "total": 5024}
{"event": "evaluation_progress", "processed": 1739, "total": 5024}
{"event": "evaluation_progress", "processed": 1748, "total": 5024}
{"event": "evaluation_progress", "processed": 1764, "total": 5024}
{"event": "evaluation_progress", "processed": 1780, "total": 5024}
{"event": "evaluation_progress", "processed": 1796, "total": 5024}
{"event": "evaluation_progress", "processed": 1812, "total": 5024}
{"event": "evaluation_progress", "processed": 1828, "total": 5024}
{"event": "evaluation_progress", "processed": 1844, "total": 5024}
{"event": "evaluation_progress", "processed": 1860, "total": 5024}
{"event": "evaluation_progress", "processed": 1876, "total": 5024}
{"event": "evaluation_progress", "processed": 1886, "total": 5024}
{"event": "evaluation_progress", "processed": 1902, "total": 5024}
{"event": "evaluation_progress", "processed": 1918, "total": 5024}
{"event": "evaluation_progress", "processed": 1934, "total": 5024}
{"event": "evaluation_progress", "processed": 1950, "total": 5024}
{"event": "evaluation_progress", "processed": 1966, "total": 5024}
{"event": "evaluation_progress", "processed": 1980, "total": 5024}
{"event": "evaluation_progress", "processed": 1996, "total": 5024}
{"event": "evaluation_progress", "processed": 2012, "total": 5024}
{"event": "evaluation_progress", "processed": 2028, "total": 5024}
{"event": "evaluation_progress", "processed": 2044, "total": 5024}
{"event": "evaluation_progress", "processed": 2060, "total": 5024}
{"event": "evaluation_progress", "processed": 2076, "total": 5024}
{"event": "evaluation_progress", "processed": 2092, "total": 5024}
{"event": "evaluation_progress", "processed": 2108, "total": 5024}
{"event": "evaluation_progress", "processed": 2124, "total": 5024}
{"event": "evaluation_progress", "processed": 2127, "total": 5024}
{"event": "evaluation_progress", "processed": 2143, "total": 5024}
{"event": "evaluation_progress", "processed": 2159, "total": 5024}
{"event": "evaluation_progress", "processed": 2175, "total": 5024}
{"event": "evaluation_progress", "processed": 2191, "total": 5024}
{"event": "evaluation_progress", "processed": 2207, "total": 5024}
{"event": "evaluation_progress", "processed": 2223, "total": 5024}
{"event": "evaluation_progress", "processed": 2239, "total": 5024}
{"event": "evaluation_progress", "processed": 2251, "total": 5024}
{"event": "evaluation_progress", "processed": 2267, "total": 5024}
{"event": "evaluation_progress", "processed": 2283, "total": 5024}
{"event": "evaluation_progress", "processed": 2299, "total": 5024}
{"event": "evaluation_progress", "processed": 2315, "total": 5024}
{"event": "evaluation_progress", "processed": 2331, "total": 5024}
{"event": "evaluation_progress", "processed": 2347, "total": 5024}
{"event": "evaluation_progress", "processed": 2363, "total": 5024}
{"event": "evaluation_progress", "processed": 2374, "total": 5024}
{"event": "evaluation_progress", "processed": 2390, "total": 5024}
{"event": "evaluation_progress", "processed": 2406, "total": 5024}
{"event": "evaluation_progress", "processed": 2422, "total": 5024}
{"event": "evaluation_progress", "processed": 2438, "total": 5024}
{"event": "evaluation_progress", "processed": 2450, "total": 5024}
{"event": "evaluation_progress", "processed": 2466, "total": 5024}
{"event": "evaluation_progress", "processed": 2482, "total": 5024}
{"event": "evaluation_progress", "processed": 2498, "total": 5024}
{"event": "evaluation_progress", "processed": 2514, "total": 5024}
{"event": "evaluation_progress", "processed": 2530, "total": 5024}
{"event": "evaluation_progress", "processed": 2546, "total": 5024}
{"event": "evaluation_progress", "processed": 2562, "total": 5024}
{"event": "evaluation_progress", "processed": 2573, "total": 5024}
{"event": "evaluation_progress", "processed": 2589, "total": 5024}
{"event": "evaluation_progress", "processed": 2605, "total": 5024}
{"event": "evaluation_progress", "processed": 2621, "total": 5024}
{"event": "evaluation_progress", "processed": 2637, "total": 5024}
{"event": "evaluation_progress", "processed": 2651, "total": 5024}
{"event": "evaluation_progress", "processed": 2667, "total": 5024}
{"event": "evaluation_progress", "processed": 2683, "total": 5024}
{"event": "evaluation_progress", "processed": 2699, "total": 5024}
{"event": "evaluation_progress", "processed": 2710, "total": 5024}
{"event": "evaluation_progress", "processed": 2726, "total": 5024}
{"event": "evaluation_progress", "processed": 2742, "total": 5024}
{"event": "evaluation_progress", "processed": 2758, "total": 5024}
{"event": "evaluation_progress", "processed": 2774, "total": 5024}
{"event": "evaluation_progress", "processed": 2790, "total": 5024}
{"event": "evaluation_progress", "processed": 2806, "total": 5024}
{"event": "evaluation_progress", "processed": 2822, "total": 5024}
{"event": "evaluation_progress", "processed": 2826, "total": 5024}
{"event": "evaluation_progress", "processed": 2834, "total": 5024}
{"event": "evaluation_progress", "processed": 2844, "total": 5024}
{"event": "evaluation_progress", "processed": 2847, "total": 5024}
{"event": "evaluation_progress", "processed": 2852, "total": 5024}
{"event": "evaluation_progress", "processed": 2868, "total": 5024}
{"event": "evaluation_progress", "processed": 2871, "total": 5024}
{"event": "evaluation_progress", "processed": 2887, "total": 5024}
{"event": "evaluation_progress", "processed": 2901, "total": 5024}
{"event": "evaluation_progress", "processed": 2917, "total": 5024}
{"event": "evaluation_progress", "processed": 2933, "total": 5024}
{"event": "evaluation_progress", "processed": 2949, "total": 5024}
{"event": "evaluation_progress", "processed": 2965, "total": 5024}
{"event": "evaluation_progress", "processed": 2981, "total": 5024}
{"event": "evaluation_progress", "processed": 2990, "total": 5024}
{"event": "evaluation_progress", "processed": 3001, "total": 5024}
{"event": "evaluation_progress", "processed": 3017, "total": 5024}
{"event": "evaluation_progress", "processed": 3033, "total": 5024}
{"event": "evaluation_progress", "processed": 3037, "total": 5024}
{"event": "evaluation_progress", "processed": 3053, "total": 5024}
{"event": "evaluation_progress", "processed": 3069, "total": 5024}
{"event": "evaluation_progress", "processed": 3085, "total": 5024}
{"event": "evaluation_progress", "processed": 3101, "total": 5024}
{"event": "evaluation_progress", "processed": 3103, "total": 5024}
{"event": "evaluation_progress", "processed": 3119, "total": 5024}
{"event": "evaluation_progress", "processed": 3135, "total": 5024}
{"event": "evaluation_progress", "processed": 3151, "total": 5024}
{"event": "evaluation_progress", "processed": 3166, "total": 5024}
{"event": "evaluation_progress", "processed": 3176, "total": 5024}
{"event": "evaluation_progress", "processed": 3186, "total": 5024}
{"event": "evaluation_progress", "processed": 3202, "total": 5024}
{"event": "evaluation_progress", "processed": 3218, "total": 5024}
{"event": "evaluation_progress", "processed": 3234, "total": 5024}
{"event": "evaluation_progress", "processed": 3242, "total": 5024}
{"event": "evaluation_progress", "processed": 3258, "total": 5024}
{"event": "evaluation_progress", "processed": 3274, "total": 5024}
{"event": "evaluation_progress", "processed": 3290, "total": 5024}
{"event": "evaluation_progress", "processed": 3306, "total": 5024}
{"event": "evaluation_progress", "processed": 3322, "total": 5024}
{"event": "evaluation_progress", "processed": 3325, "total": 5024}
{"event": "evaluation_progress", "processed": 3341, "total": 5024}
{"event": "evaluation_progress", "processed": 3357, "total": 5024}
{"event": "evaluation_progress", "processed": 3366, "total": 5024}
{"event": "evaluation_progress", "processed": 3382, "total": 5024}
{"event": "evaluation_progress", "processed": 3393, "total": 5024}
{"event": "evaluation_progress", "processed": 3409, "total": 5024}
{"event": "evaluation_progress", "processed": 3425, "total": 5024}
{"event": "evaluation_progress", "processed": 3441, "total": 5024}
{"event": "evaluation_progress", "processed": 3457, "total": 5024}
{"event": "evaluation_progress", "processed": 3473, "total": 5024}
{"event": "evaluation_progress", "processed": 3489, "total": 5024}
{"event": "evaluation_progress", "processed": 3492, "total": 5024}
{"event": "evaluation_progress", "processed": 3502, "total": 5024}
{"event": "evaluation_progress", "processed": 3518, "total": 5024}
{"event": "evaluation_progress", "processed": 3534, "total": 5024}
{"event": "evaluation_progress", "processed": 3550, "total": 5024}
{"event": "evaluation_progress", "processed": 3556, "total": 5024}
{"event": "evaluation_progress", "processed": 3572, "total": 5024}
{"event": "evaluation_progress", "processed": 3579, "total": 5024}
{"event": "evaluation_progress", "processed": 3595, "total": 5024}
{"event": "evaluation_progress", "processed": 3611, "total": 5024}
{"event": "evaluation_progress", "processed": 3627, "total": 5024}
{"event": "evaluation_progress", "processed": 3638, "total": 5024}
{"event": "evaluation_progress", "processed": 3646, "total": 5024}
{"event": "evaluation_progress", "processed": 3662, "total": 5024}
{"event": "evaluation_progress", "processed": 3678, "total": 5024}
{"event": "evaluation_progress", "processed": 3690, "total": 5024}
{"event": "evaluation_progress", "processed": 3700, "total": 5024}
{"event": "evaluation_progress", "processed": 3716, "total": 5024}
{"event": "evaluation_progress", "processed": 3732, "total": 5024}
{"event": "evaluation_progress", "processed": 3748, "total": 5024}
{"event": "evaluation_progress", "processed": 3750, "total": 5024}
{"event": "evaluation_progress", "processed": 3766, "total": 5024}
{"event": "evaluation_progress", "processed": 3779, "total": 5024}
{"event": "evaluation_progress", "processed": 3795, "total": 5024}
{"event": "evaluation_progress", "processed": 3804, "total": 5024}
{"event": "evaluation_progress", "processed": 3807, "total": 5024}
{"event": "evaluation_progress", "processed": 3823, "total": 5024}
{"event": "evaluation_progress", "processed": 3839, "total": 5024}
{"event": "evaluation_progress", "processed": 3855, "total": 5024}
{"event": "evaluation_progress", "processed": 3871, "total": 5024}
{"event": "evaluation_progress", "processed": 3882, "total": 5024}
{"event": "evaluation_progress", "processed": 3898, "total": 5024}
{"event": "evaluation_progress", "processed": 3914, "total": 5024}
{"event": "evaluation_progress", "processed": 3922, "total": 5024}
{"event": "evaluation_progress", "processed": 3938, "total": 5024}
{"event": "evaluation_progress", "processed": 3954, "total": 5024}
{"event": "evaluation_progress", "processed": 3962, "total": 5024}
{"event": "evaluation_progress", "processed": 3968, "total": 5024}
{"event": "evaluation_progress", "processed": 3973, "total": 5024}
{"event": "evaluation_progress", "processed": 3989, "total": 5024}
{"event": "evaluation_progress", "processed": 3998, "total": 5024}
{"event": "evaluation_progress", "processed": 4002, "total": 5024}
{"event": "evaluation_progress", "processed": 4018, "total": 5024}
{"event": "evaluation_progress", "processed": 4019, "total": 5024}
{"event": "evaluation_progress", "processed": 4035, "total": 5024}
{"event": "evaluation_progress", "processed": 4051, "total": 5024}
{"event": "evaluation_progress", "processed": 4067, "total": 5024}
{"event": "evaluation_progress", "processed": 4083, "total": 5024}
{"event": "evaluation_progress", "processed": 4099, "total": 5024}
{"event": "evaluation_progress", "processed": 4110, "total": 5024}
{"event": "evaluation_progress", "processed": 4126, "total": 5024}
{"event": "evaluation_progress", "processed": 4142, "total": 5024}
{"event": "evaluation_progress", "processed": 4158, "total": 5024}
{"event": "evaluation_progress", "processed": 4174, "total": 5024}
{"event": "evaluation_progress", "processed": 4176, "total": 5024}
{"event": "evaluation_progress", "processed": 4179, "total": 5024}
{"event": "evaluation_progress", "processed": 4195, "total": 5024}
{"event": "evaluation_progress", "processed": 4211, "total": 5024}
{"event": "evaluation_progress", "processed": 4227, "total": 5024}
{"event": "evaluation_progress", "processed": 4243, "total": 5024}
{"event": "evaluation_progress", "processed": 4249, "total": 5024}
{"event": "evaluation_progress", "processed": 4265, "total": 5024}
{"event": "evaluation_progress", "processed": 4275, "total": 5024}
{"event": "evaluation_progress", "processed": 4288, "total": 5024}
{"event": "evaluation_progress", "processed": 4296, "total": 5024}
{"event": "evaluation_progress", "processed": 4312, "total": 5024}
{"event": "evaluation_progress", "processed": 4328, "total": 5024}
{"event": "evaluation_progress", "processed": 4329, "total": 5024}
{"event": "evaluation_progress", "processed": 4345, "total": 5024}
{"event": "evaluation_progress", "processed": 4351, "total": 5024}
{"event": "evaluation_progress", "processed": 4364, "total": 5024}
{"event": "evaluation_progress", "processed": 4374, "total": 5024}
{"event": "evaluation_progress", "processed": 4380, "total": 5024}
{"event": "evaluation_progress", "processed": 4396, "total": 5024}
{"event": "evaluation_progress", "processed": 4412, "total": 5024}
{"event": "evaluation_progress", "processed": 4428, "total": 5024}
{"event": "evaluation_progress", "processed": 4435, "total": 5024}
{"event": "evaluation_progress", "processed": 4451, "total": 5024}
{"event": "evaluation_progress", "processed": 4465, "total": 5024}
{"event": "evaluation_progress", "processed": 4481, "total": 5024}
{"event": "evaluation_progress", "processed": 4497, "total": 5024}
{"event": "evaluation_progress", "processed": 4513, "total": 5024}
{"event": "evaluation_progress", "processed": 4529, "total": 5024}
{"event": "evaluation_progress", "processed": 4532, "total": 5024}
{"event": "evaluation_progress", "processed": 4537, "total": 5024}
{"event": "evaluation_progress", "processed": 4547, "total": 5024}
{"event": "evaluation_progress", "processed": 4563, "total": 5024}
{"event": "evaluation_progress", "processed": 4568, "total": 5024}
{"event": "evaluation_progress", "processed": 4579, "total": 5024}
{"event": "evaluation_progress", "processed": 4586, "total": 5024}
{"event": "evaluation_progress", "processed": 4588, "total": 5024}
{"event": "evaluation_progress", "processed": 4589, "total": 5024}
{"event": "evaluation_progress", "processed": 4594, "total": 5024}
{"event": "evaluation_progress", "processed": 4595, "total": 5024}
{"event": "evaluation_progress", "processed": 4596, "total": 5024}
{"event": "evaluation_progress", "processed": 4600, "total": 5024}
{"event": "evaluation_progress", "processed": 4602, "total": 5024}
{"event": "evaluation_progress", "processed": 4605, "total": 5024}
{"event": "evaluation_progress", "processed": 4612, "total": 5024}
{"event": "evaluation_progress", "processed": 4617, "total": 5024}
{"event": "evaluation_progress", "processed": 4620, "total": 5024}
{"event": "evaluation_progress", "processed": 4625, "total": 5024}
{"event": "evaluation_progress", "processed": 4628, "total": 5024}
{"event": "evaluation_progress", "processed": 4629, "total": 5024}
{"event": "evaluation_progress", "processed": 4633, "total": 5024}
{"event": "evaluation_progress", "processed": 4636, "total": 5024}
{"event": "evaluation_progress", "processed": 4639, "total": 5024}
{"event": "evaluation_progress", "processed": 4642, "total": 5024}
{"event": "evaluation_progress", "processed": 4645, "total": 5024}
{"event": "evaluation_progress", "processed": 4648, "total": 5024}
{"event": "evaluation_progress", "processed": 4653, "total": 5024}
{"event": "evaluation_progress", "processed": 4654, "total": 5024}
{"event": "evaluation_progress", "processed": 4656, "total": 5024}
{"event": "evaluation_progress", "processed": 4657, "total": 5024}
{"event": "evaluation_progress", "processed": 4658, "total": 5024}
{"event": "evaluation_progress", "processed": 4661, "total": 5024}
{"event": "evaluation_progress", "processed": 4664, "total": 5024}
{"event": "evaluation_progress", "processed": 4667, "total": 5024}
{"event": "evaluation_progress", "processed": 4668, "total": 5024}
{"event": "evaluation_progress", "processed": 4669, "total": 5024}
{"event": "evaluation_progress", "processed": 4671, "total": 5024}
{"event": "evaluation_progress", "processed": 4673, "total": 5024}
{"event": "evaluation_progress", "processed": 4674, "total": 5024}
{"event": "evaluation_progress", "processed": 4675, "total": 5024}
{"event": "evaluation_progress", "processed": 4676, "total": 5024}
{"event": "evaluation_progress", "processed": 4677, "total": 5024}
{"event": "evaluation_progress", "processed": 4679, "total": 5024}
{"event": "evaluation_progress", "processed": 4680, "total": 5024}
{"event": "evaluation_progress", "processed": 4681, "total": 5024}
{"event": "evaluation_progress", "processed": 4682, "total": 5024}
{"event": "evaluation_progress", "processed": 4683, "total": 5024}
{"event": "evaluation_progress", "processed": 4684, "total": 5024}
{"event": "evaluation_progress", "processed": 4685, "total": 5024}
{"event": "evaluation_progress", "processed": 4686, "total": 5024}
{"event": "evaluation_progress", "processed": 4702, "total": 5024}
{"event": "evaluation_progress", "processed": 4718, "total": 5024}
{"event": "evaluation_progress", "processed": 4734, "total": 5024}
{"event": "evaluation_progress", "processed": 4750, "total": 5024}
{"event": "evaluation_progress", "processed": 4766, "total": 5024}
{"event": "evaluation_progress", "processed": 4782, "total": 5024}
{"event": "evaluation_progress", "processed": 4798, "total": 5024}
{"event": "evaluation_progress", "processed": 4814, "total": 5024}
{"event": "evaluation_progress", "processed": 4830, "total": 5024}
{"event": "evaluation_progress", "processed": 4846, "total": 5024}
{"event": "evaluation_progress", "processed": 4862, "total": 5024}
{"event": "evaluation_progress", "processed": 4875, "total": 5024}
{"event": "evaluation_progress", "processed": 4891, "total": 5024}
{"event": "evaluation_progress", "processed": 4907, "total": 5024}
{"event": "evaluation_progress", "processed": 4923, "total": 5024}
{"event": "evaluation_progress", "processed": 4939, "total": 5024}
{"event": "evaluation_progress", "processed": 4955, "total": 5024}
{"event": "evaluation_progress", "processed": 4971, "total": 5024}
{"event": "evaluation_progress", "processed": 4986, "total": 5024}
{"event": "evaluation_progress", "processed": 5002, "total": 5024}
{"event": "evaluation_progress", "processed": 5018, "total": 5024}
{"event": "evaluation_progress", "processed": 5024, "total": 5024}
{
  "asdiv": {
    "correct": 366,
    "total": 2305,
    "accuracy": 0.15878524945770064
  },
  "svamp": {
    "correct": 140,
    "total": 1000,
    "accuracy": 0.14
  },
  "gsm8k": {
    "correct": 65,
    "total": 1319,
    "accuracy": 0.04927975739196361
  },
  "algebra": {
    "correct": 76,
    "total": 100,
    "accuracy": 0.76
  },
  "arithmetic": {
    "correct": 130,
    "total": 300,
    "accuracy": 0.43333333333333335
  },
  "overall": {
    "correct": 777,
    "total": 5024,
    "accuracy": 0.1546576433121019
  },
  "numeric_completion_rate": 0.9946257961783439
}
[21:26:28] DONE
