{"event": "model_size", "parameters": null, "dim": 576, "n_layers": 11, "n_heads": 9, "n_kv_heads": 9, "ffn_dim": 1984}
{"event": "initial_evaluation", "main_loss": 9.808884263038635, "perplexity": 18194.67527659394}
{"event": "update", "optimizer_step": 10, "tokens_seen": 327680, "lr": 3.1315240083507304e-06, "grad_norm": 7.085978031158447, "elapsed_seconds": 6.719735066988505, "tokens_per_second": 48763.8272541081, "loss_main": 9.776993751525879, "loss_total": 9.776993751525879}
{"event": "update", "optimizer_step": 20, "tokens_seen": 655360, "lr": 6.263048016701461e-06, "grad_norm": 7.208009719848633, "elapsed_seconds": 12.122099235944916, "tokens_per_second": 54063.243275281995, "loss_main": 9.713554382324219, "loss_total": 9.713554382324219}
{"event": "update", "optimizer_step": 30, "tokens_seen": 983040, "lr": 9.394572025052192e-06, "grad_norm": 6.799123764038086, "elapsed_seconds": 17.54387636797037, "tokens_per_second": 56033.226601774484, "loss_main": 9.603610038757324, "loss_total": 9.603610038757324}
{"event": "update", "optimizer_step": 40, "tokens_seen": 1310720, "lr": 1.2526096033402921e-05, "grad_norm": 6.95680046081543, "elapsed_seconds": 23.006485500955023, "tokens_per_second": 56971.76128642468, "loss_main": 9.404787063598633, "loss_total": 9.404787063598633}
{"event": "update", "optimizer_step": 50, "tokens_seen": 1638400, "lr": 1.5657620041753654e-05, "grad_norm": 6.590170860290527, "elapsed_seconds": 28.429961459944025, "tokens_per_second": 57629.34298410497, "loss_main": 9.199429988861084, "loss_total": 9.199429988861084}
{"event": "update", "optimizer_step": 60, "tokens_seen": 1966080, "lr": 1.8789144050104384e-05, "grad_norm": 5.431005477905273, "elapsed_seconds": 33.86507553595584, "tokens_per_second": 58056.27091876816, "loss_main": 8.934399127960205, "loss_total": 8.934399127960205}
{"event": "update", "optimizer_step": 70, "tokens_seen": 2293760, "lr": 2.1920668058455113e-05, "grad_norm": 4.8115644454956055, "elapsed_seconds": 39.30378064495744, "tokens_per_second": 58359.780213517006, "loss_main": 8.618164300918579, "loss_total": 8.618164300918579}
{"event": "update", "optimizer_step": 80, "tokens_seen": 2621440, "lr": 2.5052192066805843e-05, "grad_norm": 3.4989125728607178, "elapsed_seconds": 44.75057566596661, "tokens_per_second": 58578.911242780705, "loss_main": 8.396331071853638, "loss_total": 8.396331071853638}
{"event": "update", "optimizer_step": 90, "tokens_seen": 2949120, "lr": 2.8183716075156572e-05, "grad_norm": 2.9227914810180664, "elapsed_seconds": 50.1711297360016, "tokens_per_second": 58781.21572143475, "loss_main": 8.123102188110352, "loss_total": 8.123102188110352}
{"event": "update", "optimizer_step": 100, "tokens_seen": 3276800, "lr": 3.131524008350731e-05, "grad_norm": 2.6473679542541504, "elapsed_seconds": 55.61246133397799, "tokens_per_second": 58922.04591200043, "loss_main": 7.9817270040512085, "loss_total": 7.9817270040512085}
{"event": "update", "optimizer_step": 110, "tokens_seen": 3604480, "lr": 3.444676409185803e-05, "grad_norm": 2.2337918281555176, "elapsed_seconds": 61.054605841985904, "tokens_per_second": 59036.98746870427, "loss_main": 7.693027496337891, "loss_total": 7.693027496337891}
{"event": "update", "optimizer_step": 120, "tokens_seen": 3932160, "lr": 3.757828810020877e-05, "grad_norm": 2.2452704906463623, "elapsed_seconds": 66.48675923596602, "tokens_per_second": 59142.001282458325, "loss_main": 7.503196477890015, "loss_total": 7.503196477890015}
{"event": "update", "optimizer_step": 130, "tokens_seen": 4259840, "lr": 4.07098121085595e-05, "grad_norm": 1.9627827405929565, "elapsed_seconds": 71.93907455599401, "tokens_per_second": 59214.551011277465, "loss_main": 7.268830180168152, "loss_total": 7.268830180168152}
{"event": "update", "optimizer_step": 140, "tokens_seen": 4587520, "lr": 4.384133611691023e-05, "grad_norm": 1.909954309463501, "elapsed_seconds": 77.38403307495173, "tokens_per_second": 59282.51368801976, "loss_main": 7.015248894691467, "loss_total": 7.015248894691467}
{"event": "update", "optimizer_step": 150, "tokens_seen": 4915200, "lr": 4.6972860125260956e-05, "grad_norm": 1.906471610069275, "elapsed_seconds": 82.82528391195228, "tokens_per_second": 59344.197421950535, "loss_main": 6.806203365325928, "loss_total": 6.806203365325928}
{"event": "update", "optimizer_step": 160, "tokens_seen": 5242880, "lr": 5.0104384133611686e-05, "grad_norm": 1.6189337968826294, "elapsed_seconds": 88.26755397894885, "tokens_per_second": 59397.5902090862, "loss_main": 6.689496994018555, "loss_total": 6.689496994018555}
{"event": "update", "optimizer_step": 170, "tokens_seen": 5570560, "lr": 5.3235908141962415e-05, "grad_norm": 1.9482839107513428, "elapsed_seconds": 93.72967485099798, "tokens_per_second": 59432.19166027746, "loss_main": 6.627510905265808, "loss_total": 6.627510905265808}
{"event": "update", "optimizer_step": 180, "tokens_seen": 5898240, "lr": 5.6367432150313145e-05, "grad_norm": 2.0705103874206543, "elapsed_seconds": 99.17200012499234, "tokens_per_second": 59474.8516977181, "loss_main": 6.344635963439941, "loss_total": 6.344635963439941}
{"event": "update", "optimizer_step": 190, "tokens_seen": 6225920, "lr": 5.949895615866388e-05, "grad_norm": 2.0352976322174072, "elapsed_seconds": 104.6156711759977, "tokens_per_second": 59512.307573173915, "loss_main": 6.263139963150024, "loss_total": 6.263139963150024}
{"event": "update", "optimizer_step": 200, "tokens_seen": 6553600, "lr": 6.263048016701462e-05, "grad_norm": 1.821404218673706, "elapsed_seconds": 110.0729094229755, "tokens_per_second": 59538.71878516975, "loss_main": 6.163979887962341, "loss_total": 6.163979887962341}
{"event": "update", "optimizer_step": 210, "tokens_seen": 6881280, "lr": 6.576200417536535e-05, "grad_norm": 2.0879571437835693, "elapsed_seconds": 115.51632963097654, "tokens_per_second": 59569.75972126745, "loss_main": 6.064276814460754, "loss_total": 6.064276814460754}
{"event": "update", "optimizer_step": 220, "tokens_seen": 7208960, "lr": 6.889352818371606e-05, "grad_norm": 1.769080400466919, "elapsed_seconds": 120.95616394898389, "tokens_per_second": 59599.77370843663, "loss_main": 6.005986928939819, "loss_total": 6.005986928939819}
{"event": "update", "optimizer_step": 230, "tokens_seen": 7536640, "lr": 7.202505219206679e-05, "grad_norm": 2.2194128036499023, "elapsed_seconds": 126.39590647094883, "tokens_per_second": 59627.24751479385, "loss_main": 5.951350092887878, "loss_total": 5.951350092887878}
{"event": "update", "optimizer_step": 240, "tokens_seen": 7864320, "lr": 7.515657620041754e-05, "grad_norm": 1.7572330236434937, "elapsed_seconds": 131.84364344895585, "tokens_per_second": 59648.83701840904, "loss_main": 5.7716065645217896, "loss_total": 5.7716065645217896}
{"event": "update", "optimizer_step": 250, "tokens_seen": 8192000, "lr": 7.828810020876826e-05, "grad_norm": 2.2076683044433594, "elapsed_seconds": 137.28191605198663, "tokens_per_second": 59672.826804790595, "loss_main": 5.705986022949219, "loss_total": 5.705986022949219}
{"event": "update", "optimizer_step": 260, "tokens_seen": 8519680, "lr": 8.1419624217119e-05, "grad_norm": 1.941145658493042, "elapsed_seconds": 142.7098578279838, "tokens_per_second": 59699.30970199164, "loss_main": 5.676429629325867, "loss_total": 5.676429629325867}
{"event": "update", "optimizer_step": 270, "tokens_seen": 8847360, "lr": 8.455114822546971e-05, "grad_norm": 2.140852928161621, "elapsed_seconds": 148.15720298397355, "tokens_per_second": 59716.03014776835, "loss_main": 5.60257613658905, "loss_total": 5.60257613658905}
{"event": "update", "optimizer_step": 280, "tokens_seen": 9175040, "lr": 8.768267223382045e-05, "grad_norm": 2.1318423748016357, "elapsed_seconds": 153.59061483497499, "tokens_per_second": 59736.9833427524, "loss_main": 5.568602681159973, "loss_total": 5.568602681159973}
{"event": "update", "optimizer_step": 290, "tokens_seen": 9502720, "lr": 9.081419624217118e-05, "grad_norm": 2.21938419342041, "elapsed_seconds": 159.03493379498832, "tokens_per_second": 59752.4064256847, "loss_main": 5.480685353279114, "loss_total": 5.480685353279114}
{"event": "update", "optimizer_step": 300, "tokens_seen": 9830400, "lr": 9.394572025052191e-05, "grad_norm": 2.5904154777526855, "elapsed_seconds": 164.47994011297124, "tokens_per_second": 59766.55872593398, "loss_main": 5.3481117486953735, "loss_total": 5.3481117486953735}
{"event": "update", "optimizer_step": 310, "tokens_seen": 10158080, "lr": 9.707724425887264e-05, "grad_norm": 2.0112721920013428, "elapsed_seconds": 169.9329788889736, "tokens_per_second": 59776.97835001659, "loss_main": 5.18526554107666, "loss_total": 5.18526554107666}
{"event": "update", "optimizer_step": 320, "tokens_seen": 10485760, "lr": 0.00010020876826722337, "grad_norm": 1.9288194179534912, "elapsed_seconds": 175.3847761519719, "tokens_per_second": 59787.173265905534, "loss_main": 5.197767734527588, "loss_total": 5.197767734527588}
{"event": "update", "optimizer_step": 330, "tokens_seen": 10813440, "lr": 0.0001033402922755741, "grad_norm": 2.338540554046631, "elapsed_seconds": 180.8047232129611, "tokens_per_second": 59807.28715401629, "loss_main": 5.229784250259399, "loss_total": 5.229784250259399}
{"event": "update", "optimizer_step": 340, "tokens_seen": 11141120, "lr": 0.00010647181628392483, "grad_norm": 2.230369806289673, "elapsed_seconds": 186.24383005296113, "tokens_per_second": 59820.075633280634, "loss_main": 5.088715672492981, "loss_total": 5.088715672492981}
{"event": "update", "optimizer_step": 350, "tokens_seen": 11468800, "lr": 0.00010960334029227557, "grad_norm": 1.760369896888733, "elapsed_seconds": 191.6859953479725, "tokens_per_second": 59831.18369800774, "loss_main": 5.326275110244751, "loss_total": 5.326275110244751}
{"event": "update", "optimizer_step": 360, "tokens_seen": 11796480, "lr": 0.00011273486430062629, "grad_norm": 2.2197396755218506, "elapsed_seconds": 197.12604152795393, "tokens_per_second": 59842.32173772521, "loss_main": 4.993612766265869, "loss_total": 4.993612766265869}
{"event": "update", "optimizer_step": 370, "tokens_seen": 12124160, "lr": 0.00011586638830897702, "grad_norm": 2.1505088806152344, "elapsed_seconds": 202.59080676996382, "tokens_per_second": 59845.558608030246, "loss_main": 4.980061292648315, "loss_total": 4.980061292648315}
{"event": "update", "optimizer_step": 380, "tokens_seen": 12451840, "lr": 0.00011899791231732776, "grad_norm": 1.9727760553359985, "elapsed_seconds": 208.04518310696585, "tokens_per_second": 59851.61402942899, "loss_main": 4.892550230026245, "loss_total": 4.892550230026245}
{"event": "update", "optimizer_step": 390, "tokens_seen": 12779520, "lr": 0.00012212943632567848, "grad_norm": 2.022745370864868, "elapsed_seconds": 213.48927037697285, "tokens_per_second": 59860.2448611788, "loss_main": 5.027619957923889, "loss_total": 5.027619957923889}
{"event": "update", "optimizer_step": 400, "tokens_seen": 13107200, "lr": 0.00012526096033402923, "grad_norm": 2.0933837890625, "elapsed_seconds": 218.91548520996002, "tokens_per_second": 59873.33416559817, "loss_main": 4.883086681365967, "loss_total": 4.883086681365967}
{"event": "update", "optimizer_step": 410, "tokens_seen": 13434880, "lr": 0.00012839248434237994, "grad_norm": 1.7713373899459839, "elapsed_seconds": 224.36672966799233, "tokens_per_second": 59879.10961611966, "loss_main": 4.861248254776001, "loss_total": 4.861248254776001}
{"event": "update", "optimizer_step": 420, "tokens_seen": 13762560, "lr": 0.0001315240083507307, "grad_norm": 2.1261062622070312, "elapsed_seconds": 229.80390002200147, "tokens_per_second": 59888.278652722474, "loss_main": 4.789737343788147, "loss_total": 4.789737343788147}
{"event": "update", "optimizer_step": 430, "tokens_seen": 14090240, "lr": 0.0001346555323590814, "grad_norm": 1.9841444492340088, "elapsed_seconds": 235.23913433298003, "tokens_per_second": 59897.51679690898, "loss_main": 4.737086534500122, "loss_total": 4.737086534500122}
{"event": "update", "optimizer_step": 440, "tokens_seen": 14417920, "lr": 0.00013778705636743213, "grad_norm": 1.7719835042953491, "elapsed_seconds": 240.68269079894526, "tokens_per_second": 59904.26628578803, "loss_main": 4.5615880489349365, "loss_total": 4.5615880489349365}
{"event": "update", "optimizer_step": 450, "tokens_seen": 14745600, "lr": 0.00014091858037578286, "grad_norm": 1.65689218044281, "elapsed_seconds": 246.12605982099194, "tokens_per_second": 59910.76284536676, "loss_main": 4.604637622833252, "loss_total": 4.604637622833252}
{"event": "update", "optimizer_step": 460, "tokens_seen": 15073280, "lr": 0.00014405010438413358, "grad_norm": 1.8376022577285767, "elapsed_seconds": 251.5604166619596, "tokens_per_second": 59919.12479718574, "loss_main": 4.542912483215332, "loss_total": 4.542912483215332}
{"event": "update", "optimizer_step": 470, "tokens_seen": 15400960, "lr": 0.00014718162839248434, "grad_norm": 1.4462063312530518, "elapsed_seconds": 256.9845162779675, "tokens_per_second": 59929.52502765397, "loss_main": 4.70387065410614, "loss_total": 4.70387065410614}
{"event": "update", "optimizer_step": 480, "tokens_seen": 15728640, "lr": 0.00015031315240083507, "grad_norm": 1.6346800327301025, "elapsed_seconds": 262.4215498259873, "tokens_per_second": 59936.54107457912, "loss_main": 4.415485143661499, "loss_total": 4.415485143661499}
{"event": "update", "optimizer_step": 490, "tokens_seen": 16056320, "lr": 0.0001534446764091858, "grad_norm": 1.75480318069458, "elapsed_seconds": 267.93694271397544, "tokens_per_second": 59925.741621752524, "loss_main": 4.637044310569763, "loss_total": 4.637044310569763}
{"event": "update", "optimizer_step": 500, "tokens_seen": 16384000, "lr": 0.00015657620041753653, "grad_norm": 1.6342111825942993, "elapsed_seconds": 273.39976521395147, "tokens_per_second": 59926.89857351762, "loss_main": 4.399890422821045, "loss_total": 4.399890422821045}
{"event": "update", "optimizer_step": 510, "tokens_seen": 16711680, "lr": 0.00015970772442588726, "grad_norm": 1.5752454996109009, "elapsed_seconds": 278.8469518929487, "tokens_per_second": 59931.37054772516, "loss_main": 4.291020512580872, "loss_total": 4.291020512580872}
{"event": "update", "optimizer_step": 520, "tokens_seen": 17039360, "lr": 0.000162839248434238, "grad_norm": 1.4902204275131226, "elapsed_seconds": 284.28584944998147, "tokens_per_second": 59937.418738803535, "loss_main": 4.3029287457466125, "loss_total": 4.3029287457466125}
{"event": "update", "optimizer_step": 530, "tokens_seen": 17367040, "lr": 0.0001659707724425887, "grad_norm": 1.4355151653289795, "elapsed_seconds": 289.73034841695335, "tokens_per_second": 59942.080955243764, "loss_main": 4.254108309745789, "loss_total": 4.254108309745789}
{"event": "update", "optimizer_step": 540, "tokens_seen": 17694720, "lr": 0.00016910229645093942, "grad_norm": 1.4740015268325806, "elapsed_seconds": 295.1682823479641, "tokens_per_second": 59947.90449449538, "loss_main": 4.267318964004517, "loss_total": 4.267318964004517}
{"event": "update", "optimizer_step": 550, "tokens_seen": 18022400, "lr": 0.00017223382045929018, "grad_norm": 1.4325859546661377, "elapsed_seconds": 300.63249352399725, "tokens_per_second": 59948.27701005449, "loss_main": 4.311724781990051, "loss_total": 4.311724781990051}
{"event": "update", "optimizer_step": 560, "tokens_seen": 18350080, "lr": 0.0001753653444676409, "grad_norm": 1.686421275138855, "elapsed_seconds": 306.1477405799669, "tokens_per_second": 59938.64258229563, "loss_main": 4.145096063613892, "loss_total": 4.145096063613892}
{"event": "update", "optimizer_step": 570, "tokens_seen": 18677760, "lr": 0.00017849686847599164, "grad_norm": 1.4236186742782593, "elapsed_seconds": 311.59767147299135, "tokens_per_second": 59941.911349035705, "loss_main": 4.151170134544373, "loss_total": 4.151170134544373}
{"event": "update", "optimizer_step": 580, "tokens_seen": 19005440, "lr": 0.00018162839248434237, "grad_norm": 1.4911164045333862, "elapsed_seconds": 317.20996103895595, "tokens_per_second": 59914.385846369994, "loss_main": 4.089536666870117, "loss_total": 4.089536666870117}
{"event": "update", "optimizer_step": 590, "tokens_seen": 19333120, "lr": 0.0001847599164926931, "grad_norm": 1.4296351671218872, "elapsed_seconds": 322.71647648495855, "tokens_per_second": 59907.44634602223, "loss_main": 4.254490971565247, "loss_total": 4.254490971565247}
{"event": "update", "optimizer_step": 600, "tokens_seen": 19660800, "lr": 0.00018789144050104382, "grad_norm": 1.3449769020080566, "elapsed_seconds": 328.3165591839934, "tokens_per_second": 59883.668520605446, "loss_main": 4.091946661472321, "loss_total": 4.091946661472321}
{"event": "update", "optimizer_step": 610, "tokens_seen": 19988480, "lr": 0.00019102296450939458, "grad_norm": 1.1918150186538696, "elapsed_seconds": 333.842623783974, "tokens_per_second": 59873.960291344745, "loss_main": 3.904140889644623, "loss_total": 3.904140889644623}
{"event": "update", "optimizer_step": 620, "tokens_seen": 20316160, "lr": 0.00019415448851774528, "grad_norm": 1.2315583229064941, "elapsed_seconds": 339.37486389197875, "tokens_per_second": 59863.47888883877, "loss_main": 4.192876935005188, "loss_total": 4.192876935005188}
{"event": "update", "optimizer_step": 630, "tokens_seen": 20643840, "lr": 0.000197286012526096, "grad_norm": 1.2534077167510986, "elapsed_seconds": 344.9668991759536, "tokens_per_second": 59842.958989147584, "loss_main": 4.138888597488403, "loss_total": 4.138888597488403}
{"event": "update", "optimizer_step": 640, "tokens_seen": 20971520, "lr": 0.00020041753653444674, "grad_norm": 1.3489810228347778, "elapsed_seconds": 350.4083818399813, "tokens_per_second": 59848.7966808309, "loss_main": 3.9632559418678284, "loss_total": 3.9632559418678284}
{"event": "update", "optimizer_step": 650, "tokens_seen": 21299200, "lr": 0.00020354906054279747, "grad_norm": 1.279928207397461, "elapsed_seconds": 355.8620879869559, "tokens_per_second": 59852.39990156164, "loss_main": 3.8578675985336304, "loss_total": 3.8578675985336304}
{"event": "update", "optimizer_step": 660, "tokens_seen": 21626880, "lr": 0.0002066805845511482, "grad_norm": 1.1122064590454102, "elapsed_seconds": 361.31210165296216, "tokens_per_second": 59856.50605407198, "loss_main": 3.8332250714302063, "loss_total": 3.8332250714302063}
{"event": "update", "optimizer_step": 670, "tokens_seen": 21954560, "lr": 0.00020981210855949893, "grad_norm": 1.2916500568389893, "elapsed_seconds": 366.7539032229688, "tokens_per_second": 59861.8305274114, "loss_main": 3.8735492825508118, "loss_total": 3.8735492825508118}
{"event": "update", "optimizer_step": 680, "tokens_seen": 22282240, "lr": 0.00021294363256784966, "grad_norm": 1.243532419204712, "elapsed_seconds": 372.1715959169669, "tokens_per_second": 59870.8774244321, "loss_main": 3.8866385221481323, "loss_total": 3.8866385221481323}
{"event": "update", "optimizer_step": 690, "tokens_seen": 22609920, "lr": 0.00021607515657620042, "grad_norm": 1.147359848022461, "elapsed_seconds": 377.6078663399676, "tokens_per_second": 59876.71872186015, "loss_main": 3.96380752325058, "loss_total": 3.96380752325058}
{"event": "update", "optimizer_step": 700, "tokens_seen": 22937600, "lr": 0.00021920668058455115, "grad_norm": 1.272099494934082, "elapsed_seconds": 383.0474453169736, "tokens_per_second": 59881.8769852884, "loss_main": 3.9057834148406982, "loss_total": 3.9057834148406982}
{"event": "update", "optimizer_step": 710, "tokens_seen": 23265280, "lr": 0.00022233820459290188, "grad_norm": 1.2357827425003052, "elapsed_seconds": 388.49286224896787, "tokens_per_second": 59885.99086561934, "loss_main": 3.765320062637329, "loss_total": 3.765320062637329}
{"event": "update", "optimizer_step": 720, "tokens_seen": 23592960, "lr": 0.00022546972860125258, "grad_norm": 1.158064842224121, "elapsed_seconds": 393.94268231396563, "tokens_per_second": 59889.321617597176, "loss_main": 3.8038814663887024, "loss_total": 3.8038814663887024}
{"event": "update", "optimizer_step": 730, "tokens_seen": 23920640, "lr": 0.0002286012526096033, "grad_norm": 1.1579697132110596, "elapsed_seconds": 399.3804670999525, "tokens_per_second": 59894.36632616639, "loss_main": 3.782990515232086, "loss_total": 3.782990515232086}
{"event": "update", "optimizer_step": 740, "tokens_seen": 24248320, "lr": 0.00023173277661795404, "grad_norm": 1.171108365058899, "elapsed_seconds": 404.79027419694467, "tokens_per_second": 59903.41553562708, "loss_main": 3.645925760269165, "loss_total": 3.645925760269165}
{"event": "update", "optimizer_step": 750, "tokens_seen": 24576000, "lr": 0.00023486430062630477, "grad_norm": 1.0607683658599854, "elapsed_seconds": 410.2716572979698, "tokens_per_second": 59901.7737707167, "loss_main": 3.688893139362335, "loss_total": 3.688893139362335}
{"event": "update", "optimizer_step": 760, "tokens_seen": 24903680, "lr": 0.00023799582463465552, "grad_norm": 1.0507094860076904, "elapsed_seconds": 415.71582545898855, "tokens_per_second": 59905.53756885258, "loss_main": 3.714441657066345, "loss_total": 3.714441657066345}
{"event": "update", "optimizer_step": 770, "tokens_seen": 25231360, "lr": 0.00024112734864300625, "grad_norm": 0.9738096594810486, "elapsed_seconds": 421.1549779359484, "tokens_per_second": 59909.91754070476, "loss_main": 3.7708728313446045, "loss_total": 3.7708728313446045}
{"event": "update", "optimizer_step": 780, "tokens_seen": 25559040, "lr": 0.00024425887265135696, "grad_norm": 1.0030401945114136, "elapsed_seconds": 426.59762477496406, "tokens_per_second": 59913.69505041838, "loss_main": 3.9583664536476135, "loss_total": 3.9583664536476135}
{"event": "update", "optimizer_step": 790, "tokens_seen": 25886720, "lr": 0.0002473903966597077, "grad_norm": 0.9480079412460327, "elapsed_seconds": 432.0408460139879, "tokens_per_second": 59917.297725043994, "loss_main": 3.674359142780304, "loss_total": 3.674359142780304}
{"event": "update", "optimizer_step": 800, "tokens_seen": 26214400, "lr": 0.00025052192066805847, "grad_norm": 1.0567400455474854, "elapsed_seconds": 437.46897257096134, "tokens_per_second": 59922.87829223772, "loss_main": 3.537159025669098, "loss_total": 3.537159025669098}
{"event": "update", "optimizer_step": 810, "tokens_seen": 26542080, "lr": 0.00025365344467640914, "grad_norm": 1.166064977645874, "elapsed_seconds": 442.8888473669649, "tokens_per_second": 59929.438634086895, "loss_main": 3.6165544390678406, "loss_total": 3.6165544390678406}
{"event": "update", "optimizer_step": 820, "tokens_seen": 26869760, "lr": 0.0002567849686847599, "grad_norm": 1.0846717357635498, "elapsed_seconds": 448.32289088499965, "tokens_per_second": 59933.946149745956, "loss_main": 3.4762040972709656, "loss_total": 3.4762040972709656}
{"event": "update", "optimizer_step": 830, "tokens_seen": 27197440, "lr": 0.0002599164926931106, "grad_norm": 1.0214097499847412, "elapsed_seconds": 453.76527126296423, "tokens_per_second": 59937.24447951119, "loss_main": 3.8834721446037292, "loss_total": 3.8834721446037292}
{"event": "update", "optimizer_step": 840, "tokens_seen": 27525120, "lr": 0.0002630480167014614, "grad_norm": 1.0153249502182007, "elapsed_seconds": 459.2088693229598, "tokens_per_second": 59940.305683951614, "loss_main": 3.7493987679481506, "loss_total": 3.7493987679481506}
{"event": "update", "optimizer_step": 850, "tokens_seen": 27852800, "lr": 0.0002661795407098121, "grad_norm": 0.9814247488975525, "elapsed_seconds": 464.64851627795724, "tokens_per_second": 59943.804885278456, "loss_main": 3.770687520503998, "loss_total": 3.770687520503998}
{"event": "update", "optimizer_step": 860, "tokens_seen": 28180480, "lr": 0.0002693110647181628, "grad_norm": 0.9627237319946289, "elapsed_seconds": 470.0698569879751, "tokens_per_second": 59949.55766908681, "loss_main": 3.5898990631103516, "loss_total": 3.5898990631103516}
{"event": "update", "optimizer_step": 870, "tokens_seen": 28508160, "lr": 0.0002724425887265135, "grad_norm": 0.9830103516578674, "elapsed_seconds": 475.502251607948, "tokens_per_second": 59953.7855049002, "loss_main": 3.569366991519928, "loss_total": 3.569366991519928}
{"event": "update", "optimizer_step": 880, "tokens_seen": 28835840, "lr": 0.00027557411273486425, "grad_norm": 0.932337760925293, "elapsed_seconds": 480.9302017449518, "tokens_per_second": 59958.47192664415, "loss_main": 3.565158188343048, "loss_total": 3.565158188343048}
{"event": "update", "optimizer_step": 890, "tokens_seen": 29163520, "lr": 0.000278705636743215, "grad_norm": 1.03262460231781, "elapsed_seconds": 486.35599305597134, "tokens_per_second": 59963.3199063793, "loss_main": 3.5935550928115845, "loss_total": 3.5935550928115845}
{"event": "update", "optimizer_step": 900, "tokens_seen": 29491200, "lr": 0.0002818371607515657, "grad_norm": 0.9342747926712036, "elapsed_seconds": 491.7912274400005, "tokens_per_second": 59966.9094414621, "loss_main": 3.595103442668915, "loss_total": 3.595103442668915}
{"event": "update", "optimizer_step": 910, "tokens_seen": 29818880, "lr": 0.00028496868475991644, "grad_norm": 1.1487423181533813, "elapsed_seconds": 497.23359992797486, "tokens_per_second": 59969.55958792671, "loss_main": 3.529780089855194, "loss_total": 3.529780089855194}
{"event": "update", "optimizer_step": 920, "tokens_seen": 30146560, "lr": 0.00028810020876826717, "grad_norm": 0.9332395195960999, "elapsed_seconds": 502.67921228095656, "tokens_per_second": 59971.76581702475, "loss_main": 3.6403226256370544, "loss_total": 3.6403226256370544}
{"event": "update", "optimizer_step": 930, "tokens_seen": 30474240, "lr": 0.0002912317327766179, "grad_norm": 0.9858042001724243, "elapsed_seconds": 508.1010861929972, "tokens_per_second": 59976.72673430314, "loss_main": 3.2658079266548157, "loss_total": 3.2658079266548157}
{"event": "update", "optimizer_step": 940, "tokens_seen": 30801920, "lr": 0.0002943632567849687, "grad_norm": 0.8555585741996765, "elapsed_seconds": 513.5487805339508, "tokens_per_second": 59978.56711484038, "loss_main": 3.406407058238983, "loss_total": 3.406407058238983}
{"event": "update", "optimizer_step": 950, "tokens_seen": 31129600, "lr": 0.0002974947807933194, "grad_norm": 0.8305132389068604, "elapsed_seconds": 518.9717526539462, "tokens_per_second": 59983.22614055148, "loss_main": 3.450755476951599, "loss_total": 3.450755476951599}
{"event": "update", "optimizer_step": 960, "tokens_seen": 31457280, "lr": 0.0003, "grad_norm": 0.925483226776123, "elapsed_seconds": 524.4658355749561, "tokens_per_second": 59979.655234385915, "loss_main": 3.4858416318893433, "loss_total": 3.4858416318893433}
{"event": "update", "optimizer_step": 970, "tokens_seen": 31784960, "lr": 0.0003, "grad_norm": 0.8541020750999451, "elapsed_seconds": 530.024819579965, "tokens_per_second": 59968.81433814553, "loss_main": 3.6356125473976135, "loss_total": 3.6356125473976135}
{"event": "update", "optimizer_step": 980, "tokens_seen": 32112640, "lr": 0.0003, "grad_norm": 0.8362654447555542, "elapsed_seconds": 535.510893891973, "tokens_per_second": 59966.36177951963, "loss_main": 3.514736294746399, "loss_total": 3.514736294746399}
{"event": "update", "optimizer_step": 990, "tokens_seen": 32440320, "lr": 0.0003, "grad_norm": 0.809436023235321, "elapsed_seconds": 540.9642291549826, "tokens_per_second": 59967.58796912257, "loss_main": 3.4121764302253723, "loss_total": 3.4121764302253723}
{"event": "update", "optimizer_step": 1000, "tokens_seen": 32768000, "lr": 0.0003, "grad_norm": 0.867323100566864, "elapsed_seconds": 546.4237835259992, "tokens_per_second": 59968.107150374206, "loss_main": 3.4377026557922363, "loss_total": 3.4377026557922363}
{"event": "update", "optimizer_step": 1010, "tokens_seen": 33095680, "lr": 0.0003, "grad_norm": 0.9091741442680359, "elapsed_seconds": 551.8432259729598, "tokens_per_second": 59972.97500870597, "loss_main": 3.427996873855591, "loss_total": 3.427996873855591}
{"event": "update", "optimizer_step": 1020, "tokens_seen": 33423360, "lr": 0.0003, "grad_norm": 0.840663731098175, "elapsed_seconds": 557.2818518479471, "tokens_per_second": 59975.68355970701, "loss_main": 3.5440109968185425, "loss_total": 3.5440109968185425}
{"event": "update", "optimizer_step": 1030, "tokens_seen": 33751040, "lr": 0.0003, "grad_norm": 0.8022500872612, "elapsed_seconds": 562.7046671199496, "tokens_per_second": 59980.024997385386, "loss_main": 3.4421985149383545, "loss_total": 3.4421985149383545}
{"event": "update", "optimizer_step": 1040, "tokens_seen": 34078720, "lr": 0.0003, "grad_norm": 0.7967920899391174, "elapsed_seconds": 568.1328234329703, "tokens_per_second": 59983.71964161069, "loss_main": 3.4544478058815002, "loss_total": 3.4544478058815002}
{"event": "update", "optimizer_step": 1050, "tokens_seen": 34406400, "lr": 0.0003, "grad_norm": 1.1579580307006836, "elapsed_seconds": 573.5702531379648, "tokens_per_second": 59986.37448815532, "loss_main": 3.3741832971572876, "loss_total": 3.3741832971572876}
{"event": "update", "optimizer_step": 1060, "tokens_seen": 34734080, "lr": 0.0003, "grad_norm": 0.8327290415763855, "elapsed_seconds": 579.0093208629987, "tokens_per_second": 59988.80976256088, "loss_main": 3.3287073969841003, "loss_total": 3.3287073969841003}
{"event": "update", "optimizer_step": 1070, "tokens_seen": 35061760, "lr": 0.0003, "grad_norm": 0.8620392680168152, "elapsed_seconds": 584.4597983399872, "tokens_per_second": 59990.028569260394, "loss_main": 3.3663306832313538, "loss_total": 3.3663306832313538}
{"event": "update", "optimizer_step": 1080, "tokens_seen": 35389440, "lr": 0.0003, "grad_norm": 0.7962034940719604, "elapsed_seconds": 589.9123029259499, "tokens_per_second": 59991.018706457355, "loss_main": 3.4179848432540894, "loss_total": 3.4179848432540894}
{"event": "update", "optimizer_step": 1090, "tokens_seen": 35717120, "lr": 0.0003, "grad_norm": 0.7002817392349243, "elapsed_seconds": 595.3563771269983, "tokens_per_second": 59992.84020834636, "loss_main": 3.2988062500953674, "loss_total": 3.2988062500953674}
{"event": "update", "optimizer_step": 1100, "tokens_seen": 36044800, "lr": 0.0003, "grad_norm": 0.8113054633140564, "elapsed_seconds": 600.8079652269953, "tokens_per_second": 59993.878387384015, "loss_main": 3.399945080280304, "loss_total": 3.399945080280304}
{"event": "update", "optimizer_step": 1110, "tokens_seen": 36372480, "lr": 0.0003, "grad_norm": 0.7405208945274353, "elapsed_seconds": 606.2634175939602, "tokens_per_second": 59994.51549352787, "loss_main": 3.1600719690322876, "loss_total": 3.1600719690322876}
{"event": "update", "optimizer_step": 1120, "tokens_seen": 36700160, "lr": 0.0003, "grad_norm": 0.7241013646125793, "elapsed_seconds": 611.7048091089819, "tokens_per_second": 59996.52030438994, "loss_main": 3.2216898798942566, "loss_total": 3.2216898798942566}
{"event": "update", "optimizer_step": 1130, "tokens_seen": 37027840, "lr": 0.0003, "grad_norm": 0.8199424743652344, "elapsed_seconds": 617.1452853389783, "tokens_per_second": 59998.57874578396, "loss_main": 3.243781268596649, "loss_total": 3.243781268596649}
{"event": "update", "optimizer_step": 1140, "tokens_seen": 37355520, "lr": 0.0003, "grad_norm": 0.9900728464126587, "elapsed_seconds": 622.5867362899589, "tokens_per_second": 60000.50727486478, "loss_main": 3.3942791223526, "loss_total": 3.3942791223526}
{"event": "update", "optimizer_step": 1150, "tokens_seen": 37683200, "lr": 0.0003, "grad_norm": 0.7015456557273865, "elapsed_seconds": 628.0293943479774, "tokens_per_second": 60002.28705715733, "loss_main": 3.3829973936080933, "loss_total": 3.3829973936080933}
{"event": "update", "optimizer_step": 1160, "tokens_seen": 38010880, "lr": 0.0003, "grad_norm": 0.8793677091598511, "elapsed_seconds": 633.4681466779439, "tokens_per_second": 60004.40621890462, "loss_main": 3.4114593863487244, "loss_total": 3.4114593863487244}
{"event": "update", "optimizer_step": 1170, "tokens_seen": 38338560, "lr": 0.0003, "grad_norm": 0.7152560949325562, "elapsed_seconds": 638.908079922956, "tokens_per_second": 60006.37838955352, "loss_main": 3.1732539534568787, "loss_total": 3.1732539534568787}
{"event": "update", "optimizer_step": 1180, "tokens_seen": 38666240, "lr": 0.0003, "grad_norm": 0.7141680121421814, "elapsed_seconds": 644.3512643139693, "tokens_per_second": 60008.014481305225, "loss_main": 3.0768107175827026, "loss_total": 3.0768107175827026}
{"event": "update", "optimizer_step": 1190, "tokens_seen": 38993920, "lr": 0.0003, "grad_norm": 0.6727120876312256, "elapsed_seconds": 649.7930428579566, "tokens_per_second": 60009.75299534561, "loss_main": 3.177520275115967, "loss_total": 3.177520275115967}
{"event": "update", "optimizer_step": 1200, "tokens_seen": 39321600, "lr": 0.0003, "grad_norm": 0.7467542886734009, "elapsed_seconds": 655.2467451239936, "tokens_per_second": 60010.37058575407, "loss_main": 3.3872612714767456, "loss_total": 3.3872612714767456}
{"event": "update", "optimizer_step": 1210, "tokens_seen": 39649280, "lr": 0.0003, "grad_norm": 0.7405884861946106, "elapsed_seconds": 660.7023517159978, "tokens_per_second": 60010.805012304845, "loss_main": 3.2517876029014587, "loss_total": 3.2517876029014587}
{"event": "update", "optimizer_step": 1220, "tokens_seen": 39976960, "lr": 0.0003, "grad_norm": 0.7953912615776062, "elapsed_seconds": 666.13683449995, "tokens_per_second": 60013.13533428843, "loss_main": 3.1713787317276, "loss_total": 3.1713787317276}
{"event": "evaluation", "tokens_seen": 40009728, "elapsed_seconds": 666.6786925699562, "parameters": 71199040, "main_loss": 3.347221687436104, "perplexity": 28.423654045568107}
{"event": "update", "optimizer_step": 1230, "tokens_seen": 40304640, "lr": 0.0003, "grad_norm": 0.6978982090950012, "elapsed_seconds": 673.9348293949733, "tokens_per_second": 59804.95181734944, "loss_main": 3.2209460735321045, "loss_total": 3.2209460735321045}
{"event": "update", "optimizer_step": 1240, "tokens_seen": 40632320, "lr": 0.0003, "grad_norm": 0.6923940181732178, "elapsed_seconds": 679.374669074954, "tokens_per_second": 59808.411837499814, "loss_main": 3.102160692214966, "loss_total": 3.102160692214966}
{"event": "update", "optimizer_step": 1250, "tokens_seen": 40960000, "lr": 0.0003, "grad_norm": 0.6644044518470764, "elapsed_seconds": 684.8125991149573, "tokens_per_second": 59811.98367690104, "loss_main": 3.209506630897522, "loss_total": 3.209506630897522}
{"event": "update", "optimizer_step": 1260, "tokens_seen": 41287680, "lr": 0.0003, "grad_norm": 0.6505270004272461, "elapsed_seconds": 690.2648411739501, "tokens_per_second": 59814.25901655522, "loss_main": 3.2331563234329224, "loss_total": 3.2331563234329224}
{"event": "update", "optimizer_step": 1270, "tokens_seen": 41615360, "lr": 0.0003, "grad_norm": 0.7546444535255432, "elapsed_seconds": 695.7206194679602, "tokens_per_second": 59816.19465558545, "loss_main": 3.165905237197876, "loss_total": 3.165905237197876}
{"event": "update", "optimizer_step": 1280, "tokens_seen": 41943040, "lr": 0.0003, "grad_norm": 0.6806327104568481, "elapsed_seconds": 701.1526215779595, "tokens_per_second": 59820.128612806526, "loss_main": 3.238661229610443, "loss_total": 3.238661229610443}
{"event": "update", "optimizer_step": 1290, "tokens_seen": 42270720, "lr": 0.0003, "grad_norm": 0.6500706076622009, "elapsed_seconds": 706.6242667429615, "tokens_per_second": 59820.645836065254, "loss_main": 3.3940404057502747, "loss_total": 3.3940404057502747}
{"event": "update", "optimizer_step": 1300, "tokens_seen": 42598400, "lr": 0.0003, "grad_norm": 0.6854559183120728, "elapsed_seconds": 712.0926474629669, "tokens_per_second": 59821.42934879183, "loss_main": 3.377130091190338, "loss_total": 3.377130091190338}
{"event": "update", "optimizer_step": 1310, "tokens_seen": 42926080, "lr": 0.0003, "grad_norm": 0.7262566685676575, "elapsed_seconds": 717.5441926629865, "tokens_per_second": 59823.604509557175, "loss_main": 3.09236603975296, "loss_total": 3.09236603975296}
{"event": "update", "optimizer_step": 1320, "tokens_seen": 43253760, "lr": 0.0003, "grad_norm": 0.6423173546791077, "elapsed_seconds": 723.021035314945, "tokens_per_second": 59823.65365228805, "loss_main": 3.172794282436371, "loss_total": 3.172794282436371}
{"event": "update", "optimizer_step": 1330, "tokens_seen": 43581440, "lr": 0.0003, "grad_norm": 0.8091962337493896, "elapsed_seconds": 728.4771232969943, "tokens_per_second": 59825.40646267103, "loss_main": 3.2180718779563904, "loss_total": 3.2180718779563904}
{"event": "update", "optimizer_step": 1340, "tokens_seen": 43909120, "lr": 0.0003, "grad_norm": 0.7244347929954529, "elapsed_seconds": 734.0421287309728, "tokens_per_second": 59818.25603921535, "loss_main": 3.206640899181366, "loss_total": 3.206640899181366}
{"event": "update", "optimizer_step": 1350, "tokens_seen": 44236800, "lr": 0.0003, "grad_norm": 0.6331999897956848, "elapsed_seconds": 739.5032271769596, "tokens_per_second": 59819.61724342055, "loss_main": 3.276507258415222, "loss_total": 3.276507258415222}
{"event": "update", "optimizer_step": 1360, "tokens_seen": 44564480, "lr": 0.0003, "grad_norm": 0.6316818594932556, "elapsed_seconds": 745.0516301469761, "tokens_per_second": 59813.948720854125, "loss_main": 3.2672696709632874, "loss_total": 3.2672696709632874}
{"event": "update", "optimizer_step": 1370, "tokens_seen": 44892160, "lr": 0.0003, "grad_norm": 0.6827783584594727, "elapsed_seconds": 750.5039253099822, "tokens_per_second": 59816.02292280897, "loss_main": 3.1229559183120728, "loss_total": 3.1229559183120728}
{"event": "update", "optimizer_step": 1380, "tokens_seen": 45219840, "lr": 0.0003, "grad_norm": 0.7005408406257629, "elapsed_seconds": 756.2533161439933, "tokens_per_second": 59794.5675538565, "loss_main": 3.3392345905303955, "loss_total": 3.3392345905303955}
{"event": "update", "optimizer_step": 1390, "tokens_seen": 45547520, "lr": 0.0003, "grad_norm": 0.6103403568267822, "elapsed_seconds": 761.7073169429787, "tokens_per_second": 59796.61608450807, "loss_main": 3.115747570991516, "loss_total": 3.115747570991516}
{"event": "update", "optimizer_step": 1400, "tokens_seen": 45875200, "lr": 0.0003, "grad_norm": 0.6884339451789856, "elapsed_seconds": 767.1478130669566, "tokens_per_second": 59799.6881677821, "loss_main": 3.3040592670440674, "loss_total": 3.3040592670440674}
{"event": "update", "optimizer_step": 1410, "tokens_seen": 46202880, "lr": 0.0003, "grad_norm": 0.6572433114051819, "elapsed_seconds": 772.598048233951, "tokens_per_second": 59801.96313673481, "loss_main": 3.184970200061798, "loss_total": 3.184970200061798}
{"event": "update", "optimizer_step": 1420, "tokens_seen": 46530560, "lr": 0.0003, "grad_norm": 0.7225050330162048, "elapsed_seconds": 778.0399476399762, "tokens_per_second": 59804.846963373624, "loss_main": 3.232192099094391, "loss_total": 3.232192099094391}
{"event": "update", "optimizer_step": 1430, "tokens_seen": 46858240, "lr": 0.0003, "grad_norm": 0.6684483885765076, "elapsed_seconds": 783.4719607699662, "tokens_per_second": 59808.44541513587, "loss_main": 3.1874680519104004, "loss_total": 3.1874680519104004}
{"event": "update", "optimizer_step": 1440, "tokens_seen": 47185920, "lr": 0.0003, "grad_norm": 0.6363694071769714, "elapsed_seconds": 788.9094263499719, "tokens_per_second": 59811.58092927594, "loss_main": 3.2115355730056763, "loss_total": 3.2115355730056763}
{"event": "update", "optimizer_step": 1450, "tokens_seen": 47513600, "lr": 0.0003, "grad_norm": 0.6398321390151978, "elapsed_seconds": 794.345342658984, "tokens_per_second": 59814.79017797653, "loss_main": 3.189155876636505, "loss_total": 3.189155876636505}
{"event": "update", "optimizer_step": 1460, "tokens_seen": 47841280, "lr": 0.0003, "grad_norm": 0.6771390438079834, "elapsed_seconds": 799.7763648059918, "tokens_per_second": 59818.32185251592, "loss_main": 3.096469461917877, "loss_total": 3.096469461917877}
{"event": "update", "optimizer_step": 1470, "tokens_seen": 48168960, "lr": 0.0003, "grad_norm": 0.6875331401824951, "elapsed_seconds": 805.2125634329859, "tokens_per_second": 59821.42130847276, "loss_main": 3.182263433933258, "loss_total": 3.182263433933258}
{"event": "update", "optimizer_step": 1480, "tokens_seen": 48496640, "lr": 0.0003, "grad_norm": 0.6433790326118469, "elapsed_seconds": 810.6281792809605, "tokens_per_second": 59825.99820674536, "loss_main": 3.2540674805641174, "loss_total": 3.2540674805641174}
{"event": "update", "optimizer_step": 1490, "tokens_seen": 48824320, "lr": 0.0003, "grad_norm": 0.6036719083786011, "elapsed_seconds": 816.0590994879603, "tokens_per_second": 59829.392296017555, "loss_main": 3.118380069732666, "loss_total": 3.118380069732666}
{"event": "update", "optimizer_step": 1500, "tokens_seen": 49152000, "lr": 0.0003, "grad_norm": 0.6415058970451355, "elapsed_seconds": 821.4821101439884, "tokens_per_second": 59833.31760126182, "loss_main": 2.9623356461524963, "loss_total": 2.9623356461524963}
{"event": "update", "optimizer_step": 1510, "tokens_seen": 49479680, "lr": 0.0003, "grad_norm": 0.6744416356086731, "elapsed_seconds": 826.9208205519826, "tokens_per_second": 59836.055363766915, "loss_main": 3.133406937122345, "loss_total": 3.133406937122345}
{"event": "update", "optimizer_step": 1520, "tokens_seen": 49807360, "lr": 0.0003, "grad_norm": 0.6327256560325623, "elapsed_seconds": 832.3464625599445, "tokens_per_second": 59839.69685750054, "loss_main": 3.206222891807556, "loss_total": 3.206222891807556}
{"event": "update", "optimizer_step": 1530, "tokens_seen": 50135040, "lr": 0.0003, "grad_norm": 0.6621256470680237, "elapsed_seconds": 837.7702396959648, "tokens_per_second": 59843.42439544583, "loss_main": 3.0789615511894226, "loss_total": 3.0789615511894226}
{"event": "update", "optimizer_step": 1540, "tokens_seen": 50462720, "lr": 0.0003, "grad_norm": 0.6502974629402161, "elapsed_seconds": 843.2190427460009, "tokens_per_second": 59845.32777588214, "loss_main": 3.22391414642334, "loss_total": 3.22391414642334}
{"event": "update", "optimizer_step": 1550, "tokens_seen": 50790400, "lr": 0.0003, "grad_norm": 0.6227474212646484, "elapsed_seconds": 848.6535075819702, "tokens_per_second": 59848.217848901346, "loss_main": 3.119096279144287, "loss_total": 3.119096279144287}
{"event": "update", "optimizer_step": 1560, "tokens_seen": 51118080, "lr": 0.0003, "grad_norm": 0.6298826932907104, "elapsed_seconds": 854.0942709359806, "tokens_per_second": 59850.62977179436, "loss_main": 3.0978901982307434, "loss_total": 3.0978901982307434}
{"event": "update", "optimizer_step": 1570, "tokens_seen": 51445760, "lr": 0.0003, "grad_norm": 0.6291905045509338, "elapsed_seconds": 859.5417678339873, "tokens_per_second": 59852.54227917437, "loss_main": 3.132658302783966, "loss_total": 3.132658302783966}
{"event": "update", "optimizer_step": 1580, "tokens_seen": 51773440, "lr": 0.0003, "grad_norm": 0.6611849665641785, "elapsed_seconds": 864.974509652995, "tokens_per_second": 59855.451718190096, "loss_main": 2.99878191947937, "loss_total": 2.99878191947937}
{"event": "update", "optimizer_step": 1590, "tokens_seen": 52101120, "lr": 0.0003, "grad_norm": 0.6518953442573547, "elapsed_seconds": 870.4249608469545, "tokens_per_second": 59857.10698059917, "loss_main": 3.235947549343109, "loss_total": 3.235947549343109}
{"event": "update", "optimizer_step": 1600, "tokens_seen": 52428800, "lr": 0.0003, "grad_norm": 0.6658640503883362, "elapsed_seconds": 875.8495552429813, "tokens_per_second": 59860.508789611726, "loss_main": 3.172857403755188, "loss_total": 3.172857403755188}
{"event": "update", "optimizer_step": 1610, "tokens_seen": 52756480, "lr": 0.0003, "grad_norm": 0.6280953884124756, "elapsed_seconds": 881.2847303149756, "tokens_per_second": 59863.149995966196, "loss_main": 3.2617253065109253, "loss_total": 3.2617253065109253}
{"event": "update", "optimizer_step": 1620, "tokens_seen": 53084160, "lr": 0.0003, "grad_norm": 0.7260296940803528, "elapsed_seconds": 886.7266500190017, "tokens_per_second": 59865.30347189008, "loss_main": 3.2788134813308716, "loss_total": 3.2788134813308716}
{"event": "update", "optimizer_step": 1630, "tokens_seen": 53411840, "lr": 0.0003, "grad_norm": 0.6283136606216431, "elapsed_seconds": 892.1586336059845, "tokens_per_second": 59868.09743029283, "loss_main": 3.212793231010437, "loss_total": 3.212793231010437}
{"event": "update", "optimizer_step": 1640, "tokens_seen": 53739520, "lr": 0.0003, "grad_norm": 0.6838417649269104, "elapsed_seconds": 897.5936132349889, "tokens_per_second": 59870.65773153074, "loss_main": 2.8055678606033325, "loss_total": 2.8055678606033325}
{"event": "update", "optimizer_step": 1650, "tokens_seen": 54067200, "lr": 0.0003, "grad_norm": 0.6388033628463745, "elapsed_seconds": 903.0309812069754, "tokens_per_second": 59873.028860798026, "loss_main": 2.9877063035964966, "loss_total": 2.9877063035964966}
{"event": "update", "optimizer_step": 1660, "tokens_seen": 54394880, "lr": 0.0003, "grad_norm": 0.6302313208580017, "elapsed_seconds": 908.4776431649807, "tokens_per_second": 59874.759064513186, "loss_main": 3.194223940372467, "loss_total": 3.194223940372467}
{"event": "update", "optimizer_step": 1670, "tokens_seen": 54722560, "lr": 0.0003, "grad_norm": 0.6076562404632568, "elapsed_seconds": 913.9127666949644, "tokens_per_second": 59877.224604156, "loss_main": 3.185691237449646, "loss_total": 3.185691237449646}
{"event": "update", "optimizer_step": 1680, "tokens_seen": 55050240, "lr": 0.0003, "grad_norm": 0.6203120946884155, "elapsed_seconds": 919.333309212001, "tokens_per_second": 59880.610708194465, "loss_main": 3.0872124433517456, "loss_total": 3.0872124433517456}
{"event": "update", "optimizer_step": 1690, "tokens_seen": 55377920, "lr": 0.0003, "grad_norm": 0.6010531783103943, "elapsed_seconds": 924.7572025549598, "tokens_per_second": 59883.74012875969, "loss_main": 3.1886045336723328, "loss_total": 3.1886045336723328}
{"event": "update", "optimizer_step": 1700, "tokens_seen": 55705600, "lr": 0.0003, "grad_norm": 0.6157606244087219, "elapsed_seconds": 930.1858421869692, "tokens_per_second": 59886.527480390374, "loss_main": 2.983731269836426, "loss_total": 2.983731269836426}
{"event": "update", "optimizer_step": 1710, "tokens_seen": 56033280, "lr": 0.0003, "grad_norm": 0.6579658389091492, "elapsed_seconds": 935.6187510969467, "tokens_per_second": 59889.00920840348, "loss_main": 3.0751864910125732, "loss_total": 3.0751864910125732}
{"event": "update", "optimizer_step": 1720, "tokens_seen": 56360960, "lr": 0.0003, "grad_norm": 0.686983048915863, "elapsed_seconds": 941.0749009239953, "tokens_per_second": 59889.983193327054, "loss_main": 2.915994882583618, "loss_total": 2.915994882583618}
{"event": "update", "optimizer_step": 1730, "tokens_seen": 56688640, "lr": 0.0003, "grad_norm": 0.6262712478637695, "elapsed_seconds": 946.5173916909844, "tokens_per_second": 59891.81022730484, "loss_main": 3.0295426845550537, "loss_total": 3.0295426845550537}
{"event": "update", "optimizer_step": 1740, "tokens_seen": 57016320, "lr": 0.0003, "grad_norm": 0.5645921230316162, "elapsed_seconds": 951.9605085719959, "tokens_per_second": 59893.57697781841, "loss_main": 3.096388578414917, "loss_total": 3.096388578414917}
{"event": "update", "optimizer_step": 1750, "tokens_seen": 57344000, "lr": 0.0003, "grad_norm": 0.6453732848167419, "elapsed_seconds": 957.4143503549858, "tokens_per_second": 59894.65269529149, "loss_main": 3.0217844247817993, "loss_total": 3.0217844247817993}
{"event": "update", "optimizer_step": 1760, "tokens_seen": 57671680, "lr": 0.0003, "grad_norm": 0.9109513759613037, "elapsed_seconds": 962.8540090289898, "tokens_per_second": 59896.59850734818, "loss_main": 2.8780853152275085, "loss_total": 2.8780853152275085}
{"event": "update", "optimizer_step": 1770, "tokens_seen": 57999360, "lr": 0.0003, "grad_norm": 0.66170334815979, "elapsed_seconds": 968.2998337569879, "tokens_per_second": 59898.14102824267, "loss_main": 2.9141412377357483, "loss_total": 2.9141412377357483}
{"event": "update", "optimizer_step": 1780, "tokens_seen": 58327040, "lr": 0.0003, "grad_norm": 0.7218598127365112, "elapsed_seconds": 973.7546272689942, "tokens_per_second": 59899.11458863597, "loss_main": 2.9233371019363403, "loss_total": 2.9233371019363403}
{"event": "update", "optimizer_step": 1790, "tokens_seen": 58654720, "lr": 0.0003, "grad_norm": 0.6703565120697021, "elapsed_seconds": 979.2127098479541, "tokens_per_second": 59899.87610465915, "loss_main": 3.1724047660827637, "loss_total": 3.1724047660827637}
{"event": "update", "optimizer_step": 1800, "tokens_seen": 58982400, "lr": 0.0003, "grad_norm": 0.5825633406639099, "elapsed_seconds": 984.6592606559861, "tokens_per_second": 59901.330700638064, "loss_main": 2.973095178604126, "loss_total": 2.973095178604126}
{"event": "update", "optimizer_step": 1810, "tokens_seen": 59310080, "lr": 0.0003, "grad_norm": 0.637362003326416, "elapsed_seconds": 990.10571957496, "tokens_per_second": 59902.774852629955, "loss_main": 3.1742482781410217, "loss_total": 3.1742482781410217}
{"event": "update", "optimizer_step": 1820, "tokens_seen": 59637760, "lr": 0.0003, "grad_norm": 0.6232494711875916, "elapsed_seconds": 995.5622288809973, "tokens_per_second": 59903.598459166424, "loss_main": 2.831041932106018, "loss_total": 2.831041932106018}
{"event": "update", "optimizer_step": 1830, "tokens_seen": 59965440, "lr": 0.0003, "grad_norm": 0.5907884836196899, "elapsed_seconds": 1001.0099275629618, "tokens_per_second": 59904.94034958337, "loss_main": 2.9403250217437744, "loss_total": 2.9403250217437744}
{"event": "update", "optimizer_step": 1840, "tokens_seen": 60293120, "lr": 0.0003, "grad_norm": 0.6174582242965698, "elapsed_seconds": 1006.4629921349697, "tokens_per_second": 59905.9483271239, "loss_main": 2.9928435683250427, "loss_total": 2.9928435683250427}
{"event": "update", "optimizer_step": 1850, "tokens_seen": 60620800, "lr": 0.0003, "grad_norm": 2.7582247257232666, "elapsed_seconds": 1011.9070763549535, "tokens_per_second": 59907.47709598547, "loss_main": 3.087248206138611, "loss_total": 3.087248206138611}
{"event": "update", "optimizer_step": 1860, "tokens_seen": 60948480, "lr": 0.0003, "grad_norm": 0.6589257717132568, "elapsed_seconds": 1017.3316940059885, "tokens_per_second": 59910.13585746128, "loss_main": 3.0963679552078247, "loss_total": 3.0963679552078247}
{"event": "update", "optimizer_step": 1870, "tokens_seen": 61276160, "lr": 0.0003, "grad_norm": 0.5887317061424255, "elapsed_seconds": 1022.7709777099662, "tokens_per_second": 59911.907294436816, "loss_main": 3.0790921449661255, "loss_total": 3.0790921449661255}
{"event": "update", "optimizer_step": 1880, "tokens_seen": 61603840, "lr": 0.0003, "grad_norm": 0.5880031585693359, "elapsed_seconds": 1028.2290952579933, "tokens_per_second": 59912.562564224034, "loss_main": 3.029963493347168, "loss_total": 3.029963493347168}
{"event": "update", "optimizer_step": 1890, "tokens_seen": 61931520, "lr": 0.0003, "grad_norm": 0.6074222922325134, "elapsed_seconds": 1033.6722798379487, "tokens_per_second": 59914.07645149307, "loss_main": 2.996495544910431, "loss_total": 2.996495544910431}
{"event": "update", "optimizer_step": 1900, "tokens_seen": 62259200, "lr": 0.0003, "grad_norm": 0.6281377077102661, "elapsed_seconds": 1039.1166961019626, "tokens_per_second": 59915.50345938322, "loss_main": 3.098979413509369, "loss_total": 3.098979413509369}
{"event": "update", "optimizer_step": 1910, "tokens_seen": 62586880, "lr": 0.0003, "grad_norm": 0.6255941390991211, "elapsed_seconds": 1044.5576505449717, "tokens_per_second": 59917.114165356856, "loss_main": 3.1468289494514465, "loss_total": 3.1468289494514465}
{"event": "update", "optimizer_step": 1920, "tokens_seen": 62914560, "lr": 0.0003, "grad_norm": 0.5769101977348328, "elapsed_seconds": 1050.0029521389515, "tokens_per_second": 59918.46010702857, "loss_main": 2.8620627522468567, "loss_total": 2.8620627522468567}
{"event": "update", "optimizer_step": 1930, "tokens_seen": 63242240, "lr": 0.0003, "grad_norm": 0.6520383954048157, "elapsed_seconds": 1055.4481994609814, "tokens_per_second": 59919.795241773005, "loss_main": 3.049792230129242, "loss_total": 3.049792230129242}
{"event": "update", "optimizer_step": 1940, "tokens_seen": 63569920, "lr": 0.0003, "grad_norm": 0.6281372308731079, "elapsed_seconds": 1060.884761868976, "tokens_per_second": 59921.60721397105, "loss_main": 3.0194023847579956, "loss_total": 3.0194023847579956}
{"event": "update", "optimizer_step": 1950, "tokens_seen": 63897600, "lr": 0.0003, "grad_norm": 0.6163392066955566, "elapsed_seconds": 1066.328732864, "tokens_per_second": 59922.98437685401, "loss_main": 2.9197118878364563, "loss_total": 2.9197118878364563}
{"event": "update", "optimizer_step": 1960, "tokens_seen": 64225280, "lr": 0.0003, "grad_norm": 0.6249613761901855, "elapsed_seconds": 1071.7561020539724, "tokens_per_second": 59925.27579447893, "loss_main": 2.9726054072380066, "loss_total": 2.9726054072380066}
{"event": "update", "optimizer_step": 1970, "tokens_seen": 64552960, "lr": 0.0003, "grad_norm": 0.6454452872276306, "elapsed_seconds": 1077.1899063069723, "tokens_per_second": 59927.1861182888, "loss_main": 3.3061575293540955, "loss_total": 3.3061575293540955}
{"event": "update", "optimizer_step": 1980, "tokens_seen": 64880640, "lr": 0.0003, "grad_norm": 0.6250388622283936, "elapsed_seconds": 1082.6512856509653, "tokens_per_second": 59927.55087432353, "loss_main": 3.0687360763549805, "loss_total": 3.0687360763549805}
{"event": "update", "optimizer_step": 1990, "tokens_seen": 65208320, "lr": 0.0003, "grad_norm": 0.6376351118087769, "elapsed_seconds": 1088.0861842579907, "tokens_per_second": 59929.370433526965, "loss_main": 2.7935606837272644, "loss_total": 2.7935606837272644}
{"event": "update", "optimizer_step": 2000, "tokens_seen": 65536000, "lr": 0.0003, "grad_norm": 0.6291002035140991, "elapsed_seconds": 1093.5332876449684, "tokens_per_second": 59930.50302212403, "loss_main": 2.9474703669548035, "loss_total": 2.9474703669548035}
{"event": "update", "optimizer_step": 2010, "tokens_seen": 65863680, "lr": 0.0003, "grad_norm": 0.6440691351890564, "elapsed_seconds": 1099.010045426956, "tokens_per_second": 59930.00725886225, "loss_main": 2.8093995451927185, "loss_total": 2.8093995451927185}
{"event": "model_size", "parameters": null, "dim": 576, "n_layers": 11, "n_heads": 9, "n_kv_heads": 9, "ffn_dim": 1984}
{"event": "resumed", "state": {"micro_step": 78144, "optimizer_step": 1221, "tokens_seen": 40009728, "elapsed_seconds": 666.6786925699562, "next_checkpoint_tokens": 80000000, "initial_evaluation": {"main_loss": 9.808884263038635, "perplexity": 18194.67527659394}, "heldout": {"main_loss": 3.347221687436104, "perplexity": 28.423654045568107}}}
{"event": "update", "optimizer_step": 1230, "tokens_seen": 40304640, "lr": 0.0003, "grad_norm": 0.6972429156303406, "elapsed_seconds": 673.4212417699164, "tokens_per_second": 59850.5623227291, "loss_main": 3.22100430727005, "loss_total": 3.22100430727005}
{"event": "update", "optimizer_step": 1240, "tokens_seen": 40632320, "lr": 0.0003, "grad_norm": 0.6916174292564392, "elapsed_seconds": 678.8988630669191, "tokens_per_second": 59850.32854001829, "loss_main": 3.102080285549164, "loss_total": 3.102080285549164}
{"event": "update", "optimizer_step": 1250, "tokens_seen": 40960000, "lr": 0.0003, "grad_norm": 0.6642655730247498, "elapsed_seconds": 684.3883653999656, "tokens_per_second": 59849.05949717956, "loss_main": 3.2095338106155396, "loss_total": 3.2095338106155396}
{"event": "update", "optimizer_step": 1260, "tokens_seen": 41287680, "lr": 0.0003, "grad_norm": 0.64969402551651, "elapsed_seconds": 689.8636078069685, "tokens_per_second": 59849.04774329356, "loss_main": 3.2332301139831543, "loss_total": 3.2332301139831543}
{"event": "update", "optimizer_step": 1270, "tokens_seen": 41615360, "lr": 0.0003, "grad_norm": 0.7541035413742065, "elapsed_seconds": 695.4319705879316, "tokens_per_second": 59841.02221359995, "loss_main": 3.166016697883606, "loss_total": 3.166016697883606}
{"event": "update", "optimizer_step": 1280, "tokens_seen": 41943040, "lr": 0.0003, "grad_norm": 0.6781198382377625, "elapsed_seconds": 700.9305589519208, "tokens_per_second": 59839.08029736368, "loss_main": 3.2386467456817627, "loss_total": 3.2386467456817627}
{"event": "update", "optimizer_step": 1290, "tokens_seen": 42270720, "lr": 0.0003, "grad_norm": 0.6497876048088074, "elapsed_seconds": 706.4397761059226, "tokens_per_second": 59836.26832708523, "loss_main": 3.3938599228858948, "loss_total": 3.3938599228858948}
{"event": "update", "optimizer_step": 1300, "tokens_seen": 42598400, "lr": 0.0003, "grad_norm": 0.6834893226623535, "elapsed_seconds": 711.9219586329418, "tokens_per_second": 59835.77200203093, "loss_main": 3.3769479393959045, "loss_total": 3.3769479393959045}
{"event": "update", "optimizer_step": 1310, "tokens_seen": 42926080, "lr": 0.0003, "grad_norm": 0.726577877998352, "elapsed_seconds": 717.4194803509163, "tokens_per_second": 59834.00392055604, "loss_main": 3.0927793383598328, "loss_total": 3.0927793383598328}
{"event": "update", "optimizer_step": 1320, "tokens_seen": 43253760, "lr": 0.0003, "grad_norm": 0.642297625541687, "elapsed_seconds": 722.9214224049356, "tokens_per_second": 59831.89688321608, "loss_main": 3.1725581884384155, "loss_total": 3.1725581884384155}
{"event": "update", "optimizer_step": 1330, "tokens_seen": 43581440, "lr": 0.0003, "grad_norm": 0.8143051266670227, "elapsed_seconds": 728.4339836979634, "tokens_per_second": 59828.949466023994, "loss_main": 3.218193769454956, "loss_total": 3.218193769454956}
{"event": "update", "optimizer_step": 1340, "tokens_seen": 43909120, "lr": 0.0003, "grad_norm": 0.7276191711425781, "elapsed_seconds": 733.9413494349574, "tokens_per_second": 59826.46983141705, "loss_main": 3.20657616853714, "loss_total": 3.20657616853714}
{"event": "update", "optimizer_step": 1350, "tokens_seen": 44236800, "lr": 0.0003, "grad_norm": 0.6349033713340759, "elapsed_seconds": 739.4375383779407, "tokens_per_second": 59824.93138911988, "loss_main": 3.276684045791626, "loss_total": 3.276684045791626}
{"event": "update", "optimizer_step": 1360, "tokens_seen": 44564480, "lr": 0.0003, "grad_norm": 0.6311822533607483, "elapsed_seconds": 744.9712574269506, "tokens_per_second": 59820.40186881954, "loss_main": 3.2669599652290344, "loss_total": 3.2669599652290344}
{"event": "update", "optimizer_step": 1370, "tokens_seen": 44892160, "lr": 0.0003, "grad_norm": 0.6800199747085571, "elapsed_seconds": 750.4892522089649, "tokens_per_second": 59817.192408639996, "loss_main": 3.1231866478919983, "loss_total": 3.1231866478919983}
{"event": "update", "optimizer_step": 1380, "tokens_seen": 45219840, "lr": 0.0003, "grad_norm": 0.7004335522651672, "elapsed_seconds": 755.9725372479297, "tokens_per_second": 59816.77610223775, "loss_main": 3.33974152803421, "loss_total": 3.33974152803421}
{"event": "update", "optimizer_step": 1390, "tokens_seen": 45547520, "lr": 0.0003, "grad_norm": 0.6110801100730896, "elapsed_seconds": 761.4610096009565, "tokens_per_second": 59815.9583034582, "loss_main": 3.115931749343872, "loss_total": 3.115931749343872}
{"event": "update", "optimizer_step": 1400, "tokens_seen": 45875200, "lr": 0.0003, "grad_norm": 0.6898682117462158, "elapsed_seconds": 766.9397410699166, "tokens_per_second": 59815.91192027937, "loss_main": 3.304391026496887, "loss_total": 3.304391026496887}
{"event": "update", "optimizer_step": 1410, "tokens_seen": 46202880, "lr": 0.0003, "grad_norm": 0.6589102149009705, "elapsed_seconds": 772.4257398129557, "tokens_per_second": 59815.30342475137, "loss_main": 3.185000419616699, "loss_total": 3.185000419616699}
{"event": "update", "optimizer_step": 1420, "tokens_seen": 46530560, "lr": 0.0003, "grad_norm": 0.7202178239822388, "elapsed_seconds": 777.923609270947, "tokens_per_second": 59813.790770031286, "loss_main": 3.232101798057556, "loss_total": 3.232101798057556}
{"event": "update", "optimizer_step": 1430, "tokens_seen": 46858240, "lr": 0.0003, "grad_norm": 0.667654275894165, "elapsed_seconds": 783.4067344829673, "tokens_per_second": 59813.4250542606, "loss_main": 3.187006115913391, "loss_total": 3.187006115913391}
{"event": "update", "optimizer_step": 1440, "tokens_seen": 47185920, "lr": 0.0003, "grad_norm": 0.635962963104248, "elapsed_seconds": 788.8965897349408, "tokens_per_second": 59812.55415979662, "loss_main": 3.2116491198539734, "loss_total": 3.2116491198539734}
{"event": "update", "optimizer_step": 1450, "tokens_seen": 47513600, "lr": 0.0003, "grad_norm": 0.642177402973175, "elapsed_seconds": 794.399796490965, "tokens_per_second": 59810.690045337135, "loss_main": 3.1893290281295776, "loss_total": 3.1893290281295776}
{"event": "update", "optimizer_step": 1460, "tokens_seen": 47841280, "lr": 0.0003, "grad_norm": 0.6578884720802307, "elapsed_seconds": 799.8919349499629, "tokens_per_second": 59809.67916996526, "loss_main": 3.0955536365509033, "loss_total": 3.0955536365509033}
{"event": "update", "optimizer_step": 1470, "tokens_seen": 48168960, "lr": 0.0003, "grad_norm": 0.691853940486908, "elapsed_seconds": 805.3909058019635, "tokens_per_second": 59808.17470497264, "loss_main": 3.182941257953644, "loss_total": 3.182941257953644}
{"event": "update", "optimizer_step": 1480, "tokens_seen": 48496640, "lr": 0.0003, "grad_norm": 0.647757351398468, "elapsed_seconds": 810.8683394539403, "tokens_per_second": 59808.27915005152, "loss_main": 3.252790153026581, "loss_total": 3.252790153026581}
{"event": "update", "optimizer_step": 1490, "tokens_seen": 48824320, "lr": 0.0003, "grad_norm": 0.6031009554862976, "elapsed_seconds": 816.3553229969111, "tokens_per_second": 59807.68254289283, "loss_main": 3.1182483434677124, "loss_total": 3.1182483434677124}
{"event": "update", "optimizer_step": 1500, "tokens_seen": 49152000, "lr": 0.0003, "grad_norm": 0.6397774815559387, "elapsed_seconds": 821.8558210209594, "tokens_per_second": 59806.11044275429, "loss_main": 2.964074730873108, "loss_total": 2.964074730873108}
{"event": "update", "optimizer_step": 1510, "tokens_seen": 49479680, "lr": 0.0003, "grad_norm": 0.6892075538635254, "elapsed_seconds": 827.3345496369293, "tokens_per_second": 59806.13286573594, "loss_main": 3.1339112520217896, "loss_total": 3.1339112520217896}
{"event": "update", "optimizer_step": 1520, "tokens_seen": 49807360, "lr": 0.0003, "grad_norm": 0.6304998397827148, "elapsed_seconds": 832.8233784659533, "tokens_per_second": 59805.42968395571, "loss_main": 3.20579069852829, "loss_total": 3.20579069852829}
{"event": "update", "optimizer_step": 1530, "tokens_seen": 50135040, "lr": 0.0003, "grad_norm": 0.6666678786277771, "elapsed_seconds": 838.314309300913, "tokens_per_second": 59804.58575472559, "loss_main": 3.0802950859069824, "loss_total": 3.0802950859069824}
{"event": "update", "optimizer_step": 1540, "tokens_seen": 50462720, "lr": 0.0003, "grad_norm": 0.6586888432502747, "elapsed_seconds": 843.7973860439379, "tokens_per_second": 59804.30946413518, "loss_main": 3.225376784801483, "loss_total": 3.225376784801483}
{"event": "update", "optimizer_step": 1550, "tokens_seen": 50790400, "lr": 0.0003, "grad_norm": 0.6306334733963013, "elapsed_seconds": 849.3208822779125, "tokens_per_second": 59801.19064514006, "loss_main": 3.1216477751731873, "loss_total": 3.1216477751731873}
{"event": "update", "optimizer_step": 1560, "tokens_seen": 51118080, "lr": 0.0003, "grad_norm": 0.6416419148445129, "elapsed_seconds": 854.8386886509252, "tokens_per_second": 59798.510150111084, "loss_main": 3.097396492958069, "loss_total": 3.097396492958069}
{"event": "update", "optimizer_step": 1570, "tokens_seen": 51445760, "lr": 0.0003, "grad_norm": 0.6284341812133789, "elapsed_seconds": 860.400720496953, "tokens_per_second": 59792.79046894079, "loss_main": 3.132412075996399, "loss_total": 3.132412075996399}
{"event": "update", "optimizer_step": 1580, "tokens_seen": 51773440, "lr": 0.0003, "grad_norm": 0.6637423634529114, "elapsed_seconds": 865.9740772649529, "tokens_per_second": 59786.36238571773, "loss_main": 2.99973326921463, "loss_total": 2.99973326921463}
{"event": "update", "optimizer_step": 1590, "tokens_seen": 52101120, "lr": 0.0003, "grad_norm": 0.6558887958526611, "elapsed_seconds": 871.6198814009549, "tokens_per_second": 59775.0477149028, "loss_main": 3.2376480102539062, "loss_total": 3.2376480102539062}
{"event": "update", "optimizer_step": 1600, "tokens_seen": 52428800, "lr": 0.0003, "grad_norm": 0.6675748229026794, "elapsed_seconds": 877.1832922439207, "tokens_per_second": 59769.4922641333, "loss_main": 3.175626277923584, "loss_total": 3.175626277923584}
{"event": "update", "optimizer_step": 1610, "tokens_seen": 52756480, "lr": 0.0003, "grad_norm": 0.6162217259407043, "elapsed_seconds": 882.7022900589509, "tokens_per_second": 59767.01385523389, "loss_main": 3.261813223361969, "loss_total": 3.261813223361969}
{"event": "update", "optimizer_step": 1620, "tokens_seen": 53084160, "lr": 0.0003, "grad_norm": 0.7538840174674988, "elapsed_seconds": 888.2032205279684, "tokens_per_second": 59765.781943962735, "loss_main": 3.281827211380005, "loss_total": 3.281827211380005}
{"event": "update", "optimizer_step": 1630, "tokens_seen": 53411840, "lr": 0.0003, "grad_norm": 0.6491599678993225, "elapsed_seconds": 893.705211399938, "tokens_per_second": 59764.49428591047, "loss_main": 3.214040756225586, "loss_total": 3.214040756225586}
{"event": "update", "optimizer_step": 1640, "tokens_seen": 53739520, "lr": 0.0003, "grad_norm": 0.6682015657424927, "elapsed_seconds": 899.2018811799353, "tokens_per_second": 59763.576038656465, "loss_main": 2.8037697076797485, "loss_total": 2.8037697076797485}
{"event": "update", "optimizer_step": 1650, "tokens_seen": 54067200, "lr": 0.0003, "grad_norm": 0.644774317741394, "elapsed_seconds": 904.6987097279634, "tokens_per_second": 59762.65846146462, "loss_main": 2.9883722066879272, "loss_total": 2.9883722066879272}
{"event": "update", "optimizer_step": 1660, "tokens_seen": 54394880, "lr": 0.0003, "grad_norm": 0.6363764405250549, "elapsed_seconds": 910.194688768941, "tokens_per_second": 59761.80774419846, "loss_main": 3.191022574901581, "loss_total": 3.191022574901581}
{"event": "update", "optimizer_step": 1670, "tokens_seen": 54722560, "lr": 0.0003, "grad_norm": 0.5989657044410706, "elapsed_seconds": 915.6882266649627, "tokens_per_second": 59761.12655647609, "loss_main": 3.183388352394104, "loss_total": 3.183388352394104}
{"event": "update", "optimizer_step": 1680, "tokens_seen": 55050240, "lr": 0.0003, "grad_norm": 0.6226695775985718, "elapsed_seconds": 921.1774692959152, "tokens_per_second": 59760.73214434632, "loss_main": 3.0901936888694763, "loss_total": 3.0901936888694763}
{"event": "update", "optimizer_step": 1690, "tokens_seen": 55377920, "lr": 0.0003, "grad_norm": 0.6076817512512207, "elapsed_seconds": 926.6791824369575, "tokens_per_second": 59759.538197856724, "loss_main": 3.1922443509101868, "loss_total": 3.1922443509101868}
{"event": "update", "optimizer_step": 1700, "tokens_seen": 55705600, "lr": 0.0003, "grad_norm": 0.6110119819641113, "elapsed_seconds": 932.1496451879502, "tokens_per_second": 59760.361748319956, "loss_main": 2.985568583011627, "loss_total": 2.985568583011627}
{"event": "update", "optimizer_step": 1710, "tokens_seen": 56033280, "lr": 0.0003, "grad_norm": 0.6674972772598267, "elapsed_seconds": 937.6424834859208, "tokens_per_second": 59759.7495707343, "loss_main": 3.0782724618911743, "loss_total": 3.0782724618911743}
{"event": "update", "optimizer_step": 1720, "tokens_seen": 56360960, "lr": 0.0003, "grad_norm": 0.6734158396720886, "elapsed_seconds": 943.1402168339118, "tokens_per_second": 59758.83436420699, "loss_main": 2.9190415143966675, "loss_total": 2.9190415143966675}
{"event": "update", "optimizer_step": 1730, "tokens_seen": 56688640, "lr": 0.0003, "grad_norm": 0.6295489072799683, "elapsed_seconds": 948.6254080809304, "tokens_per_second": 59758.7198456777, "loss_main": 3.0274115204811096, "loss_total": 3.0274115204811096}
{"event": "update", "optimizer_step": 1740, "tokens_seen": 57016320, "lr": 0.0003, "grad_norm": 0.5911038517951965, "elapsed_seconds": 954.1345215429319, "tokens_per_second": 59757.108366437526, "loss_main": 3.097538471221924, "loss_total": 3.097538471221924}
{"event": "update", "optimizer_step": 1750, "tokens_seen": 57344000, "lr": 0.0003, "grad_norm": 0.6259572505950928, "elapsed_seconds": 959.6310381569201, "tokens_per_second": 59756.29978594235, "loss_main": 3.0278830528259277, "loss_total": 3.0278830528259277}
{"event": "update", "optimizer_step": 1760, "tokens_seen": 57671680, "lr": 0.0003, "grad_norm": 0.6534478068351746, "elapsed_seconds": 965.1399737609318, "tokens_per_second": 59754.731508287376, "loss_main": 2.8718844652175903, "loss_total": 2.8718844652175903}
{"event": "update", "optimizer_step": 1770, "tokens_seen": 57999360, "lr": 0.0003, "grad_norm": 0.6700543165206909, "elapsed_seconds": 970.6355796839343, "tokens_per_second": 59754.00161911043, "loss_main": 2.914353370666504, "loss_total": 2.914353370666504}
{"event": "update", "optimizer_step": 1780, "tokens_seen": 58327040, "lr": 0.0003, "grad_norm": 0.7237333059310913, "elapsed_seconds": 976.1286135069677, "tokens_per_second": 59753.43739842501, "loss_main": 2.923238217830658, "loss_total": 2.923238217830658}
{"event": "update", "optimizer_step": 1790, "tokens_seen": 58654720, "lr": 0.0003, "grad_norm": 0.648265540599823, "elapsed_seconds": 981.6265189019614, "tokens_per_second": 59752.58295345428, "loss_main": 3.1687466502189636, "loss_total": 3.1687466502189636}
{"event": "update", "optimizer_step": 1800, "tokens_seen": 58982400, "lr": 0.0003, "grad_norm": 0.5780110359191895, "elapsed_seconds": 987.1186323359143, "tokens_per_second": 59752.08862224011, "loss_main": 2.9709055423736572, "loss_total": 2.9709055423736572}
{"event": "update", "optimizer_step": 1810, "tokens_seen": 59310080, "lr": 0.0003, "grad_norm": 0.6646026968955994, "elapsed_seconds": 992.616191015928, "tokens_per_second": 59751.27197884714, "loss_main": 3.170591711997986, "loss_total": 3.170591711997986}
{"event": "update", "optimizer_step": 1820, "tokens_seen": 59637760, "lr": 0.0003, "grad_norm": 0.6402315497398376, "elapsed_seconds": 998.1206320759375, "tokens_per_second": 59750.052331813466, "loss_main": 2.831800699234009, "loss_total": 2.831800699234009}
{"event": "update", "optimizer_step": 1830, "tokens_seen": 59965440, "lr": 0.0003, "grad_norm": 0.5697774887084961, "elapsed_seconds": 1003.6080578449182, "tokens_per_second": 59749.85905231354, "loss_main": 2.941337466239929, "loss_total": 2.941337466239929}
{"event": "update", "optimizer_step": 1840, "tokens_seen": 60293120, "lr": 0.0003, "grad_norm": 0.6291576623916626, "elapsed_seconds": 1009.1046907209675, "tokens_per_second": 59749.12271681427, "loss_main": 2.99095618724823, "loss_total": 2.99095618724823}
{"event": "update", "optimizer_step": 1850, "tokens_seen": 60620800, "lr": 0.0003, "grad_norm": 2.8011221885681152, "elapsed_seconds": 1014.5990920089534, "tokens_per_second": 59748.52577481416, "loss_main": 3.013002336025238, "loss_total": 3.013002336025238}
{"event": "update", "optimizer_step": 1860, "tokens_seen": 60948480, "lr": 0.0003, "grad_norm": 0.6749313473701477, "elapsed_seconds": 1020.09165225795, "tokens_per_second": 59748.043095041416, "loss_main": 3.096355378627777, "loss_total": 3.096355378627777}
{"event": "update", "optimizer_step": 1870, "tokens_seen": 61276160, "lr": 0.0003, "grad_norm": 0.5915758609771729, "elapsed_seconds": 1025.585633398965, "tokens_per_second": 59747.48280835448, "loss_main": 3.080811083316803, "loss_total": 3.080811083316803}
{"event": "update", "optimizer_step": 1880, "tokens_seen": 61603840, "lr": 0.0003, "grad_norm": 0.5765194296836853, "elapsed_seconds": 1031.0762585029588, "tokens_per_second": 59747.12296202408, "loss_main": 3.033262610435486, "loss_total": 3.033262610435486}
{"event": "update", "optimizer_step": 1890, "tokens_seen": 61931520, "lr": 0.0003, "grad_norm": 0.6089596748352051, "elapsed_seconds": 1036.562997581961, "tokens_per_second": 59746.990915622635, "loss_main": 2.9919021129608154, "loss_total": 2.9919021129608154}
{"event": "update", "optimizer_step": 1900, "tokens_seen": 62259200, "lr": 0.0003, "grad_norm": 0.6236773729324341, "elapsed_seconds": 1042.0580656439415, "tokens_per_second": 59746.38271383353, "loss_main": 3.0939894318580627, "loss_total": 3.0939894318580627}
{"event": "update", "optimizer_step": 1910, "tokens_seen": 62586880, "lr": 0.0003, "grad_norm": 0.5737451314926147, "elapsed_seconds": 1047.5423571389401, "tokens_per_second": 59746.39552613225, "loss_main": 3.144490957260132, "loss_total": 3.144490957260132}
{"event": "update", "optimizer_step": 1920, "tokens_seen": 62914560, "lr": 0.0003, "grad_norm": 0.58058100938797, "elapsed_seconds": 1053.0547868069261, "tokens_per_second": 59744.81174979471, "loss_main": 2.8664602041244507, "loss_total": 2.8664602041244507}
{"event": "update", "optimizer_step": 1930, "tokens_seen": 63242240, "lr": 0.0003, "grad_norm": 0.6408193707466125, "elapsed_seconds": 1058.5545204079244, "tokens_per_second": 59743.96101546945, "loss_main": 3.04880154132843, "loss_total": 3.04880154132843}
{"event": "update", "optimizer_step": 1940, "tokens_seen": 63569920, "lr": 0.0003, "grad_norm": 0.6249502897262573, "elapsed_seconds": 1064.0474487759639, "tokens_per_second": 59743.5011691708, "loss_main": 3.0239246487617493, "loss_total": 3.0239246487617493}
{"event": "update", "optimizer_step": 1950, "tokens_seen": 63897600, "lr": 0.0003, "grad_norm": 0.6336591839790344, "elapsed_seconds": 1069.5490777829546, "tokens_per_second": 59742.56004451144, "loss_main": 2.915104031562805, "loss_total": 2.915104031562805}
{"event": "update", "optimizer_step": 1960, "tokens_seen": 64225280, "lr": 0.0003, "grad_norm": 0.6751219630241394, "elapsed_seconds": 1075.0310930189444, "tokens_per_second": 59742.71852885674, "loss_main": 2.976723551750183, "loss_total": 2.976723551750183}
{"event": "update", "optimizer_step": 1970, "tokens_seen": 64552960, "lr": 0.0003, "grad_norm": 0.6586349010467529, "elapsed_seconds": 1080.523343116918, "tokens_per_second": 59742.30951252577, "loss_main": 3.307120978832245, "loss_total": 3.307120978832245}
{"event": "update", "optimizer_step": 1980, "tokens_seen": 64880640, "lr": 0.0003, "grad_norm": 0.6310352087020874, "elapsed_seconds": 1086.0182436749456, "tokens_per_second": 59741.75883128104, "loss_main": 3.065282702445984, "loss_total": 3.065282702445984}
{"event": "update", "optimizer_step": 1990, "tokens_seen": 65208320, "lr": 0.0003, "grad_norm": 0.6329760551452637, "elapsed_seconds": 1091.5037282359554, "tokens_per_second": 59741.72905976883, "loss_main": 2.7930113673210144, "loss_total": 2.7930113673210144}
{"event": "update", "optimizer_step": 2000, "tokens_seen": 65536000, "lr": 0.0003, "grad_norm": 0.60679030418396, "elapsed_seconds": 1096.9975364679121, "tokens_per_second": 59741.24628484703, "loss_main": 2.938032388687134, "loss_total": 2.938032388687134}
{"event": "update", "optimizer_step": 2010, "tokens_seen": 65863680, "lr": 0.0003, "grad_norm": 0.7072586417198181, "elapsed_seconds": 1102.493542438955, "tokens_per_second": 59740.64923255264, "loss_main": 2.8103036880493164, "loss_total": 2.8103036880493164}
{"event": "update", "optimizer_step": 2020, "tokens_seen": 66191360, "lr": 0.0003, "grad_norm": 0.6930714845657349, "elapsed_seconds": 1107.985404395964, "tokens_per_second": 59740.28153925482, "loss_main": 3.0189581513404846, "loss_total": 3.0189581513404846}
{"event": "update", "optimizer_step": 2030, "tokens_seen": 66519040, "lr": 0.0003, "grad_norm": 0.607088029384613, "elapsed_seconds": 1113.4797604479245, "tokens_per_second": 59739.78366094511, "loss_main": 3.076099932193756, "loss_total": 3.076099932193756}
{"event": "update", "optimizer_step": 2040, "tokens_seen": 66846720, "lr": 0.0003, "grad_norm": 0.5890645384788513, "elapsed_seconds": 1118.939542323933, "tokens_per_second": 59741.136559680075, "loss_main": 3.165514349937439, "loss_total": 3.165514349937439}
{"event": "update", "optimizer_step": 2050, "tokens_seen": 67174400, "lr": 0.0003, "grad_norm": 0.7739861607551575, "elapsed_seconds": 1124.405316788936, "tokens_per_second": 59742.15791849499, "loss_main": 3.078657031059265, "loss_total": 3.078657031059265}
{"event": "update", "optimizer_step": 2060, "tokens_seen": 67502080, "lr": 0.0003, "grad_norm": 0.6590355038642883, "elapsed_seconds": 1129.907022855943, "tokens_per_second": 59741.26953329517, "loss_main": 2.987119495868683, "loss_total": 2.987119495868683}
{"event": "update", "optimizer_step": 2070, "tokens_seen": 67829760, "lr": 0.0003, "grad_norm": 0.6291987895965576, "elapsed_seconds": 1135.3817378289532, "tokens_per_second": 59741.809948169735, "loss_main": 3.1100547313690186, "loss_total": 3.1100547313690186}
{"event": "update", "optimizer_step": 2080, "tokens_seen": 68157440, "lr": 0.0003, "grad_norm": 0.5827074646949768, "elapsed_seconds": 1140.87572348892, "tokens_per_second": 59741.33606030924, "loss_main": 2.9441319704055786, "loss_total": 2.9441319704055786}
{"event": "update", "optimizer_step": 2090, "tokens_seen": 68485120, "lr": 0.0003, "grad_norm": 0.691987931728363, "elapsed_seconds": 1146.359365501965, "tokens_per_second": 59741.40575892788, "loss_main": 2.8380736708641052, "loss_total": 2.8380736708641052}
{"event": "update", "optimizer_step": 2100, "tokens_seen": 68812800, "lr": 0.0003, "grad_norm": 0.5675041079521179, "elapsed_seconds": 1151.8507141399314, "tokens_per_second": 59741.07508487454, "loss_main": 3.104624927043915, "loss_total": 3.104624927043915}
{"event": "update", "optimizer_step": 2110, "tokens_seen": 69140480, "lr": 0.0003, "grad_norm": 0.6758322715759277, "elapsed_seconds": 1157.3471255929326, "tokens_per_second": 59740.48621287924, "loss_main": 2.9326632022857666, "loss_total": 2.9326632022857666}
{"event": "update", "optimizer_step": 2120, "tokens_seen": 69468160, "lr": 0.0003, "grad_norm": 0.6728421449661255, "elapsed_seconds": 1162.8367831749492, "tokens_per_second": 59740.24988298679, "loss_main": 3.030362129211426, "loss_total": 3.030362129211426}
{"event": "update", "optimizer_step": 2130, "tokens_seen": 69795840, "lr": 0.0003, "grad_norm": 0.5745387673377991, "elapsed_seconds": 1168.3378922579577, "tokens_per_second": 59739.43023033422, "loss_main": 3.011411428451538, "loss_total": 3.011411428451538}
{"event": "update", "optimizer_step": 2140, "tokens_seen": 70123520, "lr": 0.0003, "grad_norm": 0.5753247141838074, "elapsed_seconds": 1173.8423166769207, "tokens_per_second": 59738.449537682034, "loss_main": 2.8934913873672485, "loss_total": 2.8934913873672485}
{"event": "update", "optimizer_step": 2150, "tokens_seen": 70451200, "lr": 0.0003, "grad_norm": 0.5968124866485596, "elapsed_seconds": 1179.3305916929385, "tokens_per_second": 59738.296026788164, "loss_main": 3.0821321606636047, "loss_total": 3.0821321606636047}
{"event": "update", "optimizer_step": 2160, "tokens_seen": 70778880, "lr": 0.0003, "grad_norm": 0.6055442690849304, "elapsed_seconds": 1184.8235865219613, "tokens_per_second": 59737.905967732084, "loss_main": 2.9644771218299866, "loss_total": 2.9644771218299866}
{"event": "update", "optimizer_step": 2170, "tokens_seen": 71106560, "lr": 0.0003, "grad_norm": 0.6046855449676514, "elapsed_seconds": 1190.3092898519244, "tokens_per_second": 59737.885443913256, "loss_main": 2.974629819393158, "loss_total": 2.974629819393158}
{"event": "update", "optimizer_step": 2180, "tokens_seen": 71434240, "lr": 0.0003, "grad_norm": 0.753393292427063, "elapsed_seconds": 1195.78733013093, "tokens_per_second": 59738.24793090797, "loss_main": 2.7586041688919067, "loss_total": 2.7586041688919067}
{"event": "update", "optimizer_step": 2190, "tokens_seen": 71761920, "lr": 0.0003, "grad_norm": 0.7530030012130737, "elapsed_seconds": 1201.276464891911, "tokens_per_second": 59738.05539131829, "loss_main": 2.908780336380005, "loss_total": 2.908780336380005}
{"event": "update", "optimizer_step": 2200, "tokens_seen": 72089600, "lr": 0.0003, "grad_norm": 0.6379680633544922, "elapsed_seconds": 1206.7741878329543, "tokens_per_second": 59737.439470307, "loss_main": 2.8785682916641235, "loss_total": 2.8785682916641235}
{"event": "update", "optimizer_step": 2210, "tokens_seen": 72417280, "lr": 0.0003, "grad_norm": 0.6489879488945007, "elapsed_seconds": 1212.257336865936, "tokens_per_second": 59737.54729933935, "loss_main": 2.978565275669098, "loss_total": 2.978565275669098}
{"event": "update", "optimizer_step": 2220, "tokens_seen": 72744960, "lr": 0.0003, "grad_norm": 0.6037343740463257, "elapsed_seconds": 1217.7338174199685, "tokens_per_second": 59737.981288986346, "loss_main": 2.9088883996009827, "loss_total": 2.9088883996009827}
{"event": "update", "optimizer_step": 2230, "tokens_seen": 73072640, "lr": 0.0003, "grad_norm": 0.5655593872070312, "elapsed_seconds": 1223.2125712529523, "tokens_per_second": 59738.30037174222, "loss_main": 2.8692813515663147, "loss_total": 2.8692813515663147}
{"event": "update", "optimizer_step": 2240, "tokens_seen": 73400320, "lr": 0.0003, "grad_norm": 0.7295313477516174, "elapsed_seconds": 1228.708664302947, "tokens_per_second": 59737.77359309205, "loss_main": 2.964302957057953, "loss_total": 2.964302957057953}
{"event": "update", "optimizer_step": 2250, "tokens_seen": 73728000, "lr": 0.0003, "grad_norm": 0.658236026763916, "elapsed_seconds": 1234.191134705965, "tokens_per_second": 59737.910868696235, "loss_main": 2.935716211795807, "loss_total": 2.935716211795807}
{"event": "update", "optimizer_step": 2260, "tokens_seen": 74055680, "lr": 0.0003, "grad_norm": 0.6086089015007019, "elapsed_seconds": 1239.6756256839144, "tokens_per_second": 59737.94956172052, "loss_main": 3.0801697373390198, "loss_total": 3.0801697373390198}
{"event": "update", "optimizer_step": 2270, "tokens_seen": 74383360, "lr": 0.0003, "grad_norm": 1.599435567855835, "elapsed_seconds": 1245.1551831799443, "tokens_per_second": 59738.2246042905, "loss_main": 2.7565572261810303, "loss_total": 2.7565572261810303}
{"event": "update", "optimizer_step": 2280, "tokens_seen": 74711040, "lr": 0.0003, "grad_norm": 0.5952274799346924, "elapsed_seconds": 1250.6491559259593, "tokens_per_second": 59737.80867799428, "loss_main": 2.928031623363495, "loss_total": 2.928031623363495}
{"event": "update", "optimizer_step": 2290, "tokens_seen": 75038720, "lr": 0.0003, "grad_norm": 0.582804799079895, "elapsed_seconds": 1256.135089506919, "tokens_per_second": 59737.77870456239, "loss_main": 2.972081959247589, "loss_total": 2.972081959247589}
{"event": "update", "optimizer_step": 2300, "tokens_seen": 75366400, "lr": 0.0003, "grad_norm": 0.6053916811943054, "elapsed_seconds": 1261.6136660409393, "tokens_per_second": 59738.09734996511, "loss_main": 2.9122188687324524, "loss_total": 2.9122188687324524}
{"event": "update", "optimizer_step": 2310, "tokens_seen": 75694080, "lr": 0.0003, "grad_norm": 0.6301414370536804, "elapsed_seconds": 1267.1007751039579, "tokens_per_second": 59738.010967430564, "loss_main": 2.9247543811798096, "loss_total": 2.9247543811798096}
{"event": "update", "optimizer_step": 2320, "tokens_seen": 76021760, "lr": 0.0003, "grad_norm": 0.694029688835144, "elapsed_seconds": 1272.604352632945, "tokens_per_second": 59737.15227573705, "loss_main": 3.0138437151908875, "loss_total": 3.0138437151908875}
{"event": "update", "optimizer_step": 2330, "tokens_seen": 76349440, "lr": 0.0003, "grad_norm": 0.6192588210105896, "elapsed_seconds": 1278.1182651039562, "tokens_per_second": 59735.81794779382, "loss_main": 2.9362889528274536, "loss_total": 2.9362889528274536}
{"event": "update", "optimizer_step": 2340, "tokens_seen": 76677120, "lr": 0.0003, "grad_norm": 0.5983108282089233, "elapsed_seconds": 1283.631964288943, "tokens_per_second": 59734.50500858682, "loss_main": 2.9750481247901917, "loss_total": 2.9750481247901917}
{"event": "update", "optimizer_step": 2350, "tokens_seen": 77004800, "lr": 0.0003, "grad_norm": 0.6079803705215454, "elapsed_seconds": 1289.1182902429136, "tokens_per_second": 59734.47167946836, "loss_main": 2.9277637600898743, "loss_total": 2.9277637600898743}
{"event": "update", "optimizer_step": 2360, "tokens_seen": 77332480, "lr": 0.0003, "grad_norm": 0.5771746039390564, "elapsed_seconds": 1294.631875535939, "tokens_per_second": 59733.1808843241, "loss_main": 3.0061609148979187, "loss_total": 3.0061609148979187}
{"event": "update", "optimizer_step": 2370, "tokens_seen": 77660160, "lr": 0.0003, "grad_norm": 0.5845615863800049, "elapsed_seconds": 1300.130230620969, "tokens_per_second": 59732.60075870084, "loss_main": 2.94731068611145, "loss_total": 2.94731068611145}
{"event": "update", "optimizer_step": 2380, "tokens_seen": 77987840, "lr": 0.0003, "grad_norm": 0.606873095035553, "elapsed_seconds": 1305.6301448379527, "tokens_per_second": 59731.95418958361, "loss_main": 2.823672592639923, "loss_total": 2.823672592639923}
{"event": "update", "optimizer_step": 2390, "tokens_seen": 78315520, "lr": 0.0003, "grad_norm": 0.5908502340316772, "elapsed_seconds": 1311.1415208089165, "tokens_per_second": 59730.7908849403, "loss_main": 3.0707229375839233, "loss_total": 3.0707229375839233}
{"event": "update", "optimizer_step": 2400, "tokens_seen": 78643200, "lr": 0.0003, "grad_norm": 0.5679084658622742, "elapsed_seconds": 1316.6310869669542, "tokens_per_second": 59730.626732478064, "loss_main": 2.911436915397644, "loss_total": 2.911436915397644}
{"event": "update", "optimizer_step": 2410, "tokens_seen": 78970880, "lr": 0.0003, "grad_norm": 0.5786853432655334, "elapsed_seconds": 1322.121325599961, "tokens_per_second": 59730.43356226334, "loss_main": 2.7602638006210327, "loss_total": 2.7602638006210327}
{"event": "update", "optimizer_step": 2420, "tokens_seen": 79298560, "lr": 0.0003, "grad_norm": 0.5936331152915955, "elapsed_seconds": 1327.6373860939639, "tokens_per_second": 59729.080267394354, "loss_main": 2.8233656883239746, "loss_total": 2.8233656883239746}
{"event": "update", "optimizer_step": 2430, "tokens_seen": 79626240, "lr": 0.0003, "grad_norm": 0.5993428230285645, "elapsed_seconds": 1333.122560484917, "tokens_per_second": 59729.121957876356, "loss_main": 2.6567524075508118, "loss_total": 2.6567524075508118}
{"event": "update", "optimizer_step": 2440, "tokens_seen": 79953920, "lr": 0.0003, "grad_norm": 0.5893966555595398, "elapsed_seconds": 1338.623718070914, "tokens_per_second": 59728.45013923802, "loss_main": 2.8122453689575195, "loss_total": 2.8122453689575195}
{"event": "evaluation", "tokens_seen": 80019456, "elapsed_seconds": 1339.7246419319417, "parameters": 71199040, "main_loss": 2.981769807636738, "perplexity": 19.722691144486085}
{"event": "update", "optimizer_step": 2450, "tokens_seen": 80281600, "lr": 0.0003, "grad_norm": 0.713527262210846, "elapsed_seconds": 1347.397179550957, "tokens_per_second": 59582.728254452195, "loss_main": 3.028023660182953, "loss_total": 3.028023660182953}
{"event": "update", "optimizer_step": 2460, "tokens_seen": 80609280, "lr": 0.0003, "grad_norm": 0.6267549395561218, "elapsed_seconds": 1352.8918393619242, "tokens_per_second": 59582.94495886562, "loss_main": 2.8890411853790283, "loss_total": 2.8890411853790283}
{"event": "update", "optimizer_step": 2470, "tokens_seen": 80936960, "lr": 0.0003, "grad_norm": 0.6046462655067444, "elapsed_seconds": 1358.3750021069427, "tokens_per_second": 59583.664212357144, "loss_main": 2.955524742603302, "loss_total": 2.955524742603302}
{"event": "update", "optimizer_step": 2480, "tokens_seen": 81264640, "lr": 0.0003, "grad_norm": 0.6067683100700378, "elapsed_seconds": 1363.877673223964, "tokens_per_second": 59583.52541097389, "loss_main": 2.7714492678642273, "loss_total": 2.7714492678642273}
{"event": "update", "optimizer_step": 2490, "tokens_seen": 81592320, "lr": 0.0003, "grad_norm": 0.5986749529838562, "elapsed_seconds": 1369.3792246369412, "tokens_per_second": 59583.43644481118, "loss_main": 2.8998215198516846, "loss_total": 2.8998215198516846}
{"event": "update", "optimizer_step": 2500, "tokens_seen": 81920000, "lr": 0.0003, "grad_norm": 0.6314258575439453, "elapsed_seconds": 1374.8825883649406, "tokens_per_second": 59583.269650263144, "loss_main": 2.86910480260849, "loss_total": 2.86910480260849}
{"event": "update", "optimizer_step": 2510, "tokens_seen": 82247680, "lr": 0.0003, "grad_norm": 0.6863895058631897, "elapsed_seconds": 1380.3749331779545, "tokens_per_second": 59583.57981091854, "loss_main": 2.9925904273986816, "loss_total": 2.9925904273986816}
{"event": "update", "optimizer_step": 2520, "tokens_seen": 82575360, "lr": 0.0003, "grad_norm": 0.6620908975601196, "elapsed_seconds": 1385.872545769962, "tokens_per_second": 59583.66103148601, "loss_main": 2.8877158164978027, "loss_total": 2.8877158164978027}
{"event": "update", "optimizer_step": 2530, "tokens_seen": 82903040, "lr": 0.0003, "grad_norm": 0.6454110741615295, "elapsed_seconds": 1391.349029053934, "tokens_per_second": 59584.64646097537, "loss_main": 2.8609052300453186, "loss_total": 2.8609052300453186}
{"event": "update", "optimizer_step": 2540, "tokens_seen": 83230720, "lr": 0.0003, "grad_norm": 0.6024736166000366, "elapsed_seconds": 1396.8758959049592, "tokens_per_second": 59583.47498442543, "loss_main": 2.6670982837677, "loss_total": 2.6670982837677}
{"event": "update", "optimizer_step": 2550, "tokens_seen": 83558400, "lr": 0.0003, "grad_norm": 0.5899811387062073, "elapsed_seconds": 1402.3859673319384, "tokens_per_second": 59583.02631833316, "loss_main": 2.8054773807525635, "loss_total": 2.8054773807525635}
{"event": "update", "optimizer_step": 2560, "tokens_seen": 83886080, "lr": 0.0003, "grad_norm": 0.5858665704727173, "elapsed_seconds": 1407.8965027999366, "tokens_per_second": 59582.56152577452, "loss_main": 3.0078465938568115, "loss_total": 3.0078465938568115}
{"event": "update", "optimizer_step": 2570, "tokens_seen": 84213760, "lr": 0.0003, "grad_norm": 0.5583920478820801, "elapsed_seconds": 1413.4004226659308, "tokens_per_second": 59582.3792391101, "loss_main": 2.752251148223877, "loss_total": 2.752251148223877}
{"event": "update", "optimizer_step": 2580, "tokens_seen": 84541440, "lr": 0.0003, "grad_norm": 0.6169390678405762, "elapsed_seconds": 1418.8935376609443, "tokens_per_second": 59582.652084924666, "loss_main": 2.8953446745872498, "loss_total": 2.8953446745872498}
{"event": "update", "optimizer_step": 2590, "tokens_seen": 84869120, "lr": 0.0003, "grad_norm": 0.5691996812820435, "elapsed_seconds": 1424.408088564931, "tokens_per_second": 59582.02616323551, "loss_main": 2.896858334541321, "loss_total": 2.896858334541321}
{"event": "update", "optimizer_step": 2600, "tokens_seen": 85196800, "lr": 0.0003, "grad_norm": 0.5652673244476318, "elapsed_seconds": 1429.902784242935, "tokens_per_second": 59582.23239988138, "loss_main": 2.856639087200165, "loss_total": 2.856639087200165}
{"event": "update", "optimizer_step": 2610, "tokens_seen": 85524480, "lr": 0.0003, "grad_norm": 0.6353830695152283, "elapsed_seconds": 1435.4115729729529, "tokens_per_second": 59581.85206969313, "loss_main": 2.9457709789276123, "loss_total": 2.9457709789276123}
{"event": "update", "optimizer_step": 2620, "tokens_seen": 85852160, "lr": 0.0003, "grad_norm": 0.6095177531242371, "elapsed_seconds": 1440.902158680954, "tokens_per_second": 59582.22734470167, "loss_main": 2.6736915707588196, "loss_total": 2.6736915707588196}
{"event": "update", "optimizer_step": 2630, "tokens_seen": 86179840, "lr": 0.0003, "grad_norm": 0.5899855494499207, "elapsed_seconds": 1446.3982430719188, "tokens_per_second": 59582.373259087886, "loss_main": 3.048620045185089, "loss_total": 3.048620045185089}
{"event": "update", "optimizer_step": 2640, "tokens_seen": 86507520, "lr": 0.0003, "grad_norm": 0.5643377304077148, "elapsed_seconds": 1451.8875544299372, "tokens_per_second": 59582.79602029231, "loss_main": 2.867528021335602, "loss_total": 2.867528021335602}
{"event": "update", "optimizer_step": 2650, "tokens_seen": 86835200, "lr": 0.0003, "grad_norm": 0.5729251503944397, "elapsed_seconds": 1457.3916681429255, "tokens_per_second": 59582.6104252739, "loss_main": 2.8203704357147217, "loss_total": 2.8203704357147217}
{"event": "update", "optimizer_step": 2660, "tokens_seen": 87162880, "lr": 0.0003, "grad_norm": 0.6561558842658997, "elapsed_seconds": 1462.8963494579657, "tokens_per_second": 59582.40310893913, "loss_main": 2.7735642194747925, "loss_total": 2.7735642194747925}
{"event": "update", "optimizer_step": 2670, "tokens_seen": 87490560, "lr": 0.0003, "grad_norm": 0.5743902325630188, "elapsed_seconds": 1468.3831388459657, "tokens_per_second": 59582.92334299121, "loss_main": 2.9214447140693665, "loss_total": 2.9214447140693665}
{"event": "update", "optimizer_step": 2680, "tokens_seen": 87818240, "lr": 0.0003, "grad_norm": 0.6314795613288879, "elapsed_seconds": 1473.8768171699485, "tokens_per_second": 59583.161209240956, "loss_main": 2.73208224773407, "loss_total": 2.73208224773407}
{"event": "update", "optimizer_step": 2690, "tokens_seen": 88145920, "lr": 0.0003, "grad_norm": 0.5602693557739258, "elapsed_seconds": 1479.3646491589607, "tokens_per_second": 59583.6327778362, "loss_main": 2.8576390743255615, "loss_total": 2.8576390743255615}
{"event": "update", "optimizer_step": 2700, "tokens_seen": 88473600, "lr": 0.0003, "grad_norm": 0.5809515714645386, "elapsed_seconds": 1484.8744941389305, "tokens_per_second": 59583.21753738877, "loss_main": 2.8174250721931458, "loss_total": 2.8174250721931458}
{"event": "update", "optimizer_step": 2710, "tokens_seen": 88801280, "lr": 0.0003, "grad_norm": 0.5813470482826233, "elapsed_seconds": 1490.367923219921, "tokens_per_second": 59583.46165163429, "loss_main": 2.7924413681030273, "loss_total": 2.7924413681030273}
{"event": "update", "optimizer_step": 2720, "tokens_seen": 89128960, "lr": 0.0003, "grad_norm": 0.5836365818977356, "elapsed_seconds": 1495.8553863679408, "tokens_per_second": 59583.94161110213, "loss_main": 2.9561755657196045, "loss_total": 2.9561755657196045}
{"event": "update", "optimizer_step": 2730, "tokens_seen": 89456640, "lr": 0.0003, "grad_norm": 0.5693299174308777, "elapsed_seconds": 1501.3291317639523, "tokens_per_second": 59584.96248913452, "loss_main": 2.7492859959602356, "loss_total": 2.7492859959602356}
{"event": "update", "optimizer_step": 2740, "tokens_seen": 89784320, "lr": 0.0003, "grad_norm": 0.5974199771881104, "elapsed_seconds": 1506.8175143839326, "tokens_per_second": 59585.397131986894, "loss_main": 2.8021706342697144, "loss_total": 2.8021706342697144}
{"event": "update", "optimizer_step": 2750, "tokens_seen": 90112000, "lr": 0.0003, "grad_norm": 0.6030898690223694, "elapsed_seconds": 1512.3125375919626, "tokens_per_second": 59585.56697776524, "loss_main": 3.0099704265594482, "loss_total": 3.0099704265594482}
{"event": "update", "optimizer_step": 2760, "tokens_seen": 90439680, "lr": 0.0003, "grad_norm": 0.7933796048164368, "elapsed_seconds": 1517.8103024859447, "tokens_per_second": 59585.627961460945, "loss_main": 2.8015966415405273, "loss_total": 2.8015966415405273}
{"event": "update", "optimizer_step": 2770, "tokens_seen": 90767360, "lr": 0.0003, "grad_norm": 0.5741029977798462, "elapsed_seconds": 1523.2986457999214, "tokens_per_second": 59586.05704158283, "loss_main": 2.7947139739990234, "loss_total": 2.7947139739990234}
{"event": "update", "optimizer_step": 2780, "tokens_seen": 91095040, "lr": 0.0003, "grad_norm": 0.5564607381820679, "elapsed_seconds": 1528.780063084967, "tokens_per_second": 59586.752993217895, "loss_main": 2.8816259503364563, "loss_total": 2.8816259503364563}
{"event": "update", "optimizer_step": 2790, "tokens_seen": 91422720, "lr": 0.0003, "grad_norm": 0.6126431822776794, "elapsed_seconds": 1534.2671954339603, "tokens_per_second": 59587.222011966114, "loss_main": 2.8922280073165894, "loss_total": 2.8922280073165894}
{"event": "update", "optimizer_step": 2800, "tokens_seen": 91750400, "lr": 0.0003, "grad_norm": 0.5894286036491394, "elapsed_seconds": 1539.7912474069162, "tokens_per_second": 59586.25895199246, "loss_main": 2.7628814578056335, "loss_total": 2.7628814578056335}
{"event": "update", "optimizer_step": 2810, "tokens_seen": 92078080, "lr": 0.0003, "grad_norm": 0.6078678369522095, "elapsed_seconds": 1545.3191211709636, "tokens_per_second": 59585.15541451914, "loss_main": 2.8763500452041626, "loss_total": 2.8763500452041626}
{"event": "update", "optimizer_step": 2820, "tokens_seen": 92405760, "lr": 0.0003, "grad_norm": 0.6434333324432373, "elapsed_seconds": 1550.8680371579248, "tokens_per_second": 59583.25130572687, "loss_main": 2.8657345175743103, "loss_total": 2.8657345175743103}
{"event": "update", "optimizer_step": 2830, "tokens_seen": 92733440, "lr": 0.0003, "grad_norm": 0.6191608905792236, "elapsed_seconds": 1556.5613675199565, "tokens_per_second": 59575.83294499378, "loss_main": 3.072248876094818, "loss_total": 3.072248876094818}
{"event": "update", "optimizer_step": 2840, "tokens_seen": 93061120, "lr": 0.0003, "grad_norm": 0.6511501669883728, "elapsed_seconds": 1562.096009481931, "tokens_per_second": 59574.520026373866, "loss_main": 2.920626699924469, "loss_total": 2.920626699924469}
{"event": "update", "optimizer_step": 2850, "tokens_seen": 93388800, "lr": 0.0003, "grad_norm": 0.5521813631057739, "elapsed_seconds": 1567.7746924709645, "tokens_per_second": 59567.743023591116, "loss_main": 2.774830639362335, "loss_total": 2.774830639362335}
{"event": "update", "optimizer_step": 2860, "tokens_seen": 93716480, "lr": 0.0003, "grad_norm": 0.5663899779319763, "elapsed_seconds": 1573.3441658009542, "tokens_per_second": 59565.14921342149, "loss_main": 2.6142762899398804, "loss_total": 2.6142762899398804}
{"event": "update", "optimizer_step": 2870, "tokens_seen": 94044160, "lr": 0.0003, "grad_norm": 0.6142625212669373, "elapsed_seconds": 1579.029670001939, "tokens_per_second": 59558.19690195215, "loss_main": 2.8238404989242554, "loss_total": 2.8238404989242554}
{"event": "update", "optimizer_step": 2880, "tokens_seen": 94371840, "lr": 0.0003, "grad_norm": 0.599554181098938, "elapsed_seconds": 1584.5344350689556, "tokens_per_second": 59558.08716513828, "loss_main": 2.9356236457824707, "loss_total": 2.9356236457824707}
{"event": "update", "optimizer_step": 2890, "tokens_seen": 94699520, "lr": 0.0003, "grad_norm": 0.6343493461608887, "elapsed_seconds": 1590.0265144359437, "tokens_per_second": 59558.45335924748, "loss_main": 2.902145266532898, "loss_total": 2.902145266532898}
{"event": "update", "optimizer_step": 2900, "tokens_seen": 95027200, "lr": 0.0003, "grad_norm": 0.5444860458374023, "elapsed_seconds": 1595.5360622829176, "tokens_per_second": 59558.16496183334, "loss_main": 2.8209140300750732, "loss_total": 2.8209140300750732}
{"event": "update", "optimizer_step": 2910, "tokens_seen": 95354880, "lr": 0.0003, "grad_norm": 0.5744383335113525, "elapsed_seconds": 1601.028448871919, "tokens_per_second": 59558.51694402235, "loss_main": 2.722798705101013, "loss_total": 2.722798705101013}
{"event": "update", "optimizer_step": 2920, "tokens_seen": 95682560, "lr": 0.0003, "grad_norm": 0.5946065783500671, "elapsed_seconds": 1606.5288933139527, "tokens_per_second": 59558.56779060209, "loss_main": 2.8936062455177307, "loss_total": 2.8936062455177307}
{"event": "update", "optimizer_step": 2930, "tokens_seen": 96010240, "lr": 0.0003, "grad_norm": 0.5649532079696655, "elapsed_seconds": 1612.0315794999478, "tokens_per_second": 59558.53546602504, "loss_main": 2.7381412386894226, "loss_total": 2.7381412386894226}
{"event": "update", "optimizer_step": 2940, "tokens_seen": 96337920, "lr": 0.0003, "grad_norm": 0.5819734930992126, "elapsed_seconds": 1617.5273746289313, "tokens_per_second": 59558.75709497676, "loss_main": 2.8692334294319153, "loss_total": 2.8692334294319153}
{"event": "update", "optimizer_step": 2950, "tokens_seen": 96665600, "lr": 0.0003, "grad_norm": 0.5715100169181824, "elapsed_seconds": 1623.0155382329249, "tokens_per_second": 59559.257273190175, "loss_main": 2.8305577635765076, "loss_total": 2.8305577635765076}
{"event": "update", "optimizer_step": 2960, "tokens_seen": 96993280, "lr": 0.0003, "grad_norm": 0.6067490577697754, "elapsed_seconds": 1628.516331382969, "tokens_per_second": 59559.29217954563, "loss_main": 2.789592683315277, "loss_total": 2.789592683315277}
{"event": "update", "optimizer_step": 2970, "tokens_seen": 97320960, "lr": 0.0003, "grad_norm": 0.6923913359642029, "elapsed_seconds": 1634.0060737269232, "tokens_per_second": 59559.72965144827, "loss_main": 2.765740931034088, "loss_total": 2.765740931034088}
{"event": "update", "optimizer_step": 2980, "tokens_seen": 97648640, "lr": 0.0003, "grad_norm": 0.6287372708320618, "elapsed_seconds": 1639.4943238299456, "tokens_per_second": 59560.218404347754, "loss_main": 2.8649821281433105, "loss_total": 2.8649821281433105}
{"event": "update", "optimizer_step": 2990, "tokens_seen": 97976320, "lr": 0.0003, "grad_norm": 0.6122311353683472, "elapsed_seconds": 1644.9819891689112, "tokens_per_second": 59560.72506878951, "loss_main": 2.8460978269577026, "loss_total": 2.8460978269577026}
{"event": "update", "optimizer_step": 3000, "tokens_seen": 98304000, "lr": 0.0003, "grad_norm": 0.5871168971061707, "elapsed_seconds": 1650.474405309942, "tokens_per_second": 59561.05692020078, "loss_main": 2.8727800250053406, "loss_total": 2.8727800250053406}
{"event": "update", "optimizer_step": 3010, "tokens_seen": 98631680, "lr": 0.0003, "grad_norm": 0.6211782693862915, "elapsed_seconds": 1655.969893154921, "tokens_per_second": 59561.27608823182, "loss_main": 2.8584043979644775, "loss_total": 2.8584043979644775}
{"event": "update", "optimizer_step": 3020, "tokens_seen": 98959360, "lr": 0.0003, "grad_norm": 0.5781877636909485, "elapsed_seconds": 1661.4674828439602, "tokens_per_second": 59561.418457982516, "loss_main": 2.7962450981140137, "loss_total": 2.7962450981140137}
{"event": "update", "optimizer_step": 3030, "tokens_seen": 99287040, "lr": 0.0003, "grad_norm": 0.5718442797660828, "elapsed_seconds": 1666.945276198967, "tokens_per_second": 59562.26723075046, "loss_main": 2.693675398826599, "loss_total": 2.693675398826599}
{"event": "update", "optimizer_step": 3040, "tokens_seen": 99614720, "lr": 0.0003, "grad_norm": 0.5911353230476379, "elapsed_seconds": 1672.4380518019316, "tokens_per_second": 59562.57685758364, "loss_main": 2.828596830368042, "loss_total": 2.828596830368042}
{"event": "update", "optimizer_step": 3050, "tokens_seen": 99942400, "lr": 0.0003, "grad_norm": 0.597954273223877, "elapsed_seconds": 1677.9247600729577, "tokens_per_second": 59563.09983509297, "loss_main": 2.890274703502655, "loss_total": 2.890274703502655}
{"event": "update", "optimizer_step": 3060, "tokens_seen": 100270080, "lr": 0.0003, "grad_norm": 0.5933350324630737, "elapsed_seconds": 1683.4180598619278, "tokens_per_second": 59563.38617884618, "loss_main": 3.0022544860839844, "loss_total": 3.0022544860839844}
{"event": "update", "optimizer_step": 3070, "tokens_seen": 100597760, "lr": 0.0003, "grad_norm": 0.5549339652061462, "elapsed_seconds": 1688.9177607679158, "tokens_per_second": 59563.44490939588, "loss_main": 2.8212170004844666, "loss_total": 2.8212170004844666}
{"event": "update", "optimizer_step": 3080, "tokens_seen": 100925440, "lr": 0.0003, "grad_norm": 0.5779242515563965, "elapsed_seconds": 1694.4072025609203, "tokens_per_second": 59563.86389733335, "loss_main": 2.9042530059814453, "loss_total": 2.9042530059814453}
{"event": "update", "optimizer_step": 3090, "tokens_seen": 101253120, "lr": 0.0003, "grad_norm": 0.5615251064300537, "elapsed_seconds": 1699.8918178609456, "tokens_per_second": 59564.44929972755, "loss_main": 2.9147450923919678, "loss_total": 2.9147450923919678}
{"event": "update", "optimizer_step": 3100, "tokens_seen": 101580800, "lr": 0.0003, "grad_norm": 0.5822184681892395, "elapsed_seconds": 1705.369642579928, "tokens_per_second": 59565.26811766503, "loss_main": 2.9219919443130493, "loss_total": 2.9219919443130493}
{"event": "update", "optimizer_step": 3110, "tokens_seen": 101908480, "lr": 0.0003, "grad_norm": 0.6761536598205566, "elapsed_seconds": 1710.8543909969158, "tokens_per_second": 59565.84063277172, "loss_main": 3.0091724395751953, "loss_total": 3.0091724395751953}
{"event": "update", "optimizer_step": 3120, "tokens_seen": 102236160, "lr": 0.0003, "grad_norm": 0.5681469440460205, "elapsed_seconds": 1716.3435930839623, "tokens_per_second": 59566.25492236081, "loss_main": 2.7943095564842224, "loss_total": 2.7943095564842224}
{"event": "update", "optimizer_step": 3130, "tokens_seen": 102563840, "lr": 0.0003, "grad_norm": 0.5774797797203064, "elapsed_seconds": 1721.850092396955, "tokens_per_second": 59566.06818031575, "loss_main": 2.8390769958496094, "loss_total": 2.8390769958496094}
{"event": "update", "optimizer_step": 3140, "tokens_seen": 102891520, "lr": 0.0003, "grad_norm": 0.9251592755317688, "elapsed_seconds": 1727.3431573509588, "tokens_per_second": 59566.345900714776, "loss_main": 2.8799744248390198, "loss_total": 2.8799744248390198}
{"event": "update", "optimizer_step": 3150, "tokens_seen": 103219200, "lr": 0.0003, "grad_norm": 0.580837607383728, "elapsed_seconds": 1732.82585285994, "tokens_per_second": 59566.97831443478, "loss_main": 2.881316125392914, "loss_total": 2.881316125392914}
{"event": "update", "optimizer_step": 3160, "tokens_seen": 103546880, "lr": 0.0003, "grad_norm": 0.6158419847488403, "elapsed_seconds": 1738.3156449659145, "tokens_per_second": 59567.36355670916, "loss_main": 2.9158360362052917, "loss_total": 2.9158360362052917}
{"event": "update", "optimizer_step": 3170, "tokens_seen": 103874560, "lr": 0.0003, "grad_norm": 0.6136403679847717, "elapsed_seconds": 1743.8132984899567, "tokens_per_second": 59567.47783145677, "loss_main": 2.8673075437545776, "loss_total": 2.8673075437545776}
{"event": "update", "optimizer_step": 3180, "tokens_seen": 104202240, "lr": 0.0003, "grad_norm": 0.574346125125885, "elapsed_seconds": 1749.3047291189432, "tokens_per_second": 59567.80329090096, "loss_main": 2.718416392803192, "loss_total": 2.718416392803192}
{"event": "update", "optimizer_step": 3190, "tokens_seen": 104529920, "lr": 0.0003, "grad_norm": 0.5556563138961792, "elapsed_seconds": 1754.7807623439585, "tokens_per_second": 59568.64939661953, "loss_main": 3.0300709009170532, "loss_total": 3.0300709009170532}
{"event": "update", "optimizer_step": 3200, "tokens_seen": 104857600, "lr": 0.0003, "grad_norm": 0.6206607818603516, "elapsed_seconds": 1760.2531973609584, "tokens_per_second": 59569.61200650377, "loss_main": 2.837032437324524, "loss_total": 2.837032437324524}
{"event": "update", "optimizer_step": 3210, "tokens_seen": 105185280, "lr": 0.0003, "grad_norm": 0.5917852520942688, "elapsed_seconds": 1765.750205339922, "tokens_per_second": 59569.7396392209, "loss_main": 2.5313735008239746, "loss_total": 2.5313735008239746}
{"event": "update", "optimizer_step": 3220, "tokens_seen": 105512960, "lr": 0.0003, "grad_norm": 0.5993551015853882, "elapsed_seconds": 1771.239781459968, "tokens_per_second": 59570.11642603777, "loss_main": 2.7424113154411316, "loss_total": 2.7424113154411316}
{"event": "update", "optimizer_step": 3230, "tokens_seen": 105840640, "lr": 0.0003, "grad_norm": 0.5817762613296509, "elapsed_seconds": 1776.7395800209488, "tokens_per_second": 59570.1481467262, "loss_main": 2.7710132002830505, "loss_total": 2.7710132002830505}
{"event": "update", "optimizer_step": 3240, "tokens_seen": 106168320, "lr": 0.0003, "grad_norm": 0.7026144862174988, "elapsed_seconds": 1782.2124916959438, "tokens_per_second": 59571.07836168896, "loss_main": 2.68257474899292, "loss_total": 2.68257474899292}
{"event": "update", "optimizer_step": 3250, "tokens_seen": 106496000, "lr": 0.0003, "grad_norm": 0.5579648017883301, "elapsed_seconds": 1787.7057574969367, "tokens_per_second": 59571.324617262966, "loss_main": 2.645452320575714, "loss_total": 2.645452320575714}
{"event": "update", "optimizer_step": 3260, "tokens_seen": 106823680, "lr": 0.0003, "grad_norm": 0.634948194026947, "elapsed_seconds": 1793.1851957299514, "tokens_per_second": 59572.02873098409, "loss_main": 2.7071213722229004, "loss_total": 2.7071213722229004}
{"event": "update", "optimizer_step": 3270, "tokens_seen": 107151360, "lr": 0.0003, "grad_norm": 0.5809345245361328, "elapsed_seconds": 1798.6499111249577, "tokens_per_second": 59573.21618690246, "loss_main": 2.801601827144623, "loss_total": 2.801601827144623}
{"event": "update", "optimizer_step": 3280, "tokens_seen": 107479040, "lr": 0.0003, "grad_norm": 0.5943108797073364, "elapsed_seconds": 1804.1360708279535, "tokens_per_second": 59573.68833642118, "loss_main": 2.9453731775283813, "loss_total": 2.9453731775283813}
{"event": "update", "optimizer_step": 3290, "tokens_seen": 107806720, "lr": 0.0003, "grad_norm": 0.5417805314064026, "elapsed_seconds": 1809.6344877679367, "tokens_per_second": 59573.75410819695, "loss_main": 2.7686989307403564, "loss_total": 2.7686989307403564}
{"event": "update", "optimizer_step": 3300, "tokens_seen": 108134400, "lr": 0.0003, "grad_norm": 0.5821820497512817, "elapsed_seconds": 1815.1114551029168, "tokens_per_second": 59574.52347953409, "loss_main": 2.750797688961029, "loss_total": 2.750797688961029}
{"event": "update", "optimizer_step": 3310, "tokens_seen": 108462080, "lr": 0.0003, "grad_norm": 0.6152384281158447, "elapsed_seconds": 1820.5947930379189, "tokens_per_second": 59575.07975677319, "loss_main": 2.9487202763557434, "loss_total": 2.9487202763557434}
{"event": "update", "optimizer_step": 3320, "tokens_seen": 108789760, "lr": 0.0003, "grad_norm": 0.5903387665748596, "elapsed_seconds": 1826.085339401965, "tokens_per_second": 59575.39751982685, "loss_main": 2.9756714701652527, "loss_total": 2.9756714701652527}
{"event": "update", "optimizer_step": 3330, "tokens_seen": 109117440, "lr": 0.0003, "grad_norm": 0.5712418556213379, "elapsed_seconds": 1831.570794612926, "tokens_per_second": 59575.87897827355, "loss_main": 2.791749060153961, "loss_total": 2.791749060153961}
{"event": "update", "optimizer_step": 3340, "tokens_seen": 109445120, "lr": 0.0003, "grad_norm": 0.554304838180542, "elapsed_seconds": 1837.0532676899456, "tokens_per_second": 59576.45427322031, "loss_main": 2.7774962186813354, "loss_total": 2.7774962186813354}
{"event": "update", "optimizer_step": 3350, "tokens_seen": 109772800, "lr": 0.0003, "grad_norm": 0.5797815918922424, "elapsed_seconds": 1842.5501012799214, "tokens_per_second": 59576.561811668886, "loss_main": 2.8640767335891724, "loss_total": 2.8640767335891724}
{"event": "update", "optimizer_step": 3360, "tokens_seen": 110100480, "lr": 0.0003, "grad_norm": 0.6058061122894287, "elapsed_seconds": 1848.0411597629427, "tokens_per_second": 59576.85488678354, "loss_main": 2.8133938908576965, "loss_total": 2.8133938908576965}
{"event": "update", "optimizer_step": 3370, "tokens_seen": 110428160, "lr": 0.0003, "grad_norm": 0.72359699010849, "elapsed_seconds": 1853.551084318955, "tokens_per_second": 59576.53982899225, "loss_main": 2.7838591933250427, "loss_total": 2.7838591933250427}
{"event": "update", "optimizer_step": 3380, "tokens_seen": 110755840, "lr": 0.0003, "grad_norm": 0.569263219833374, "elapsed_seconds": 1859.0390692559304, "tokens_per_second": 59576.92973302029, "loss_main": 2.701812505722046, "loss_total": 2.701812505722046}
{"event": "update", "optimizer_step": 3390, "tokens_seen": 111083520, "lr": 0.0003, "grad_norm": 0.5760062336921692, "elapsed_seconds": 1864.5350878279423, "tokens_per_second": 59577.060643790195, "loss_main": 2.8936941623687744, "loss_total": 2.8936941623687744}
{"event": "update", "optimizer_step": 3400, "tokens_seen": 111411200, "lr": 0.0003, "grad_norm": 0.5710610747337341, "elapsed_seconds": 1870.0233736849623, "tokens_per_second": 59577.437142114104, "loss_main": 2.7276973724365234, "loss_total": 2.7276973724365234}
{"event": "update", "optimizer_step": 3410, "tokens_seen": 111738880, "lr": 0.0003, "grad_norm": 0.6115677952766418, "elapsed_seconds": 1875.5016097759362, "tokens_per_second": 59578.1306811831, "loss_main": 2.7296807169914246, "loss_total": 2.7296807169914246}
{"event": "update", "optimizer_step": 3420, "tokens_seen": 112066560, "lr": 0.0003, "grad_norm": 0.6299004554748535, "elapsed_seconds": 1880.9929561839672, "tokens_per_second": 59578.404922553855, "loss_main": 2.7927269339561462, "loss_total": 2.7927269339561462}
{"event": "update", "optimizer_step": 3430, "tokens_seen": 112394240, "lr": 0.0003, "grad_norm": 0.5725535154342651, "elapsed_seconds": 1886.51079587196, "tokens_per_second": 59577.84087212208, "loss_main": 2.7874314188957214, "loss_total": 2.7874314188957214}
{"event": "update", "optimizer_step": 3440, "tokens_seen": 112721920, "lr": 0.0003, "grad_norm": 0.9345656633377075, "elapsed_seconds": 1891.9920784639544, "tokens_per_second": 59578.43126463573, "loss_main": 2.783209443092346, "loss_total": 2.783209443092346}
{"event": "update", "optimizer_step": 3450, "tokens_seen": 113049600, "lr": 0.0003, "grad_norm": 0.605268120765686, "elapsed_seconds": 1897.4817525829421, "tokens_per_second": 59578.754760677686, "loss_main": 2.675637364387512, "loss_total": 2.675637364387512}
{"event": "update", "optimizer_step": 3460, "tokens_seen": 113377280, "lr": 0.0003, "grad_norm": 0.5610297918319702, "elapsed_seconds": 1902.965369133919, "tokens_per_second": 59579.266043922005, "loss_main": 2.898767411708832, "loss_total": 2.898767411708832}
{"event": "update", "optimizer_step": 3470, "tokens_seen": 113704960, "lr": 0.0003, "grad_norm": 0.566644549369812, "elapsed_seconds": 1908.4561157979188, "tokens_per_second": 59579.55179517469, "loss_main": 2.777618408203125, "loss_total": 2.777618408203125}
{"event": "update", "optimizer_step": 3480, "tokens_seen": 114032640, "lr": 0.0003, "grad_norm": 0.5799465775489807, "elapsed_seconds": 1913.9710642279242, "tokens_per_second": 59579.08253226366, "loss_main": 2.884659767150879, "loss_total": 2.884659767150879}
{"event": "update", "optimizer_step": 3490, "tokens_seen": 114360320, "lr": 0.0003, "grad_norm": 0.5714239478111267, "elapsed_seconds": 1919.4510221959208, "tokens_per_second": 59579.702048957566, "loss_main": 2.733758270740509, "loss_total": 2.733758270740509}
{"event": "update", "optimizer_step": 3500, "tokens_seen": 114688000, "lr": 0.0003, "grad_norm": 0.5857159495353699, "elapsed_seconds": 1924.9520976759377, "tokens_per_second": 59579.66441786622, "loss_main": 2.7520057559013367, "loss_total": 2.7520057559013367}
{"event": "update", "optimizer_step": 3510, "tokens_seen": 115015680, "lr": 0.0003, "grad_norm": 0.6114155054092407, "elapsed_seconds": 1930.4478306969395, "tokens_per_second": 59579.79188615343, "loss_main": 2.791425406932831, "loss_total": 2.791425406932831}
{"event": "update", "optimizer_step": 3520, "tokens_seen": 115343360, "lr": 0.0003, "grad_norm": 0.5543015003204346, "elapsed_seconds": 1935.9394416009309, "tokens_per_second": 59580.045491824094, "loss_main": 2.9510728120803833, "loss_total": 2.9510728120803833}
{"event": "update", "optimizer_step": 3530, "tokens_seen": 115671040, "lr": 0.0003, "grad_norm": 0.5706260800361633, "elapsed_seconds": 1941.4217260589357, "tokens_per_second": 59580.58388210732, "loss_main": 2.788840174674988, "loss_total": 2.788840174674988}
{"event": "update", "optimizer_step": 3540, "tokens_seen": 115998720, "lr": 0.0003, "grad_norm": 0.5991441011428833, "elapsed_seconds": 1946.9215779649676, "tokens_per_second": 59580.58162838198, "loss_main": 2.8139638900756836, "loss_total": 2.8139638900756836}
{"event": "update", "optimizer_step": 3550, "tokens_seen": 116326400, "lr": 0.0003, "grad_norm": 0.5996975898742676, "elapsed_seconds": 1952.404977501952, "tokens_per_second": 59581.08145618252, "loss_main": 2.6674307584762573, "loss_total": 2.6674307584762573}
{"event": "update", "optimizer_step": 3560, "tokens_seen": 116654080, "lr": 0.0003, "grad_norm": 0.578295111656189, "elapsed_seconds": 1957.895370227925, "tokens_per_second": 59581.36567145563, "loss_main": 2.744920074939728, "loss_total": 2.744920074939728}
{"event": "update", "optimizer_step": 3570, "tokens_seen": 116981760, "lr": 0.0003, "grad_norm": 0.5455581545829773, "elapsed_seconds": 1963.377576641913, "tokens_per_second": 59581.896723136255, "loss_main": 2.793841540813446, "loss_total": 2.793841540813446}
{"event": "update", "optimizer_step": 3580, "tokens_seen": 117309440, "lr": 0.0003, "grad_norm": 0.5764070749282837, "elapsed_seconds": 1968.864366552967, "tokens_per_second": 59582.28611013063, "loss_main": 2.9395523071289062, "loss_total": 2.9395523071289062}
{"event": "update", "optimizer_step": 3590, "tokens_seen": 117637120, "lr": 0.0003, "grad_norm": 0.5494738817214966, "elapsed_seconds": 1974.3371948299464, "tokens_per_second": 59583.094675037166, "loss_main": 2.801480233669281, "loss_total": 2.801480233669281}
{"event": "update", "optimizer_step": 3600, "tokens_seen": 117964800, "lr": 0.0003, "grad_norm": 0.603507399559021, "elapsed_seconds": 1979.8287216489553, "tokens_per_second": 59583.33602805284, "loss_main": 3.03297221660614, "loss_total": 3.03297221660614}
{"event": "update", "optimizer_step": 3610, "tokens_seen": 118292480, "lr": 0.0003, "grad_norm": 0.642522394657135, "elapsed_seconds": 1985.3153740159469, "tokens_per_second": 59583.722338640306, "loss_main": 2.73261296749115, "loss_total": 2.73261296749115}
{"event": "update", "optimizer_step": 3620, "tokens_seen": 118620160, "lr": 0.0003, "grad_norm": 0.5820411443710327, "elapsed_seconds": 1990.8092533159652, "tokens_per_second": 59583.89022073405, "loss_main": 2.8221608996391296, "loss_total": 2.8221608996391296}
{"event": "update", "optimizer_step": 3630, "tokens_seen": 118947840, "lr": 0.0003, "grad_norm": 0.6169670224189758, "elapsed_seconds": 1996.2901598369353, "tokens_per_second": 59584.44438243192, "loss_main": 2.808798313140869, "loss_total": 2.808798313140869}
{"event": "update", "optimizer_step": 3640, "tokens_seen": 119275520, "lr": 0.0003, "grad_norm": 0.5312983393669128, "elapsed_seconds": 2001.773510949919, "tokens_per_second": 59584.92274353214, "loss_main": 2.5872961282730103, "loss_total": 2.5872961282730103}
{"event": "update", "optimizer_step": 3650, "tokens_seen": 119603200, "lr": 0.0003, "grad_norm": 0.5824688076972961, "elapsed_seconds": 2007.2603093149373, "tokens_per_second": 59585.29615962947, "loss_main": 2.7083272337913513, "loss_total": 2.7083272337913513}
{"event": "update", "optimizer_step": 3660, "tokens_seen": 119930880, "lr": 0.0003, "grad_norm": 0.5681120753288269, "elapsed_seconds": 2012.7310206789407, "tokens_per_second": 59586.14378564332, "loss_main": 2.747759461402893, "loss_total": 2.747759461402893}
{"event": "evaluation", "tokens_seen": 120029184, "elapsed_seconds": 2014.3759723379626, "parameters": 71199040, "main_loss": 2.864050008356571, "perplexity": 17.532389667056062}
{"event": "update", "optimizer_step": 3670, "tokens_seen": 120258560, "lr": 0.0003, "grad_norm": 0.5314764976501465, "elapsed_seconds": 2020.6364072919241, "tokens_per_second": 59515.19014802453, "loss_main": 2.8793981075286865, "loss_total": 2.8793981075286865}
{"event": "update", "optimizer_step": 3680, "tokens_seen": 120586240, "lr": 0.0003, "grad_norm": 0.5483488440513611, "elapsed_seconds": 2026.130047036917, "tokens_per_second": 59515.54796610885, "loss_main": 2.86926531791687, "loss_total": 2.86926531791687}
{"event": "update", "optimizer_step": 3690, "tokens_seen": 120913920, "lr": 0.0003, "grad_norm": 0.6265723705291748, "elapsed_seconds": 2031.6341872539488, "tokens_per_second": 59515.59624197547, "loss_main": 2.733752131462097, "loss_total": 2.733752131462097}
{"event": "update", "optimizer_step": 3700, "tokens_seen": 121241600, "lr": 0.0003, "grad_norm": 0.5640115141868591, "elapsed_seconds": 2037.1205365269561, "tokens_per_second": 59516.16402959751, "loss_main": 2.812796950340271, "loss_total": 2.812796950340271}
{"event": "update", "optimizer_step": 3710, "tokens_seen": 121569280, "lr": 0.0003, "grad_norm": 0.5899209380149841, "elapsed_seconds": 2042.5895783139276, "tokens_per_second": 59517.23307055662, "loss_main": 2.8950591683387756, "loss_total": 2.8950591683387756}
{"event": "update", "optimizer_step": 3720, "tokens_seen": 121896960, "lr": 0.0003, "grad_norm": 0.5777544975280762, "elapsed_seconds": 2048.068422186945, "tokens_per_second": 59518.011546624686, "loss_main": 2.8035945892333984, "loss_total": 2.8035945892333984}
{"event": "update", "optimizer_step": 3730, "tokens_seen": 122224640, "lr": 0.0003, "grad_norm": 0.6535984873771667, "elapsed_seconds": 2053.5661003649584, "tokens_per_second": 59518.239991533905, "loss_main": 2.877864122390747, "loss_total": 2.877864122390747}
{"event": "update", "optimizer_step": 3740, "tokens_seen": 122552320, "lr": 0.0003, "grad_norm": 0.5996648669242859, "elapsed_seconds": 2059.0510549359606, "tokens_per_second": 59518.83500227805, "loss_main": 2.813220977783203, "loss_total": 2.813220977783203}
{"event": "update", "optimizer_step": 3750, "tokens_seen": 122880000, "lr": 0.0003, "grad_norm": 0.5587807297706604, "elapsed_seconds": 2064.538509510923, "tokens_per_second": 59519.354777794644, "loss_main": 2.648766875267029, "loss_total": 2.648766875267029}
{"event": "update", "optimizer_step": 3760, "tokens_seen": 123207680, "lr": 0.0003, "grad_norm": 0.6103580594062805, "elapsed_seconds": 2070.0256734829163, "tokens_per_second": 59519.88015332063, "loss_main": 2.848235785961151, "loss_total": 2.848235785961151}
{"event": "update", "optimizer_step": 3770, "tokens_seen": 123535360, "lr": 0.0003, "grad_norm": 0.5836732983589172, "elapsed_seconds": 2075.529894360923, "tokens_per_second": 59519.913606466165, "loss_main": 2.8697149753570557, "loss_total": 2.8697149753570557}
{"event": "update", "optimizer_step": 3780, "tokens_seen": 123863040, "lr": 0.0003, "grad_norm": 0.5466045141220093, "elapsed_seconds": 2081.022935048968, "tokens_per_second": 59520.2666505381, "loss_main": 2.911973476409912, "loss_total": 2.911973476409912}
{"event": "update", "optimizer_step": 3790, "tokens_seen": 124190720, "lr": 0.0003, "grad_norm": 0.5642116665840149, "elapsed_seconds": 2086.507689225953, "tokens_per_second": 59520.85422032254, "loss_main": 2.7580280900001526, "loss_total": 2.7580280900001526}
{"event": "update", "optimizer_step": 3800, "tokens_seen": 124518400, "lr": 0.0003, "grad_norm": 0.5822567939758301, "elapsed_seconds": 2092.0044147159206, "tokens_per_second": 59521.098102897035, "loss_main": 2.6146148443222046, "loss_total": 2.6146148443222046}
{"event": "update", "optimizer_step": 3810, "tokens_seen": 124846080, "lr": 0.0003, "grad_norm": 0.5751945376396179, "elapsed_seconds": 2097.502218474925, "tokens_per_second": 59521.31010892301, "loss_main": 2.599524676799774, "loss_total": 2.599524676799774}
{"event": "update", "optimizer_step": 3820, "tokens_seen": 125173760, "lr": 0.0003, "grad_norm": 0.6042448282241821, "elapsed_seconds": 2102.999949426914, "tokens_per_second": 59521.52306713604, "loss_main": 2.9576944708824158, "loss_total": 2.9576944708824158}
{"event": "update", "optimizer_step": 3830, "tokens_seen": 125501440, "lr": 0.0003, "grad_norm": 0.6042175889015198, "elapsed_seconds": 2108.5042744839448, "tokens_per_second": 59521.54876741543, "loss_main": 2.7576611638069153, "loss_total": 2.7576611638069153}
{"event": "update", "optimizer_step": 3840, "tokens_seen": 125829120, "lr": 0.0003, "grad_norm": 0.6256096959114075, "elapsed_seconds": 2113.996702116914, "tokens_per_second": 59521.909317075675, "loss_main": 2.7492891550064087, "loss_total": 2.7492891550064087}
{"event": "update", "optimizer_step": 3850, "tokens_seen": 126156800, "lr": 0.0003, "grad_norm": 0.5941963791847229, "elapsed_seconds": 2119.4932951879455, "tokens_per_second": 59522.151019030745, "loss_main": 2.9678930044174194, "loss_total": 2.9678930044174194}
{"event": "update", "optimizer_step": 3860, "tokens_seen": 126484480, "lr": 0.0003, "grad_norm": 0.6222371459007263, "elapsed_seconds": 2125.0024405029253, "tokens_per_second": 59522.03987590003, "loss_main": 2.7872023582458496, "loss_total": 2.7872023582458496}
{"event": "update", "optimizer_step": 3870, "tokens_seen": 126812160, "lr": 0.0003, "grad_norm": 0.5986159443855286, "elapsed_seconds": 2130.4990423459676, "tokens_per_second": 59522.27974736035, "loss_main": 2.9900342226028442, "loss_total": 2.9900342226028442}
{"event": "update", "optimizer_step": 3880, "tokens_seen": 127139840, "lr": 0.0003, "grad_norm": 0.5858008861541748, "elapsed_seconds": 2135.9891974799684, "tokens_per_second": 59522.698031431566, "loss_main": 2.778992712497711, "loss_total": 2.778992712497711}
{"event": "update", "optimizer_step": 3890, "tokens_seen": 127467520, "lr": 0.0003, "grad_norm": 0.6192588806152344, "elapsed_seconds": 2141.4768638119567, "tokens_per_second": 59523.183347916354, "loss_main": 2.7825737595558167, "loss_total": 2.7825737595558167}
{"event": "update", "optimizer_step": 3900, "tokens_seen": 127795200, "lr": 0.0003, "grad_norm": 0.6190979480743408, "elapsed_seconds": 2146.97789212293, "tokens_per_second": 59523.29573064966, "loss_main": 2.901053309440613, "loss_total": 2.901053309440613}
{"event": "update", "optimizer_step": 3910, "tokens_seen": 128122880, "lr": 0.0003, "grad_norm": 0.6108980178833008, "elapsed_seconds": 2152.4694451679243, "tokens_per_second": 59523.66956363672, "loss_main": 2.7802547812461853, "loss_total": 2.7802547812461853}
{"event": "update", "optimizer_step": 3920, "tokens_seen": 128450560, "lr": 0.0003, "grad_norm": 0.6086231470108032, "elapsed_seconds": 2157.9587916689343, "tokens_per_second": 59524.10235816328, "loss_main": 2.767005681991577, "loss_total": 2.767005681991577}
{"event": "update", "optimizer_step": 3930, "tokens_seen": 128778240, "lr": 0.0003, "grad_norm": 0.6165632009506226, "elapsed_seconds": 2163.4479007409536, "tokens_per_second": 59524.53948897733, "loss_main": 2.8431190252304077, "loss_total": 2.8431190252304077}
{"event": "update", "optimizer_step": 3940, "tokens_seen": 129105920, "lr": 0.0003, "grad_norm": 0.5493586659431458, "elapsed_seconds": 2168.920057360956, "tokens_per_second": 59525.43965916856, "loss_main": 2.7077691555023193, "loss_total": 2.7077691555023193}
{"event": "update", "optimizer_step": 3950, "tokens_seen": 129433600, "lr": 0.0003, "grad_norm": 0.6331853866577148, "elapsed_seconds": 2174.4132685389486, "tokens_per_second": 59525.75891287225, "loss_main": 2.741441547870636, "loss_total": 2.741441547870636}
{"event": "update", "optimizer_step": 3960, "tokens_seen": 129761280, "lr": 0.0003, "grad_norm": 0.5986809134483337, "elapsed_seconds": 2179.9184652899276, "tokens_per_second": 59525.749272802204, "loss_main": 2.9263411164283752, "loss_total": 2.9263411164283752}
{"event": "update", "optimizer_step": 3970, "tokens_seen": 130088960, "lr": 0.0003, "grad_norm": 0.5915769338607788, "elapsed_seconds": 2185.3994659719174, "tokens_per_second": 59526.39873193401, "loss_main": 2.7513387203216553, "loss_total": 2.7513387203216553}
{"event": "update", "optimizer_step": 3980, "tokens_seen": 130416640, "lr": 0.0003, "grad_norm": 0.5347059369087219, "elapsed_seconds": 2190.8849403029308, "tokens_per_second": 59526.92339104191, "loss_main": 2.68354070186615, "loss_total": 2.68354070186615}
{"event": "update", "optimizer_step": 3990, "tokens_seen": 130744320, "lr": 0.0003, "grad_norm": 0.5864120125770569, "elapsed_seconds": 2196.390615237935, "tokens_per_second": 59526.897944715754, "loss_main": 2.7339194416999817, "loss_total": 2.7339194416999817}
{"event": "update", "optimizer_step": 4000, "tokens_seen": 131072000, "lr": 0.0003, "grad_norm": 0.5661736130714417, "elapsed_seconds": 2201.8759781219414, "tokens_per_second": 59527.42175415165, "loss_main": 2.638438642024994, "loss_total": 2.638438642024994}
{"event": "update", "optimizer_step": 4010, "tokens_seen": 131399680, "lr": 0.0003, "grad_norm": 0.6419669389724731, "elapsed_seconds": 2207.3748412749264, "tokens_per_second": 59527.57888828103, "loss_main": 2.6303694248199463, "loss_total": 2.6303694248199463}
{"event": "update", "optimizer_step": 4020, "tokens_seen": 131727360, "lr": 0.0003, "grad_norm": 0.5776265859603882, "elapsed_seconds": 2212.8642246359377, "tokens_per_second": 59527.990255105644, "loss_main": 2.8574490547180176, "loss_total": 2.8574490547180176}
{"event": "update", "optimizer_step": 4030, "tokens_seen": 132055040, "lr": 0.0003, "grad_norm": 0.6281875371932983, "elapsed_seconds": 2218.353968668962, "tokens_per_second": 59528.38990760098, "loss_main": 2.8594465255737305, "loss_total": 2.8594465255737305}
{"event": "update", "optimizer_step": 4040, "tokens_seen": 132382720, "lr": 0.0003, "grad_norm": 0.5448755621910095, "elapsed_seconds": 2223.846159750945, "tokens_per_second": 59528.72208337735, "loss_main": 2.6760993003845215, "loss_total": 2.6760993003845215}
{"event": "update", "optimizer_step": 4050, "tokens_seen": 132710400, "lr": 0.0003, "grad_norm": 0.6187646985054016, "elapsed_seconds": 2229.3303938499303, "tokens_per_second": 59529.26509507479, "loss_main": 2.890883147716522, "loss_total": 2.890883147716522}
{"event": "update", "optimizer_step": 4060, "tokens_seen": 133038080, "lr": 0.0003, "grad_norm": 0.5866284966468811, "elapsed_seconds": 2234.8073623439413, "tokens_per_second": 59529.99897962801, "loss_main": 2.716292977333069, "loss_total": 2.716292977333069}
{"event": "update", "optimizer_step": 4070, "tokens_seen": 133365760, "lr": 0.0003, "grad_norm": 0.5872905254364014, "elapsed_seconds": 2240.3022996729123, "tokens_per_second": 59530.25179658639, "loss_main": 2.9812750220298767, "loss_total": 2.9812750220298767}
{"event": "update", "optimizer_step": 4080, "tokens_seen": 133693440, "lr": 0.0003, "grad_norm": 0.5610090494155884, "elapsed_seconds": 2245.797354057955, "tokens_per_second": 59530.50027351217, "loss_main": 2.9729742407798767, "loss_total": 2.9729742407798767}
{"event": "update", "optimizer_step": 4090, "tokens_seen": 134021120, "lr": 0.0003, "grad_norm": 0.6630412936210632, "elapsed_seconds": 2251.298411907919, "tokens_per_second": 59530.588788725014, "loss_main": 2.8192989230155945, "loss_total": 2.8192989230155945}
{"event": "update", "optimizer_step": 4100, "tokens_seen": 134348800, "lr": 0.0003, "grad_norm": 0.5916663408279419, "elapsed_seconds": 2256.789429630968, "tokens_per_second": 59530.94171571374, "loss_main": 2.726035416126251, "loss_total": 2.726035416126251}
{"event": "update", "optimizer_step": 4110, "tokens_seen": 134676480, "lr": 0.0003, "grad_norm": 0.5842697620391846, "elapsed_seconds": 2262.2781518539414, "tokens_per_second": 59531.353334970045, "loss_main": 2.7320846915245056, "loss_total": 2.7320846915245056}
{"event": "update", "optimizer_step": 4120, "tokens_seen": 135004160, "lr": 0.0003, "grad_norm": 0.5689136385917664, "elapsed_seconds": 2267.7637705099187, "tokens_per_second": 59531.84443441549, "loss_main": 2.8331680297851562, "loss_total": 2.8331680297851562}
{"event": "update", "optimizer_step": 4130, "tokens_seen": 135331840, "lr": 0.0003, "grad_norm": 0.8383180499076843, "elapsed_seconds": 2273.254591732926, "tokens_per_second": 59532.19691809139, "loss_main": 2.8473644256591797, "loss_total": 2.8473644256591797}
{"event": "update", "optimizer_step": 4140, "tokens_seen": 135659520, "lr": 0.0003, "grad_norm": 0.8777023553848267, "elapsed_seconds": 2278.7487334839534, "tokens_per_second": 59532.46095395155, "loss_main": 2.8837311267852783, "loss_total": 2.8837311267852783}
{"event": "update", "optimizer_step": 4150, "tokens_seen": 135987200, "lr": 0.0003, "grad_norm": 0.6002691388130188, "elapsed_seconds": 2284.254862233938, "tokens_per_second": 59532.41131202333, "loss_main": 2.815235674381256, "loss_total": 2.815235674381256}
{"event": "update", "optimizer_step": 4160, "tokens_seen": 136314880, "lr": 0.0003, "grad_norm": 0.5825214982032776, "elapsed_seconds": 2289.739605555951, "tokens_per_second": 59532.91792186239, "loss_main": 2.714665949344635, "loss_total": 2.714665949344635}
{"event": "update", "optimizer_step": 4170, "tokens_seen": 136642560, "lr": 0.0003, "grad_norm": 0.6357517242431641, "elapsed_seconds": 2295.2310449249344, "tokens_per_second": 59533.248429231186, "loss_main": 2.9140374064445496, "loss_total": 2.9140374064445496}
{"event": "update", "optimizer_step": 4180, "tokens_seen": 136970240, "lr": 0.0003, "grad_norm": 0.599550187587738, "elapsed_seconds": 2300.7302399789332, "tokens_per_second": 59533.376673161896, "loss_main": 2.7165335416793823, "loss_total": 2.7165335416793823}
{"event": "update", "optimizer_step": 4190, "tokens_seen": 137297920, "lr": 0.0003, "grad_norm": 0.5507239699363708, "elapsed_seconds": 2306.2294792419416, "tokens_per_second": 59533.50316427742, "loss_main": 2.8739381432533264, "loss_total": 2.8739381432533264}
{"event": "update", "optimizer_step": 4200, "tokens_seen": 137625600, "lr": 0.0003, "grad_norm": 0.5367640256881714, "elapsed_seconds": 2311.7223962669377, "tokens_per_second": 59533.7918697519, "loss_main": 2.879126012325287, "loss_total": 2.879126012325287}
{"event": "update", "optimizer_step": 4210, "tokens_seen": 137953280, "lr": 0.0003, "grad_norm": 0.6044091582298279, "elapsed_seconds": 2317.2026273949305, "tokens_per_second": 59534.40513533824, "loss_main": 2.698692262172699, "loss_total": 2.698692262172699}
{"event": "update", "optimizer_step": 4220, "tokens_seen": 138280960, "lr": 0.0003, "grad_norm": 0.6038508415222168, "elapsed_seconds": 2322.7003206519294, "tokens_per_second": 59534.56792100828, "loss_main": 2.831798493862152, "loss_total": 2.831798493862152}
{"event": "update", "optimizer_step": 4230, "tokens_seen": 138608640, "lr": 0.0003, "grad_norm": 0.6153169274330139, "elapsed_seconds": 2328.196558031952, "tokens_per_second": 59534.76716638018, "loss_main": 2.74554842710495, "loss_total": 2.74554842710495}
{"event": "update", "optimizer_step": 4240, "tokens_seen": 138936320, "lr": 0.0003, "grad_norm": 2.913874387741089, "elapsed_seconds": 2333.6828251259285, "tokens_per_second": 59535.21982684293, "loss_main": 2.9513209462165833, "loss_total": 2.9513209462165833}
{"event": "update", "optimizer_step": 4250, "tokens_seen": 139264000, "lr": 0.0003, "grad_norm": 0.5689451098442078, "elapsed_seconds": 2339.1722421729355, "tokens_per_second": 59535.59019263712, "loss_main": 2.823618233203888, "loss_total": 2.823618233203888}
{"event": "update", "optimizer_step": 4260, "tokens_seen": 139591680, "lr": 0.0003, "grad_norm": 0.6793119311332703, "elapsed_seconds": 2344.6614517169655, "tokens_per_second": 59535.964093143935, "loss_main": 2.941448152065277, "loss_total": 2.941448152065277}
{"event": "update", "optimizer_step": 4270, "tokens_seen": 139919360, "lr": 0.0003, "grad_norm": 0.5813848376274109, "elapsed_seconds": 2350.1593984229257, "tokens_per_second": 59536.11490943673, "loss_main": 2.7469009160995483, "loss_total": 2.7469009160995483}
{"event": "update", "optimizer_step": 4280, "tokens_seen": 140247040, "lr": 0.0003, "grad_norm": 0.5530248880386353, "elapsed_seconds": 2355.6513741259114, "tokens_per_second": 59536.41593168263, "loss_main": 2.885418176651001, "loss_total": 2.885418176651001}
{"event": "update", "optimizer_step": 4290, "tokens_seen": 140574720, "lr": 0.0003, "grad_norm": 0.5741276741027832, "elapsed_seconds": 2361.1500345349195, "tokens_per_second": 59536.546997823156, "loss_main": 2.582488536834717, "loss_total": 2.582488536834717}
{"event": "update", "optimizer_step": 4300, "tokens_seen": 140902400, "lr": 0.0003, "grad_norm": 0.5949795246124268, "elapsed_seconds": 2366.6394686469575, "tokens_per_second": 59536.90955748151, "loss_main": 2.8815730214118958, "loss_total": 2.8815730214118958}
{"event": "update", "optimizer_step": 4310, "tokens_seen": 141230080, "lr": 0.0003, "grad_norm": 0.5842005610466003, "elapsed_seconds": 2372.128845961939, "tokens_per_second": 59537.27186464392, "loss_main": 2.797515630722046, "loss_total": 2.797515630722046}
{"event": "update", "optimizer_step": 4320, "tokens_seen": 141557760, "lr": 0.0003, "grad_norm": 0.5970194339752197, "elapsed_seconds": 2377.626855701965, "tokens_per_second": 59537.41633617561, "loss_main": 2.8251710534095764, "loss_total": 2.8251710534095764}
{"event": "update", "optimizer_step": 4330, "tokens_seen": 141885440, "lr": 0.0003, "grad_norm": 0.6489998698234558, "elapsed_seconds": 2383.1086911789607, "tokens_per_second": 59537.96422512608, "loss_main": 2.7369566559791565, "loss_total": 2.7369566559791565}
{"event": "update", "optimizer_step": 4340, "tokens_seen": 142213120, "lr": 0.0003, "grad_norm": 0.5859313607215881, "elapsed_seconds": 2388.595810218947, "tokens_per_second": 59538.3779003465, "loss_main": 2.8534128665924072, "loss_total": 2.8534128665924072}
{"event": "update", "optimizer_step": 4350, "tokens_seen": 142540800, "lr": 0.0003, "grad_norm": 0.5590906143188477, "elapsed_seconds": 2394.082479402947, "tokens_per_second": 59538.800866855614, "loss_main": 2.788336455821991, "loss_total": 2.788336455821991}
{"event": "update", "optimizer_step": 4360, "tokens_seen": 142868480, "lr": 0.0003, "grad_norm": 0.5950841903686523, "elapsed_seconds": 2399.563167090935, "tokens_per_second": 59539.3703151411, "loss_main": 2.633759319782257, "loss_total": 2.633759319782257}
{"event": "update", "optimizer_step": 4370, "tokens_seen": 143196160, "lr": 0.0003, "grad_norm": 0.5580340623855591, "elapsed_seconds": 2405.055144546961, "tokens_per_second": 59539.65767673647, "loss_main": 2.681366443634033, "loss_total": 2.681366443634033}
{"event": "update", "optimizer_step": 4380, "tokens_seen": 143523840, "lr": 0.0003, "grad_norm": 0.5849818587303162, "elapsed_seconds": 2410.531686829927, "tokens_per_second": 59540.3249764981, "loss_main": 2.895306348800659, "loss_total": 2.895306348800659}
{"event": "update", "optimizer_step": 4390, "tokens_seen": 143851520, "lr": 0.0003, "grad_norm": 0.5772574543952942, "elapsed_seconds": 2416.011436779925, "tokens_per_second": 59540.910200212544, "loss_main": 2.757298707962036, "loss_total": 2.757298707962036}
{"event": "update", "optimizer_step": 4400, "tokens_seen": 144179200, "lr": 0.0003, "grad_norm": 0.5812743306159973, "elapsed_seconds": 2421.5118681399617, "tokens_per_second": 59540.98424912884, "loss_main": 2.536117970943451, "loss_total": 2.536117970943451}
{"event": "update", "optimizer_step": 4410, "tokens_seen": 144506880, "lr": 0.0003, "grad_norm": 0.5826744437217712, "elapsed_seconds": 2427.0074591779266, "tokens_per_second": 59541.17670859867, "loss_main": 2.846932530403137, "loss_total": 2.846932530403137}
{"event": "update", "optimizer_step": 4420, "tokens_seen": 144834560, "lr": 0.0003, "grad_norm": 0.6262211799621582, "elapsed_seconds": 2432.5018775589415, "tokens_per_second": 59541.39700206276, "loss_main": 2.734102964401245, "loss_total": 2.734102964401245}
{"event": "update", "optimizer_step": 4430, "tokens_seen": 145162240, "lr": 0.0003, "grad_norm": 0.6010192036628723, "elapsed_seconds": 2437.9938998999423, "tokens_per_second": 59541.67481959557, "loss_main": 2.7532557249069214, "loss_total": 2.7532557249069214}
{"event": "update", "optimizer_step": 4440, "tokens_seen": 145489920, "lr": 0.0003, "grad_norm": 0.5865805745124817, "elapsed_seconds": 2443.484475854959, "tokens_per_second": 59541.9866332869, "loss_main": 2.5921214818954468, "loss_total": 2.5921214818954468}
{"event": "update", "optimizer_step": 4450, "tokens_seen": 145817600, "lr": 0.0003, "grad_norm": 0.5785664319992065, "elapsed_seconds": 2448.9788277349435, "tokens_per_second": 59542.20524432482, "loss_main": 2.8566178679466248, "loss_total": 2.8566178679466248}
{"event": "update", "optimizer_step": 4460, "tokens_seen": 146145280, "lr": 0.0003, "grad_norm": 0.6100857257843018, "elapsed_seconds": 2454.4753216609242, "tokens_per_second": 59542.37091335049, "loss_main": 2.8961170315742493, "loss_total": 2.8961170315742493}
{"event": "update", "optimizer_step": 4470, "tokens_seen": 146472960, "lr": 0.0003, "grad_norm": 0.6585786938667297, "elapsed_seconds": 2459.9651622179663, "tokens_per_second": 59542.69688434787, "loss_main": 2.725494861602783, "loss_total": 2.725494861602783}
{"event": "update", "optimizer_step": 4480, "tokens_seen": 146800640, "lr": 0.0003, "grad_norm": 0.5758035182952881, "elapsed_seconds": 2465.455272315943, "tokens_per_second": 59543.01489400039, "loss_main": 2.7711631059646606, "loss_total": 2.7711631059646606}
{"event": "update", "optimizer_step": 4490, "tokens_seen": 147128320, "lr": 0.0003, "grad_norm": 0.6271634697914124, "elapsed_seconds": 2470.935522341926, "tokens_per_second": 59543.5690934393, "loss_main": 2.7176014184951782, "loss_total": 2.7176014184951782}
{"event": "update", "optimizer_step": 4500, "tokens_seen": 147456000, "lr": 0.0003, "grad_norm": 0.6036753058433533, "elapsed_seconds": 2476.4187656659633, "tokens_per_second": 59544.04886781976, "loss_main": 2.6119245290756226, "loss_total": 2.6119245290756226}
{"event": "update", "optimizer_step": 4510, "tokens_seen": 147783680, "lr": 0.0003, "grad_norm": 0.5727206468582153, "elapsed_seconds": 2481.9213650519378, "tokens_per_second": 59544.062145138676, "loss_main": 2.8567236065864563, "loss_total": 2.8567236065864563}
{"event": "update", "optimizer_step": 4520, "tokens_seen": 148111360, "lr": 0.0003, "grad_norm": 0.5857787728309631, "elapsed_seconds": 2487.4112421599566, "tokens_per_second": 59544.37991177796, "loss_main": 2.715034246444702, "loss_total": 2.715034246444702}
{"event": "update", "optimizer_step": 4530, "tokens_seen": 148439040, "lr": 0.0003, "grad_norm": 0.601233720779419, "elapsed_seconds": 2492.8996309159556, "tokens_per_second": 59544.7318291991, "loss_main": 2.6092551350593567, "loss_total": 2.6092551350593567}
{"event": "update", "optimizer_step": 4540, "tokens_seen": 148766720, "lr": 0.0003, "grad_norm": 0.5675795674324036, "elapsed_seconds": 2498.368479778932, "tokens_per_second": 59545.54790619341, "loss_main": 2.6966434121131897, "loss_total": 2.6966434121131897}
{"event": "update", "optimizer_step": 4550, "tokens_seen": 149094400, "lr": 0.0003, "grad_norm": 0.8009299635887146, "elapsed_seconds": 2503.8339071439113, "tokens_per_second": 59546.44178857291, "loss_main": 2.614842414855957, "loss_total": 2.614842414855957}
{"event": "update", "optimizer_step": 4560, "tokens_seen": 149422080, "lr": 0.0003, "grad_norm": 0.5545036196708679, "elapsed_seconds": 2509.3182426009444, "tokens_per_second": 59546.88307893616, "loss_main": 2.7398349046707153, "loss_total": 2.7398349046707153}
{"event": "update", "optimizer_step": 4570, "tokens_seen": 149749760, "lr": 0.0003, "grad_norm": 0.6011205315589905, "elapsed_seconds": 2514.7997831229586, "tokens_per_second": 59547.38862512385, "loss_main": 2.637108027935028, "loss_total": 2.637108027935028}
{"event": "update", "optimizer_step": 4580, "tokens_seen": 150077440, "lr": 0.0003, "grad_norm": 0.5539016723632812, "elapsed_seconds": 2520.2960131899454, "tokens_per_second": 59547.54489733394, "loss_main": 2.8603938221931458, "loss_total": 2.8603938221931458}
{"event": "update", "optimizer_step": 4590, "tokens_seen": 150405120, "lr": 0.0003, "grad_norm": 0.5579310655593872, "elapsed_seconds": 2525.7734396889573, "tokens_per_second": 59548.143802843224, "loss_main": 2.875465452671051, "loss_total": 2.875465452671051}
{"event": "update", "optimizer_step": 4600, "tokens_seen": 150732800, "lr": 0.0003, "grad_norm": 0.5556873679161072, "elapsed_seconds": 2531.256367802911, "tokens_per_second": 59548.610688862624, "loss_main": 2.8846412301063538, "loss_total": 2.8846412301063538}
{"event": "update", "optimizer_step": 4610, "tokens_seen": 151060480, "lr": 0.0003, "grad_norm": 0.5535997152328491, "elapsed_seconds": 2536.7311140459497, "tokens_per_second": 59549.267623822634, "loss_main": 2.7558475732803345, "loss_total": 2.7558475732803345}
{"event": "update", "optimizer_step": 4620, "tokens_seen": 151388160, "lr": 0.0003, "grad_norm": 0.6374216079711914, "elapsed_seconds": 2542.21093361394, "tokens_per_second": 59549.80288940485, "loss_main": 2.6406654119491577, "loss_total": 2.6406654119491577}
{"event": "update", "optimizer_step": 4630, "tokens_seen": 151715840, "lr": 0.0003, "grad_norm": 0.6121110320091248, "elapsed_seconds": 2547.689338973956, "tokens_per_second": 59550.3689084405, "loss_main": 2.6458306908607483, "loss_total": 2.6458306908607483}
{"event": "update", "optimizer_step": 4640, "tokens_seen": 152043520, "lr": 0.0003, "grad_norm": 0.5943590402603149, "elapsed_seconds": 2553.1783761169645, "tokens_per_second": 59550.68452022433, "loss_main": 2.5784912109375, "loss_total": 2.5784912109375}
{"event": "update", "optimizer_step": 4650, "tokens_seen": 152371200, "lr": 0.0003, "grad_norm": 0.5874931812286377, "elapsed_seconds": 2558.6823506459477, "tokens_per_second": 59550.65112382293, "loss_main": 2.9087838530540466, "loss_total": 2.9087838530540466}
{"event": "update", "optimizer_step": 4660, "tokens_seen": 152698880, "lr": 0.0003, "grad_norm": 0.5370383262634277, "elapsed_seconds": 2564.1664299079566, "tokens_per_second": 59551.07992170433, "loss_main": 2.7092484831809998, "loss_total": 2.7092484831809998}
{"event": "update", "optimizer_step": 4670, "tokens_seen": 153026560, "lr": 0.0003, "grad_norm": 0.5786091089248657, "elapsed_seconds": 2569.646678917925, "tokens_per_second": 59551.59565533706, "loss_main": 2.6201517581939697, "loss_total": 2.6201517581939697}
{"event": "update", "optimizer_step": 4680, "tokens_seen": 153354240, "lr": 0.0003, "grad_norm": 0.563215434551239, "elapsed_seconds": 2575.1351011249353, "tokens_per_second": 59551.92018197723, "loss_main": 2.8554030656814575, "loss_total": 2.8554030656814575}
{"event": "update", "optimizer_step": 4690, "tokens_seen": 153681920, "lr": 0.0003, "grad_norm": 0.5641558170318604, "elapsed_seconds": 2580.6252347859554, "tokens_per_second": 59552.20383355928, "loss_main": 2.6169556379318237, "loss_total": 2.6169556379318237}
{"event": "update", "optimizer_step": 4700, "tokens_seen": 154009600, "lr": 0.0003, "grad_norm": 0.5610170960426331, "elapsed_seconds": 2586.102768316923, "tokens_per_second": 59552.77643518858, "loss_main": 2.6123945116996765, "loss_total": 2.6123945116996765}
{"event": "update", "optimizer_step": 4710, "tokens_seen": 154337280, "lr": 0.0003, "grad_norm": 0.5455943942070007, "elapsed_seconds": 2591.566216703912, "tokens_per_second": 59553.67028834562, "loss_main": 2.7164738178253174, "loss_total": 2.7164738178253174}
{"event": "update", "optimizer_step": 4720, "tokens_seen": 154664960, "lr": 0.0003, "grad_norm": 0.5415459871292114, "elapsed_seconds": 2597.048586142948, "tokens_per_second": 59554.12649006439, "loss_main": 2.75751793384552, "loss_total": 2.75751793384552}
{"event": "update", "optimizer_step": 4730, "tokens_seen": 154992640, "lr": 0.0003, "grad_norm": 0.5639511346817017, "elapsed_seconds": 2602.5396108929417, "tokens_per_second": 59554.38270805854, "loss_main": 2.8633081912994385, "loss_total": 2.8633081912994385}
{"event": "update", "optimizer_step": 4740, "tokens_seen": 155320320, "lr": 0.0003, "grad_norm": 0.5732255578041077, "elapsed_seconds": 2608.018231610942, "tokens_per_second": 59554.92109580096, "loss_main": 2.7880725860595703, "loss_total": 2.7880725860595703}
{"event": "update", "optimizer_step": 4750, "tokens_seen": 155648000, "lr": 0.0003, "grad_norm": 0.6797181367874146, "elapsed_seconds": 2613.4959612269304, "tokens_per_second": 59555.47753245028, "loss_main": 2.8482319712638855, "loss_total": 2.8482319712638855}
{"event": "update", "optimizer_step": 4760, "tokens_seen": 155975680, "lr": 0.0003, "grad_norm": 0.6608413457870483, "elapsed_seconds": 2618.9763296159217, "tokens_per_second": 59555.97163525115, "loss_main": 2.7688732147216797, "loss_total": 2.7688732147216797}
{"event": "update", "optimizer_step": 4770, "tokens_seen": 156303360, "lr": 0.0003, "grad_norm": 0.5677778720855713, "elapsed_seconds": 2624.463190920942, "tokens_per_second": 59556.31633193228, "loss_main": 2.8134068846702576, "loss_total": 2.8134068846702576}
{"event": "update", "optimizer_step": 4780, "tokens_seen": 156631040, "lr": 0.0003, "grad_norm": 0.6216079592704773, "elapsed_seconds": 2629.947956575954, "tokens_per_second": 59556.707047513184, "loss_main": 2.958632230758667, "loss_total": 2.958632230758667}
{"event": "update", "optimizer_step": 4790, "tokens_seen": 156958720, "lr": 0.0003, "grad_norm": 0.5574783682823181, "elapsed_seconds": 2635.43270489492, "tokens_per_second": 59557.096528578695, "loss_main": 2.80761981010437, "loss_total": 2.80761981010437}
{"event": "update", "optimizer_step": 4800, "tokens_seen": 157286400, "lr": 0.0003, "grad_norm": 0.5940631031990051, "elapsed_seconds": 2640.924380069948, "tokens_per_second": 59557.32817909542, "loss_main": 2.683512568473816, "loss_total": 2.683512568473816}
{"event": "update", "optimizer_step": 4810, "tokens_seen": 157614080, "lr": 0.0003, "grad_norm": 0.5854809284210205, "elapsed_seconds": 2646.405545172922, "tokens_per_second": 59557.79539817324, "loss_main": 2.5360613465309143, "loss_total": 2.5360613465309143}
{"event": "update", "optimizer_step": 4820, "tokens_seen": 157941760, "lr": 0.0003, "grad_norm": 0.5492160320281982, "elapsed_seconds": 2651.9063337329426, "tokens_per_second": 59557.819969332806, "loss_main": 2.75249707698822, "loss_total": 2.75249707698822}
{"event": "update", "optimizer_step": 4830, "tokens_seen": 158269440, "lr": 0.0003, "grad_norm": 0.5641263723373413, "elapsed_seconds": 2657.398677013931, "tokens_per_second": 59558.033715078236, "loss_main": 2.8554346561431885, "loss_total": 2.8554346561431885}
{"event": "update", "optimizer_step": 4840, "tokens_seen": 158597120, "lr": 0.0003, "grad_norm": 0.5574569702148438, "elapsed_seconds": 2662.8966224569594, "tokens_per_second": 59558.12128135418, "loss_main": 2.7276554703712463, "loss_total": 2.7276554703712463}
{"event": "update", "optimizer_step": 4850, "tokens_seen": 158924800, "lr": 0.0003, "grad_norm": 0.556725263595581, "elapsed_seconds": 2668.392530891928, "tokens_per_second": 59558.25395256909, "loss_main": 2.672559082508087, "loss_total": 2.672559082508087}
{"event": "update", "optimizer_step": 4860, "tokens_seen": 159252480, "lr": 0.0003, "grad_norm": 0.568220853805542, "elapsed_seconds": 2673.878993387916, "tokens_per_second": 59558.59647867627, "loss_main": 2.7911723256111145, "loss_total": 2.7911723256111145}
{"event": "update", "optimizer_step": 4870, "tokens_seen": 159580160, "lr": 0.0003, "grad_norm": 0.5656418204307556, "elapsed_seconds": 2679.375853570935, "tokens_per_second": 59558.706475360574, "loss_main": 2.713104784488678, "loss_total": 2.713104784488678}
{"event": "update", "optimizer_step": 4880, "tokens_seen": 159907840, "lr": 0.0003, "grad_norm": 0.594592273235321, "elapsed_seconds": 2684.848735590931, "tokens_per_second": 59559.3479365252, "loss_main": 2.769788682460785, "loss_total": 2.769788682460785}
{"event": "evaluation", "tokens_seen": 160006144, "elapsed_seconds": 2686.488608637941, "parameters": 71199040, "main_loss": 2.809577092528343, "perplexity": 16.602895245406998}
{"event": "update", "optimizer_step": 4890, "tokens_seen": 160235520, "lr": 0.0003, "grad_norm": 0.585889458656311, "elapsed_seconds": 2692.8030784679577, "tokens_per_second": 59505.101312927916, "loss_main": 2.575808107852936, "loss_total": 2.575808107852936}
{"event": "update", "optimizer_step": 4900, "tokens_seen": 160563200, "lr": 0.0003, "grad_norm": 0.5601857304573059, "elapsed_seconds": 2698.29858141992, "tokens_per_second": 59505.34944709757, "loss_main": 2.6686885952949524, "loss_total": 2.6686885952949524}
{"event": "update", "optimizer_step": 4910, "tokens_seen": 160890880, "lr": 0.0003, "grad_norm": 0.5621188282966614, "elapsed_seconds": 2703.7787323919474, "tokens_per_second": 59505.93444370536, "loss_main": 2.834505319595337, "loss_total": 2.834505319595337}
{"event": "update", "optimizer_step": 4920, "tokens_seen": 161218560, "lr": 0.0003, "grad_norm": 0.5673197507858276, "elapsed_seconds": 2709.2534466759535, "tokens_per_second": 59506.636486078045, "loss_main": 2.6513112783432007, "loss_total": 2.6513112783432007}
{"event": "update", "optimizer_step": 4930, "tokens_seen": 161546240, "lr": 0.0003, "grad_norm": 0.5375360250473022, "elapsed_seconds": 2714.7357658199617, "tokens_per_second": 59507.1689974241, "loss_main": 2.490590810775757, "loss_total": 2.490590810775757}
{"event": "update", "optimizer_step": 4940, "tokens_seen": 161873920, "lr": 0.0003, "grad_norm": 0.5784393548965454, "elapsed_seconds": 2720.224718346959, "tokens_per_second": 59507.55425028577, "loss_main": 2.8088572025299072, "loss_total": 2.8088572025299072}
{"event": "update", "optimizer_step": 4950, "tokens_seen": 162201600, "lr": 0.0003, "grad_norm": 0.5675775408744812, "elapsed_seconds": 2725.715577818919, "tokens_per_second": 59507.89631902517, "loss_main": 2.60185706615448, "loss_total": 2.60185706615448}
{"event": "update", "optimizer_step": 4960, "tokens_seen": 162529280, "lr": 0.0003, "grad_norm": 0.5970443487167358, "elapsed_seconds": 2731.1884428829653, "tokens_per_second": 59508.629081792205, "loss_main": 2.6812296509742737, "loss_total": 2.6812296509742737}
{"event": "update", "optimizer_step": 4970, "tokens_seen": 162856960, "lr": 0.0003, "grad_norm": 3.4059290885925293, "elapsed_seconds": 2736.681702768954, "tokens_per_second": 59508.91542674566, "loss_main": 2.5363484025001526, "loss_total": 2.5363484025001526}
{"event": "update", "optimizer_step": 4980, "tokens_seen": 163184640, "lr": 0.0003, "grad_norm": 0.5934484601020813, "elapsed_seconds": 2742.1806358729373, "tokens_per_second": 59509.0775075991, "loss_main": 2.736747622489929, "loss_total": 2.736747622489929}
{"event": "update", "optimizer_step": 4990, "tokens_seen": 163512320, "lr": 0.0003, "grad_norm": 0.5519714951515198, "elapsed_seconds": 2747.6793743779417, "tokens_per_second": 59509.243154332085, "loss_main": 2.681642770767212, "loss_total": 2.681642770767212}
{"event": "update", "optimizer_step": 5000, "tokens_seen": 163840000, "lr": 0.0003, "grad_norm": 0.7130782008171082, "elapsed_seconds": 2753.1682867199415, "tokens_per_second": 59509.62053075042, "loss_main": 2.60501366853714, "loss_total": 2.60501366853714}
{"event": "update", "optimizer_step": 5010, "tokens_seen": 164167680, "lr": 0.0003, "grad_norm": 0.5810329914093018, "elapsed_seconds": 2758.6555522969575, "tokens_per_second": 59510.03192961441, "loss_main": 2.7389195561408997, "loss_total": 2.7389195561408997}
{"event": "update", "optimizer_step": 5020, "tokens_seen": 164495360, "lr": 0.0003, "grad_norm": 0.553112268447876, "elapsed_seconds": 2764.1500931139453, "tokens_per_second": 59510.28506367692, "loss_main": 2.6398773193359375, "loss_total": 2.6398773193359375}
{"event": "update", "optimizer_step": 5030, "tokens_seen": 164823040, "lr": 0.0003, "grad_norm": 0.61078941822052, "elapsed_seconds": 2769.645749738964, "tokens_per_second": 59510.513218354514, "loss_main": 2.6847135424613953, "loss_total": 2.6847135424613953}
{"event": "update", "optimizer_step": 5040, "tokens_seen": 165150720, "lr": 0.0003, "grad_norm": 0.5542649030685425, "elapsed_seconds": 2775.1325929909362, "tokens_per_second": 59510.92946589864, "loss_main": 2.638944089412689, "loss_total": 2.638944089412689}
{"event": "update", "optimizer_step": 5050, "tokens_seen": 165478400, "lr": 0.0003, "grad_norm": 0.5529074668884277, "elapsed_seconds": 2780.622318377951, "tokens_per_second": 59511.28238678966, "loss_main": 2.753451108932495, "loss_total": 2.753451108932495}
{"event": "update", "optimizer_step": 5060, "tokens_seen": 165806080, "lr": 0.0003, "grad_norm": 0.5447756052017212, "elapsed_seconds": 2786.1047053249204, "tokens_per_second": 59511.79066712908, "loss_main": 2.7947733402252197, "loss_total": 2.7947733402252197}
{"event": "update", "optimizer_step": 5070, "tokens_seen": 166133760, "lr": 0.0003, "grad_norm": 0.6016405820846558, "elapsed_seconds": 2791.5905289059156, "tokens_per_second": 59512.22368744438, "loss_main": 2.574986696243286, "loss_total": 2.574986696243286}
{"event": "update", "optimizer_step": 5080, "tokens_seen": 166461440, "lr": 0.0003, "grad_norm": 0.5634964108467102, "elapsed_seconds": 2797.0745050159167, "tokens_per_second": 59512.694317398156, "loss_main": 2.702753186225891, "loss_total": 2.702753186225891}
{"event": "update", "optimizer_step": 5090, "tokens_seen": 166789120, "lr": 0.0003, "grad_norm": 0.5637871026992798, "elapsed_seconds": 2802.570301909931, "tokens_per_second": 59512.912088711724, "loss_main": 2.7099050283432007, "loss_total": 2.7099050283432007}
{"event": "update", "optimizer_step": 5100, "tokens_seen": 167116800, "lr": 0.0003, "grad_norm": 0.5763038396835327, "elapsed_seconds": 2808.068676841911, "tokens_per_second": 59513.074369658076, "loss_main": 2.6572792530059814, "loss_total": 2.6572792530059814}
{"event": "update", "optimizer_step": 5110, "tokens_seen": 167444480, "lr": 0.0003, "grad_norm": 0.5482612252235413, "elapsed_seconds": 2813.5566601689206, "tokens_per_second": 59513.45582283278, "loss_main": 2.7358316779136658, "loss_total": 2.7358316779136658}
{"event": "update", "optimizer_step": 5120, "tokens_seen": 167772160, "lr": 0.0003, "grad_norm": 0.6003280282020569, "elapsed_seconds": 2819.0558440039167, "tokens_per_second": 59513.59933392185, "loss_main": 2.703517198562622, "loss_total": 2.703517198562622}
{"event": "update", "optimizer_step": 5130, "tokens_seen": 168099840, "lr": 0.0003, "grad_norm": 0.5639148354530334, "elapsed_seconds": 2824.54974345793, "tokens_per_second": 59513.853629005396, "loss_main": 2.740856170654297, "loss_total": 2.740856170654297}
{"event": "update", "optimizer_step": 5140, "tokens_seen": 168427520, "lr": 0.0003, "grad_norm": 0.6451332569122314, "elapsed_seconds": 2830.0542758339434, "tokens_per_second": 59513.88333369288, "loss_main": 2.710168957710266, "loss_total": 2.710168957710266}
{"event": "update", "optimizer_step": 5150, "tokens_seen": 168755200, "lr": 0.0003, "grad_norm": 0.5935674905776978, "elapsed_seconds": 2835.555448269937, "tokens_per_second": 59513.98344298396, "loss_main": 2.98727685213089, "loss_total": 2.98727685213089}
{"event": "update", "optimizer_step": 5160, "tokens_seen": 169082880, "lr": 0.0003, "grad_norm": 0.5767625570297241, "elapsed_seconds": 2841.0573954069405, "tokens_per_second": 59514.06693625819, "loss_main": 2.7629541754722595, "loss_total": 2.7629541754722595}
{"event": "update", "optimizer_step": 5170, "tokens_seen": 169410560, "lr": 0.0003, "grad_norm": 0.577450156211853, "elapsed_seconds": 2846.5564771989593, "tokens_per_second": 59514.21001374324, "loss_main": 2.8630775213241577, "loss_total": 2.8630775213241577}
{"event": "update", "optimizer_step": 5180, "tokens_seen": 169738240, "lr": 0.0003, "grad_norm": 0.636124849319458, "elapsed_seconds": 2852.059719786921, "tokens_per_second": 59514.265715544425, "loss_main": 2.662583351135254, "loss_total": 2.662583351135254}
{"event": "update", "optimizer_step": 5190, "tokens_seen": 170065920, "lr": 0.0003, "grad_norm": 0.8875227570533752, "elapsed_seconds": 2857.5599470289308, "tokens_per_second": 59514.38400332471, "loss_main": 2.7773643732070923, "loss_total": 2.7773643732070923}
{"event": "update", "optimizer_step": 5200, "tokens_seen": 170393600, "lr": 0.0003, "grad_norm": 0.5462992787361145, "elapsed_seconds": 2863.0548526249477, "tokens_per_second": 59514.61245801046, "loss_main": 2.5991788506507874, "loss_total": 2.5991788506507874}
{"event": "update", "optimizer_step": 5210, "tokens_seen": 170721280, "lr": 0.0003, "grad_norm": 0.561056911945343, "elapsed_seconds": 2868.5359592269524, "tokens_per_second": 59515.12633155487, "loss_main": 2.6655068397521973, "loss_total": 2.6655068397521973}
{"event": "update", "optimizer_step": 5220, "tokens_seen": 171048960, "lr": 0.0003, "grad_norm": 0.5876184701919556, "elapsed_seconds": 2874.0191321209422, "tokens_per_second": 59515.59545596026, "loss_main": 2.8936744928359985, "loss_total": 2.8936744928359985}
{"event": "update", "optimizer_step": 5230, "tokens_seen": 171376640, "lr": 0.0003, "grad_norm": 0.5758075714111328, "elapsed_seconds": 2879.511868524947, "tokens_per_second": 59515.86512744226, "loss_main": 2.7586663961410522, "loss_total": 2.7586663961410522}
{"event": "update", "optimizer_step": 5240, "tokens_seen": 171704320, "lr": 0.0003, "grad_norm": 0.5818712711334229, "elapsed_seconds": 2885.0015415979433, "tokens_per_second": 59516.19696705482, "loss_main": 2.642936944961548, "loss_total": 2.642936944961548}
{"event": "update", "optimizer_step": 5250, "tokens_seen": 172032000, "lr": 0.0003, "grad_norm": 0.5775763988494873, "elapsed_seconds": 2890.483279189968, "tokens_per_second": 59516.690941803485, "loss_main": 2.6822471618652344, "loss_total": 2.6822471618652344}
{"event": "update", "optimizer_step": 5260, "tokens_seen": 172359680, "lr": 0.0003, "grad_norm": 0.546705424785614, "elapsed_seconds": 2895.980520718964, "tokens_per_second": 59516.86441496144, "loss_main": 2.752895474433899, "loss_total": 2.752895474433899}
{"event": "update", "optimizer_step": 5270, "tokens_seen": 172687360, "lr": 0.0003, "grad_norm": 0.6044577360153198, "elapsed_seconds": 2901.463758228929, "tokens_per_second": 59517.3244919004, "loss_main": 2.89605712890625, "loss_total": 2.89605712890625}
{"event": "update", "optimizer_step": 5280, "tokens_seen": 173015040, "lr": 0.0003, "grad_norm": 0.6544516086578369, "elapsed_seconds": 2906.959228747932, "tokens_per_second": 59517.53237162532, "loss_main": 2.859471082687378, "loss_total": 2.859471082687378}
{"event": "update", "optimizer_step": 5290, "tokens_seen": 173342720, "lr": 0.0003, "grad_norm": 0.5487933158874512, "elapsed_seconds": 2912.448662162933, "tokens_per_second": 59517.862838916735, "loss_main": 2.7219988107681274, "loss_total": 2.7219988107681274}
{"event": "update", "optimizer_step": 5300, "tokens_seen": 173670400, "lr": 0.0003, "grad_norm": 0.5626336336135864, "elapsed_seconds": 2917.9349002799136, "tokens_per_second": 59518.25723848055, "loss_main": 2.571029543876648, "loss_total": 2.571029543876648}
{"event": "update", "optimizer_step": 5310, "tokens_seen": 173998080, "lr": 0.0003, "grad_norm": 0.5605273246765137, "elapsed_seconds": 2923.4167512999265, "tokens_per_second": 59518.73947586502, "loss_main": 2.773677706718445, "loss_total": 2.773677706718445}
{"event": "update", "optimizer_step": 5320, "tokens_seen": 174325760, "lr": 0.0003, "grad_norm": 0.5537964701652527, "elapsed_seconds": 2928.9225764549337, "tokens_per_second": 59518.732724918205, "loss_main": 2.480465054512024, "loss_total": 2.480465054512024}
{"event": "update", "optimizer_step": 5330, "tokens_seen": 174653440, "lr": 0.0003, "grad_norm": 0.5699153542518616, "elapsed_seconds": 2934.414345781959, "tokens_per_second": 59519.011093662906, "loss_main": 2.6046688556671143, "loss_total": 2.6046688556671143}
{"event": "update", "optimizer_step": 5340, "tokens_seen": 174981120, "lr": 0.0003, "grad_norm": 0.5831339955329895, "elapsed_seconds": 2939.904783242964, "tokens_per_second": 59519.31538645989, "loss_main": 2.891481101512909, "loss_total": 2.891481101512909}
{"event": "update", "optimizer_step": 5350, "tokens_seen": 175308800, "lr": 0.0003, "grad_norm": 0.5490108728408813, "elapsed_seconds": 2945.388442796946, "tokens_per_second": 59519.75551093236, "loss_main": 2.650892198085785, "loss_total": 2.650892198085785}
{"event": "update", "optimizer_step": 5360, "tokens_seen": 175636480, "lr": 0.0003, "grad_norm": 0.5834383368492126, "elapsed_seconds": 2950.8749232239206, "tokens_per_second": 59520.137101613174, "loss_main": 2.701757490634918, "loss_total": 2.701757490634918}
{"event": "update", "optimizer_step": 5370, "tokens_seen": 175964160, "lr": 0.0003, "grad_norm": 0.6121347546577454, "elapsed_seconds": 2956.360654346936, "tokens_per_second": 59520.532361729296, "loss_main": 2.8109132051467896, "loss_total": 2.8109132051467896}
{"event": "update", "optimizer_step": 5380, "tokens_seen": 176291840, "lr": 0.0003, "grad_norm": 0.5508261322975159, "elapsed_seconds": 2961.858473006927, "tokens_per_second": 59520.683248928384, "loss_main": 2.4810845851898193, "loss_total": 2.4810845851898193}
{"event": "update", "optimizer_step": 5390, "tokens_seen": 176619520, "lr": 0.0003, "grad_norm": 0.5887138247489929, "elapsed_seconds": 2967.3662730829674, "tokens_per_second": 59520.63336505467, "loss_main": 2.833894908428192, "loss_total": 2.833894908428192}
{"event": "update", "optimizer_step": 5400, "tokens_seen": 176947200, "lr": 0.0003, "grad_norm": 0.6284258365631104, "elapsed_seconds": 2972.870220513956, "tokens_per_second": 59520.66080079641, "loss_main": 2.7651032209396362, "loss_total": 2.7651032209396362}
{"event": "update", "optimizer_step": 5410, "tokens_seen": 177274880, "lr": 0.0003, "grad_norm": 0.5627353191375732, "elapsed_seconds": 2978.359000146913, "tokens_per_second": 59520.99125433018, "loss_main": 2.7285563349723816, "loss_total": 2.7285563349723816}
{"event": "update", "optimizer_step": 5420, "tokens_seen": 177602560, "lr": 0.0003, "grad_norm": 0.616146445274353, "elapsed_seconds": 2983.8433652499225, "tokens_per_second": 59521.40855259816, "loss_main": 2.7263020873069763, "loss_total": 2.7263020873069763}
{"event": "update", "optimizer_step": 5430, "tokens_seen": 177930240, "lr": 0.0003, "grad_norm": 0.7231465578079224, "elapsed_seconds": 2989.340671426966, "tokens_per_second": 59521.566645351515, "loss_main": 2.6770732402801514, "loss_total": 2.6770732402801514}
{"event": "update", "optimizer_step": 5440, "tokens_seen": 178257920, "lr": 0.0003, "grad_norm": 0.5665463209152222, "elapsed_seconds": 2994.8386466599186, "tokens_per_second": 59521.71086038554, "loss_main": 2.831182599067688, "loss_total": 2.831182599067688}
{"event": "update", "optimizer_step": 5450, "tokens_seen": 178585600, "lr": 0.0003, "grad_norm": 0.594226598739624, "elapsed_seconds": 3000.336713297933, "tokens_per_second": 59521.85273355567, "loss_main": 2.793849766254425, "loss_total": 2.793849766254425}
{"event": "update", "optimizer_step": 5460, "tokens_seen": 178913280, "lr": 0.0003, "grad_norm": 0.6018237471580505, "elapsed_seconds": 3005.8470184609178, "tokens_per_second": 59521.751739584164, "loss_main": 2.6186389327049255, "loss_total": 2.6186389327049255}
{"event": "update", "optimizer_step": 5470, "tokens_seen": 179240960, "lr": 0.0003, "grad_norm": 0.5958114862442017, "elapsed_seconds": 3011.332951233955, "tokens_per_second": 59522.13285699688, "loss_main": 2.7727713584899902, "loss_total": 2.7727713584899902}
{"event": "update", "optimizer_step": 5480, "tokens_seen": 179568640, "lr": 0.0003, "grad_norm": 0.5637264251708984, "elapsed_seconds": 3016.831123951939, "tokens_per_second": 59522.27109244737, "loss_main": 2.671125292778015, "loss_total": 2.671125292778015}
{"event": "update", "optimizer_step": 5490, "tokens_seen": 179896320, "lr": 0.0003, "grad_norm": 0.671519935131073, "elapsed_seconds": 3022.320976295916, "tokens_per_second": 59522.57268864825, "loss_main": 2.7483397126197815, "loss_total": 2.7483397126197815}
{"event": "update", "optimizer_step": 5500, "tokens_seen": 180224000, "lr": 0.0003, "grad_norm": 0.5673308372497559, "elapsed_seconds": 3027.815997437923, "tokens_per_second": 59522.77157941629, "loss_main": 2.680347442626953, "loss_total": 2.680347442626953}
{"event": "update", "optimizer_step": 5510, "tokens_seen": 180551680, "lr": 0.0003, "grad_norm": 0.539548397064209, "elapsed_seconds": 3033.3116168559645, "tokens_per_second": 59522.958009550726, "loss_main": 2.511625289916992, "loss_total": 2.511625289916992}
{"event": "update", "optimizer_step": 5520, "tokens_seen": 180879360, "lr": 0.0003, "grad_norm": 0.5840035080909729, "elapsed_seconds": 3038.7987972709234, "tokens_per_second": 59523.30906621514, "loss_main": 2.7061716318130493, "loss_total": 2.7061716318130493}
{"event": "update", "optimizer_step": 5530, "tokens_seen": 181207040, "lr": 0.0003, "grad_norm": 0.5535574555397034, "elapsed_seconds": 3044.29656283895, "tokens_per_second": 59523.451890973425, "loss_main": 2.604989230632782, "loss_total": 2.604989230632782}
{"event": "update", "optimizer_step": 5540, "tokens_seen": 181534720, "lr": 0.0003, "grad_norm": 0.6176106929779053, "elapsed_seconds": 3049.789045901969, "tokens_per_second": 59523.69730094282, "loss_main": 2.6546167731285095, "loss_total": 2.6546167731285095}
{"event": "update", "optimizer_step": 5550, "tokens_seen": 181862400, "lr": 0.0003, "grad_norm": 0.5866244435310364, "elapsed_seconds": 3055.2892225909163, "tokens_per_second": 59523.79193933687, "loss_main": 2.7251023054122925, "loss_total": 2.7251023054122925}
{"event": "update", "optimizer_step": 5560, "tokens_seen": 182190080, "lr": 0.0003, "grad_norm": 0.5737181305885315, "elapsed_seconds": 3060.7844597639632, "tokens_per_second": 59523.98229767863, "loss_main": 2.67338228225708, "loss_total": 2.67338228225708}
{"event": "update", "optimizer_step": 5570, "tokens_seen": 182517760, "lr": 0.0003, "grad_norm": 0.5405007600784302, "elapsed_seconds": 3066.275912044919, "tokens_per_second": 59524.24544804832, "loss_main": 2.5332900285720825, "loss_total": 2.5332900285720825}
{"event": "update", "optimizer_step": 5580, "tokens_seen": 182845440, "lr": 0.0003, "grad_norm": 0.5737726092338562, "elapsed_seconds": 3071.7540272549377, "tokens_per_second": 59524.766103553935, "loss_main": 2.7810811400413513, "loss_total": 2.7810811400413513}
{"event": "update", "optimizer_step": 5590, "tokens_seen": 183173120, "lr": 0.0003, "grad_norm": 0.5663338899612427, "elapsed_seconds": 3077.245752431918, "tokens_per_second": 59525.02163834008, "loss_main": 2.8567886352539062, "loss_total": 2.8567886352539062}
{"event": "update", "optimizer_step": 5600, "tokens_seen": 183500800, "lr": 0.0003, "grad_norm": 0.5741168260574341, "elapsed_seconds": 3082.7389324339456, "tokens_per_second": 59525.24817115109, "loss_main": 2.6826902627944946, "loss_total": 2.6826902627944946}
{"event": "update", "optimizer_step": 5610, "tokens_seen": 183828480, "lr": 0.0003, "grad_norm": 0.5793388485908508, "elapsed_seconds": 3088.2402005509357, "tokens_per_second": 59525.318000589905, "loss_main": 2.6739322543144226, "loss_total": 2.6739322543144226}
{"event": "update", "optimizer_step": 5620, "tokens_seen": 184156160, "lr": 0.0003, "grad_norm": 0.6517401337623596, "elapsed_seconds": 3093.728567382961, "tokens_per_second": 59525.635810959626, "loss_main": 2.586147665977478, "loss_total": 2.586147665977478}
{"event": "update", "optimizer_step": 5630, "tokens_seen": 184483840, "lr": 0.0003, "grad_norm": 0.5866986513137817, "elapsed_seconds": 3099.209617259912, "tokens_per_second": 59526.09303113441, "loss_main": 2.783629298210144, "loss_total": 2.783629298210144}
{"event": "update", "optimizer_step": 5640, "tokens_seen": 184811520, "lr": 0.0003, "grad_norm": 0.5668114423751831, "elapsed_seconds": 3104.7014912689338, "tokens_per_second": 59526.34110549063, "loss_main": 2.7698789834976196, "loss_total": 2.7698789834976196}
{"event": "update", "optimizer_step": 5650, "tokens_seen": 185139200, "lr": 0.0003, "grad_norm": 0.5561028718948364, "elapsed_seconds": 3110.197780532937, "tokens_per_second": 59526.50379947095, "loss_main": 2.7446820735931396, "loss_total": 2.7446820735931396}
{"event": "update", "optimizer_step": 5660, "tokens_seen": 185466880, "lr": 0.0003, "grad_norm": 0.598373293876648, "elapsed_seconds": 3115.6984046669677, "tokens_per_second": 59526.58310001744, "loss_main": 2.721234977245331, "loss_total": 2.721234977245331}
{"event": "update", "optimizer_step": 5670, "tokens_seen": 185794560, "lr": 0.0003, "grad_norm": 0.5729933381080627, "elapsed_seconds": 3121.181118842913, "tokens_per_second": 59527.00369688188, "loss_main": 2.5745344758033752, "loss_total": 2.5745344758033752}
{"event": "update", "optimizer_step": 5680, "tokens_seen": 186122240, "lr": 0.0003, "grad_norm": 0.5918182134628296, "elapsed_seconds": 3126.6841039969586, "tokens_per_second": 59527.03688935921, "loss_main": 2.6605518460273743, "loss_total": 2.6605518460273743}
{"event": "update", "optimizer_step": 5690, "tokens_seen": 186449920, "lr": 0.0003, "grad_norm": 0.5753147006034851, "elapsed_seconds": 3132.1751641459414, "tokens_per_second": 59527.29660023334, "loss_main": 2.5203046202659607, "loss_total": 2.5203046202659607}
{"event": "update", "optimizer_step": 5700, "tokens_seen": 186777600, "lr": 0.0003, "grad_norm": 0.5941370725631714, "elapsed_seconds": 3137.658421278931, "tokens_per_second": 59527.70344066585, "loss_main": 2.652549147605896, "loss_total": 2.652549147605896}
{"event": "update", "optimizer_step": 5710, "tokens_seen": 187105280, "lr": 0.0003, "grad_norm": 0.5937896370887756, "elapsed_seconds": 3143.148430304951, "tokens_per_second": 59527.980987473406, "loss_main": 2.681113541126251, "loss_total": 2.681113541126251}
{"event": "update", "optimizer_step": 5720, "tokens_seen": 187432960, "lr": 0.0003, "grad_norm": 0.6175464987754822, "elapsed_seconds": 3148.6349144489504, "tokens_per_second": 59528.32420801732, "loss_main": 2.701478600502014, "loss_total": 2.701478600502014}
{"event": "update", "optimizer_step": 5730, "tokens_seen": 187760640, "lr": 0.0003, "grad_norm": 0.577706515789032, "elapsed_seconds": 3154.129566037911, "tokens_per_second": 59528.51208831515, "loss_main": 2.6211990118026733, "loss_total": 2.6211990118026733}
{"event": "update", "optimizer_step": 5740, "tokens_seen": 188088320, "lr": 0.0003, "grad_norm": 0.5546615719795227, "elapsed_seconds": 3159.6128221189138, "tokens_per_second": 59528.91401227552, "loss_main": 2.7779590487480164, "loss_total": 2.7779590487480164}
{"event": "update", "optimizer_step": 5750, "tokens_seen": 188416000, "lr": 0.0003, "grad_norm": 0.5599262714385986, "elapsed_seconds": 3165.101732468931, "tokens_per_second": 59529.20819800206, "loss_main": 2.6717917919158936, "loss_total": 2.6717917919158936}
{"event": "update", "optimizer_step": 5760, "tokens_seen": 188743680, "lr": 0.0003, "grad_norm": 0.5418463349342346, "elapsed_seconds": 3170.5834353959654, "tokens_per_second": 59529.636688595245, "loss_main": 2.773971676826477, "loss_total": 2.773971676826477}
{"event": "update", "optimizer_step": 5770, "tokens_seen": 189071360, "lr": 0.0003, "grad_norm": 0.5657543540000916, "elapsed_seconds": 3176.0627319499617, "tokens_per_second": 59530.10880358732, "loss_main": 2.845678150653839, "loss_total": 2.845678150653839}
{"event": "update", "optimizer_step": 5780, "tokens_seen": 189399040, "lr": 0.0003, "grad_norm": 0.5509040355682373, "elapsed_seconds": 3181.552469659946, "tokens_per_second": 59530.38392613514, "loss_main": 2.8205066919326782, "loss_total": 2.8205066919326782}
{"event": "update", "optimizer_step": 5790, "tokens_seen": 189726720, "lr": 0.0003, "grad_norm": 0.6113207340240479, "elapsed_seconds": 3187.036661866936, "tokens_per_second": 59530.7616853268, "loss_main": 2.6994187235832214, "loss_total": 2.6994187235832214}
{"event": "update", "optimizer_step": 5800, "tokens_seen": 190054400, "lr": 0.0003, "grad_norm": 0.5456212759017944, "elapsed_seconds": 3192.5188750899397, "tokens_per_second": 59531.17504893242, "loss_main": 2.7211081981658936, "loss_total": 2.7211081981658936}
{"event": "update", "optimizer_step": 5810, "tokens_seen": 190382080, "lr": 0.0003, "grad_norm": 0.5766946077346802, "elapsed_seconds": 3198.000955361931, "tokens_per_second": 59531.58947022693, "loss_main": 2.5830617547035217, "loss_total": 2.5830617547035217}
{"event": "update", "optimizer_step": 5820, "tokens_seen": 190709760, "lr": 0.0003, "grad_norm": 0.5430898070335388, "elapsed_seconds": 3203.4920329929446, "tokens_per_second": 59531.83527096976, "loss_main": 2.700336515903473, "loss_total": 2.700336515903473}
{"event": "update", "optimizer_step": 5830, "tokens_seen": 191037440, "lr": 0.0003, "grad_norm": 0.5662150979042053, "elapsed_seconds": 3208.9846650989493, "tokens_per_second": 59532.05139237066, "loss_main": 2.6844430565834045, "loss_total": 2.6844430565834045}
{"event": "update", "optimizer_step": 5840, "tokens_seen": 191365120, "lr": 0.0003, "grad_norm": 0.6115683317184448, "elapsed_seconds": 3214.4685213209596, "tokens_per_second": 59532.42930540818, "loss_main": 2.7564573884010315, "loss_total": 2.7564573884010315}
{"event": "update", "optimizer_step": 5850, "tokens_seen": 191692800, "lr": 0.0003, "grad_norm": 0.5853132605552673, "elapsed_seconds": 3219.947810466925, "tokens_per_second": 59532.890370730136, "loss_main": 2.7137372493743896, "loss_total": 2.7137372493743896}
{"event": "update", "optimizer_step": 5860, "tokens_seen": 192020480, "lr": 0.0003, "grad_norm": 0.5808678865432739, "elapsed_seconds": 3225.416878648917, "tokens_per_second": 59533.53852368837, "loss_main": 2.774991452693939, "loss_total": 2.774991452693939}
{"event": "update", "optimizer_step": 5870, "tokens_seen": 192348160, "lr": 0.0003, "grad_norm": 0.5908662676811218, "elapsed_seconds": 3230.9014584069373, "tokens_per_second": 59533.898658376675, "loss_main": 2.7431456446647644, "loss_total": 2.7431456446647644}
{"event": "update", "optimizer_step": 5880, "tokens_seen": 192675840, "lr": 0.0003, "grad_norm": 1.1813688278198242, "elapsed_seconds": 3236.382102159958, "tokens_per_second": 59534.32997649084, "loss_main": 2.7634087800979614, "loss_total": 2.7634087800979614}
{"event": "update", "optimizer_step": 5890, "tokens_seen": 193003520, "lr": 0.0003, "grad_norm": 0.573284387588501, "elapsed_seconds": 3241.86448540492, "tokens_per_second": 59534.72789159267, "loss_main": 2.7602277398109436, "loss_total": 2.7602277398109436}
{"event": "update", "optimizer_step": 5900, "tokens_seen": 193331200, "lr": 0.0003, "grad_norm": 0.5688976049423218, "elapsed_seconds": 3247.3527342979214, "tokens_per_second": 59535.01692565537, "loss_main": 2.7235543727874756, "loss_total": 2.7235543727874756}
{"event": "update", "optimizer_step": 5910, "tokens_seen": 193658880, "lr": 0.0003, "grad_norm": 0.5944811105728149, "elapsed_seconds": 3252.8305704609375, "tokens_per_second": 59535.49556457773, "loss_main": 2.7048332691192627, "loss_total": 2.7048332691192627}
{"event": "update", "optimizer_step": 5920, "tokens_seen": 193986560, "lr": 0.0003, "grad_norm": 0.5547568798065186, "elapsed_seconds": 3258.297536628961, "tokens_per_second": 59536.17121188348, "loss_main": 2.743310332298279, "loss_total": 2.743310332298279}
{"event": "update", "optimizer_step": 5930, "tokens_seen": 194314240, "lr": 0.0003, "grad_norm": 0.5435882210731506, "elapsed_seconds": 3263.7763197499444, "tokens_per_second": 59536.62903433513, "loss_main": 2.6670647859573364, "loss_total": 2.6670647859573364}
{"event": "update", "optimizer_step": 5940, "tokens_seen": 194641920, "lr": 0.0003, "grad_norm": 0.5668946504592896, "elapsed_seconds": 3269.2650761249242, "tokens_per_second": 59536.90369785188, "loss_main": 2.415262997150421, "loss_total": 2.415262997150421}
{"event": "update", "optimizer_step": 5950, "tokens_seen": 194969600, "lr": 0.0003, "grad_norm": 0.5747607946395874, "elapsed_seconds": 3274.748582066968, "tokens_per_second": 59537.272897126764, "loss_main": 2.7387295961380005, "loss_total": 2.7387295961380005}
{"event": "update", "optimizer_step": 5960, "tokens_seen": 195297280, "lr": 0.0003, "grad_norm": 0.5411597490310669, "elapsed_seconds": 3280.23647710192, "tokens_per_second": 59537.56119819282, "loss_main": 2.6017841696739197, "loss_total": 2.6017841696739197}
{"event": "update", "optimizer_step": 5970, "tokens_seen": 195624960, "lr": 0.0003, "grad_norm": 0.6363661289215088, "elapsed_seconds": 3285.7145392429666, "tokens_per_second": 59538.02671033993, "loss_main": 2.787100315093994, "loss_total": 2.787100315093994}
{"event": "update", "optimizer_step": 5980, "tokens_seen": 195952640, "lr": 0.0003, "grad_norm": 0.5672973990440369, "elapsed_seconds": 3291.2019622799126, "tokens_per_second": 59538.32133238576, "loss_main": 2.5121206045150757, "loss_total": 2.5121206045150757}
{"event": "update", "optimizer_step": 5990, "tokens_seen": 196280320, "lr": 0.0003, "grad_norm": 0.5819886326789856, "elapsed_seconds": 3296.7036811689613, "tokens_per_second": 59538.356789895646, "loss_main": 2.778267800807953, "loss_total": 2.778267800807953}
{"event": "update", "optimizer_step": 6000, "tokens_seen": 196608000, "lr": 0.0003, "grad_norm": 0.6312443614006042, "elapsed_seconds": 3302.1841677879565, "tokens_per_second": 59538.7749471594, "loss_main": 2.7339131832122803, "loss_total": 2.7339131832122803}
{"event": "update", "optimizer_step": 6010, "tokens_seen": 196935680, "lr": 0.0003, "grad_norm": 0.6280924081802368, "elapsed_seconds": 3307.6733211379615, "tokens_per_second": 59539.035714762445, "loss_main": 2.7713919281959534, "loss_total": 2.7713919281959534}
{"event": "update", "optimizer_step": 6020, "tokens_seen": 197263360, "lr": 0.0003, "grad_norm": 0.6867690086364746, "elapsed_seconds": 3313.161994828959, "tokens_per_second": 59539.30423803007, "loss_main": 2.7259351015090942, "loss_total": 2.7259351015090942}
{"event": "update", "optimizer_step": 6030, "tokens_seen": 197591040, "lr": 0.0003, "grad_norm": 0.5893838405609131, "elapsed_seconds": 3318.638024554937, "tokens_per_second": 59539.7987180295, "loss_main": 2.6725006103515625, "loss_total": 2.6725006103515625}
{"event": "update", "optimizer_step": 6040, "tokens_seen": 197918720, "lr": 0.0003, "grad_norm": 0.5506420135498047, "elapsed_seconds": 3324.116761842917, "tokens_per_second": 59540.24307204909, "loss_main": 2.7924063205718994, "loss_total": 2.7924063205718994}
{"event": "update", "optimizer_step": 6050, "tokens_seen": 198246400, "lr": 0.0003, "grad_norm": 0.5776659846305847, "elapsed_seconds": 3329.595357213926, "tokens_per_second": 59540.68850152553, "loss_main": 2.7038570642471313, "loss_total": 2.7038570642471313}
{"event": "update", "optimizer_step": 6060, "tokens_seen": 198574080, "lr": 0.0003, "grad_norm": 0.5858564972877502, "elapsed_seconds": 3335.080939322943, "tokens_per_second": 59541.00773347728, "loss_main": 2.6515982151031494, "loss_total": 2.6515982151031494}
{"event": "update", "optimizer_step": 6070, "tokens_seen": 198901760, "lr": 0.0003, "grad_norm": 0.6156261563301086, "elapsed_seconds": 3340.5649821019615, "tokens_per_second": 59541.35335360139, "loss_main": 2.7377352714538574, "loss_total": 2.7377352714538574}
{"event": "update", "optimizer_step": 6080, "tokens_seen": 199229440, "lr": 0.0003, "grad_norm": 0.5559191107749939, "elapsed_seconds": 3346.0456614469294, "tokens_per_second": 59541.757691927996, "loss_main": 2.66700279712677, "loss_total": 2.66700279712677}
{"event": "update", "optimizer_step": 6090, "tokens_seen": 199557120, "lr": 0.0003, "grad_norm": 0.6163467764854431, "elapsed_seconds": 3351.5269421219127, "tokens_per_second": 59542.150024805334, "loss_main": 2.5935338735580444, "loss_total": 2.5935338735580444}
{"event": "update", "optimizer_step": 6100, "tokens_seen": 199884800, "lr": 0.0003, "grad_norm": 0.6068435311317444, "elapsed_seconds": 3357.0174920829595, "tokens_per_second": 59542.37666958823, "loss_main": 2.6723092794418335, "loss_total": 2.6723092794418335}
{"event": "evaluation", "tokens_seen": 200015872, "elapsed_seconds": 3359.217418181943, "parameters": 71199040, "main_loss": 2.7703619599342346, "perplexity": 15.964411441447002}
{"event": "update", "optimizer_step": 6110, "tokens_seen": 200212480, "lr": 0.0003, "grad_norm": 0.6210544109344482, "elapsed_seconds": 3364.930295915925, "tokens_per_second": 59499.74067605543, "loss_main": 2.676787853240967, "loss_total": 2.676787853240967}
{"event": "update", "optimizer_step": 6120, "tokens_seen": 200540160, "lr": 0.0003, "grad_norm": 0.6042064428329468, "elapsed_seconds": 3370.4226095419144, "tokens_per_second": 59500.0043710412, "loss_main": 2.870369017124176, "loss_total": 2.870369017124176}
{"event": "update", "optimizer_step": 6130, "tokens_seen": 200867840, "lr": 0.0003, "grad_norm": 0.5803118944168091, "elapsed_seconds": 3375.913767399965, "tokens_per_second": 59500.28757834737, "loss_main": 2.83428031206131, "loss_total": 2.83428031206131}
{"event": "update", "optimizer_step": 6140, "tokens_seen": 201195520, "lr": 0.0003, "grad_norm": 0.5844466090202332, "elapsed_seconds": 3381.4056016549584, "tokens_per_second": 59500.557963685, "loss_main": 2.576215445995331, "loss_total": 2.576215445995331}
{"event": "update", "optimizer_step": 6150, "tokens_seen": 201523200, "lr": 0.0003, "grad_norm": 0.5886110067367554, "elapsed_seconds": 3386.88629631995, "tokens_per_second": 59501.02317251298, "loss_main": 2.792530059814453, "loss_total": 2.792530059814453}
{"event": "update", "optimizer_step": 6160, "tokens_seen": 201850880, "lr": 0.0003, "grad_norm": 0.6155933141708374, "elapsed_seconds": 3392.38918089692, "tokens_per_second": 59501.09767377346, "loss_main": 2.537151038646698, "loss_total": 2.537151038646698}
{"event": "update", "optimizer_step": 6170, "tokens_seen": 202178560, "lr": 0.0003, "grad_norm": 0.566409170627594, "elapsed_seconds": 3397.8854702949175, "tokens_per_second": 59501.287423455164, "loss_main": 2.4720786213874817, "loss_total": 2.4720786213874817}
{"event": "update", "optimizer_step": 6180, "tokens_seen": 202506240, "lr": 0.0003, "grad_norm": 0.5844604969024658, "elapsed_seconds": 3403.375191570958, "tokens_per_second": 59501.59139125812, "loss_main": 2.8092965483665466, "loss_total": 2.8092965483665466}
{"event": "update", "optimizer_step": 6190, "tokens_seen": 202833920, "lr": 0.0003, "grad_norm": 0.6117570996284485, "elapsed_seconds": 3408.855378233944, "tokens_per_second": 59502.06080760281, "loss_main": 2.526780128479004, "loss_total": 2.526780128479004}
{"event": "update", "optimizer_step": 6200, "tokens_seen": 203161600, "lr": 0.0003, "grad_norm": 0.5551028251647949, "elapsed_seconds": 3414.341824983945, "tokens_per_second": 59502.41962108036, "loss_main": 2.702299475669861, "loss_total": 2.702299475669861}
{"event": "update", "optimizer_step": 6210, "tokens_seen": 203489280, "lr": 0.0003, "grad_norm": 0.5505251288414001, "elapsed_seconds": 3419.839137611969, "tokens_per_second": 59502.58822468884, "loss_main": 2.6550424098968506, "loss_total": 2.6550424098968506}
{"event": "update", "optimizer_step": 6220, "tokens_seen": 203816960, "lr": 0.0003, "grad_norm": 0.5966938734054565, "elapsed_seconds": 3425.334614413965, "tokens_per_second": 59502.788177928334, "loss_main": 2.7352553009986877, "loss_total": 2.7352553009986877}
{"event": "update", "optimizer_step": 6230, "tokens_seen": 204144640, "lr": 0.0003, "grad_norm": 0.6109858751296997, "elapsed_seconds": 3430.816928909917, "tokens_per_second": 59503.21577341157, "loss_main": 2.5786876678466797, "loss_total": 2.5786876678466797}
{"event": "update", "optimizer_step": 6240, "tokens_seen": 204472320, "lr": 0.0003, "grad_norm": 0.6118796467781067, "elapsed_seconds": 3436.298308638914, "tokens_per_second": 59503.65819112765, "loss_main": 2.8497313261032104, "loss_total": 2.8497313261032104}
{"event": "update", "optimizer_step": 6250, "tokens_seen": 204800000, "lr": 0.0003, "grad_norm": 0.5680830478668213, "elapsed_seconds": 3441.775912613957, "tokens_per_second": 59504.16447782583, "loss_main": 2.855310618877411, "loss_total": 2.855310618877411}
{"event": "update", "optimizer_step": 6260, "tokens_seen": 205127680, "lr": 0.0003, "grad_norm": 0.5622305870056152, "elapsed_seconds": 3447.25382977596, "tokens_per_second": 59504.66374950156, "loss_main": 2.6485824584960938, "loss_total": 2.6485824584960938}
{"event": "update", "optimizer_step": 6270, "tokens_seen": 205455360, "lr": 0.0003, "grad_norm": 0.6436681151390076, "elapsed_seconds": 3452.7455648509203, "tokens_per_second": 59504.923296852015, "loss_main": 2.7457118034362793, "loss_total": 2.7457118034362793}
{"event": "update", "optimizer_step": 6280, "tokens_seen": 205783040, "lr": 0.0003, "grad_norm": 0.6081371307373047, "elapsed_seconds": 3458.2345346859656, "tokens_per_second": 59505.22960082772, "loss_main": 2.6234177350997925, "loss_total": 2.6234177350997925}
{"event": "update", "optimizer_step": 6290, "tokens_seen": 206110720, "lr": 0.0003, "grad_norm": 0.5906367897987366, "elapsed_seconds": 3463.7168389649596, "tokens_per_second": 59505.64944609928, "loss_main": 2.5675336718559265, "loss_total": 2.5675336718559265}
{"event": "update", "optimizer_step": 6300, "tokens_seen": 206438400, "lr": 0.0003, "grad_norm": 0.5689474940299988, "elapsed_seconds": 3469.2002350049443, "tokens_per_second": 59506.049237802436, "loss_main": 2.554578959941864, "loss_total": 2.554578959941864}
{"event": "update", "optimizer_step": 6310, "tokens_seen": 206766080, "lr": 0.0003, "grad_norm": 0.6402725577354431, "elapsed_seconds": 3474.6890742769465, "tokens_per_second": 59506.35454857966, "loss_main": 2.74045330286026, "loss_total": 2.74045330286026}
{"event": "update", "optimizer_step": 6320, "tokens_seen": 207093760, "lr": 0.0003, "grad_norm": 0.5374837517738342, "elapsed_seconds": 3480.179707406962, "tokens_per_second": 59506.62822360486, "loss_main": 2.5200482606887817, "loss_total": 2.5200482606887817}
{"event": "update", "optimizer_step": 6330, "tokens_seen": 207421440, "lr": 0.0003, "grad_norm": 0.5575430393218994, "elapsed_seconds": 3485.6714814649313, "tokens_per_second": 59506.881558679335, "loss_main": 2.789964020252228, "loss_total": 2.789964020252228}
{"event": "update", "optimizer_step": 6340, "tokens_seen": 207749120, "lr": 0.0003, "grad_norm": 0.5820620059967041, "elapsed_seconds": 3491.1647396039334, "tokens_per_second": 59507.10880047693, "loss_main": 2.5784380435943604, "loss_total": 2.5784380435943604}
{"event": "update", "optimizer_step": 6350, "tokens_seen": 208076800, "lr": 0.0003, "grad_norm": 0.6180359721183777, "elapsed_seconds": 3496.660836099938, "tokens_per_second": 59507.28702417765, "loss_main": 2.671562612056732, "loss_total": 2.671562612056732}
{"event": "update", "optimizer_step": 6360, "tokens_seen": 208404480, "lr": 0.0003, "grad_norm": 0.5559669733047485, "elapsed_seconds": 3502.164736197912, "tokens_per_second": 59507.332092622266, "loss_main": 2.6964810490608215, "loss_total": 2.6964810490608215}
{"event": "update", "optimizer_step": 6370, "tokens_seen": 208732160, "lr": 0.0003, "grad_norm": 0.5580728054046631, "elapsed_seconds": 3507.659969751956, "tokens_per_second": 59507.52404736668, "loss_main": 2.5675711035728455, "loss_total": 2.5675711035728455}
{"event": "update", "optimizer_step": 6380, "tokens_seen": 209059840, "lr": 0.0003, "grad_norm": 0.580685019493103, "elapsed_seconds": 3513.1347170769586, "tokens_per_second": 59508.06241041178, "loss_main": 2.6610968708992004, "loss_total": 2.6610968708992004}
{"event": "update", "optimizer_step": 6390, "tokens_seen": 209387520, "lr": 0.0003, "grad_norm": 0.5873647928237915, "elapsed_seconds": 3518.629285576928, "tokens_per_second": 59508.263873745374, "loss_main": 2.838821053504944, "loss_total": 2.838821053504944}
{"event": "update", "optimizer_step": 6400, "tokens_seen": 209715200, "lr": 0.0003, "grad_norm": 0.5804188251495361, "elapsed_seconds": 3524.118448754947, "tokens_per_second": 59508.55598343787, "loss_main": 2.695792496204376, "loss_total": 2.695792496204376}
{"event": "update", "optimizer_step": 6410, "tokens_seen": 210042880, "lr": 0.0003, "grad_norm": 0.6265375018119812, "elapsed_seconds": 3529.5978891279665, "tokens_per_second": 59509.01111058117, "loss_main": 2.563686430454254, "loss_total": 2.563686430454254}
{"event": "update", "optimizer_step": 6420, "tokens_seen": 210370560, "lr": 0.0003, "grad_norm": 0.5569358468055725, "elapsed_seconds": 3535.092397554952, "tokens_per_second": 59509.2111723877, "loss_main": 2.5869994163513184, "loss_total": 2.5869994163513184}
{"event": "update", "optimizer_step": 6430, "tokens_seen": 210698240, "lr": 0.0003, "grad_norm": 0.5678650736808777, "elapsed_seconds": 3540.584707932954, "tokens_per_second": 59509.447557606596, "loss_main": 2.736803889274597, "loss_total": 2.736803889274597}
{"event": "update", "optimizer_step": 6440, "tokens_seen": 211025920, "lr": 0.0003, "grad_norm": 1.0085316896438599, "elapsed_seconds": 3546.0553646179615, "tokens_per_second": 59510.046601524264, "loss_main": 2.65030175447464, "loss_total": 2.65030175447464}
{"event": "update", "optimizer_step": 6450, "tokens_seen": 211353600, "lr": 0.0003, "grad_norm": 0.5742893218994141, "elapsed_seconds": 3551.551165322948, "tokens_per_second": 59510.22248071183, "loss_main": 2.6908836364746094, "loss_total": 2.6908836364746094}
{"event": "update", "optimizer_step": 6460, "tokens_seen": 211681280, "lr": 0.0003, "grad_norm": 0.5480831861495972, "elapsed_seconds": 3557.033948759956, "tokens_per_second": 59510.61559977402, "loss_main": 2.623854339122772, "loss_total": 2.623854339122772}
{"event": "update", "optimizer_step": 6470, "tokens_seen": 212008960, "lr": 0.0003, "grad_norm": 0.6258346438407898, "elapsed_seconds": 3562.522634139925, "tokens_per_second": 59510.90891838891, "loss_main": 2.956797957420349, "loss_total": 2.956797957420349}
{"event": "update", "optimizer_step": 6480, "tokens_seen": 212336640, "lr": 0.0003, "grad_norm": 0.5689372420310974, "elapsed_seconds": 3568.0298235019436, "tokens_per_second": 59510.89270649543, "loss_main": 2.636507570743561, "loss_total": 2.636507570743561}
{"event": "update", "optimizer_step": 6490, "tokens_seen": 212664320, "lr": 0.0003, "grad_norm": 0.5669212341308594, "elapsed_seconds": 3573.525625103968, "tokens_per_second": 59511.06618797864, "loss_main": 2.8154667019844055, "loss_total": 2.8154667019844055}
{"event": "update", "optimizer_step": 6500, "tokens_seen": 212992000, "lr": 0.0003, "grad_norm": 0.5850654244422913, "elapsed_seconds": 3579.01337087492, "tokens_per_second": 59511.373087698834, "loss_main": 2.670748233795166, "loss_total": 2.670748233795166}
{"event": "update", "optimizer_step": 6510, "tokens_seen": 213319680, "lr": 0.0003, "grad_norm": 0.5748018622398376, "elapsed_seconds": 3584.504795795947, "tokens_per_second": 59511.6179646879, "loss_main": 2.598639667034149, "loss_total": 2.598639667034149}
{"event": "update", "optimizer_step": 6520, "tokens_seen": 213647360, "lr": 0.0003, "grad_norm": 0.5971490740776062, "elapsed_seconds": 3589.999261463934, "tokens_per_second": 59511.81168568782, "loss_main": 2.7662917971611023, "loss_total": 2.7662917971611023}
{"event": "update", "optimizer_step": 6530, "tokens_seen": 213975040, "lr": 0.0003, "grad_norm": 0.6175661683082581, "elapsed_seconds": 3595.491301541915, "tokens_per_second": 59512.0449626001, "loss_main": 2.7847192883491516, "loss_total": 2.7847192883491516}
{"event": "update", "optimizer_step": 6540, "tokens_seen": 214302720, "lr": 0.0003, "grad_norm": 0.6205077171325684, "elapsed_seconds": 3600.9963742539403, "tokens_per_second": 59512.06214263394, "loss_main": 2.8635648488998413, "loss_total": 2.8635648488998413}
{"event": "update", "optimizer_step": 6550, "tokens_seen": 214630400, "lr": 0.0003, "grad_norm": 0.5556483268737793, "elapsed_seconds": 3606.4916462629335, "tokens_per_second": 59512.24099531776, "loss_main": 2.688132405281067, "loss_total": 2.688132405281067}
{"event": "update", "optimizer_step": 6560, "tokens_seen": 214958080, "lr": 0.0003, "grad_norm": 0.7964771389961243, "elapsed_seconds": 3611.9765744779143, "tokens_per_second": 59512.5897324156, "loss_main": 2.6204647421836853, "loss_total": 2.6204647421836853}
{"event": "update", "optimizer_step": 6570, "tokens_seen": 215285760, "lr": 0.0003, "grad_norm": 0.614321231842041, "elapsed_seconds": 3617.4752137289615, "tokens_per_second": 59512.71184470104, "loss_main": 2.6719208359718323, "loss_total": 2.6719208359718323}
{"event": "update", "optimizer_step": 6580, "tokens_seen": 215613440, "lr": 0.0003, "grad_norm": 0.5826618075370789, "elapsed_seconds": 3622.9613075289526, "tokens_per_second": 59513.0396650743, "loss_main": 2.7168601751327515, "loss_total": 2.7168601751327515}
{"event": "update", "optimizer_step": 6590, "tokens_seen": 215941120, "lr": 0.0003, "grad_norm": 0.5843885540962219, "elapsed_seconds": 3628.4469842859544, "tokens_per_second": 59513.37333443092, "loss_main": 2.7092981934547424, "loss_total": 2.7092981934547424}
{"event": "update", "optimizer_step": 6600, "tokens_seen": 216268800, "lr": 0.0003, "grad_norm": 0.5783026218414307, "elapsed_seconds": 3633.9408259789343, "tokens_per_second": 59513.57227775995, "loss_main": 2.527398407459259, "loss_total": 2.527398407459259}
{"event": "update", "optimizer_step": 6610, "tokens_seen": 216596480, "lr": 0.0003, "grad_norm": 0.5720903873443604, "elapsed_seconds": 3639.4393316369387, "tokens_per_second": 59513.694353184816, "loss_main": 2.628356158733368, "loss_total": 2.628356158733368}
{"event": "update", "optimizer_step": 6620, "tokens_seen": 216924160, "lr": 0.0003, "grad_norm": 0.572953999042511, "elapsed_seconds": 3644.928856732964, "tokens_per_second": 59513.96269348155, "loss_main": 2.6774572134017944, "loss_total": 2.6774572134017944}
{"event": "update", "optimizer_step": 6630, "tokens_seen": 217251840, "lr": 0.0003, "grad_norm": 0.5849901437759399, "elapsed_seconds": 3650.435583082959, "tokens_per_second": 59513.949789115555, "loss_main": 2.6572386622428894, "loss_total": 2.6572386622428894}
{"event": "update", "optimizer_step": 6640, "tokens_seen": 217579520, "lr": 0.0003, "grad_norm": 0.5604033470153809, "elapsed_seconds": 3655.9320348349283, "tokens_per_second": 59514.1041810489, "loss_main": 2.7992022037506104, "loss_total": 2.7992022037506104}
{"event": "update", "optimizer_step": 6650, "tokens_seen": 217907200, "lr": 0.0003, "grad_norm": 0.5577207803726196, "elapsed_seconds": 3661.42231302493, "tokens_per_second": 59514.35845704813, "loss_main": 2.609845757484436, "loss_total": 2.609845757484436}
{"event": "update", "optimizer_step": 6660, "tokens_seen": 218234880, "lr": 0.0003, "grad_norm": 0.5698039531707764, "elapsed_seconds": 3666.91055107594, "tokens_per_second": 59514.64508343838, "loss_main": 2.7827471494674683, "loss_total": 2.7827471494674683}
{"event": "update", "optimizer_step": 6670, "tokens_seen": 218562560, "lr": 0.0003, "grad_norm": 0.5937432050704956, "elapsed_seconds": 3672.3897444339236, "tokens_per_second": 59515.077431872654, "loss_main": 2.7257904410362244, "loss_total": 2.7257904410362244}
{"event": "update", "optimizer_step": 6680, "tokens_seen": 218890240, "lr": 0.0003, "grad_norm": 0.5543911457061768, "elapsed_seconds": 3677.88180006895, "tokens_per_second": 59515.30035464882, "loss_main": 2.6533073782920837, "loss_total": 2.6533073782920837}
{"event": "update", "optimizer_step": 6690, "tokens_seen": 219217920, "lr": 0.0003, "grad_norm": 0.5827843546867371, "elapsed_seconds": 3683.3637760159327, "tokens_per_second": 59515.68547951419, "loss_main": 2.8068090677261353, "loss_total": 2.8068090677261353}
{"event": "update", "optimizer_step": 6700, "tokens_seen": 219545600, "lr": 0.0003, "grad_norm": 0.7434766292572021, "elapsed_seconds": 3688.860661365965, "tokens_per_second": 59515.8289114405, "loss_main": 2.5247364044189453, "loss_total": 2.5247364044189453}
{"event": "update", "optimizer_step": 6710, "tokens_seen": 219873280, "lr": 0.0003, "grad_norm": 0.5720893144607544, "elapsed_seconds": 3694.358526998956, "tokens_per_second": 59515.95612421786, "loss_main": 2.6792378425598145, "loss_total": 2.6792378425598145}
{"event": "update", "optimizer_step": 6720, "tokens_seen": 220200960, "lr": 0.0003, "grad_norm": 0.5769079327583313, "elapsed_seconds": 3699.854225640942, "tokens_per_second": 59516.117817277955, "loss_main": 2.750033974647522, "loss_total": 2.750033974647522}
{"event": "update", "optimizer_step": 6730, "tokens_seen": 220528640, "lr": 0.0003, "grad_norm": 0.5679436922073364, "elapsed_seconds": 3705.349676226964, "tokens_per_second": 59516.28301503708, "loss_main": 2.841270923614502, "loss_total": 2.841270923614502}
{"event": "update", "optimizer_step": 6740, "tokens_seen": 220856320, "lr": 0.0003, "grad_norm": 0.5709023475646973, "elapsed_seconds": 3710.830654561927, "tokens_per_second": 59516.6798378388, "loss_main": 2.7444762587547302, "loss_total": 2.7444762587547302}
{"event": "update", "optimizer_step": 6750, "tokens_seen": 221184000, "lr": 0.0003, "grad_norm": 0.548433780670166, "elapsed_seconds": 3716.31885844894, "tokens_per_second": 59516.95977247614, "loss_main": 2.5560522079467773, "loss_total": 2.5560522079467773}
{"event": "update", "optimizer_step": 6760, "tokens_seen": 221511680, "lr": 0.0003, "grad_norm": 0.5969460606575012, "elapsed_seconds": 3721.799572123913, "tokens_per_second": 59517.35866141505, "loss_main": 2.7287750244140625, "loss_total": 2.7287750244140625}
{"event": "update", "optimizer_step": 6770, "tokens_seen": 221839360, "lr": 0.0003, "grad_norm": 0.5954522490501404, "elapsed_seconds": 3727.2734519429505, "tokens_per_second": 59517.865501486005, "loss_main": 2.72966331243515, "loss_total": 2.72966331243515}
{"event": "update", "optimizer_step": 6780, "tokens_seen": 222167040, "lr": 0.0003, "grad_norm": 0.6275579333305359, "elapsed_seconds": 3732.7713193519157, "tokens_per_second": 59517.988377218, "loss_main": 2.4070178270339966, "loss_total": 2.4070178270339966}
{"event": "update", "optimizer_step": 6790, "tokens_seen": 222494720, "lr": 0.0003, "grad_norm": 0.5776877999305725, "elapsed_seconds": 3738.2763861029525, "tokens_per_second": 59517.9962688485, "loss_main": 2.6102863550186157, "loss_total": 2.6102863550186157}
{"event": "update", "optimizer_step": 6800, "tokens_seen": 222822400, "lr": 0.0003, "grad_norm": 0.5997315049171448, "elapsed_seconds": 3743.7696115859435, "tokens_per_second": 59518.19238834184, "loss_main": 2.702597498893738, "loss_total": 2.702597498893738}
{"event": "update", "optimizer_step": 6810, "tokens_seen": 223150080, "lr": 0.0003, "grad_norm": 0.5570557117462158, "elapsed_seconds": 3749.276439200912, "tokens_per_second": 59518.17200429218, "loss_main": 2.7062617540359497, "loss_total": 2.7062617540359497}
{"event": "update", "optimizer_step": 6820, "tokens_seen": 223477760, "lr": 0.0003, "grad_norm": 0.5662267208099365, "elapsed_seconds": 3754.768604016921, "tokens_per_second": 59518.38410519342, "loss_main": 2.672731101512909, "loss_total": 2.672731101512909}
{"event": "update", "optimizer_step": 6830, "tokens_seen": 223805440, "lr": 0.0003, "grad_norm": 0.608843982219696, "elapsed_seconds": 3760.267589708965, "tokens_per_second": 59518.48762372839, "loss_main": 2.720839023590088, "loss_total": 2.720839023590088}
{"event": "update", "optimizer_step": 6840, "tokens_seen": 224133120, "lr": 0.0003, "grad_norm": 0.6373220682144165, "elapsed_seconds": 3765.7420873989468, "tokens_per_second": 59518.977879553095, "loss_main": 2.5427339673042297, "loss_total": 2.5427339673042297}
{"event": "update", "optimizer_step": 6850, "tokens_seen": 224460800, "lr": 0.0003, "grad_norm": 0.5741074681282043, "elapsed_seconds": 3771.230837588955, "tokens_per_second": 59519.24177187296, "loss_main": 2.8199093341827393, "loss_total": 2.8199093341827393}
{"event": "update", "optimizer_step": 6860, "tokens_seen": 224788480, "lr": 0.0003, "grad_norm": 0.547785758972168, "elapsed_seconds": 3776.7272876959178, "tokens_per_second": 59519.38354996703, "loss_main": 2.6414154767990112, "loss_total": 2.6414154767990112}
{"event": "update", "optimizer_step": 6870, "tokens_seen": 225116160, "lr": 0.0003, "grad_norm": 0.5343015789985657, "elapsed_seconds": 3782.2243411039235, "tokens_per_second": 59519.515422053206, "loss_main": 2.729459047317505, "loss_total": 2.729459047317505}
{"event": "update", "optimizer_step": 6880, "tokens_seen": 225443840, "lr": 0.0003, "grad_norm": 0.5711527466773987, "elapsed_seconds": 3787.717205666937, "tokens_per_second": 59519.712734283734, "loss_main": 2.665725290775299, "loss_total": 2.665725290775299}
{"event": "update", "optimizer_step": 6890, "tokens_seen": 225771520, "lr": 0.0003, "grad_norm": 0.6263660192489624, "elapsed_seconds": 3793.209327812947, "tokens_per_second": 59519.921124461966, "loss_main": 2.5270702242851257, "loss_total": 2.5270702242851257}
{"event": "update", "optimizer_step": 6900, "tokens_seen": 226099200, "lr": 0.0003, "grad_norm": 0.5562921166419983, "elapsed_seconds": 3798.7117627789266, "tokens_per_second": 59519.96732560682, "loss_main": 2.5562816858291626, "loss_total": 2.5562816858291626}
{"event": "update", "optimizer_step": 6910, "tokens_seen": 226426880, "lr": 0.0003, "grad_norm": 0.5540860891342163, "elapsed_seconds": 3804.2077548439265, "tokens_per_second": 59520.11419767728, "loss_main": 2.795783817768097, "loss_total": 2.795783817768097}
{"event": "update", "optimizer_step": 6920, "tokens_seen": 226754560, "lr": 0.0003, "grad_norm": 0.5640775561332703, "elapsed_seconds": 3809.7075351469684, "tokens_per_second": 59520.2014611477, "loss_main": 2.5882063508033752, "loss_total": 2.5882063508033752}
{"event": "update", "optimizer_step": 6930, "tokens_seen": 227082240, "lr": 0.0003, "grad_norm": 0.6034597754478455, "elapsed_seconds": 3815.1999620959396, "tokens_per_second": 59520.40319146177, "loss_main": 2.772976517677307, "loss_total": 2.772976517677307}
{"event": "update", "optimizer_step": 6940, "tokens_seen": 227409920, "lr": 0.0003, "grad_norm": 0.6423776149749756, "elapsed_seconds": 3820.6944692599354, "tokens_per_second": 59520.571935198226, "loss_main": 2.624813973903656, "loss_total": 2.624813973903656}
{"event": "update", "optimizer_step": 6950, "tokens_seen": 227737600, "lr": 0.0003, "grad_norm": 0.617885410785675, "elapsed_seconds": 3826.1889968229225, "tokens_per_second": 59520.73987696426, "loss_main": 2.5929041504859924, "loss_total": 2.5929041504859924}
{"event": "update", "optimizer_step": 6960, "tokens_seen": 228065280, "lr": 0.0003, "grad_norm": 0.5791431069374084, "elapsed_seconds": 3831.6805591749144, "tokens_per_second": 59520.95339834641, "loss_main": 2.6405022144317627, "loss_total": 2.6405022144317627}
{"event": "update", "optimizer_step": 6970, "tokens_seen": 228392960, "lr": 0.0003, "grad_norm": 0.5618084669113159, "elapsed_seconds": 3837.16965538793, "tokens_per_second": 59521.204562666106, "loss_main": 2.616595208644867, "loss_total": 2.616595208644867}
{"event": "update", "optimizer_step": 6980, "tokens_seen": 228720640, "lr": 0.0003, "grad_norm": 0.6540005803108215, "elapsed_seconds": 3842.666180570959, "tokens_per_second": 59521.33993747429, "loss_main": 2.6615355014801025, "loss_total": 2.6615355014801025}
{"event": "update", "optimizer_step": 6990, "tokens_seen": 229048320, "lr": 0.0003, "grad_norm": 0.5868518948554993, "elapsed_seconds": 3848.154587513942, "tokens_per_second": 59521.60049473848, "loss_main": 2.739431619644165, "loss_total": 2.739431619644165}
{"event": "update", "optimizer_step": 7000, "tokens_seen": 229376000, "lr": 0.0003, "grad_norm": 0.6028711795806885, "elapsed_seconds": 3853.6503857299685, "tokens_per_second": 59521.74614733531, "loss_main": 2.587135970592499, "loss_total": 2.587135970592499}
{"event": "update", "optimizer_step": 7010, "tokens_seen": 229703680, "lr": 0.0003, "grad_norm": 0.5574268102645874, "elapsed_seconds": 3859.1450352339307, "tokens_per_second": 59521.90910235536, "loss_main": 2.652853846549988, "loss_total": 2.652853846549988}
{"event": "update", "optimizer_step": 7020, "tokens_seen": 230031360, "lr": 0.0003, "grad_norm": 0.6104980707168579, "elapsed_seconds": 3864.643969854922, "tokens_per_second": 59522.00559593471, "loss_main": 2.741250693798065, "loss_total": 2.741250693798065}
{"event": "update", "optimizer_step": 7030, "tokens_seen": 230359040, "lr": 0.0003, "grad_norm": 0.6151131987571716, "elapsed_seconds": 3870.1338373369654, "tokens_per_second": 59522.241266599136, "loss_main": 2.697493314743042, "loss_total": 2.697493314743042}
{"event": "update", "optimizer_step": 7040, "tokens_seen": 230686720, "lr": 0.0003, "grad_norm": 0.6091777086257935, "elapsed_seconds": 3875.6286440169206, "tokens_per_second": 59522.400412672985, "loss_main": 2.6284403800964355, "loss_total": 2.6284403800964355}
{"event": "update", "optimizer_step": 7050, "tokens_seen": 231014400, "lr": 0.0003, "grad_norm": 0.6335705518722534, "elapsed_seconds": 3881.1270655369153, "tokens_per_second": 59522.50366944414, "loss_main": 2.7686551213264465, "loss_total": 2.7686551213264465}
{"event": "update", "optimizer_step": 7060, "tokens_seen": 231342080, "lr": 0.0003, "grad_norm": 0.565412163734436, "elapsed_seconds": 3886.621438942966, "tokens_per_second": 59522.66862988269, "loss_main": 2.7038705348968506, "loss_total": 2.7038705348968506}
{"event": "update", "optimizer_step": 7070, "tokens_seen": 231669760, "lr": 0.0003, "grad_norm": 0.565909743309021, "elapsed_seconds": 3892.1223115359317, "tokens_per_second": 59522.733731504224, "loss_main": 2.690948247909546, "loss_total": 2.690948247909546}
{"event": "update", "optimizer_step": 7080, "tokens_seen": 231997440, "lr": 0.0003, "grad_norm": 0.5773067474365234, "elapsed_seconds": 3897.6128130789148, "tokens_per_second": 59522.95703193101, "loss_main": 2.745171010494232, "loss_total": 2.745171010494232}
{"event": "update", "optimizer_step": 7090, "tokens_seen": 232325120, "lr": 0.0003, "grad_norm": 0.5388709306716919, "elapsed_seconds": 3903.103716906917, "tokens_per_second": 59523.173569189734, "loss_main": 2.5971080660820007, "loss_total": 2.5971080660820007}
{"event": "update", "optimizer_step": 7100, "tokens_seen": 232652800, "lr": 0.0003, "grad_norm": 0.5618914365768433, "elapsed_seconds": 3908.598006740911, "tokens_per_second": 59523.33793313062, "loss_main": 2.5209460854530334, "loss_total": 2.5209460854530334}
{"event": "update", "optimizer_step": 7110, "tokens_seen": 232980480, "lr": 0.0003, "grad_norm": 0.5254718065261841, "elapsed_seconds": 3914.092530457943, "tokens_per_second": 59523.49827885689, "loss_main": 2.6989893317222595, "loss_total": 2.6989893317222595}
{"event": "update", "optimizer_step": 7120, "tokens_seen": 233308160, "lr": 0.0003, "grad_norm": 0.5894744396209717, "elapsed_seconds": 3919.566117261944, "tokens_per_second": 59523.97612901603, "loss_main": 2.673719108104706, "loss_total": 2.673719108104706}
{"event": "update", "optimizer_step": 7130, "tokens_seen": 233635840, "lr": 0.0003, "grad_norm": 0.6068443655967712, "elapsed_seconds": 3925.0562708559446, "tokens_per_second": 59524.20140693947, "loss_main": 2.7234248518943787, "loss_total": 2.7234248518943787}
{"event": "update", "optimizer_step": 7140, "tokens_seen": 233963520, "lr": 0.0003, "grad_norm": 0.6271849870681763, "elapsed_seconds": 3930.570202048926, "tokens_per_second": 59524.065968352275, "loss_main": 2.858866333961487, "loss_total": 2.858866333961487}
{"event": "update", "optimizer_step": 7150, "tokens_seen": 234291200, "lr": 0.0003, "grad_norm": 0.5539884567260742, "elapsed_seconds": 3936.068071352958, "tokens_per_second": 59524.1738081695, "loss_main": 2.5480743646621704, "loss_total": 2.5480743646621704}
{"event": "update", "optimizer_step": 7160, "tokens_seen": 234618880, "lr": 0.0003, "grad_norm": 0.5594383478164673, "elapsed_seconds": 3941.5571170819458, "tokens_per_second": 59524.4145982833, "loss_main": 2.574680507183075, "loss_total": 2.574680507183075}
{"event": "update", "optimizer_step": 7170, "tokens_seen": 234946560, "lr": 0.0003, "grad_norm": 0.907849907875061, "elapsed_seconds": 3947.022587438929, "tokens_per_second": 59525.01025651535, "loss_main": 2.492760717868805, "loss_total": 2.492760717868805}
{"event": "update", "optimizer_step": 7180, "tokens_seen": 235274240, "lr": 0.0003, "grad_norm": 0.5924567580223083, "elapsed_seconds": 3952.510384636931, "tokens_per_second": 59525.26802067132, "loss_main": 2.6186368465423584, "loss_total": 2.6186368465423584}
{"event": "update", "optimizer_step": 7190, "tokens_seen": 235601920, "lr": 0.0003, "grad_norm": 0.5627541542053223, "elapsed_seconds": 3957.9861383909592, "tokens_per_second": 59525.706195570274, "loss_main": 2.7699813842773438, "loss_total": 2.7699813842773438}
{"event": "update", "optimizer_step": 7200, "tokens_seen": 235929600, "lr": 0.0003, "grad_norm": 0.573634684085846, "elapsed_seconds": 3963.485421790916, "tokens_per_second": 59525.789776563455, "loss_main": 2.6249619722366333, "loss_total": 2.6249619722366333}
{"event": "update", "optimizer_step": 7210, "tokens_seen": 236257280, "lr": 0.0003, "grad_norm": 0.5509703159332275, "elapsed_seconds": 3968.979080024932, "tokens_per_second": 59525.95749094145, "loss_main": 2.663838028907776, "loss_total": 2.663838028907776}
{"event": "update", "optimizer_step": 7220, "tokens_seen": 236584960, "lr": 0.0003, "grad_norm": 0.5417476296424866, "elapsed_seconds": 3974.465945682954, "tokens_per_second": 59526.22647502552, "loss_main": 2.6984350085258484, "loss_total": 2.6984350085258484}
{"event": "update", "optimizer_step": 7230, "tokens_seen": 236912640, "lr": 0.0003, "grad_norm": 0.5950764417648315, "elapsed_seconds": 3979.9704844039516, "tokens_per_second": 59526.23038999258, "loss_main": 2.7165859937667847, "loss_total": 2.7165859937667847}
{"event": "update", "optimizer_step": 7240, "tokens_seen": 237240320, "lr": 0.0003, "grad_norm": 0.616262674331665, "elapsed_seconds": 3985.4645121339126, "tokens_per_second": 59526.39128455716, "loss_main": 2.6507807970046997, "loss_total": 2.6507807970046997}
{"event": "update", "optimizer_step": 7250, "tokens_seen": 237568000, "lr": 0.0003, "grad_norm": 0.5883458256721497, "elapsed_seconds": 3990.9457408639137, "tokens_per_second": 59526.74263834367, "loss_main": 2.714739680290222, "loss_total": 2.714739680290222}
{"event": "update", "optimizer_step": 7260, "tokens_seen": 237895680, "lr": 0.0003, "grad_norm": 0.5850386023521423, "elapsed_seconds": 3996.4198949179263, "tokens_per_second": 59527.19840638408, "loss_main": 2.883089005947113, "loss_total": 2.883089005947113}
{"event": "update", "optimizer_step": 7270, "tokens_seen": 238223360, "lr": 0.0003, "grad_norm": 0.5801433324813843, "elapsed_seconds": 4001.9135300259222, "tokens_per_second": 59527.36315081174, "loss_main": 2.6699424386024475, "loss_total": 2.6699424386024475}
{"event": "update", "optimizer_step": 7280, "tokens_seen": 238551040, "lr": 0.0003, "grad_norm": 0.6527783870697021, "elapsed_seconds": 4007.412357333931, "tokens_per_second": 59527.45031676857, "loss_main": 2.6686840653419495, "loss_total": 2.6686840653419495}
{"event": "update", "optimizer_step": 7290, "tokens_seen": 238878720, "lr": 0.0003, "grad_norm": 0.5714499950408936, "elapsed_seconds": 4012.9091013769503, "tokens_per_second": 59527.56814701671, "loss_main": 2.5309306979179382, "loss_total": 2.5309306979179382}
{"event": "update", "optimizer_step": 7300, "tokens_seen": 239206400, "lr": 0.0003, "grad_norm": 0.5663547515869141, "elapsed_seconds": 4018.3842192499433, "tokens_per_second": 59528.00602144744, "loss_main": 2.7627025842666626, "loss_total": 2.7627025842666626}
{"event": "update", "optimizer_step": 7310, "tokens_seen": 239534080, "lr": 0.0003, "grad_norm": 0.6138454079627991, "elapsed_seconds": 4023.869788398966, "tokens_per_second": 59528.288089885435, "loss_main": 2.652507245540619, "loss_total": 2.652507245540619}
{"event": "update", "optimizer_step": 7320, "tokens_seen": 239861760, "lr": 0.0003, "grad_norm": 0.5888360142707825, "elapsed_seconds": 4029.35508694296, "tokens_per_second": 59528.57338815012, "loss_main": 2.690727114677429, "loss_total": 2.690727114677429}
{"event": "evaluation", "tokens_seen": 240025600, "elapsed_seconds": 4032.100677513925, "parameters": 71199040, "main_loss": 2.74578720331192, "perplexity": 15.576871271696898}
{"event": "update", "optimizer_step": 7330, "tokens_seen": 240189440, "lr": 0.0003, "grad_norm": 0.5666319131851196, "elapsed_seconds": 4037.3622369929217, "tokens_per_second": 59491.674489652956, "loss_main": 2.8372535705566406, "loss_total": 2.8372535705566406}
{"event": "update", "optimizer_step": 7340, "tokens_seen": 240517120, "lr": 0.0003, "grad_norm": 0.5800249576568604, "elapsed_seconds": 4042.859832337941, "tokens_per_second": 59491.827561311125, "loss_main": 2.664373219013214, "loss_total": 2.664373219013214}
{"event": "update", "optimizer_step": 7350, "tokens_seen": 240844800, "lr": 0.0003, "grad_norm": 0.5796158909797668, "elapsed_seconds": 4048.344085828925, "tokens_per_second": 59492.17628093128, "loss_main": 2.564883828163147, "loss_total": 2.564883828163147}
{"event": "update", "optimizer_step": 7360, "tokens_seen": 241172480, "lr": 0.0003, "grad_norm": 0.5669384002685547, "elapsed_seconds": 4053.8239668449387, "tokens_per_second": 59492.588225951695, "loss_main": 2.55673348903656, "loss_total": 2.55673348903656}
{"event": "update", "optimizer_step": 7370, "tokens_seen": 241500160, "lr": 0.0003, "grad_norm": 0.6370482444763184, "elapsed_seconds": 4059.3245787729393, "tokens_per_second": 59492.69522887011, "loss_main": 2.7886157035827637, "loss_total": 2.7886157035827637}
{"event": "update", "optimizer_step": 7380, "tokens_seen": 241827840, "lr": 0.0003, "grad_norm": 0.570296585559845, "elapsed_seconds": 4064.81781147694, "tokens_per_second": 59492.90994474671, "loss_main": 2.667118549346924, "loss_total": 2.667118549346924}
{"event": "update", "optimizer_step": 7390, "tokens_seen": 242155520, "lr": 0.0003, "grad_norm": 0.5827159881591797, "elapsed_seconds": 4070.3170942069264, "tokens_per_second": 59493.035651853155, "loss_main": 2.8123740553855896, "loss_total": 2.8123740553855896}
{"event": "update", "optimizer_step": 7400, "tokens_seen": 242483200, "lr": 0.0003, "grad_norm": 0.569134533405304, "elapsed_seconds": 4075.810055396927, "tokens_per_second": 59493.253293028036, "loss_main": 2.7004140615463257, "loss_total": 2.7004140615463257}
{"event": "update", "optimizer_step": 7410, "tokens_seen": 242810880, "lr": 0.0003, "grad_norm": 0.5559896230697632, "elapsed_seconds": 4081.318126917933, "tokens_per_second": 59493.250084712745, "loss_main": 2.572588324546814, "loss_total": 2.572588324546814}
{"event": "update", "optimizer_step": 7420, "tokens_seen": 243138560, "lr": 0.0003, "grad_norm": 0.6206936836242676, "elapsed_seconds": 4086.8344717849395, "tokens_per_second": 59493.12644752367, "loss_main": 2.511873185634613, "loss_total": 2.511873185634613}
{"event": "update", "optimizer_step": 7430, "tokens_seen": 243466240, "lr": 0.0003, "grad_norm": 0.6121139526367188, "elapsed_seconds": 4092.337529980927, "tokens_per_second": 59493.196300730044, "loss_main": 2.9592705368995667, "loss_total": 2.9592705368995667}
{"event": "update", "optimizer_step": 7440, "tokens_seen": 243793920, "lr": 0.0003, "grad_norm": 0.5802817344665527, "elapsed_seconds": 4097.812314121926, "tokens_per_second": 59493.67645751728, "loss_main": 2.614369034767151, "loss_total": 2.614369034767151}
{"event": "update", "optimizer_step": 7450, "tokens_seen": 244121600, "lr": 0.0003, "grad_norm": 0.5721216797828674, "elapsed_seconds": 4103.307746901934, "tokens_per_second": 59493.85594690428, "loss_main": 2.8762142658233643, "loss_total": 2.8762142658233643}
{"event": "update", "optimizer_step": 7460, "tokens_seen": 244449280, "lr": 0.0003, "grad_norm": 0.6076779365539551, "elapsed_seconds": 4108.800619306916, "tokens_per_second": 59494.072029524374, "loss_main": 2.8760510087013245, "loss_total": 2.8760510087013245}
{"event": "update", "optimizer_step": 7470, "tokens_seen": 244776960, "lr": 0.0003, "grad_norm": 0.5530319213867188, "elapsed_seconds": 4114.292151212925, "tokens_per_second": 59494.3069193173, "loss_main": 2.5092737674713135, "loss_total": 2.5092737674713135}
{"event": "update", "optimizer_step": 7480, "tokens_seen": 245104640, "lr": 0.0003, "grad_norm": 0.5780627727508545, "elapsed_seconds": 4119.793767621915, "tokens_per_second": 59494.39555113525, "loss_main": 2.7019532322883606, "loss_total": 2.7019532322883606}
{"event": "update", "optimizer_step": 7490, "tokens_seen": 245432320, "lr": 0.0003, "grad_norm": 0.5655463933944702, "elapsed_seconds": 4125.283701460925, "tokens_per_second": 59494.65243156072, "loss_main": 2.5711480379104614, "loss_total": 2.5711480379104614}
{"event": "update", "optimizer_step": 7500, "tokens_seen": 245760000, "lr": 0.0003, "grad_norm": 0.6177701354026794, "elapsed_seconds": 4130.767248668941, "tokens_per_second": 59495.00061500473, "loss_main": 2.887307643890381, "loss_total": 2.887307643890381}
{"event": "update", "optimizer_step": 7510, "tokens_seen": 246087680, "lr": 0.0003, "grad_norm": 0.6248890161514282, "elapsed_seconds": 4136.244027179957, "tokens_per_second": 59495.445235560655, "loss_main": 2.8843312859535217, "loss_total": 2.8843312859535217}
{"event": "update", "optimizer_step": 7520, "tokens_seen": 246415360, "lr": 0.0003, "grad_norm": 0.5998021364212036, "elapsed_seconds": 4141.734700624947, "tokens_per_second": 59495.68907994477, "loss_main": 2.700172185897827, "loss_total": 2.700172185897827}
{"event": "update", "optimizer_step": 7530, "tokens_seen": 246743040, "lr": 0.0003, "grad_norm": 0.6254796385765076, "elapsed_seconds": 4147.240448638913, "tokens_per_second": 59495.7160202705, "loss_main": 2.6493624448776245, "loss_total": 2.6493624448776245}
{"event": "update", "optimizer_step": 7540, "tokens_seen": 247070720, "lr": 0.0003, "grad_norm": 0.5960764288902283, "elapsed_seconds": 4152.735503220931, "tokens_per_second": 59495.89609267622, "loss_main": 2.7244215607643127, "loss_total": 2.7244215607643127}
{"event": "update", "optimizer_step": 7550, "tokens_seen": 247398400, "lr": 0.0003, "grad_norm": 0.5986323356628418, "elapsed_seconds": 4158.219462450943, "tokens_per_second": 59496.23444217591, "loss_main": 2.740425407886505, "loss_total": 2.740425407886505}
{"event": "update", "optimizer_step": 7560, "tokens_seen": 247726080, "lr": 0.0003, "grad_norm": 0.5861620306968689, "elapsed_seconds": 4163.71976916492, "tokens_per_second": 59496.33830657249, "loss_main": 2.6703343987464905, "loss_total": 2.6703343987464905}
{"event": "update", "optimizer_step": 7570, "tokens_seen": 248053760, "lr": 0.0003, "grad_norm": 0.5720722675323486, "elapsed_seconds": 4169.215945543954, "tokens_per_second": 59496.500838513566, "loss_main": 2.619905173778534, "loss_total": 2.619905173778534}
{"event": "update", "optimizer_step": 7580, "tokens_seen": 248381440, "lr": 0.0003, "grad_norm": 0.620029866695404, "elapsed_seconds": 4174.714665772917, "tokens_per_second": 59496.62668838088, "loss_main": 2.5448924899101257, "loss_total": 2.5448924899101257}
{"event": "update", "optimizer_step": 7590, "tokens_seen": 248709120, "lr": 0.0003, "grad_norm": 0.6406550407409668, "elapsed_seconds": 4180.216207755962, "tokens_per_second": 59496.712045311375, "loss_main": 2.4584312438964844, "loss_total": 2.4584312438964844}
{"event": "update", "optimizer_step": 7600, "tokens_seen": 249036800, "lr": 0.0003, "grad_norm": 0.5728306770324707, "elapsed_seconds": 4185.713636650937, "tokens_per_second": 59496.85564234125, "loss_main": 2.6359395384788513, "loss_total": 2.6359395384788513}
{"event": "update", "optimizer_step": 7610, "tokens_seen": 249364480, "lr": 0.0003, "grad_norm": 0.5437302589416504, "elapsed_seconds": 4191.206006774912, "tokens_per_second": 59497.070675340845, "loss_main": 2.61511892080307, "loss_total": 2.61511892080307}
{"event": "update", "optimizer_step": 7620, "tokens_seen": 249692160, "lr": 0.0003, "grad_norm": 0.5675988793373108, "elapsed_seconds": 4196.70515759493, "tokens_per_second": 59497.18901460662, "loss_main": 2.7966471910476685, "loss_total": 2.7966471910476685}
{"event": "update", "optimizer_step": 7630, "tokens_seen": 250019840, "lr": 0.0003, "grad_norm": 0.5468131303787231, "elapsed_seconds": 4202.201441762969, "tokens_per_second": 59497.347631937424, "loss_main": 2.412007987499237, "loss_total": 2.412007987499237}
{"event": "update", "optimizer_step": 7640, "tokens_seen": 250347520, "lr": 0.0003, "grad_norm": 0.6471437215805054, "elapsed_seconds": 4207.695128095918, "tokens_per_second": 59497.54256870036, "loss_main": 2.529815137386322, "loss_total": 2.529815137386322}
{"event": "update", "optimizer_step": 7650, "tokens_seen": 250675200, "lr": 0.0003, "grad_norm": 0.5686137676239014, "elapsed_seconds": 4213.192508681968, "tokens_per_second": 59497.68482770322, "loss_main": 2.6596125960350037, "loss_total": 2.6596125960350037}
{"event": "update", "optimizer_step": 7660, "tokens_seen": 251002880, "lr": 0.0003, "grad_norm": 0.5769389271736145, "elapsed_seconds": 4218.675639772962, "tokens_per_second": 59498.027682808126, "loss_main": 2.5574293732643127, "loss_total": 2.5574293732643127}
{"event": "update", "optimizer_step": 7670, "tokens_seen": 251330560, "lr": 0.0003, "grad_norm": 0.6154527068138123, "elapsed_seconds": 4224.1640469139675, "tokens_per_second": 59498.29533339589, "loss_main": 2.81460702419281, "loss_total": 2.81460702419281}
{"event": "update", "optimizer_step": 7680, "tokens_seen": 251658240, "lr": 0.0003, "grad_norm": 0.6088827252388, "elapsed_seconds": 4229.657906233915, "tokens_per_second": 59498.48559362011, "loss_main": 2.7329373359680176, "loss_total": 2.7329373359680176}
{"event": "update", "optimizer_step": 7690, "tokens_seen": 251985920, "lr": 0.0003, "grad_norm": 0.5673467516899109, "elapsed_seconds": 4235.1646113929455, "tokens_per_second": 59498.494892533075, "loss_main": 2.7111844420433044, "loss_total": 2.7111844420433044}
{"event": "update", "optimizer_step": 7700, "tokens_seen": 252313600, "lr": 0.0003, "grad_norm": 0.6266618967056274, "elapsed_seconds": 4240.645129201934, "tokens_per_second": 59498.871589730035, "loss_main": 2.6689311861991882, "loss_total": 2.6689311861991882}
{"event": "update", "optimizer_step": 7710, "tokens_seen": 252641280, "lr": 0.0003, "grad_norm": 0.641167402267456, "elapsed_seconds": 4246.140140055912, "tokens_per_second": 59499.04423000822, "loss_main": 2.853365659713745, "loss_total": 2.853365659713745}
{"event": "update", "optimizer_step": 7720, "tokens_seen": 252968960, "lr": 0.0003, "grad_norm": 0.5653579235076904, "elapsed_seconds": 4251.62813417695, "tokens_per_second": 59499.31461937955, "loss_main": 2.7284396290779114, "loss_total": 2.7284396290779114}
{"event": "update", "optimizer_step": 7730, "tokens_seen": 253296640, "lr": 0.0003, "grad_norm": 0.582775354385376, "elapsed_seconds": 4257.130091707921, "tokens_per_second": 59499.38915265325, "loss_main": 2.6947792172431946, "loss_total": 2.6947792172431946}
{"event": "update", "optimizer_step": 7740, "tokens_seen": 253624320, "lr": 0.0003, "grad_norm": 0.6622218489646912, "elapsed_seconds": 4262.616689802962, "tokens_per_second": 59499.67788722839, "loss_main": 2.5990896821022034, "loss_total": 2.5990896821022034}
{"event": "update", "optimizer_step": 7750, "tokens_seen": 253952000, "lr": 0.0003, "grad_norm": 0.5372795462608337, "elapsed_seconds": 4268.095122822968, "tokens_per_second": 59500.07970582277, "loss_main": 2.683835506439209, "loss_total": 2.683835506439209}
{"event": "update", "optimizer_step": 7760, "tokens_seen": 254279680, "lr": 0.0003, "grad_norm": 0.5780768394470215, "elapsed_seconds": 4273.587846599927, "tokens_per_second": 59500.28152628367, "loss_main": 2.4557202458381653, "loss_total": 2.4557202458381653}
{"event": "update", "optimizer_step": 7770, "tokens_seen": 254607360, "lr": 0.0003, "grad_norm": 0.6123386025428772, "elapsed_seconds": 4279.060967577912, "tokens_per_second": 59500.75540618344, "loss_main": 2.47000515460968, "loss_total": 2.47000515460968}
{"event": "update", "optimizer_step": 7780, "tokens_seen": 254935040, "lr": 0.0003, "grad_norm": 0.5681433081626892, "elapsed_seconds": 4284.552220445941, "tokens_per_second": 59500.97627085662, "loss_main": 2.633185386657715, "loss_total": 2.633185386657715}
{"event": "update", "optimizer_step": 7790, "tokens_seen": 255262720, "lr": 0.0003, "grad_norm": 0.5639482736587524, "elapsed_seconds": 4290.043270877912, "tokens_per_second": 59501.19937782427, "loss_main": 2.7377219200134277, "loss_total": 2.7377219200134277}
{"event": "update", "optimizer_step": 7800, "tokens_seen": 255590400, "lr": 0.0003, "grad_norm": 0.5505064129829407, "elapsed_seconds": 4295.543476908933, "tokens_per_second": 59501.29509198274, "loss_main": 2.739633858203888, "loss_total": 2.739633858203888}
{"event": "update", "optimizer_step": 7810, "tokens_seen": 255918080, "lr": 0.0003, "grad_norm": 0.6439635753631592, "elapsed_seconds": 4301.036523325951, "tokens_per_second": 59501.48960885851, "loss_main": 2.4995988607406616, "loss_total": 2.4995988607406616}
{"event": "update", "optimizer_step": 7820, "tokens_seen": 256245760, "lr": 0.0003, "grad_norm": 0.7401608824729919, "elapsed_seconds": 4306.502414497954, "tokens_per_second": 59502.05882558939, "loss_main": 2.5501185059547424, "loss_total": 2.5501185059547424}
{"event": "update", "optimizer_step": 7830, "tokens_seen": 256573440, "lr": 0.0003, "grad_norm": 0.638770341873169, "elapsed_seconds": 4312.001250704925, "tokens_per_second": 59502.17198059843, "loss_main": 2.8717340230941772, "loss_total": 2.8717340230941772}
{"event": "update", "optimizer_step": 7840, "tokens_seen": 256901120, "lr": 0.0003, "grad_norm": 0.6019553542137146, "elapsed_seconds": 4317.494581734936, "tokens_per_second": 59502.360717906726, "loss_main": 2.6286599040031433, "loss_total": 2.6286599040031433}
{"event": "update", "optimizer_step": 7850, "tokens_seen": 257228800, "lr": 0.0003, "grad_norm": 0.5604796409606934, "elapsed_seconds": 4322.969764962967, "tokens_per_second": 59502.79876690361, "loss_main": 2.4787376523017883, "loss_total": 2.4787376523017883}
{"event": "update", "optimizer_step": 7860, "tokens_seen": 257556480, "lr": 0.0003, "grad_norm": 0.5724595189094543, "elapsed_seconds": 4328.467917458911, "tokens_per_second": 59502.91995030016, "loss_main": 2.714801013469696, "loss_total": 2.714801013469696}
{"event": "update", "optimizer_step": 7870, "tokens_seen": 257884160, "lr": 0.0003, "grad_norm": 0.618367075920105, "elapsed_seconds": 4333.956282904954, "tokens_per_second": 59503.17519750015, "loss_main": 2.4279893040657043, "loss_total": 2.4279893040657043}
{"event": "update", "optimizer_step": 7880, "tokens_seen": 258211840, "lr": 0.0003, "grad_norm": 0.566996693611145, "elapsed_seconds": 4339.443481413939, "tokens_per_second": 59503.445800350826, "loss_main": 2.7417319416999817, "loss_total": 2.7417319416999817}
{"event": "update", "optimizer_step": 7890, "tokens_seen": 258539520, "lr": 0.0003, "grad_norm": 0.5419605374336243, "elapsed_seconds": 4344.9350244949455, "tokens_per_second": 59503.6562209702, "loss_main": 2.6659449338912964, "loss_total": 2.6659449338912964}
{"event": "update", "optimizer_step": 7900, "tokens_seen": 258867200, "lr": 0.0003, "grad_norm": 0.5504019856452942, "elapsed_seconds": 4350.416758349922, "tokens_per_second": 59504.000278397754, "loss_main": 2.7113949060440063, "loss_total": 2.7113949060440063}
{"event": "update", "optimizer_step": 7910, "tokens_seen": 259194880, "lr": 0.0003, "grad_norm": 0.5679667592048645, "elapsed_seconds": 4355.926137905917, "tokens_per_second": 59503.96581439883, "loss_main": 2.6751272678375244, "loss_total": 2.6751272678375244}
{"event": "update", "optimizer_step": 7920, "tokens_seen": 259522560, "lr": 0.0003, "grad_norm": 0.5690286159515381, "elapsed_seconds": 4361.4156495079515, "tokens_per_second": 59504.20250114867, "loss_main": 2.6011781096458435, "loss_total": 2.6011781096458435}
{"event": "update", "optimizer_step": 7930, "tokens_seen": 259850240, "lr": 0.0003, "grad_norm": 0.5968722105026245, "elapsed_seconds": 4366.893447907933, "tokens_per_second": 59504.598200005916, "loss_main": 2.6664310693740845, "loss_total": 2.6664310693740845}
{"event": "update", "optimizer_step": 7940, "tokens_seen": 260177920, "lr": 0.0003, "grad_norm": 0.5469171404838562, "elapsed_seconds": 4372.392858786916, "tokens_per_second": 59504.69877772699, "loss_main": 2.5331725478172302, "loss_total": 2.5331725478172302}
{"event": "update", "optimizer_step": 7950, "tokens_seen": 260505600, "lr": 0.0003, "grad_norm": 0.6304585933685303, "elapsed_seconds": 4377.880843918945, "tokens_per_second": 59504.95440319096, "loss_main": 2.7725750207901, "loss_total": 2.7725750207901}
{"event": "update", "optimizer_step": 7960, "tokens_seen": 260833280, "lr": 0.0003, "grad_norm": 0.6017767190933228, "elapsed_seconds": 4383.370253483939, "tokens_per_second": 59505.19005157904, "loss_main": 2.485566794872284, "loss_total": 2.485566794872284}
{"event": "update", "optimizer_step": 7970, "tokens_seen": 261160960, "lr": 0.0003, "grad_norm": 0.5485535860061646, "elapsed_seconds": 4388.847993494943, "tokens_per_second": 59505.58333008736, "loss_main": 2.5117322206497192, "loss_total": 2.5117322206497192}
{"event": "update", "optimizer_step": 7980, "tokens_seen": 261488640, "lr": 0.0003, "grad_norm": 0.5917642116546631, "elapsed_seconds": 4394.323212208925, "tokens_per_second": 59506.00977040004, "loss_main": 2.804454028606415, "loss_total": 2.804454028606415}
{"event": "update", "optimizer_step": 7990, "tokens_seen": 261816320, "lr": 0.0003, "grad_norm": 0.619364321231842, "elapsed_seconds": 4399.812876701937, "tokens_per_second": 59506.2397736004, "loss_main": 2.693972647190094, "loss_total": 2.693972647190094}
{"event": "update", "optimizer_step": 8000, "tokens_seen": 262144000, "lr": 0.0003, "grad_norm": 0.6232897043228149, "elapsed_seconds": 4405.295181640948, "tokens_per_second": 59506.56861598837, "loss_main": 2.739354968070984, "loss_total": 2.739354968070984}
{"event": "update", "optimizer_step": 8010, "tokens_seen": 262471680, "lr": 0.0003, "grad_norm": 0.5785992741584778, "elapsed_seconds": 4410.781853629916, "tokens_per_second": 59506.83772401828, "loss_main": 2.648183822631836, "loss_total": 2.648183822631836}
{"event": "update", "optimizer_step": 8020, "tokens_seen": 262799360, "lr": 0.0003, "grad_norm": 0.590454638004303, "elapsed_seconds": 4416.2800723129185, "tokens_per_second": 59506.95057760802, "loss_main": 2.764186143875122, "loss_total": 2.764186143875122}
{"event": "update", "optimizer_step": 8030, "tokens_seen": 263127040, "lr": 0.0003, "grad_norm": 0.6081470251083374, "elapsed_seconds": 4421.775789636944, "tokens_per_second": 59507.09681315714, "loss_main": 2.6271033883094788, "loss_total": 2.6271033883094788}
{"event": "update", "optimizer_step": 8040, "tokens_seen": 263454720, "lr": 0.0003, "grad_norm": 0.5882579684257507, "elapsed_seconds": 4427.27224217396, "tokens_per_second": 59507.23280360858, "loss_main": 2.527083098888397, "loss_total": 2.527083098888397}
{"event": "update", "optimizer_step": 8050, "tokens_seen": 263782400, "lr": 0.0003, "grad_norm": 0.6155475378036499, "elapsed_seconds": 4432.772657998954, "tokens_per_second": 59507.315252002314, "loss_main": 2.606076240539551, "loss_total": 2.606076240539551}
{"event": "update", "optimizer_step": 8060, "tokens_seen": 264110080, "lr": 0.0003, "grad_norm": 0.5713105201721191, "elapsed_seconds": 4438.256236919959, "tokens_per_second": 59507.62324243044, "loss_main": 2.523758590221405, "loss_total": 2.523758590221405}
{"event": "update", "optimizer_step": 8070, "tokens_seen": 264437760, "lr": 0.0003, "grad_norm": 0.6241266131401062, "elapsed_seconds": 4443.761569343915, "tokens_per_second": 59507.63916414221, "loss_main": 2.8398894667625427, "loss_total": 2.8398894667625427}
{"event": "update", "optimizer_step": 8080, "tokens_seen": 264765440, "lr": 0.0003, "grad_norm": 0.5689131617546082, "elapsed_seconds": 4449.266002908931, "tokens_per_second": 59507.66706843248, "loss_main": 2.4239025115966797, "loss_total": 2.4239025115966797}
{"event": "update", "optimizer_step": 8090, "tokens_seen": 265093120, "lr": 0.0003, "grad_norm": 0.5990051031112671, "elapsed_seconds": 4454.7634711759165, "tokens_per_second": 59507.78794772325, "loss_main": 2.6290356516838074, "loss_total": 2.6290356516838074}
{"event": "update", "optimizer_step": 8100, "tokens_seen": 265420800, "lr": 0.0003, "grad_norm": 0.5851491689682007, "elapsed_seconds": 4460.248396826966, "tokens_per_second": 59508.075870577326, "loss_main": 2.632824182510376, "loss_total": 2.632824182510376}
{"event": "update", "optimizer_step": 8110, "tokens_seen": 265748480, "lr": 0.0003, "grad_norm": 0.6689226627349854, "elapsed_seconds": 4465.742202873924, "tokens_per_second": 59508.24475021819, "loss_main": 2.6261842846870422, "loss_total": 2.6261842846870422}
{"event": "update", "optimizer_step": 8120, "tokens_seen": 266076160, "lr": 0.0003, "grad_norm": 0.593539834022522, "elapsed_seconds": 4471.236126674921, "tokens_per_second": 59508.411647646564, "loss_main": 2.527660310268402, "loss_total": 2.527660310268402}
{"event": "update", "optimizer_step": 8130, "tokens_seen": 266403840, "lr": 0.0003, "grad_norm": 0.5747812390327454, "elapsed_seconds": 4476.736884174927, "tokens_per_second": 59508.48729612101, "loss_main": 2.714072585105896, "loss_total": 2.714072585105896}
{"event": "update", "optimizer_step": 8140, "tokens_seen": 266731520, "lr": 0.0003, "grad_norm": 0.6052172183990479, "elapsed_seconds": 4482.244987247919, "tokens_per_second": 59508.4652353579, "loss_main": 2.7556095123291016, "loss_total": 2.7556095123291016}
{"event": "update", "optimizer_step": 8150, "tokens_seen": 267059200, "lr": 0.0003, "grad_norm": 0.6220319271087646, "elapsed_seconds": 4487.75662274292, "tokens_per_second": 59508.39638820994, "loss_main": 2.834156811237335, "loss_total": 2.834156811237335}
{"event": "update", "optimizer_step": 8160, "tokens_seen": 267386880, "lr": 0.0003, "grad_norm": 0.5830491185188293, "elapsed_seconds": 4493.254443728947, "tokens_per_second": 59508.51066829323, "loss_main": 2.599444329738617, "loss_total": 2.599444329738617}
{"event": "update", "optimizer_step": 8170, "tokens_seen": 267714560, "lr": 0.0003, "grad_norm": 0.596630871295929, "elapsed_seconds": 4498.761717256915, "tokens_per_second": 59508.499632924955, "loss_main": 2.704039692878723, "loss_total": 2.704039692878723}
{"event": "update", "optimizer_step": 8180, "tokens_seen": 268042240, "lr": 0.0003, "grad_norm": 0.59791499376297, "elapsed_seconds": 4504.279002078925, "tokens_per_second": 59508.35635987171, "loss_main": 2.775638163089752, "loss_total": 2.775638163089752}
{"event": "update", "optimizer_step": 8190, "tokens_seen": 268369920, "lr": 0.0003, "grad_norm": 0.5672186613082886, "elapsed_seconds": 4509.785293906927, "tokens_per_second": 59508.358493826476, "loss_main": 2.6957297325134277, "loss_total": 2.6957297325134277}
{"event": "update", "optimizer_step": 8200, "tokens_seen": 268697600, "lr": 0.0003, "grad_norm": 0.5899942517280579, "elapsed_seconds": 4515.279570896935, "tokens_per_second": 59508.51897009441, "loss_main": 2.6429200172424316, "loss_total": 2.6429200172424316}
{"event": "update", "optimizer_step": 8210, "tokens_seen": 269025280, "lr": 0.0003, "grad_norm": 0.5613489747047424, "elapsed_seconds": 4520.771069707931, "tokens_per_second": 59508.71562655365, "loss_main": 2.580194413661957, "loss_total": 2.580194413661957}
{"event": "update", "optimizer_step": 8220, "tokens_seen": 269352960, "lr": 0.0003, "grad_norm": 0.6107639074325562, "elapsed_seconds": 4526.274889534921, "tokens_per_second": 59508.74981604934, "loss_main": 2.5084140300750732, "loss_total": 2.5084140300750732}
{"event": "update", "optimizer_step": 8230, "tokens_seen": 269680640, "lr": 0.0003, "grad_norm": 0.6123156547546387, "elapsed_seconds": 4531.756324193964, "tokens_per_second": 59509.07787345924, "loss_main": 2.6778621673583984, "loss_total": 2.6778621673583984}
{"event": "update", "optimizer_step": 8240, "tokens_seen": 270008320, "lr": 0.0003, "grad_norm": 0.5943935513496399, "elapsed_seconds": 4537.246511118952, "tokens_per_second": 59509.29034565767, "loss_main": 2.713873028755188, "loss_total": 2.713873028755188}
{"event": "update", "optimizer_step": 8250, "tokens_seen": 270336000, "lr": 0.0003, "grad_norm": 0.578693687915802, "elapsed_seconds": 4542.736604419944, "tokens_per_second": 59509.503530750895, "loss_main": 2.7453654408454895, "loss_total": 2.7453654408454895}
{"event": "update", "optimizer_step": 8260, "tokens_seen": 270663680, "lr": 0.0003, "grad_norm": 0.5898135304450989, "elapsed_seconds": 4548.230254173919, "tokens_per_second": 59509.669668023394, "loss_main": 2.791020095348358, "loss_total": 2.791020095348358}
{"event": "update", "optimizer_step": 8270, "tokens_seen": 270991360, "lr": 0.0003, "grad_norm": 0.5936394929885864, "elapsed_seconds": 4553.7297551429365, "tokens_per_second": 59509.75893858108, "loss_main": 2.6042466163635254, "loss_total": 2.6042466163635254}
{"event": "update", "optimizer_step": 8280, "tokens_seen": 271319040, "lr": 0.0003, "grad_norm": 0.5892552137374878, "elapsed_seconds": 4559.225706168916, "tokens_per_second": 59509.89432983949, "loss_main": 2.536024510860443, "loss_total": 2.536024510860443}
{"event": "update", "optimizer_step": 8290, "tokens_seen": 271646720, "lr": 0.0003, "grad_norm": 0.5805879235267639, "elapsed_seconds": 4564.714463285927, "tokens_per_second": 59510.12318182419, "loss_main": 2.729358434677124, "loss_total": 2.729358434677124}
{"event": "update", "optimizer_step": 8300, "tokens_seen": 271974400, "lr": 0.0003, "grad_norm": 0.5664645433425903, "elapsed_seconds": 4570.197365955915, "tokens_per_second": 59510.42771718746, "loss_main": 2.5215084552764893, "loss_total": 2.5215084552764893}
{"event": "update", "optimizer_step": 8310, "tokens_seen": 272302080, "lr": 0.0003, "grad_norm": 0.5892975926399231, "elapsed_seconds": 4575.693151451938, "tokens_per_second": 59510.56397074929, "loss_main": 2.587973475456238, "loss_total": 2.587973475456238}
{"event": "update", "optimizer_step": 8320, "tokens_seen": 272629760, "lr": 0.0003, "grad_norm": 0.5873473882675171, "elapsed_seconds": 4581.18542967696, "tokens_per_second": 59510.74545769355, "loss_main": 2.524015486240387, "loss_total": 2.524015486240387}
{"event": "update", "optimizer_step": 8330, "tokens_seen": 272957440, "lr": 0.0003, "grad_norm": 0.557167649269104, "elapsed_seconds": 4586.67152351595, "tokens_per_second": 59511.00675087417, "loss_main": 2.7413960695266724, "loss_total": 2.7413960695266724}
{"event": "update", "optimizer_step": 8340, "tokens_seen": 273285120, "lr": 0.0003, "grad_norm": 0.5811203122138977, "elapsed_seconds": 4592.148791632964, "tokens_per_second": 59511.38179536644, "loss_main": 2.5594050884246826, "loss_total": 2.5594050884246826}
{"event": "update", "optimizer_step": 8350, "tokens_seen": 273612800, "lr": 0.0003, "grad_norm": 0.5750659108161926, "elapsed_seconds": 4597.629105495929, "tokens_per_second": 59511.71652209349, "loss_main": 2.759499490261078, "loss_total": 2.759499490261078}
{"event": "update", "optimizer_step": 8360, "tokens_seen": 273940480, "lr": 0.0003, "grad_norm": 0.5573651790618896, "elapsed_seconds": 4603.108655074961, "tokens_per_second": 59512.06033296187, "loss_main": 2.526222050189972, "loss_total": 2.526222050189972}
{"event": "update", "optimizer_step": 8370, "tokens_seen": 274268160, "lr": 0.0003, "grad_norm": 0.5656422972679138, "elapsed_seconds": 4608.584590645914, "tokens_per_second": 59512.44999531625, "loss_main": 2.560858905315399, "loss_total": 2.560858905315399}
{"event": "update", "optimizer_step": 8380, "tokens_seen": 274595840, "lr": 0.0003, "grad_norm": 0.5702603459358215, "elapsed_seconds": 4614.074258613924, "tokens_per_second": 59512.66161080144, "loss_main": 2.6274494528770447, "loss_total": 2.6274494528770447}
{"event": "update", "optimizer_step": 8390, "tokens_seen": 274923520, "lr": 0.0003, "grad_norm": 0.6056818962097168, "elapsed_seconds": 4619.560637919931, "tokens_per_second": 59512.91509051194, "loss_main": 2.738849639892578, "loss_total": 2.738849639892578}
{"event": "update", "optimizer_step": 8400, "tokens_seen": 275251200, "lr": 0.0003, "grad_norm": 0.616066575050354, "elapsed_seconds": 4625.049808186945, "tokens_per_second": 59513.13205595522, "loss_main": 2.6689913272857666, "loss_total": 2.6689913272857666}
{"event": "update", "optimizer_step": 8410, "tokens_seen": 275578880, "lr": 0.0003, "grad_norm": 0.572352945804596, "elapsed_seconds": 4630.537105188938, "tokens_per_second": 59513.37258288867, "loss_main": 2.7577558755874634, "loss_total": 2.7577558755874634}
{"event": "update", "optimizer_step": 8420, "tokens_seen": 275906560, "lr": 0.0003, "grad_norm": 0.5635299682617188, "elapsed_seconds": 4636.016134837933, "tokens_per_second": 59513.71867036118, "loss_main": 2.572972357273102, "loss_total": 2.572972357273102}
{"event": "update", "optimizer_step": 8430, "tokens_seen": 276234240, "lr": 0.0003, "grad_norm": 0.5527942776679993, "elapsed_seconds": 4641.496278304956, "tokens_per_second": 59514.04965919286, "loss_main": 2.7857632637023926, "loss_total": 2.7857632637023926}
{"event": "update", "optimizer_step": 8440, "tokens_seen": 276561920, "lr": 0.0003, "grad_norm": 0.5573443174362183, "elapsed_seconds": 4646.964863603935, "tokens_per_second": 59514.527894560735, "loss_main": 2.663995623588562, "loss_total": 2.663995623588562}
{"event": "update", "optimizer_step": 8450, "tokens_seen": 276889600, "lr": 0.0003, "grad_norm": 0.5889568328857422, "elapsed_seconds": 4652.44890444295, "tokens_per_second": 59514.807295482315, "loss_main": 2.6600955724716187, "loss_total": 2.6600955724716187}
{"event": "update", "optimizer_step": 8460, "tokens_seen": 277217280, "lr": 0.0003, "grad_norm": 0.656048059463501, "elapsed_seconds": 4657.924419782939, "tokens_per_second": 59515.19497023492, "loss_main": 2.628171443939209, "loss_total": 2.628171443939209}
{"event": "update", "optimizer_step": 8470, "tokens_seen": 277544960, "lr": 0.0003, "grad_norm": 0.5790210366249084, "elapsed_seconds": 4663.397578350967, "tokens_per_second": 59515.611812395204, "loss_main": 2.5884674787521362, "loss_total": 2.5884674787521362}
{"event": "update", "optimizer_step": 8480, "tokens_seen": 277872640, "lr": 0.0003, "grad_norm": 0.574751615524292, "elapsed_seconds": 4668.879789888917, "tokens_per_second": 59515.91227552492, "loss_main": 2.625614047050476, "loss_total": 2.625614047050476}
{"event": "update", "optimizer_step": 8490, "tokens_seen": 278200320, "lr": 0.0003, "grad_norm": 0.5735973715782166, "elapsed_seconds": 4674.356746195932, "tokens_per_second": 59516.27894606118, "loss_main": 2.5151970982551575, "loss_total": 2.5151970982551575}
{"event": "update", "optimizer_step": 8500, "tokens_seen": 278528000, "lr": 0.0003, "grad_norm": 0.6107177734375, "elapsed_seconds": 4679.83942445094, "tokens_per_second": 59516.57198850966, "loss_main": 2.6689708828926086, "loss_total": 2.6689708828926086}
{"event": "update", "optimizer_step": 8510, "tokens_seen": 278855680, "lr": 0.0003, "grad_norm": 0.5998308062553406, "elapsed_seconds": 4685.3110183489625, "tokens_per_second": 59517.00514820141, "loss_main": 2.566221535205841, "loss_total": 2.566221535205841}
{"event": "update", "optimizer_step": 8520, "tokens_seen": 279183360, "lr": 0.0003, "grad_norm": 0.5377012491226196, "elapsed_seconds": 4690.793184197915, "tokens_per_second": 59517.30315898332, "loss_main": 2.724750816822052, "loss_total": 2.724750816822052}
{"event": "update", "optimizer_step": 8530, "tokens_seen": 279511040, "lr": 0.0003, "grad_norm": 0.6050373911857605, "elapsed_seconds": 4696.255524118955, "tokens_per_second": 59517.85173623786, "loss_main": 2.664386212825775, "loss_total": 2.664386212825775}
{"event": "update", "optimizer_step": 8540, "tokens_seen": 279838720, "lr": 0.0003, "grad_norm": 0.5608623623847961, "elapsed_seconds": 4701.724604342948, "tokens_per_second": 59518.31371440068, "loss_main": 2.5931385159492493, "loss_total": 2.5931385159492493}
{"event": "evaluation", "tokens_seen": 280002560, "elapsed_seconds": 4704.463676203915, "parameters": 71199040, "main_loss": 2.7148356661200523, "perplexity": 15.10212807666073}
{"event": "update", "optimizer_step": 8550, "tokens_seen": 280166400, "lr": 0.0003, "grad_norm": 0.5768074989318848, "elapsed_seconds": 4709.621262377943, "tokens_per_second": 59488.09562205448, "loss_main": 2.6141498684883118, "loss_total": 2.6141498684883118}
{"event": "update", "optimizer_step": 8560, "tokens_seen": 280494080, "lr": 0.0003, "grad_norm": 0.5964944958686829, "elapsed_seconds": 4715.100398382929, "tokens_per_second": 59488.46393518939, "loss_main": 2.5795119404792786, "loss_total": 2.5795119404792786}
{"event": "update", "optimizer_step": 8570, "tokens_seen": 280821760, "lr": 0.0003, "grad_norm": 0.5434756278991699, "elapsed_seconds": 4720.590767334914, "tokens_per_second": 59488.68983585766, "loss_main": 2.5655006766319275, "loss_total": 2.5655006766319275}
{"event": "update", "optimizer_step": 8580, "tokens_seen": 281149440, "lr": 0.0003, "grad_norm": 0.5933892130851746, "elapsed_seconds": 4726.068828994932, "tokens_per_second": 59489.07012845823, "loss_main": 2.5813830494880676, "loss_total": 2.5813830494880676}
{"event": "update", "optimizer_step": 8590, "tokens_seen": 281477120, "lr": 0.0003, "grad_norm": 0.5730953812599182, "elapsed_seconds": 4731.562856355915, "tokens_per_second": 59489.24880536912, "loss_main": 2.6773452758789062, "loss_total": 2.6773452758789062}
{"event": "update", "optimizer_step": 8600, "tokens_seen": 281804800, "lr": 0.0003, "grad_norm": 0.6281338334083557, "elapsed_seconds": 4737.045861133956, "tokens_per_second": 59489.56549315345, "loss_main": 2.6490976214408875, "loss_total": 2.6490976214408875}
{"event": "update", "optimizer_step": 8610, "tokens_seen": 282132480, "lr": 0.0003, "grad_norm": 0.6446940302848816, "elapsed_seconds": 4742.532712220913, "tokens_per_second": 59489.833200935005, "loss_main": 2.620427370071411, "loss_total": 2.620427370071411}
{"event": "update", "optimizer_step": 8620, "tokens_seen": 282460160, "lr": 0.0003, "grad_norm": 0.587247908115387, "elapsed_seconds": 4748.031113950943, "tokens_per_second": 59489.95556706843, "loss_main": 2.4847301840782166, "loss_total": 2.4847301840782166}
{"event": "update", "optimizer_step": 8630, "tokens_seen": 282787840, "lr": 0.0003, "grad_norm": 0.5889197587966919, "elapsed_seconds": 4753.526536409918, "tokens_per_second": 59490.11493550521, "loss_main": 2.6812323331832886, "loss_total": 2.6812323331832886}
{"event": "update", "optimizer_step": 8640, "tokens_seen": 283115520, "lr": 0.0003, "grad_norm": 0.5896254181861877, "elapsed_seconds": 4759.018997613923, "tokens_per_second": 59490.3109531499, "loss_main": 2.5577035546302795, "loss_total": 2.5577035546302795}
{"event": "update", "optimizer_step": 8650, "tokens_seen": 283443200, "lr": 0.0003, "grad_norm": 0.6095567345619202, "elapsed_seconds": 4764.511446566961, "tokens_per_second": 59490.506671829535, "loss_main": 2.551008701324463, "loss_total": 2.551008701324463}
{"event": "update", "optimizer_step": 8660, "tokens_seen": 283770880, "lr": 0.0003, "grad_norm": 0.5622285008430481, "elapsed_seconds": 4770.000212950923, "tokens_per_second": 59490.747868216, "loss_main": 2.476972281932831, "loss_total": 2.476972281932831}
{"event": "update", "optimizer_step": 8670, "tokens_seen": 284098560, "lr": 0.0003, "grad_norm": 0.5611997246742249, "elapsed_seconds": 4775.477876255929, "tokens_per_second": 59491.126827863976, "loss_main": 2.60512638092041, "loss_total": 2.60512638092041}
{"event": "update", "optimizer_step": 8680, "tokens_seen": 284426240, "lr": 0.0003, "grad_norm": 0.6147233247756958, "elapsed_seconds": 4780.9782680869685, "tokens_per_second": 59491.22209957432, "loss_main": 2.702633261680603, "loss_total": 2.702633261680603}
{"event": "update", "optimizer_step": 8690, "tokens_seen": 284753920, "lr": 0.0003, "grad_norm": 0.5899333953857422, "elapsed_seconds": 4786.462131409964, "tokens_per_second": 59491.52258645763, "loss_main": 2.531350791454315, "loss_total": 2.531350791454315}
{"event": "update", "optimizer_step": 8700, "tokens_seen": 285081600, "lr": 0.0003, "grad_norm": 0.6124356389045715, "elapsed_seconds": 4791.967710118915, "tokens_per_second": 59491.55279114465, "loss_main": 2.588438332080841, "loss_total": 2.588438332080841}
{"event": "update", "optimizer_step": 8710, "tokens_seen": 285409280, "lr": 0.0003, "grad_norm": 0.6037285327911377, "elapsed_seconds": 4797.478228452965, "tokens_per_second": 59491.521672217255, "loss_main": 2.7153513431549072, "loss_total": 2.7153513431549072}
{"event": "update", "optimizer_step": 8720, "tokens_seen": 285736960, "lr": 0.0003, "grad_norm": 0.5690544843673706, "elapsed_seconds": 4802.983665234933, "tokens_per_second": 59491.55356663564, "loss_main": 2.6790798902511597, "loss_total": 2.6790798902511597}
{"event": "update", "optimizer_step": 8730, "tokens_seen": 286064640, "lr": 0.0003, "grad_norm": 0.5769971609115601, "elapsed_seconds": 4808.484126449912, "tokens_per_second": 59491.646946789566, "loss_main": 2.6378262639045715, "loss_total": 2.6378262639045715}
{"event": "update", "optimizer_step": 8740, "tokens_seen": 286392320, "lr": 0.0003, "grad_norm": 0.5857594013214111, "elapsed_seconds": 4813.961296681955, "tokens_per_second": 59492.027947419774, "loss_main": 2.73996502161026, "loss_total": 2.73996502161026}
{"event": "update", "optimizer_step": 8750, "tokens_seen": 286720000, "lr": 0.0003, "grad_norm": 0.6113741993904114, "elapsed_seconds": 4819.465951937949, "tokens_per_second": 59492.06880167031, "loss_main": 2.7584879398345947, "loss_total": 2.7584879398345947}
{"event": "update", "optimizer_step": 8760, "tokens_seen": 287047680, "lr": 0.0003, "grad_norm": 0.5950033068656921, "elapsed_seconds": 4824.970424142957, "tokens_per_second": 59492.1118197294, "loss_main": 2.7354868054389954, "loss_total": 2.7354868054389954}
{"event": "update", "optimizer_step": 8770, "tokens_seen": 287375360, "lr": 0.0003, "grad_norm": 0.56723952293396, "elapsed_seconds": 4830.472192804911, "tokens_per_second": 59492.18803661712, "loss_main": 2.676178753376007, "loss_total": 2.676178753376007}
{"event": "update", "optimizer_step": 8780, "tokens_seen": 287703040, "lr": 0.0003, "grad_norm": 0.6222054362297058, "elapsed_seconds": 4835.958305105916, "tokens_per_second": 59492.456685624544, "loss_main": 2.583639621734619, "loss_total": 2.583639621734619}
{"event": "update", "optimizer_step": 8790, "tokens_seen": 288030720, "lr": 0.0003, "grad_norm": 0.6096277832984924, "elapsed_seconds": 4841.436856004933, "tokens_per_second": 59492.817642091024, "loss_main": 2.624404191970825, "loss_total": 2.624404191970825}
{"event": "update", "optimizer_step": 8800, "tokens_seen": 288358400, "lr": 0.0003, "grad_norm": 0.6082651615142822, "elapsed_seconds": 4846.901668580947, "tokens_per_second": 59493.346413281826, "loss_main": 2.812885105609894, "loss_total": 2.812885105609894}
{"event": "update", "optimizer_step": 8810, "tokens_seen": 288686080, "lr": 0.0003, "grad_norm": 0.6092531681060791, "elapsed_seconds": 4852.370483625913, "tokens_per_second": 59493.824920037965, "loss_main": 2.6974604725837708, "loss_total": 2.6974604725837708}
{"event": "update", "optimizer_step": 8820, "tokens_seen": 289013760, "lr": 0.0003, "grad_norm": 0.6218337416648865, "elapsed_seconds": 4857.865023288934, "tokens_per_second": 59493.98729986289, "loss_main": 2.5846927165985107, "loss_total": 2.5846927165985107}
{"event": "update", "optimizer_step": 8830, "tokens_seen": 289341440, "lr": 0.0003, "grad_norm": 0.5827870965003967, "elapsed_seconds": 4863.348192158912, "tokens_per_second": 59494.28841358716, "loss_main": 2.524509072303772, "loss_total": 2.524509072303772}
{"event": "update", "optimizer_step": 8840, "tokens_seen": 289669120, "lr": 0.0003, "grad_norm": 0.5583207011222839, "elapsed_seconds": 4868.83726198395, "tokens_per_second": 59494.5167425797, "loss_main": 2.5586209297180176, "loss_total": 2.5586209297180176}
{"event": "update", "optimizer_step": 8850, "tokens_seen": 289996800, "lr": 0.0003, "grad_norm": 0.5843262672424316, "elapsed_seconds": 4874.327912651934, "tokens_per_second": 59494.72526197441, "loss_main": 2.542092025279999, "loss_total": 2.542092025279999}
{"event": "update", "optimizer_step": 8860, "tokens_seen": 290324480, "lr": 0.0003, "grad_norm": 0.5928230881690979, "elapsed_seconds": 4879.816602147941, "tokens_per_second": 59494.95722282029, "loss_main": 2.6509804129600525, "loss_total": 2.6509804129600525}
{"event": "update", "optimizer_step": 8870, "tokens_seen": 290652160, "lr": 0.0003, "grad_norm": 0.5500304698944092, "elapsed_seconds": 4885.284638701938, "tokens_per_second": 59495.44018324156, "loss_main": 2.5740538239479065, "loss_total": 2.5740538239479065}
{"event": "update", "optimizer_step": 8880, "tokens_seen": 290979840, "lr": 0.0003, "grad_norm": 0.6054824590682983, "elapsed_seconds": 4890.765307692927, "tokens_per_second": 59495.768390747224, "loss_main": 2.5610126852989197, "loss_total": 2.5610126852989197}
{"event": "update", "optimizer_step": 8890, "tokens_seen": 291307520, "lr": 0.0003, "grad_norm": 0.6101741790771484, "elapsed_seconds": 4896.250727523933, "tokens_per_second": 59496.03813432899, "loss_main": 2.638453245162964, "loss_total": 2.638453245162964}
{"event": "update", "optimizer_step": 8900, "tokens_seen": 291635200, "lr": 0.0003, "grad_norm": 0.5633156299591064, "elapsed_seconds": 4901.726217254938, "tokens_per_second": 59496.42780402398, "loss_main": 2.605657458305359, "loss_total": 2.605657458305359}
{"event": "update", "optimizer_step": 8910, "tokens_seen": 291962880, "lr": 0.0003, "grad_norm": 0.5980162024497986, "elapsed_seconds": 4907.20069151395, "tokens_per_second": 59496.828916105485, "loss_main": 2.5785036087036133, "loss_total": 2.5785036087036133}
{"event": "update", "optimizer_step": 8920, "tokens_seen": 292290560, "lr": 0.0003, "grad_norm": 0.5675723552703857, "elapsed_seconds": 4912.687030830944, "tokens_per_second": 59497.0854372869, "loss_main": 2.7552571296691895, "loss_total": 2.7552571296691895}
{"event": "update", "optimizer_step": 8930, "tokens_seen": 292618240, "lr": 0.0003, "grad_norm": 0.5878438353538513, "elapsed_seconds": 4918.192503507948, "tokens_per_second": 59497.109922250354, "loss_main": 2.5621871948242188, "loss_total": 2.5621871948242188}
{"event": "update", "optimizer_step": 8940, "tokens_seen": 292945920, "lr": 0.0003, "grad_norm": 0.6776521801948547, "elapsed_seconds": 4923.681054617919, "tokens_per_second": 59497.33883051709, "loss_main": 2.813107490539551, "loss_total": 2.813107490539551}
{"event": "update", "optimizer_step": 8950, "tokens_seen": 293273600, "lr": 0.0003, "grad_norm": 0.6135964393615723, "elapsed_seconds": 4929.162982024951, "tokens_per_second": 59497.647180560496, "loss_main": 2.775908410549164, "loss_total": 2.775908410549164}
{"event": "update", "optimizer_step": 8960, "tokens_seen": 293601280, "lr": 0.0003, "grad_norm": 0.5552276372909546, "elapsed_seconds": 4934.638687586936, "tokens_per_second": 59498.02986357499, "loss_main": 2.5235084891319275, "loss_total": 2.5235084891319275}
{"event": "update", "optimizer_step": 8970, "tokens_seen": 293928960, "lr": 0.0003, "grad_norm": 0.6047091484069824, "elapsed_seconds": 4940.1158013179665, "tokens_per_second": 59498.394738354735, "loss_main": 2.753935396671295, "loss_total": 2.753935396671295}
{"event": "update", "optimizer_step": 8980, "tokens_seen": 294256640, "lr": 0.0003, "grad_norm": 0.6217929720878601, "elapsed_seconds": 4945.606710354914, "tokens_per_second": 59498.59283875064, "loss_main": 2.6180012822151184, "loss_total": 2.6180012822151184}
{"event": "update", "optimizer_step": 8990, "tokens_seen": 294584320, "lr": 0.0003, "grad_norm": 0.5714665651321411, "elapsed_seconds": 4951.086521751946, "tokens_per_second": 59498.923863637334, "loss_main": 2.5625985264778137, "loss_total": 2.5625985264778137}
{"event": "update", "optimizer_step": 9000, "tokens_seen": 294912000, "lr": 0.0003, "grad_norm": 0.6376708745956421, "elapsed_seconds": 4956.579622756923, "tokens_per_second": 59499.094626864, "loss_main": 2.7094566822052, "loss_total": 2.7094566822052}
{"event": "update", "optimizer_step": 9010, "tokens_seen": 295239680, "lr": 0.0003, "grad_norm": 0.5980612635612488, "elapsed_seconds": 4962.075878064963, "tokens_per_second": 59499.22718939421, "loss_main": 2.833833158016205, "loss_total": 2.833833158016205}
{"event": "update", "optimizer_step": 9020, "tokens_seen": 295567360, "lr": 0.0003, "grad_norm": 0.5788574814796448, "elapsed_seconds": 4967.56829518592, "tokens_per_second": 59499.4054307084, "loss_main": 2.852594792842865, "loss_total": 2.852594792842865}
{"event": "update", "optimizer_step": 9030, "tokens_seen": 295895040, "lr": 0.0003, "grad_norm": 0.5772613883018494, "elapsed_seconds": 4973.060562933912, "tokens_per_second": 59499.5850654659, "loss_main": 2.4762702584266663, "loss_total": 2.4762702584266663}
{"event": "update", "optimizer_step": 9040, "tokens_seen": 296222720, "lr": 0.0003, "grad_norm": 0.5823190212249756, "elapsed_seconds": 4978.545992865926, "tokens_per_second": 59499.84602421597, "loss_main": 2.7139081954956055, "loss_total": 2.7139081954956055}
{"event": "update", "optimizer_step": 9050, "tokens_seen": 296550400, "lr": 0.0003, "grad_norm": 0.5669372081756592, "elapsed_seconds": 4984.038543276954, "tokens_per_second": 59500.021403329905, "loss_main": 2.555467903614044, "loss_total": 2.555467903614044}
{"event": "update", "optimizer_step": 9060, "tokens_seen": 296878080, "lr": 0.0003, "grad_norm": 0.5794068574905396, "elapsed_seconds": 4989.535022490949, "tokens_per_second": 59500.14954535547, "loss_main": 2.4932349920272827, "loss_total": 2.4932349920272827}
{"event": "update", "optimizer_step": 9070, "tokens_seen": 297205760, "lr": 0.0003, "grad_norm": 0.5832126140594482, "elapsed_seconds": 4995.028966817947, "tokens_per_second": 59500.307600685075, "loss_main": 2.605264663696289, "loss_total": 2.605264663696289}
{"event": "update", "optimizer_step": 9080, "tokens_seen": 297533440, "lr": 0.0003, "grad_norm": 0.5952433347702026, "elapsed_seconds": 5000.506209641928, "tokens_per_second": 59500.66403803257, "loss_main": 2.6059768199920654, "loss_total": 2.6059768199920654}
{"event": "update", "optimizer_step": 9090, "tokens_seen": 297861120, "lr": 0.0003, "grad_norm": 0.576887845993042, "elapsed_seconds": 5005.991639637912, "tokens_per_second": 59500.92238299155, "loss_main": 2.6123337745666504, "loss_total": 2.6123337745666504}
{"event": "update", "optimizer_step": 9100, "tokens_seen": 298188800, "lr": 0.0003, "grad_norm": 0.6943309307098389, "elapsed_seconds": 5011.480413953948, "tokens_per_second": 59501.14045536807, "loss_main": 2.8227116465568542, "loss_total": 2.8227116465568542}
{"event": "update", "optimizer_step": 9110, "tokens_seen": 298516480, "lr": 0.0003, "grad_norm": 0.6008213758468628, "elapsed_seconds": 5016.965991299949, "tokens_per_second": 59501.3959667387, "loss_main": 2.723147988319397, "loss_total": 2.723147988319397}
{"event": "update", "optimizer_step": 9120, "tokens_seen": 298844160, "lr": 0.0003, "grad_norm": 0.5852732062339783, "elapsed_seconds": 5022.452113531937, "tokens_per_second": 59501.64446462864, "loss_main": 2.5073004364967346, "loss_total": 2.5073004364967346}
{"event": "update", "optimizer_step": 9130, "tokens_seen": 299171840, "lr": 0.0003, "grad_norm": 0.5446946620941162, "elapsed_seconds": 5027.9384752749465, "tokens_per_second": 59501.88958579891, "loss_main": 2.6535231471061707, "loss_total": 2.6535231471061707}
{"event": "update", "optimizer_step": 9140, "tokens_seen": 299499520, "lr": 0.0003, "grad_norm": 0.5754390358924866, "elapsed_seconds": 5033.426513850922, "tokens_per_second": 59502.114350103424, "loss_main": 2.646993100643158, "loss_total": 2.646993100643158}
{"event": "update", "optimizer_step": 9150, "tokens_seen": 299827200, "lr": 0.0003, "grad_norm": 0.5688324570655823, "elapsed_seconds": 5038.924818658968, "tokens_per_second": 59502.21739561384, "loss_main": 2.622516930103302, "loss_total": 2.622516930103302}
{"event": "update", "optimizer_step": 9160, "tokens_seen": 300154880, "lr": 0.0003, "grad_norm": 0.5997339487075806, "elapsed_seconds": 5044.4113468399155, "tokens_per_second": 59502.45912995037, "loss_main": 2.530191719532013, "loss_total": 2.530191719532013}
{"event": "update", "optimizer_step": 9170, "tokens_seen": 300482560, "lr": 0.0003, "grad_norm": 0.5986852049827576, "elapsed_seconds": 5049.89770596195, "tokens_per_second": 59502.70233102897, "loss_main": 2.705960750579834, "loss_total": 2.705960750579834}
{"event": "update", "optimizer_step": 9180, "tokens_seen": 300810240, "lr": 0.0003, "grad_norm": 0.6993913650512695, "elapsed_seconds": 5055.408964453964, "tokens_per_second": 59502.65193480556, "loss_main": 2.7008108496665955, "loss_total": 2.7008108496665955}
{"event": "update", "optimizer_step": 9190, "tokens_seen": 301137920, "lr": 0.0003, "grad_norm": 0.6073627471923828, "elapsed_seconds": 5060.908217395947, "tokens_per_second": 59502.74280116234, "loss_main": 2.4802064299583435, "loss_total": 2.4802064299583435}
{"event": "update", "optimizer_step": 9200, "tokens_seen": 301465600, "lr": 0.0003, "grad_norm": 0.6290316581726074, "elapsed_seconds": 5066.385714231932, "tokens_per_second": 59503.08898770894, "loss_main": 2.8247110843658447, "loss_total": 2.8247110843658447}
{"event": "update", "optimizer_step": 9210, "tokens_seen": 301793280, "lr": 0.0003, "grad_norm": 0.5980284810066223, "elapsed_seconds": 5071.877875411941, "tokens_per_second": 59503.262383952446, "loss_main": 2.7352312207221985, "loss_total": 2.7352312207221985}
{"event": "update", "optimizer_step": 9220, "tokens_seen": 302120960, "lr": 0.0003, "grad_norm": 0.6311972737312317, "elapsed_seconds": 5077.379841740942, "tokens_per_second": 59503.320495401065, "loss_main": 2.6782332062721252, "loss_total": 2.6782332062721252}
{"event": "update", "optimizer_step": 9230, "tokens_seen": 302448640, "lr": 0.0003, "grad_norm": 0.5771114826202393, "elapsed_seconds": 5082.8819080359535, "tokens_per_second": 59503.37731077986, "loss_main": 2.518425166606903, "loss_total": 2.518425166606903}
{"event": "update", "optimizer_step": 9240, "tokens_seen": 302776320, "lr": 0.0003, "grad_norm": 0.5623414516448975, "elapsed_seconds": 5088.382499657921, "tokens_per_second": 59503.451248084224, "loss_main": 2.5167062878608704, "loss_total": 2.5167062878608704}
{"event": "update", "optimizer_step": 9250, "tokens_seen": 303104000, "lr": 0.0003, "grad_norm": 0.5769562125205994, "elapsed_seconds": 5093.883905224968, "tokens_per_second": 59503.51551771646, "loss_main": 2.5447567105293274, "loss_total": 2.5447567105293274}
{"event": "update", "optimizer_step": 9260, "tokens_seen": 303431680, "lr": 0.0003, "grad_norm": 0.5982919931411743, "elapsed_seconds": 5099.396313835925, "tokens_per_second": 59503.45125690951, "loss_main": 2.6681182980537415, "loss_total": 2.6681182980537415}
{"event": "update", "optimizer_step": 9270, "tokens_seen": 303759360, "lr": 0.0003, "grad_norm": 0.5883010029792786, "elapsed_seconds": 5104.902794085967, "tokens_per_second": 59503.45623660168, "loss_main": 2.608815550804138, "loss_total": 2.608815550804138}
{"event": "update", "optimizer_step": 9280, "tokens_seen": 304087040, "lr": 0.0003, "grad_norm": 2.140249252319336, "elapsed_seconds": 5110.418136817927, "tokens_per_second": 59503.35801472089, "loss_main": 2.5149024724960327, "loss_total": 2.5149024724960327}
{"event": "update", "optimizer_step": 9290, "tokens_seen": 304414720, "lr": 0.0003, "grad_norm": 0.5776056051254272, "elapsed_seconds": 5115.916995217965, "tokens_per_second": 59503.451733979964, "loss_main": 2.558091878890991, "loss_total": 2.558091878890991}
{"event": "update", "optimizer_step": 9300, "tokens_seen": 304742400, "lr": 0.0003, "grad_norm": 0.8060557842254639, "elapsed_seconds": 5121.42750318296, "tokens_per_second": 59503.40990097058, "loss_main": 2.6803183555603027, "loss_total": 2.6803183555603027}
{"event": "update", "optimizer_step": 9310, "tokens_seen": 305070080, "lr": 0.0003, "grad_norm": 0.5829842686653137, "elapsed_seconds": 5126.927204792912, "tokens_per_second": 59503.49357697238, "loss_main": 2.66448575258255, "loss_total": 2.66448575258255}
{"event": "update", "optimizer_step": 9320, "tokens_seen": 305397760, "lr": 0.0003, "grad_norm": 0.584104061126709, "elapsed_seconds": 5132.429535516945, "tokens_per_second": 59503.54659262554, "loss_main": 2.7642516493797302, "loss_total": 2.7642516493797302}
{"event": "update", "optimizer_step": 9330, "tokens_seen": 305725440, "lr": 0.0003, "grad_norm": 0.641155481338501, "elapsed_seconds": 5137.939028709952, "tokens_per_second": 59503.5165446022, "loss_main": 2.757402539253235, "loss_total": 2.757402539253235}
{"event": "update", "optimizer_step": 9340, "tokens_seen": 306053120, "lr": 0.0003, "grad_norm": 0.5871240496635437, "elapsed_seconds": 5143.449486196914, "tokens_per_second": 59503.47540523759, "loss_main": 2.565401077270508, "loss_total": 2.565401077270508}
{"event": "update", "optimizer_step": 9350, "tokens_seen": 306380800, "lr": 0.0003, "grad_norm": 0.589596688747406, "elapsed_seconds": 5149.123806926946, "tokens_per_second": 59501.540745211074, "loss_main": 2.722615361213684, "loss_total": 2.722615361213684}
{"event": "update", "optimizer_step": 9360, "tokens_seen": 306708480, "lr": 0.0003, "grad_norm": 0.5887380838394165, "elapsed_seconds": 5154.673322695948, "tokens_per_second": 59501.050949158554, "loss_main": 2.4779993295669556, "loss_total": 2.4779993295669556}
{"event": "update", "optimizer_step": 9370, "tokens_seen": 307036160, "lr": 0.0003, "grad_norm": 0.5998637676239014, "elapsed_seconds": 5160.284826755931, "tokens_per_second": 59499.84745183564, "loss_main": 2.5528557896614075, "loss_total": 2.5528557896614075}
{"event": "update", "optimizer_step": 9380, "tokens_seen": 307363840, "lr": 0.0003, "grad_norm": 0.6028429865837097, "elapsed_seconds": 5165.9081571879215, "tokens_per_second": 59498.51035820863, "loss_main": 2.544517755508423, "loss_total": 2.544517755508423}
{"event": "update", "optimizer_step": 9390, "tokens_seen": 307691520, "lr": 0.0003, "grad_norm": 0.6151447296142578, "elapsed_seconds": 5171.517528949946, "tokens_per_second": 59497.33676383292, "loss_main": 2.745944023132324, "loss_total": 2.745944023132324}
{"event": "update", "optimizer_step": 9400, "tokens_seen": 308019200, "lr": 0.0003, "grad_norm": 0.5942564606666565, "elapsed_seconds": 5177.1039357149275, "tokens_per_second": 59496.429630297614, "loss_main": 2.4875897765159607, "loss_total": 2.4875897765159607}
{"event": "update", "optimizer_step": 9410, "tokens_seen": 308346880, "lr": 0.0003, "grad_norm": 0.590438723564148, "elapsed_seconds": 5182.589819112967, "tokens_per_second": 59496.67844884076, "loss_main": 2.647914707660675, "loss_total": 2.647914707660675}
{"event": "update", "optimizer_step": 9420, "tokens_seen": 308674560, "lr": 0.0003, "grad_norm": 0.6222500205039978, "elapsed_seconds": 5188.08186704095, "tokens_per_second": 59496.856046347275, "loss_main": 2.531499922275543, "loss_total": 2.531499922275543}
{"event": "update", "optimizer_step": 9430, "tokens_seen": 309002240, "lr": 0.0003, "grad_norm": 0.6284797787666321, "elapsed_seconds": 5193.5695823139395, "tokens_per_second": 59497.08290272436, "loss_main": 2.7851924896240234, "loss_total": 2.7851924896240234}
{"event": "update", "optimizer_step": 9440, "tokens_seen": 309329920, "lr": 0.0003, "grad_norm": 0.5647093653678894, "elapsed_seconds": 5199.063502175966, "tokens_per_second": 59497.2382758041, "loss_main": 2.4012564420700073, "loss_total": 2.4012564420700073}
{"event": "update", "optimizer_step": 9450, "tokens_seen": 309657600, "lr": 0.0003, "grad_norm": 0.5830299258232117, "elapsed_seconds": 5204.559951700969, "tokens_per_second": 59497.36440230587, "loss_main": 2.6363558173179626, "loss_total": 2.6363558173179626}
{"event": "update", "optimizer_step": 9460, "tokens_seen": 309985280, "lr": 0.0003, "grad_norm": 0.5673871040344238, "elapsed_seconds": 5210.034158618946, "tokens_per_second": 59497.74426856533, "loss_main": 2.6427600383758545, "loss_total": 2.6427600383758545}
{"event": "update", "optimizer_step": 9470, "tokens_seen": 310312960, "lr": 0.0003, "grad_norm": 0.5532498359680176, "elapsed_seconds": 5215.527838272916, "tokens_per_second": 59497.90119474425, "loss_main": 2.4667922854423523, "loss_total": 2.4667922854423523}
{"event": "update", "optimizer_step": 9480, "tokens_seen": 310640640, "lr": 0.0003, "grad_norm": 0.5344958901405334, "elapsed_seconds": 5221.014845352911, "tokens_per_second": 59498.13383053165, "loss_main": 2.4524879455566406, "loss_total": 2.4524879455566406}
{"event": "update", "optimizer_step": 9490, "tokens_seen": 310968320, "lr": 0.0003, "grad_norm": 0.5786399245262146, "elapsed_seconds": 5226.49764577992, "tokens_per_second": 59498.41386632749, "loss_main": 2.6167385578155518, "loss_total": 2.6167385578155518}
{"event": "update", "optimizer_step": 9500, "tokens_seen": 311296000, "lr": 0.0003, "grad_norm": 0.5656261444091797, "elapsed_seconds": 5231.981252863945, "tokens_per_second": 59498.68414180556, "loss_main": 2.6624523997306824, "loss_total": 2.6624523997306824}
{"event": "update", "optimizer_step": 9510, "tokens_seen": 311623680, "lr": 0.0003, "grad_norm": 0.5797109007835388, "elapsed_seconds": 5237.462020074949, "tokens_per_second": 59498.98611303737, "loss_main": 2.6439902782440186, "loss_total": 2.6439902782440186}
{"event": "update", "optimizer_step": 9520, "tokens_seen": 311951360, "lr": 0.0003, "grad_norm": 0.5817862153053284, "elapsed_seconds": 5242.944924643962, "tokens_per_second": 59499.26319723528, "loss_main": 2.473659098148346, "loss_total": 2.473659098148346}
{"event": "update", "optimizer_step": 9530, "tokens_seen": 312279040, "lr": 0.0003, "grad_norm": 0.6407386660575867, "elapsed_seconds": 5248.446203827916, "tokens_per_second": 59499.33139683161, "loss_main": 2.717752993106842, "loss_total": 2.717752993106842}
{"event": "update", "optimizer_step": 9540, "tokens_seen": 312606720, "lr": 0.0003, "grad_norm": 0.5739589929580688, "elapsed_seconds": 5253.933119062916, "tokens_per_second": 59499.56212152089, "loss_main": 2.829626441001892, "loss_total": 2.829626441001892}
{"event": "update", "optimizer_step": 9550, "tokens_seen": 312934400, "lr": 0.0003, "grad_norm": 0.5781919956207275, "elapsed_seconds": 5259.419537441921, "tokens_per_second": 59499.79798573079, "loss_main": 2.5411415696144104, "loss_total": 2.5411415696144104}
{"event": "update", "optimizer_step": 9560, "tokens_seen": 313262080, "lr": 0.0003, "grad_norm": 0.6891372203826904, "elapsed_seconds": 5264.916422841954, "tokens_per_second": 59499.91506814917, "loss_main": 2.592587411403656, "loss_total": 2.592587411403656}
{"event": "update", "optimizer_step": 9570, "tokens_seen": 313589760, "lr": 0.0003, "grad_norm": 0.5573615431785583, "elapsed_seconds": 5270.40657832392, "tokens_per_second": 59500.10788346559, "loss_main": 2.5177931785583496, "loss_total": 2.5177931785583496}
{"event": "update", "optimizer_step": 9580, "tokens_seen": 313917440, "lr": 0.0003, "grad_norm": 0.6111078858375549, "elapsed_seconds": 5275.902128052956, "tokens_per_second": 59500.23946252574, "loss_main": 2.655728578567505, "loss_total": 2.655728578567505}
{"event": "update", "optimizer_step": 9590, "tokens_seen": 314245120, "lr": 0.0003, "grad_norm": 0.575630784034729, "elapsed_seconds": 5281.384758589964, "tokens_per_second": 59500.5163160841, "loss_main": 2.643357276916504, "loss_total": 2.643357276916504}
{"event": "update", "optimizer_step": 9600, "tokens_seen": 314572800, "lr": 0.0003, "grad_norm": 0.6103044152259827, "elapsed_seconds": 5286.861883873935, "tokens_per_second": 59500.854554100355, "loss_main": 2.67362117767334, "loss_total": 2.67362117767334}
{"event": "update", "optimizer_step": 9610, "tokens_seen": 314900480, "lr": 0.0003, "grad_norm": 0.6165177822113037, "elapsed_seconds": 5292.34252319095, "tokens_per_second": 59501.15258415565, "loss_main": 2.7532923221588135, "loss_total": 2.7532923221588135}
{"event": "update", "optimizer_step": 9620, "tokens_seen": 315228160, "lr": 0.0003, "grad_norm": 0.5877866148948669, "elapsed_seconds": 5297.823541511956, "tokens_per_second": 59501.44574087427, "loss_main": 2.4972106218338013, "loss_total": 2.4972106218338013}
{"event": "update", "optimizer_step": 9630, "tokens_seen": 315555840, "lr": 0.0003, "grad_norm": 0.5514121055603027, "elapsed_seconds": 5303.306119444955, "tokens_per_second": 59501.72079318441, "loss_main": 2.4799697399139404, "loss_total": 2.4799697399139404}
{"event": "update", "optimizer_step": 9640, "tokens_seen": 315883520, "lr": 0.0003, "grad_norm": 0.5832075476646423, "elapsed_seconds": 5308.792242637952, "tokens_per_second": 59501.95554140516, "loss_main": 2.5314043164253235, "loss_total": 2.5314043164253235}
{"event": "update", "optimizer_step": 9650, "tokens_seen": 316211200, "lr": 0.0003, "grad_norm": 0.6512376070022583, "elapsed_seconds": 5314.277889900957, "tokens_per_second": 59502.19513377635, "loss_main": 2.7074832916259766, "loss_total": 2.7074832916259766}
{"event": "update", "optimizer_step": 9660, "tokens_seen": 316538880, "lr": 0.0003, "grad_norm": 0.6587390899658203, "elapsed_seconds": 5319.736982408911, "tokens_per_second": 59502.73125282657, "loss_main": 2.545878291130066, "loss_total": 2.545878291130066}
{"event": "update", "optimizer_step": 9670, "tokens_seen": 316866560, "lr": 0.0003, "grad_norm": 0.5714074969291687, "elapsed_seconds": 5325.217969469959, "tokens_per_second": 59503.02162589958, "loss_main": 2.6648765802383423, "loss_total": 2.6648765802383423}
{"event": "update", "optimizer_step": 9680, "tokens_seen": 317194240, "lr": 0.0003, "grad_norm": 0.6131696105003357, "elapsed_seconds": 5330.701457494928, "tokens_per_second": 59503.28348514569, "loss_main": 2.634613335132599, "loss_total": 2.634613335132599}
{"event": "update", "optimizer_step": 9690, "tokens_seen": 317521920, "lr": 0.0003, "grad_norm": 0.6090528964996338, "elapsed_seconds": 5336.182562669914, "tokens_per_second": 59503.571377275104, "loss_main": 2.7471671104431152, "loss_total": 2.7471671104431152}
{"event": "update", "optimizer_step": 9700, "tokens_seen": 317849600, "lr": 0.0003, "grad_norm": 0.6498891115188599, "elapsed_seconds": 5341.671212172951, "tokens_per_second": 59503.77463810642, "loss_main": 2.4542356133461, "loss_total": 2.4542356133461}
{"event": "update", "optimizer_step": 9710, "tokens_seen": 318177280, "lr": 0.0003, "grad_norm": 0.6185687780380249, "elapsed_seconds": 5347.158190631948, "tokens_per_second": 59503.99607728766, "loss_main": 2.715055286884308, "loss_total": 2.715055286884308}
{"event": "update", "optimizer_step": 9720, "tokens_seen": 318504960, "lr": 0.0003, "grad_norm": 0.5959773659706116, "elapsed_seconds": 5352.627221259929, "tokens_per_second": 59504.41658536211, "loss_main": 2.798100709915161, "loss_total": 2.798100709915161}
{"event": "update", "optimizer_step": 9730, "tokens_seen": 318832640, "lr": 0.0003, "grad_norm": 0.5495350956916809, "elapsed_seconds": 5358.108189814957, "tokens_per_second": 59504.703657544276, "loss_main": 2.477378785610199, "loss_total": 2.477378785610199}
{"event": "update", "optimizer_step": 9740, "tokens_seen": 319160320, "lr": 0.0003, "grad_norm": 0.6301106810569763, "elapsed_seconds": 5363.600344472914, "tokens_per_second": 59504.86604187214, "loss_main": 2.606568932533264, "loss_total": 2.606568932533264}
{"event": "update", "optimizer_step": 9750, "tokens_seen": 319488000, "lr": 0.0003, "grad_norm": 0.6372672915458679, "elapsed_seconds": 5369.079226514965, "tokens_per_second": 59505.17519321048, "loss_main": 2.753839075565338, "loss_total": 2.753839075565338}
{"event": "update", "optimizer_step": 9760, "tokens_seen": 319815680, "lr": 0.0003, "grad_norm": 0.5702401399612427, "elapsed_seconds": 5374.549520056928, "tokens_per_second": 59505.57880367478, "loss_main": 2.5329745411872864, "loss_total": 2.5329745411872864}
{"event": "evaluation", "tokens_seen": 320012288, "elapsed_seconds": 5377.838798276964, "parameters": 71199040, "main_loss": 2.706430122256279, "perplexity": 14.975718491600968}
{"event": "update", "optimizer_step": 9770, "tokens_seen": 320143360, "lr": 0.0003, "grad_norm": 0.6214594841003418, "elapsed_seconds": 5382.50723195693, "tokens_per_second": 59478.482090883284, "loss_main": 2.6827625036239624, "loss_total": 2.6827625036239624}
{"event": "update", "optimizer_step": 9780, "tokens_seen": 320471040, "lr": 0.0003, "grad_norm": 0.5921380519866943, "elapsed_seconds": 5387.987319784937, "tokens_per_second": 59478.80367557949, "loss_main": 2.775442600250244, "loss_total": 2.775442600250244}
{"event": "update", "optimizer_step": 9790, "tokens_seen": 320798720, "lr": 0.0003, "grad_norm": 0.6204182505607605, "elapsed_seconds": 5393.471734468942, "tokens_per_second": 59479.07689027444, "loss_main": 2.8298813104629517, "loss_total": 2.8298813104629517}
{"event": "update", "optimizer_step": 9800, "tokens_seen": 321126400, "lr": 0.0003, "grad_norm": 0.6074222922325134, "elapsed_seconds": 5398.979733566928, "tokens_per_second": 59479.089725688296, "loss_main": 2.608189105987549, "loss_total": 2.608189105987549}
{"event": "update", "optimizer_step": 9810, "tokens_seen": 321454080, "lr": 0.0003, "grad_norm": 0.5989236235618591, "elapsed_seconds": 5404.459464340936, "tokens_per_second": 59479.413643673375, "loss_main": 2.6177805066108704, "loss_total": 2.6177805066108704}
{"event": "update", "optimizer_step": 9820, "tokens_seen": 321781760, "lr": 0.0003, "grad_norm": 0.5766103863716125, "elapsed_seconds": 5409.9497586769285, "tokens_per_second": 59479.6207642963, "loss_main": 2.5367204546928406, "loss_total": 2.5367204546928406}
{"event": "update", "optimizer_step": 9830, "tokens_seen": 322109440, "lr": 0.0003, "grad_norm": 0.6245942711830139, "elapsed_seconds": 5415.446734475961, "tokens_per_second": 59479.75408000568, "loss_main": 2.572132170200348, "loss_total": 2.572132170200348}
{"event": "update", "optimizer_step": 9840, "tokens_seen": 322437120, "lr": 0.0003, "grad_norm": 0.5932526588439941, "elapsed_seconds": 5420.941357705917, "tokens_per_second": 59479.91293830411, "loss_main": 2.5884822607040405, "loss_total": 2.5884822607040405}
{"event": "update", "optimizer_step": 9850, "tokens_seen": 322764800, "lr": 0.0003, "grad_norm": 0.583975076675415, "elapsed_seconds": 5426.434200271964, "tokens_per_second": 59480.09099305462, "loss_main": 2.7238537669181824, "loss_total": 2.7238537669181824}
{"event": "update", "optimizer_step": 9860, "tokens_seen": 323092480, "lr": 0.0003, "grad_norm": 0.5776776075363159, "elapsed_seconds": 5431.926095532952, "tokens_per_second": 59480.279060810724, "loss_main": 2.644089996814728, "loss_total": 2.644089996814728}
{"event": "update", "optimizer_step": 9870, "tokens_seen": 323420160, "lr": 0.0003, "grad_norm": 0.5499272346496582, "elapsed_seconds": 5437.421443878964, "tokens_per_second": 59480.4289750396, "loss_main": 2.534816265106201, "loss_total": 2.534816265106201}
{"event": "update", "optimizer_step": 9880, "tokens_seen": 323747840, "lr": 0.0003, "grad_norm": 0.5661242008209229, "elapsed_seconds": 5442.9123518709675, "tokens_per_second": 59480.62711109314, "loss_main": 2.6592712998390198, "loss_total": 2.6592712998390198}
{"event": "update", "optimizer_step": 9890, "tokens_seen": 324075520, "lr": 0.0003, "grad_norm": 0.5769385695457458, "elapsed_seconds": 5448.3965952029685, "tokens_per_second": 59480.897606707214, "loss_main": 2.6698444485664368, "loss_total": 2.6698444485664368}
{"event": "update", "optimizer_step": 9900, "tokens_seen": 324403200, "lr": 0.0003, "grad_norm": 0.5384224057197571, "elapsed_seconds": 5453.898090467963, "tokens_per_second": 59480.979405716236, "loss_main": 2.628209114074707, "loss_total": 2.628209114074707}
{"event": "update", "optimizer_step": 9910, "tokens_seen": 324730880, "lr": 0.0003, "grad_norm": 0.5587244033813477, "elapsed_seconds": 5459.395027392951, "tokens_per_second": 59481.1107037752, "loss_main": 2.49899822473526, "loss_total": 2.49899822473526}
{"event": "update", "optimizer_step": 9920, "tokens_seen": 325058560, "lr": 0.0003, "grad_norm": 0.5735090970993042, "elapsed_seconds": 5464.875419523916, "tokens_per_second": 59481.42181589167, "loss_main": 2.5460704565048218, "loss_total": 2.5460704565048218}
{"event": "update", "optimizer_step": 9930, "tokens_seen": 325386240, "lr": 0.0003, "grad_norm": 0.6309147477149963, "elapsed_seconds": 5470.346479896922, "tokens_per_second": 59481.83377337577, "loss_main": 2.7213231325149536, "loss_total": 2.7213231325149536}
{"event": "update", "optimizer_step": 9940, "tokens_seen": 325713920, "lr": 0.0003, "grad_norm": 0.6293966174125671, "elapsed_seconds": 5475.833519203938, "tokens_per_second": 59482.07133356228, "loss_main": 2.5163230299949646, "loss_total": 2.5163230299949646}
{"event": "update", "optimizer_step": 9950, "tokens_seen": 326041600, "lr": 0.0003, "grad_norm": 0.5701896548271179, "elapsed_seconds": 5481.315497188945, "tokens_per_second": 59482.36334274284, "loss_main": 2.6432592272758484, "loss_total": 2.6432592272758484}
{"event": "update", "optimizer_step": 9960, "tokens_seen": 326369280, "lr": 0.0003, "grad_norm": 0.6075623035430908, "elapsed_seconds": 5486.801595687924, "tokens_per_second": 59482.61009774684, "loss_main": 2.6558210849761963, "loss_total": 2.6558210849761963}
{"event": "update", "optimizer_step": 9970, "tokens_seen": 326696960, "lr": 0.0003, "grad_norm": 0.5581438541412354, "elapsed_seconds": 5492.291423708957, "tokens_per_second": 59482.81596816303, "loss_main": 2.504327714443207, "loss_total": 2.504327714443207}
{"event": "update", "optimizer_step": 9980, "tokens_seen": 327024640, "lr": 0.0003, "grad_norm": 0.676645040512085, "elapsed_seconds": 5497.780563209963, "tokens_per_second": 59483.02887684948, "loss_main": 2.69428950548172, "loss_total": 2.69428950548172}
{"event": "update", "optimizer_step": 9990, "tokens_seen": 327352320, "lr": 0.0003, "grad_norm": 0.569985032081604, "elapsed_seconds": 5503.280519346939, "tokens_per_second": 59483.12444716994, "loss_main": 2.7430365085601807, "loss_total": 2.7430365085601807}
{"event": "update", "optimizer_step": 10000, "tokens_seen": 327680000, "lr": 0.0003, "grad_norm": 0.5695819854736328, "elapsed_seconds": 5508.777496334922, "tokens_per_second": 59483.251995204155, "loss_main": 2.4906188249588013, "loss_total": 2.4906188249588013}
{"event": "update", "optimizer_step": 10010, "tokens_seen": 328007680, "lr": 0.0003, "grad_norm": 0.6157584190368652, "elapsed_seconds": 5514.277120356914, "tokens_per_second": 59483.350734968066, "loss_main": 2.4234593510627747, "loss_total": 2.4234593510627747}
{"event": "update", "optimizer_step": 10020, "tokens_seen": 328335360, "lr": 0.0003, "grad_norm": 0.5981155037879944, "elapsed_seconds": 5519.763515162922, "tokens_per_second": 59483.59184194304, "loss_main": 2.552870452404022, "loss_total": 2.552870452404022}
{"event": "update", "optimizer_step": 10030, "tokens_seen": 328663040, "lr": 0.0003, "grad_norm": 0.5800315737724304, "elapsed_seconds": 5525.259492084966, "tokens_per_second": 59483.729310961004, "loss_main": 2.645394802093506, "loss_total": 2.645394802093506}
{"event": "update", "optimizer_step": 10040, "tokens_seen": 328990720, "lr": 0.0003, "grad_norm": 0.6252856850624084, "elapsed_seconds": 5530.751724428963, "tokens_per_second": 59483.9067801344, "loss_main": 2.8067177534103394, "loss_total": 2.8067177534103394}
{"event": "update", "optimizer_step": 10050, "tokens_seen": 329318400, "lr": 0.0003, "grad_norm": 0.6174934506416321, "elapsed_seconds": 5536.249785456923, "tokens_per_second": 59484.02127105621, "loss_main": 2.683277726173401, "loss_total": 2.683277726173401}
{"event": "update", "optimizer_step": 10060, "tokens_seen": 329646080, "lr": 0.0003, "grad_norm": 0.6132200956344604, "elapsed_seconds": 5541.748443287914, "tokens_per_second": 59484.129128824425, "loss_main": 2.5976179242134094, "loss_total": 2.5976179242134094}
{"event": "update", "optimizer_step": 10070, "tokens_seen": 329973760, "lr": 0.0003, "grad_norm": 0.6115930080413818, "elapsed_seconds": 5547.234143206966, "tokens_per_second": 59484.375723364654, "loss_main": 2.5027869939804077, "loss_total": 2.5027869939804077}
{"event": "update", "optimizer_step": 10080, "tokens_seen": 330301440, "lr": 0.0003, "grad_norm": 0.5627331733703613, "elapsed_seconds": 5552.722261417948, "tokens_per_second": 59484.59592424382, "loss_main": 2.502779245376587, "loss_total": 2.502779245376587}
{"event": "update", "optimizer_step": 10090, "tokens_seen": 330629120, "lr": 0.0003, "grad_norm": 0.5828837156295776, "elapsed_seconds": 5558.206578707963, "tokens_per_second": 59484.85636833899, "loss_main": 2.626224398612976, "loss_total": 2.626224398612976}
{"event": "update", "optimizer_step": 10100, "tokens_seen": 330956800, "lr": 0.0003, "grad_norm": 0.5830960273742676, "elapsed_seconds": 5563.7030051379115, "tokens_per_second": 59484.98683239767, "loss_main": 2.4986934065818787, "loss_total": 2.4986934065818787}
{"event": "update", "optimizer_step": 10110, "tokens_seen": 331284480, "lr": 0.0003, "grad_norm": 0.5878943204879761, "elapsed_seconds": 5569.1977790959645, "tokens_per_second": 59485.13468914309, "loss_main": 2.810922145843506, "loss_total": 2.810922145843506}
{"event": "update", "optimizer_step": 10120, "tokens_seen": 331612160, "lr": 0.0003, "grad_norm": 0.5837404727935791, "elapsed_seconds": 5574.692819562915, "tokens_per_second": 59485.27941060618, "loss_main": 2.501297652721405, "loss_total": 2.501297652721405}
{"event": "update", "optimizer_step": 10130, "tokens_seen": 331939840, "lr": 0.0003, "grad_norm": 0.5465027093887329, "elapsed_seconds": 5580.180574537953, "tokens_per_second": 59485.501511299226, "loss_main": 2.539742350578308, "loss_total": 2.539742350578308}
{"event": "update", "optimizer_step": 10140, "tokens_seen": 332267520, "lr": 0.0003, "grad_norm": 0.5515550971031189, "elapsed_seconds": 5585.666676525958, "tokens_per_second": 59485.740779407904, "loss_main": 2.6116350889205933, "loss_total": 2.6116350889205933}
{"event": "update", "optimizer_step": 10150, "tokens_seen": 332595200, "lr": 0.0003, "grad_norm": 0.591205894947052, "elapsed_seconds": 5591.149688851961, "tokens_per_second": 59486.01244984593, "loss_main": 2.797684609889984, "loss_total": 2.797684609889984}
{"event": "update", "optimizer_step": 10160, "tokens_seen": 332922880, "lr": 0.0003, "grad_norm": 0.6145594716072083, "elapsed_seconds": 5596.642646165914, "tokens_per_second": 59486.177883462886, "loss_main": 2.5231305956840515, "loss_total": 2.5231305956840515}
{"event": "update", "optimizer_step": 10170, "tokens_seen": 333250560, "lr": 0.0003, "grad_norm": 0.6126556992530823, "elapsed_seconds": 5602.130174754944, "tokens_per_second": 59486.400637696264, "loss_main": 2.6886573433876038, "loss_total": 2.6886573433876038}
{"event": "update", "optimizer_step": 10180, "tokens_seen": 333578240, "lr": 0.0003, "grad_norm": 0.5748095512390137, "elapsed_seconds": 5607.6177502939245, "tokens_per_second": 59486.622457908335, "loss_main": 2.548056483268738, "loss_total": 2.548056483268738}
{"event": "update", "optimizer_step": 10190, "tokens_seen": 333905920, "lr": 0.0003, "grad_norm": 0.5856664180755615, "elapsed_seconds": 5613.117630404944, "tokens_per_second": 59486.71344268821, "loss_main": 2.434598982334137, "loss_total": 2.434598982334137}
{"event": "update", "optimizer_step": 10200, "tokens_seen": 334233600, "lr": 0.0003, "grad_norm": 0.597191333770752, "elapsed_seconds": 5618.604537790932, "tokens_per_second": 59486.941597674835, "loss_main": 2.7565897703170776, "loss_total": 2.7565897703170776}
{"event": "update", "optimizer_step": 10210, "tokens_seen": 334561280, "lr": 0.0003, "grad_norm": 0.5902490615844727, "elapsed_seconds": 5624.09599072393, "tokens_per_second": 59487.12122833726, "loss_main": 2.6504852771759033, "loss_total": 2.6504852771759033}
{"event": "update", "optimizer_step": 10220, "tokens_seen": 334888960, "lr": 0.0003, "grad_norm": 0.5950238704681396, "elapsed_seconds": 5629.577757686959, "tokens_per_second": 59487.4028594281, "loss_main": 2.630708694458008, "loss_total": 2.630708694458008}
{"event": "update", "optimizer_step": 10230, "tokens_seen": 335216640, "lr": 0.0003, "grad_norm": 0.5602694153785706, "elapsed_seconds": 5635.06987393595, "tokens_per_second": 59487.57468837913, "loss_main": 2.5720120072364807, "loss_total": 2.5720120072364807}
{"event": "update", "optimizer_step": 10240, "tokens_seen": 335544320, "lr": 0.0003, "grad_norm": 0.6110807061195374, "elapsed_seconds": 5640.555119643919, "tokens_per_second": 59487.81864242867, "loss_main": 2.6333982944488525, "loss_total": 2.6333982944488525}
{"event": "update", "optimizer_step": 10250, "tokens_seen": 335872000, "lr": 0.0003, "grad_norm": 0.5848551988601685, "elapsed_seconds": 5646.023309488955, "tokens_per_second": 59488.24182775135, "loss_main": 2.6489135026931763, "loss_total": 2.6489135026931763}
{"event": "update", "optimizer_step": 10260, "tokens_seen": 336199680, "lr": 0.0003, "grad_norm": 0.6317915916442871, "elapsed_seconds": 5651.51776748494, "tokens_per_second": 59488.387691934455, "loss_main": 2.6918676495552063, "loss_total": 2.6918676495552063}
{"event": "update", "optimizer_step": 10270, "tokens_seen": 336527360, "lr": 0.0003, "grad_norm": 0.5811418294906616, "elapsed_seconds": 5657.0067755629425, "tokens_per_second": 59488.59058357966, "loss_main": 2.5688225626945496, "loss_total": 2.5688225626945496}
{"event": "update", "optimizer_step": 10280, "tokens_seen": 336855040, "lr": 0.0003, "grad_norm": 0.5765522122383118, "elapsed_seconds": 5662.493977089936, "tokens_per_second": 59488.81206106222, "loss_main": 2.555578351020813, "loss_total": 2.555578351020813}
{"event": "update", "optimizer_step": 10290, "tokens_seen": 337182720, "lr": 0.0003, "grad_norm": 0.5653998255729675, "elapsed_seconds": 5667.979744928947, "tokens_per_second": 59489.04815718019, "loss_main": 2.579711616039276, "loss_total": 2.579711616039276}
{"event": "update", "optimizer_step": 10300, "tokens_seen": 337510400, "lr": 0.0003, "grad_norm": 0.6245100498199463, "elapsed_seconds": 5673.460450943967, "tokens_per_second": 59489.33687267425, "loss_main": 2.6363096237182617, "loss_total": 2.6363096237182617}
{"event": "update", "optimizer_step": 10310, "tokens_seen": 337838080, "lr": 0.0003, "grad_norm": 0.5700501203536987, "elapsed_seconds": 5678.958758623921, "tokens_per_second": 59489.44064560563, "loss_main": 2.6747015714645386, "loss_total": 2.6747015714645386}
{"event": "update", "optimizer_step": 10320, "tokens_seen": 338165760, "lr": 0.0003, "grad_norm": 0.6283610463142395, "elapsed_seconds": 5684.44922727294, "tokens_per_second": 59489.6262557053, "loss_main": 2.5977333188056946, "loss_total": 2.5977333188056946}
{"event": "update", "optimizer_step": 10330, "tokens_seen": 338493440, "lr": 0.0003, "grad_norm": 0.5833698511123657, "elapsed_seconds": 5689.945312294934, "tokens_per_second": 59489.75278700436, "loss_main": 2.3513575196266174, "loss_total": 2.3513575196266174}
{"event": "update", "optimizer_step": 10340, "tokens_seen": 338821120, "lr": 0.0003, "grad_norm": 0.592948853969574, "elapsed_seconds": 5695.42547618493, "tokens_per_second": 59490.04537356509, "loss_main": 2.695735991001129, "loss_total": 2.695735991001129}
{"event": "update", "optimizer_step": 10350, "tokens_seen": 339148800, "lr": 0.0003, "grad_norm": 0.5967656970024109, "elapsed_seconds": 5700.915244791948, "tokens_per_second": 59490.23717022074, "loss_main": 2.542699456214905, "loss_total": 2.542699456214905}
{"event": "update", "optimizer_step": 10360, "tokens_seen": 339476480, "lr": 0.0003, "grad_norm": 0.5983453989028931, "elapsed_seconds": 5706.398137165932, "tokens_per_second": 59490.50028405486, "loss_main": 2.4743831157684326, "loss_total": 2.4743831157684326}
{"event": "update", "optimizer_step": 10370, "tokens_seen": 339804160, "lr": 0.0003, "grad_norm": 0.6003581285476685, "elapsed_seconds": 5711.881526409939, "tokens_per_second": 59490.75771772448, "loss_main": 2.6534635424613953, "loss_total": 2.6534635424613953}
{"event": "update", "optimizer_step": 10380, "tokens_seen": 340131840, "lr": 0.0003, "grad_norm": 0.5755289196968079, "elapsed_seconds": 5717.380345358921, "tokens_per_second": 59490.85410700405, "loss_main": 2.6666330099105835, "loss_total": 2.6666330099105835}
{"event": "update", "optimizer_step": 10390, "tokens_seen": 340459520, "lr": 0.0003, "grad_norm": 0.5848665237426758, "elapsed_seconds": 5722.854559965956, "tokens_per_second": 59491.2060812577, "loss_main": 2.7307119965553284, "loss_total": 2.7307119965553284}
{"event": "update", "optimizer_step": 10400, "tokens_seen": 340787200, "lr": 0.0003, "grad_norm": 0.5949398875236511, "elapsed_seconds": 5728.331406582962, "tokens_per_second": 59491.530048064174, "loss_main": 2.5094658732414246, "loss_total": 2.5094658732414246}
{"event": "update", "optimizer_step": 10410, "tokens_seen": 341114880, "lr": 0.0003, "grad_norm": 0.6000962257385254, "elapsed_seconds": 5733.817392711935, "tokens_per_second": 59491.75856796203, "loss_main": 2.60693097114563, "loss_total": 2.60693097114563}
{"event": "update", "optimizer_step": 10420, "tokens_seen": 341442560, "lr": 0.0003, "grad_norm": 0.6082849502563477, "elapsed_seconds": 5739.312060671917, "tokens_per_second": 59491.89665773748, "loss_main": 2.6221563816070557, "loss_total": 2.6221563816070557}
{"event": "update", "optimizer_step": 10430, "tokens_seen": 341770240, "lr": 0.0003, "grad_norm": 0.5626533627510071, "elapsed_seconds": 5744.816619263962, "tokens_per_second": 59491.93205818784, "loss_main": 2.5362877249717712, "loss_total": 2.5362877249717712}
{"event": "update", "optimizer_step": 10440, "tokens_seen": 342097920, "lr": 0.0003, "grad_norm": 0.5866805911064148, "elapsed_seconds": 5750.31188189995, "tokens_per_second": 59492.06356559708, "loss_main": 2.4574280381202698, "loss_total": 2.4574280381202698}
{"event": "update", "optimizer_step": 10450, "tokens_seen": 342425600, "lr": 0.0003, "grad_norm": 0.5778570175170898, "elapsed_seconds": 5755.807968664914, "tokens_per_second": 59492.186303676695, "loss_main": 2.809732496738434, "loss_total": 2.809732496738434}
{"event": "update", "optimizer_step": 10460, "tokens_seen": 342753280, "lr": 0.0003, "grad_norm": 0.5835312604904175, "elapsed_seconds": 5761.30510816793, "tokens_per_second": 59492.29793681142, "loss_main": 2.655168652534485, "loss_total": 2.655168652534485}
{"event": "update", "optimizer_step": 10470, "tokens_seen": 343080960, "lr": 0.0003, "grad_norm": 0.5755628347396851, "elapsed_seconds": 5766.797864378954, "tokens_per_second": 59492.45457677361, "loss_main": 2.5808829069137573, "loss_total": 2.5808829069137573}
{"event": "update", "optimizer_step": 10480, "tokens_seen": 343408640, "lr": 0.0003, "grad_norm": 0.5543916821479797, "elapsed_seconds": 5772.2846637419425, "tokens_per_second": 59492.672313458264, "loss_main": 2.613522231578827, "loss_total": 2.613522231578827}
{"event": "update", "optimizer_step": 10490, "tokens_seen": 343736320, "lr": 0.0003, "grad_norm": 0.6004804968833923, "elapsed_seconds": 5777.787154484948, "tokens_per_second": 59492.728065134455, "loss_main": 2.6983392238616943, "loss_total": 2.6983392238616943}
{"event": "update", "optimizer_step": 10500, "tokens_seen": 344064000, "lr": 0.0003, "grad_norm": 0.5876153111457825, "elapsed_seconds": 5783.290123256913, "tokens_per_second": 59492.7787932308, "loss_main": 2.507688045501709, "loss_total": 2.507688045501709}
{"event": "update", "optimizer_step": 10510, "tokens_seen": 344391680, "lr": 0.0003, "grad_norm": 0.6236491203308105, "elapsed_seconds": 5788.799897642923, "tokens_per_second": 59492.75948201786, "loss_main": 2.560162901878357, "loss_total": 2.560162901878357}
{"event": "update", "optimizer_step": 10520, "tokens_seen": 344719360, "lr": 0.0003, "grad_norm": 0.5936951041221619, "elapsed_seconds": 5794.288911043957, "tokens_per_second": 59492.95337050977, "loss_main": 2.6195555925369263, "loss_total": 2.6195555925369263}
{"event": "update", "optimizer_step": 10530, "tokens_seen": 345047040, "lr": 0.0003, "grad_norm": 0.5845029354095459, "elapsed_seconds": 5799.771152967936, "tokens_per_second": 59493.21635275694, "loss_main": 2.7007787823677063, "loss_total": 2.7007787823677063}
{"event": "update", "optimizer_step": 10540, "tokens_seen": 345374720, "lr": 0.0003, "grad_norm": 0.5802698731422424, "elapsed_seconds": 5805.262082586938, "tokens_per_second": 59493.38980508082, "loss_main": 2.6003751158714294, "loss_total": 2.6003751158714294}
{"event": "update", "optimizer_step": 10550, "tokens_seen": 345702400, "lr": 0.0003, "grad_norm": 0.5761137008666992, "elapsed_seconds": 5810.754027674964, "tokens_per_second": 59493.55253268647, "loss_main": 2.723323881626129, "loss_total": 2.723323881626129}
{"event": "update", "optimizer_step": 10560, "tokens_seen": 346030080, "lr": 0.0003, "grad_norm": 0.5955846905708313, "elapsed_seconds": 5816.255432233913, "tokens_per_second": 59493.61819329459, "loss_main": 2.578902840614319, "loss_total": 2.578902840614319}
{"event": "update", "optimizer_step": 10570, "tokens_seen": 346357760, "lr": 0.0003, "grad_norm": 0.5668191909790039, "elapsed_seconds": 5821.747878347931, "tokens_per_second": 59493.775278067835, "loss_main": 2.4134721159934998, "loss_total": 2.4134721159934998}
{"event": "update", "optimizer_step": 10580, "tokens_seen": 346685440, "lr": 0.0003, "grad_norm": 0.624488890171051, "elapsed_seconds": 5827.226698466926, "tokens_per_second": 59494.07118333131, "loss_main": 2.552180528640747, "loss_total": 2.552180528640747}
{"event": "update", "optimizer_step": 10590, "tokens_seen": 347013120, "lr": 0.0003, "grad_norm": 0.5844769477844238, "elapsed_seconds": 5832.718891761964, "tokens_per_second": 59494.230124842055, "loss_main": 2.5522799491882324, "loss_total": 2.5522799491882324}
{"event": "update", "optimizer_step": 10600, "tokens_seen": 347340800, "lr": 0.0003, "grad_norm": 0.5904304385185242, "elapsed_seconds": 5838.209922852926, "tokens_per_second": 59494.40061077264, "loss_main": 2.6440426111221313, "loss_total": 2.6440426111221313}
{"event": "update", "optimizer_step": 10610, "tokens_seen": 347668480, "lr": 0.0003, "grad_norm": 0.5548787117004395, "elapsed_seconds": 5843.705312745937, "tokens_per_second": 59494.52639948947, "loss_main": 2.595484972000122, "loss_total": 2.595484972000122}
{"event": "update", "optimizer_step": 10620, "tokens_seen": 347996160, "lr": 0.0003, "grad_norm": 0.57938551902771, "elapsed_seconds": 5849.199215566914, "tokens_per_second": 59494.66707747817, "loss_main": 2.5944047570228577, "loss_total": 2.5944047570228577}
{"event": "update", "optimizer_step": 10630, "tokens_seen": 348323840, "lr": 0.0003, "grad_norm": 0.6040610074996948, "elapsed_seconds": 5854.696924131946, "tokens_per_second": 59494.76881788286, "loss_main": 2.5882309675216675, "loss_total": 2.5882309675216675}
{"event": "update", "optimizer_step": 10640, "tokens_seen": 348651520, "lr": 0.0003, "grad_norm": 0.5913310050964355, "elapsed_seconds": 5860.194857276918, "tokens_per_second": 59494.86808737439, "loss_main": 2.4994372725486755, "loss_total": 2.4994372725486755}
{"event": "update", "optimizer_step": 10650, "tokens_seen": 348979200, "lr": 0.0003, "grad_norm": 0.5866073369979858, "elapsed_seconds": 5865.6829396159155, "tokens_per_second": 59495.06708639985, "loss_main": 2.697277307510376, "loss_total": 2.697277307510376}
{"event": "update", "optimizer_step": 10660, "tokens_seen": 349306880, "lr": 0.0003, "grad_norm": 0.62242591381073, "elapsed_seconds": 5871.175351953949, "tokens_per_second": 59495.22183556473, "loss_main": 2.5804067850112915, "loss_total": 2.5804067850112915}
{"event": "update", "optimizer_step": 10670, "tokens_seen": 349634560, "lr": 0.0003, "grad_norm": 0.5811154842376709, "elapsed_seconds": 5876.6740416069515, "tokens_per_second": 59495.31274400816, "loss_main": 2.7887322306632996, "loss_total": 2.7887322306632996}
{"event": "update", "optimizer_step": 10680, "tokens_seen": 349962240, "lr": 0.0003, "grad_norm": 0.5853142738342285, "elapsed_seconds": 5882.171853322943, "tokens_per_second": 59495.4123624083, "loss_main": 2.6373416781425476, "loss_total": 2.6373416781425476}
{"event": "update", "optimizer_step": 10690, "tokens_seen": 350289920, "lr": 0.0003, "grad_norm": 0.604224443435669, "elapsed_seconds": 5887.644892991928, "tokens_per_second": 59495.76211991837, "loss_main": 2.6247321367263794, "loss_total": 2.6247321367263794}
{"event": "update", "optimizer_step": 10700, "tokens_seen": 350617600, "lr": 0.0003, "grad_norm": 0.576557457447052, "elapsed_seconds": 5893.140839408967, "tokens_per_second": 59495.87996528589, "loss_main": 2.568661153316498, "loss_total": 2.568661153316498}
{"event": "update", "optimizer_step": 10710, "tokens_seen": 350945280, "lr": 0.0003, "grad_norm": 0.5843377113342285, "elapsed_seconds": 5898.634478253953, "tokens_per_second": 59496.02086615187, "loss_main": 2.609829843044281, "loss_total": 2.609829843044281}
{"event": "update", "optimizer_step": 10720, "tokens_seen": 351272960, "lr": 0.0003, "grad_norm": 0.6010449528694153, "elapsed_seconds": 5904.12977850996, "tokens_per_second": 59496.144762700605, "loss_main": 2.5351096391677856, "loss_total": 2.5351096391677856}
{"event": "update", "optimizer_step": 10730, "tokens_seen": 351600640, "lr": 0.0003, "grad_norm": 0.5645027160644531, "elapsed_seconds": 5909.619270030933, "tokens_per_second": 59496.32690942535, "loss_main": 2.5434367656707764, "loss_total": 2.5434367656707764}
{"event": "update", "optimizer_step": 10740, "tokens_seen": 351928320, "lr": 0.0003, "grad_norm": 0.6163895726203918, "elapsed_seconds": 5915.098788178933, "tokens_per_second": 59496.60903437714, "loss_main": 2.7828553915023804, "loss_total": 2.7828553915023804}
{"event": "update", "optimizer_step": 10750, "tokens_seen": 352256000, "lr": 0.0003, "grad_norm": 0.596451461315155, "elapsed_seconds": 5920.590659510926, "tokens_per_second": 59496.76649814164, "loss_main": 2.4491207599639893, "loss_total": 2.4491207599639893}
{"event": "update", "optimizer_step": 10760, "tokens_seen": 352583680, "lr": 0.0003, "grad_norm": 0.5871827602386475, "elapsed_seconds": 5926.081081796961, "tokens_per_second": 59496.93821824765, "loss_main": 2.7222758531570435, "loss_total": 2.7222758531570435}
{"event": "update", "optimizer_step": 10770, "tokens_seen": 352911360, "lr": 0.0003, "grad_norm": 0.5769479274749756, "elapsed_seconds": 5931.58148573892, "tokens_per_second": 59497.009498814376, "loss_main": 2.622636079788208, "loss_total": 2.622636079788208}
{"event": "update", "optimizer_step": 10780, "tokens_seen": 353239040, "lr": 0.0003, "grad_norm": 0.6124800443649292, "elapsed_seconds": 5937.0712201449205, "tokens_per_second": 59497.187569762325, "loss_main": 2.590142250061035, "loss_total": 2.590142250061035}
{"event": "update", "optimizer_step": 10790, "tokens_seen": 353566720, "lr": 0.0003, "grad_norm": 0.5579250454902649, "elapsed_seconds": 5942.564528285933, "tokens_per_second": 59497.329531225536, "loss_main": 2.507144033908844, "loss_total": 2.507144033908844}
{"event": "update", "optimizer_step": 10800, "tokens_seen": 353894400, "lr": 0.0003, "grad_norm": 0.5874110460281372, "elapsed_seconds": 5948.04834701994, "tokens_per_second": 59497.566151644736, "loss_main": 2.4937328100204468, "loss_total": 2.4937328100204468}
{"event": "update", "optimizer_step": 10810, "tokens_seen": 354222080, "lr": 0.0003, "grad_norm": 0.5726525187492371, "elapsed_seconds": 5953.547663903912, "tokens_per_second": 59497.647452733494, "loss_main": 2.601856052875519, "loss_total": 2.601856052875519}
{"event": "update", "optimizer_step": 10820, "tokens_seen": 354549760, "lr": 0.0003, "grad_norm": 0.5879926681518555, "elapsed_seconds": 5959.033755066921, "tokens_per_second": 59497.86065543412, "loss_main": 2.4168893098831177, "loss_total": 2.4168893098831177}
{"event": "update", "optimizer_step": 10830, "tokens_seen": 354877440, "lr": 0.0003, "grad_norm": 0.6001198291778564, "elapsed_seconds": 5964.515287971939, "tokens_per_second": 59498.118936109866, "loss_main": 2.707907497882843, "loss_total": 2.707907497882843}
{"event": "update", "optimizer_step": 10840, "tokens_seen": 355205120, "lr": 0.0003, "grad_norm": 0.5626300573348999, "elapsed_seconds": 5970.018748947943, "tokens_per_second": 59498.158203036706, "loss_main": 2.7207027673721313, "loss_total": 2.7207027673721313}
{"event": "update", "optimizer_step": 10850, "tokens_seen": 355532800, "lr": 0.0003, "grad_norm": 0.6053235530853271, "elapsed_seconds": 5975.505050925945, "tokens_per_second": 59498.3682500457, "loss_main": 2.5500136613845825, "loss_total": 2.5500136613845825}
{"event": "update", "optimizer_step": 10860, "tokens_seen": 355860480, "lr": 0.0003, "grad_norm": 0.6093407869338989, "elapsed_seconds": 5980.995275770954, "tokens_per_second": 59498.53888726393, "loss_main": 2.763597071170807, "loss_total": 2.763597071170807}
{"event": "update", "optimizer_step": 10870, "tokens_seen": 356188160, "lr": 0.0003, "grad_norm": 0.632248044013977, "elapsed_seconds": 5986.482346984965, "tokens_per_second": 59498.74055494221, "loss_main": 2.6214882135391235, "loss_total": 2.6214882135391235}
{"event": "update", "optimizer_step": 10880, "tokens_seen": 356515840, "lr": 0.0003, "grad_norm": 0.6000320911407471, "elapsed_seconds": 5991.96983943996, "tokens_per_second": 59498.93767044091, "loss_main": 2.6726866960525513, "loss_total": 2.6726866960525513}
{"event": "update", "optimizer_step": 10890, "tokens_seen": 356843520, "lr": 0.0003, "grad_norm": 0.5649423003196716, "elapsed_seconds": 5997.462640349928, "tokens_per_second": 59499.081761546346, "loss_main": 2.598921775817871, "loss_total": 2.598921775817871}
{"event": "update", "optimizer_step": 10900, "tokens_seen": 357171200, "lr": 0.0003, "grad_norm": 0.5853140354156494, "elapsed_seconds": 6002.948460415937, "tokens_per_second": 59499.29478076046, "loss_main": 2.423541486263275, "loss_total": 2.423541486263275}
{"event": "update", "optimizer_step": 10910, "tokens_seen": 357498880, "lr": 0.0003, "grad_norm": 0.5800586938858032, "elapsed_seconds": 6008.433973815932, "tokens_per_second": 59499.51044780374, "loss_main": 2.66803115606308, "loss_total": 2.66803115606308}
{"event": "update", "optimizer_step": 10920, "tokens_seen": 357826560, "lr": 0.0003, "grad_norm": 0.5842347741127014, "elapsed_seconds": 6013.921719163947, "tokens_per_second": 59499.70363926601, "loss_main": 2.5828665494918823, "loss_total": 2.5828665494918823}
{"event": "update", "optimizer_step": 10930, "tokens_seen": 358154240, "lr": 0.0003, "grad_norm": 0.6131548881530762, "elapsed_seconds": 6019.402108353912, "tokens_per_second": 59499.96919178111, "loss_main": 2.526772141456604, "loss_total": 2.526772141456604}
{"event": "update", "optimizer_step": 10940, "tokens_seen": 358481920, "lr": 0.0003, "grad_norm": 0.5779926776885986, "elapsed_seconds": 6024.880322023935, "tokens_per_second": 59500.25574608847, "loss_main": 2.5326321721076965, "loss_total": 2.5326321721076965}
{"event": "update", "optimizer_step": 10950, "tokens_seen": 358809600, "lr": 0.0003, "grad_norm": 0.6245900988578796, "elapsed_seconds": 6030.376328596962, "tokens_per_second": 59500.366220673546, "loss_main": 2.5511805415153503, "loss_total": 2.5511805415153503}
{"event": "update", "optimizer_step": 10960, "tokens_seen": 359137280, "lr": 0.0003, "grad_norm": 0.650715172290802, "elapsed_seconds": 6035.863494365942, "tokens_per_second": 59500.56364515692, "loss_main": 2.5575509667396545, "loss_total": 2.5575509667396545}
{"event": "update", "optimizer_step": 10970, "tokens_seen": 359464960, "lr": 0.0003, "grad_norm": 0.5976792573928833, "elapsed_seconds": 6041.359943990945, "tokens_per_second": 59500.66927522549, "loss_main": 2.508177697658539, "loss_total": 2.508177697658539}
{"event": "update", "optimizer_step": 10980, "tokens_seen": 359792640, "lr": 0.0003, "grad_norm": 0.6098601222038269, "elapsed_seconds": 6046.842728955962, "tokens_per_second": 59500.90917316138, "loss_main": 2.679015815258026, "loss_total": 2.679015815258026}
{"event": "evaluation", "tokens_seen": 360022016, "elapsed_seconds": 6050.694006662932, "parameters": 71199040, "main_loss": 2.691688656806946, "perplexity": 14.756573681233506}
{"event": "update", "optimizer_step": 10990, "tokens_seen": 360120320, "lr": 0.0003, "grad_norm": 0.617512583732605, "elapsed_seconds": 6054.821590028936, "tokens_per_second": 59476.61952468511, "loss_main": 2.7093366980552673, "loss_total": 2.7093366980552673}
{"event": "update", "optimizer_step": 11000, "tokens_seen": 360448000, "lr": 0.0003, "grad_norm": 0.5561029314994812, "elapsed_seconds": 6060.3079002279555, "tokens_per_second": 59476.846050419634, "loss_main": 2.557430922985077, "loss_total": 2.557430922985077}
{"event": "update", "optimizer_step": 11010, "tokens_seen": 360775680, "lr": 0.0003, "grad_norm": 0.5932600498199463, "elapsed_seconds": 6065.810461947927, "tokens_per_second": 59476.91281539702, "loss_main": 2.5390487909317017, "loss_total": 2.5390487909317017}
{"event": "update", "optimizer_step": 11020, "tokens_seen": 361103360, "lr": 0.0003, "grad_norm": 0.6390553712844849, "elapsed_seconds": 6071.316571729956, "tokens_per_second": 59476.944701156885, "loss_main": 2.4266233444213867, "loss_total": 2.4266233444213867}
{"event": "update", "optimizer_step": 11030, "tokens_seen": 361431040, "lr": 0.0003, "grad_norm": 0.6075544357299805, "elapsed_seconds": 6076.814632977941, "tokens_per_second": 59477.055304364425, "loss_main": 2.622134745121002, "loss_total": 2.622134745121002}
{"event": "update", "optimizer_step": 11040, "tokens_seen": 361758720, "lr": 0.0003, "grad_norm": 0.5632515549659729, "elapsed_seconds": 6082.327869087923, "tokens_per_second": 59477.01731742515, "loss_main": 2.4082337617874146, "loss_total": 2.4082337617874146}
{"event": "update", "optimizer_step": 11050, "tokens_seen": 362086400, "lr": 0.0003, "grad_norm": 0.5873845815658569, "elapsed_seconds": 6087.818458317954, "tokens_per_second": 59477.200655560184, "loss_main": 2.643492877483368, "loss_total": 2.643492877483368}
{"event": "update", "optimizer_step": 11060, "tokens_seen": 362414080, "lr": 0.0003, "grad_norm": 0.5619679689407349, "elapsed_seconds": 6093.32113411196, "tokens_per_second": 59477.265685393446, "loss_main": 2.4767203330993652, "loss_total": 2.4767203330993652}
{"event": "update", "optimizer_step": 11070, "tokens_seen": 362741760, "lr": 0.0003, "grad_norm": 0.5802574753761292, "elapsed_seconds": 6098.813750325935, "tokens_per_second": 59477.42870170683, "loss_main": 2.53833669424057, "loss_total": 2.53833669424057}
{"event": "update", "optimizer_step": 11080, "tokens_seen": 363069440, "lr": 0.0003, "grad_norm": 0.6148296594619751, "elapsed_seconds": 6104.30639111693, "tokens_per_second": 59477.591185190766, "loss_main": 2.524561285972595, "loss_total": 2.524561285972595}
{"event": "update", "optimizer_step": 11090, "tokens_seen": 363397120, "lr": 0.0003, "grad_norm": 0.6107426285743713, "elapsed_seconds": 6109.801603145956, "tokens_per_second": 59477.728346021206, "loss_main": 2.5829429626464844, "loss_total": 2.5829429626464844}
{"event": "update", "optimizer_step": 11100, "tokens_seen": 363724800, "lr": 0.0003, "grad_norm": 0.6910152435302734, "elapsed_seconds": 6115.289266145963, "tokens_per_second": 59477.93868289573, "loss_main": 2.6767964959144592, "loss_total": 2.6767964959144592}
{"event": "update", "optimizer_step": 11110, "tokens_seen": 364052480, "lr": 0.0003, "grad_norm": 0.5995922088623047, "elapsed_seconds": 6120.788338969927, "tokens_per_second": 59478.037768786286, "loss_main": 2.6152029037475586, "loss_total": 2.6152029037475586}
{"event": "update", "optimizer_step": 11120, "tokens_seen": 364380160, "lr": 0.0003, "grad_norm": 0.6072800755500793, "elapsed_seconds": 6126.278707591933, "tokens_per_second": 59478.22118318667, "loss_main": 2.7128926515579224, "loss_total": 2.7128926515579224}
{"event": "update", "optimizer_step": 11130, "tokens_seen": 364707840, "lr": 0.0003, "grad_norm": 0.5978491902351379, "elapsed_seconds": 6131.773682097963, "tokens_per_second": 59478.35959190468, "loss_main": 2.5595403909683228, "loss_total": 2.5595403909683228}
{"event": "update", "optimizer_step": 11140, "tokens_seen": 365035520, "lr": 0.0003, "grad_norm": 0.6075384020805359, "elapsed_seconds": 6137.272899270931, "tokens_per_second": 59478.45663557896, "loss_main": 2.5282249450683594, "loss_total": 2.5282249450683594}
{"event": "update", "optimizer_step": 11150, "tokens_seen": 365363200, "lr": 0.0003, "grad_norm": 0.6565997004508972, "elapsed_seconds": 6142.767134458933, "tokens_per_second": 59478.601744551066, "loss_main": 2.6172157526016235, "loss_total": 2.6172157526016235}
{"event": "update", "optimizer_step": 11160, "tokens_seen": 365690880, "lr": 0.0003, "grad_norm": 0.6236546039581299, "elapsed_seconds": 6148.248805302952, "tokens_per_second": 59478.86814284198, "loss_main": 2.5031352043151855, "loss_total": 2.5031352043151855}
{"event": "update", "optimizer_step": 11170, "tokens_seen": 366018560, "lr": 0.0003, "grad_norm": 0.6313866972923279, "elapsed_seconds": 6153.750907677924, "tokens_per_second": 59478.93658538002, "loss_main": 2.689898908138275, "loss_total": 2.689898908138275}
{"event": "update", "optimizer_step": 11180, "tokens_seen": 366346240, "lr": 0.0003, "grad_norm": 0.5794437527656555, "elapsed_seconds": 6159.2429309639265, "tokens_per_second": 59479.10223808407, "loss_main": 2.458490312099457, "loss_total": 2.458490312099457}
{"event": "update", "optimizer_step": 11190, "tokens_seen": 366673920, "lr": 0.0003, "grad_norm": 0.5630819797515869, "elapsed_seconds": 6164.726919806912, "tokens_per_second": 59479.34511452533, "loss_main": 2.5191211104393005, "loss_total": 2.5191211104393005}
{"event": "update", "optimizer_step": 11200, "tokens_seen": 367001600, "lr": 0.0003, "grad_norm": 0.6236427426338196, "elapsed_seconds": 6170.214727504936, "tokens_per_second": 59479.550746268, "loss_main": 2.6816640496253967, "loss_total": 2.6816640496253967}
{"event": "update", "optimizer_step": 11210, "tokens_seen": 367329280, "lr": 0.0003, "grad_norm": 0.6084640622138977, "elapsed_seconds": 6175.711313321954, "tokens_per_second": 59479.67146838852, "loss_main": 2.6936010122299194, "loss_total": 2.6936010122299194}
{"event": "update", "optimizer_step": 11220, "tokens_seen": 367656960, "lr": 0.0003, "grad_norm": 0.5651846528053284, "elapsed_seconds": 6181.2091204029275, "tokens_per_second": 59479.78022397566, "loss_main": 2.551519811153412, "loss_total": 2.551519811153412}
{"event": "update", "optimizer_step": 11230, "tokens_seen": 367984640, "lr": 0.0003, "grad_norm": 0.6042562127113342, "elapsed_seconds": 6186.680262821959, "tokens_per_second": 59480.14514526559, "loss_main": 2.662976086139679, "loss_total": 2.662976086139679}
{"event": "update", "optimizer_step": 11240, "tokens_seen": 368312320, "lr": 0.0003, "grad_norm": 0.6175194382667542, "elapsed_seconds": 6192.166650498926, "tokens_per_second": 59480.36297930122, "loss_main": 2.625491738319397, "loss_total": 2.625491738319397}
{"event": "update", "optimizer_step": 11250, "tokens_seen": 368640000, "lr": 0.0003, "grad_norm": 0.5715188980102539, "elapsed_seconds": 6197.643682718917, "tokens_per_second": 59480.670214696336, "loss_main": 2.691871225833893, "loss_total": 2.691871225833893}
{"event": "update", "optimizer_step": 11260, "tokens_seen": 368967680, "lr": 0.0003, "grad_norm": 0.6064752340316772, "elapsed_seconds": 6203.145451055956, "tokens_per_second": 59480.73971684655, "loss_main": 2.598999559879303, "loss_total": 2.598999559879303}
{"event": "update", "optimizer_step": 11270, "tokens_seen": 369295360, "lr": 0.0003, "grad_norm": 0.5665810108184814, "elapsed_seconds": 6208.642067754932, "tokens_per_second": 59480.8584501858, "loss_main": 2.450152814388275, "loss_total": 2.450152814388275}
{"event": "update", "optimizer_step": 11280, "tokens_seen": 369623040, "lr": 0.0003, "grad_norm": 0.6092004776000977, "elapsed_seconds": 6214.127066493966, "tokens_per_second": 59481.08817938007, "loss_main": 2.652462661266327, "loss_total": 2.652462661266327}
{"event": "update", "optimizer_step": 11290, "tokens_seen": 369950720, "lr": 0.0003, "grad_norm": 0.5984795689582825, "elapsed_seconds": 6219.628456332954, "tokens_per_second": 59481.16074736081, "loss_main": 2.699246644973755, "loss_total": 2.699246644973755}
{"event": "update", "optimizer_step": 11300, "tokens_seen": 370278400, "lr": 0.0003, "grad_norm": 0.578646183013916, "elapsed_seconds": 6225.116577723937, "tokens_per_second": 59481.359967620614, "loss_main": 2.7201115489006042, "loss_total": 2.7201115489006042}
{"event": "update", "optimizer_step": 11310, "tokens_seen": 370606080, "lr": 0.0003, "grad_norm": 0.639248251914978, "elapsed_seconds": 6230.592333438923, "tokens_per_second": 59481.67688824653, "loss_main": 2.7547417283058167, "loss_total": 2.7547417283058167}
{"event": "update", "optimizer_step": 11320, "tokens_seen": 370933760, "lr": 0.0003, "grad_norm": 0.5964438915252686, "elapsed_seconds": 6236.08790059993, "tokens_per_second": 59481.804283790654, "loss_main": 2.570198714733124, "loss_total": 2.570198714733124}
{"event": "update", "optimizer_step": 11330, "tokens_seen": 371261440, "lr": 0.0003, "grad_norm": 0.5732917189598083, "elapsed_seconds": 6241.576657795929, "tokens_per_second": 59481.996353642884, "loss_main": 2.592895746231079, "loss_total": 2.592895746231079}
{"event": "update", "optimizer_step": 11340, "tokens_seen": 371589120, "lr": 0.0003, "grad_norm": 0.6486436724662781, "elapsed_seconds": 6247.0751591739245, "tokens_per_second": 59482.09530572331, "loss_main": 2.514212965965271, "loss_total": 2.514212965965271}
{"event": "update", "optimizer_step": 11350, "tokens_seen": 371916800, "lr": 0.0003, "grad_norm": 0.6010563969612122, "elapsed_seconds": 6252.569214418938, "tokens_per_second": 59482.23638089912, "loss_main": 2.563991606235504, "loss_total": 2.563991606235504}
{"event": "update", "optimizer_step": 11360, "tokens_seen": 372244480, "lr": 0.0003, "grad_norm": 0.5862503051757812, "elapsed_seconds": 6258.058647689933, "tokens_per_second": 59482.421139886304, "loss_main": 2.721201479434967, "loss_total": 2.721201479434967}
{"event": "update", "optimizer_step": 11370, "tokens_seen": 372572160, "lr": 0.0003, "grad_norm": 0.6177664399147034, "elapsed_seconds": 6263.543126553937, "tokens_per_second": 59482.652625237206, "loss_main": 2.668571174144745, "loss_total": 2.668571174144745}
{"event": "update", "optimizer_step": 11380, "tokens_seen": 372899840, "lr": 0.0003, "grad_norm": 0.6658803224563599, "elapsed_seconds": 6269.044552756939, "tokens_per_second": 59482.72290328672, "loss_main": 2.736806035041809, "loss_total": 2.736806035041809}
{"event": "update", "optimizer_step": 11390, "tokens_seen": 373227520, "lr": 0.0003, "grad_norm": 0.6748559474945068, "elapsed_seconds": 6274.530597415927, "tokens_per_second": 59482.938875731714, "loss_main": 2.744706928730011, "loss_total": 2.744706928730011}
{"event": "update", "optimizer_step": 11400, "tokens_seen": 373555200, "lr": 0.0003, "grad_norm": 0.615727424621582, "elapsed_seconds": 6280.019414394919, "tokens_per_second": 59483.12821195189, "loss_main": 2.6744199991226196, "loss_total": 2.6744199991226196}
{"event": "update", "optimizer_step": 11410, "tokens_seen": 373882880, "lr": 0.0003, "grad_norm": 0.6317785382270813, "elapsed_seconds": 6285.506777215924, "tokens_per_second": 59483.33097901871, "loss_main": 2.9001582264900208, "loss_total": 2.9001582264900208}
{"event": "update", "optimizer_step": 11420, "tokens_seen": 374210560, "lr": 0.0003, "grad_norm": 0.5965534448623657, "elapsed_seconds": 6290.997134019912, "tokens_per_second": 59483.505083220654, "loss_main": 2.489473342895508, "loss_total": 2.489473342895508}
{"event": "update", "optimizer_step": 11430, "tokens_seen": 374538240, "lr": 0.0003, "grad_norm": 0.6010035872459412, "elapsed_seconds": 6296.491197993921, "tokens_per_second": 59483.6438617319, "loss_main": 2.628673493862152, "loss_total": 2.628673493862152}
{"event": "update", "optimizer_step": 11440, "tokens_seen": 374865920, "lr": 0.0003, "grad_norm": 0.5980405211448669, "elapsed_seconds": 6301.998410686967, "tokens_per_second": 59483.658289138904, "loss_main": 2.699576735496521, "loss_total": 2.699576735496521}
{"event": "update", "optimizer_step": 11450, "tokens_seen": 375193600, "lr": 0.0003, "grad_norm": 0.5916596055030823, "elapsed_seconds": 6307.4810827819165, "tokens_per_second": 59483.90412524563, "loss_main": 2.479510247707367, "loss_total": 2.479510247707367}
{"event": "update", "optimizer_step": 11460, "tokens_seen": 375521280, "lr": 0.0003, "grad_norm": 0.5852471590042114, "elapsed_seconds": 6312.982330043917, "tokens_per_second": 59483.974509617816, "loss_main": 2.6201404333114624, "loss_total": 2.6201404333114624}
{"event": "update", "optimizer_step": 11470, "tokens_seen": 375848960, "lr": 0.0003, "grad_norm": 0.6260144114494324, "elapsed_seconds": 6318.4818290019175, "tokens_per_second": 59484.06123047599, "loss_main": 2.5965514183044434, "loss_total": 2.5965514183044434}
{"event": "update", "optimizer_step": 11480, "tokens_seen": 376176640, "lr": 0.0003, "grad_norm": 0.6436996459960938, "elapsed_seconds": 6323.980719114945, "tokens_per_second": 59484.15352737615, "loss_main": 2.740162491798401, "loss_total": 2.740162491798401}
{"event": "update", "optimizer_step": 11490, "tokens_seen": 376504320, "lr": 0.0003, "grad_norm": 0.6055986881256104, "elapsed_seconds": 6329.476779335935, "tokens_per_second": 59484.27225915211, "loss_main": 2.3974645137786865, "loss_total": 2.3974645137786865}
{"event": "update", "optimizer_step": 11500, "tokens_seen": 376832000, "lr": 0.0003, "grad_norm": 0.6313477754592896, "elapsed_seconds": 6334.963738316961, "tokens_per_second": 59484.476244234145, "loss_main": 2.6007641553878784, "loss_total": 2.6007641553878784}
{"event": "update", "optimizer_step": 11510, "tokens_seen": 377159680, "lr": 0.0003, "grad_norm": 0.6018831133842468, "elapsed_seconds": 6340.453737615957, "tokens_per_second": 59484.65135269861, "loss_main": 2.475079894065857, "loss_total": 2.475079894065857}
{"event": "update", "optimizer_step": 11520, "tokens_seen": 377487360, "lr": 0.0003, "grad_norm": 0.5804600119590759, "elapsed_seconds": 6345.939760650916, "tokens_per_second": 59484.863430421276, "loss_main": 2.4761322140693665, "loss_total": 2.4761322140693665}
{"event": "update", "optimizer_step": 11530, "tokens_seen": 377815040, "lr": 0.0003, "grad_norm": 0.5991358757019043, "elapsed_seconds": 6351.435269175912, "tokens_per_second": 59484.98630436658, "loss_main": 2.7622737288475037, "loss_total": 2.7622737288475037}
{"event": "update", "optimizer_step": 11540, "tokens_seen": 378142720, "lr": 0.0003, "grad_norm": 0.6329745650291443, "elapsed_seconds": 6356.930020821921, "tokens_per_second": 59485.11604837643, "loss_main": 2.6698880791664124, "loss_total": 2.6698880791664124}
{"event": "update", "optimizer_step": 11550, "tokens_seen": 378470400, "lr": 0.0003, "grad_norm": 0.5914947986602783, "elapsed_seconds": 6362.426405227918, "tokens_per_second": 59485.23030286309, "loss_main": 2.574625611305237, "loss_total": 2.574625611305237}
{"event": "update", "optimizer_step": 11560, "tokens_seen": 378798080, "lr": 0.0003, "grad_norm": 0.5876340270042419, "elapsed_seconds": 6367.918355527916, "tokens_per_second": 59485.38578092318, "loss_main": 2.69665789604187, "loss_total": 2.69665789604187}
{"event": "update", "optimizer_step": 11570, "tokens_seen": 379125760, "lr": 0.0003, "grad_norm": 0.5800614356994629, "elapsed_seconds": 6373.402587518969, "tokens_per_second": 59485.61302912855, "loss_main": 2.43494975566864, "loss_total": 2.43494975566864}
{"event": "update", "optimizer_step": 11580, "tokens_seen": 379453440, "lr": 0.0003, "grad_norm": 0.6151472926139832, "elapsed_seconds": 6378.886851960968, "tokens_per_second": 59485.839583962865, "loss_main": 2.7974199652671814, "loss_total": 2.7974199652671814}
{"event": "update", "optimizer_step": 11590, "tokens_seen": 379781120, "lr": 0.0003, "grad_norm": 0.6521706581115723, "elapsed_seconds": 6384.389469343936, "tokens_per_second": 59485.89474743096, "loss_main": 2.8824974298477173, "loss_total": 2.8824974298477173}
{"event": "update", "optimizer_step": 11600, "tokens_seen": 380108800, "lr": 0.0003, "grad_norm": 0.6096146702766418, "elapsed_seconds": 6389.878270316927, "tokens_per_second": 59486.07843841558, "loss_main": 2.561845600605011, "loss_total": 2.561845600605011}
{"event": "update", "optimizer_step": 11610, "tokens_seen": 380436480, "lr": 0.0003, "grad_norm": 0.5760496854782104, "elapsed_seconds": 6395.372343213938, "tokens_per_second": 59486.212777537046, "loss_main": 2.636282444000244, "loss_total": 2.636282444000244}
{"event": "update", "optimizer_step": 11620, "tokens_seen": 380764160, "lr": 0.0003, "grad_norm": 0.5986776351928711, "elapsed_seconds": 6400.867274018936, "tokens_per_second": 59486.338913090476, "loss_main": 2.6525750756263733, "loss_total": 2.6525750756263733}
{"event": "update", "optimizer_step": 11630, "tokens_seen": 381091840, "lr": 0.0003, "grad_norm": 0.5761575102806091, "elapsed_seconds": 6406.359740161919, "tokens_per_second": 59486.487717963835, "loss_main": 2.6337258219718933, "loss_total": 2.6337258219718933}
{"event": "update", "optimizer_step": 11640, "tokens_seen": 381419520, "lr": 0.0003, "grad_norm": 0.5804196000099182, "elapsed_seconds": 6411.823843545921, "tokens_per_second": 59486.899407558296, "loss_main": 2.4171809554100037, "loss_total": 2.4171809554100037}
{"event": "update", "optimizer_step": 11650, "tokens_seen": 381747200, "lr": 0.0003, "grad_norm": 0.5707510709762573, "elapsed_seconds": 6417.310647801962, "tokens_per_second": 59487.09996309045, "loss_main": 2.4708086252212524, "loss_total": 2.4708086252212524}
{"event": "update", "optimizer_step": 11660, "tokens_seen": 382074880, "lr": 0.0003, "grad_norm": 0.5986610651016235, "elapsed_seconds": 6422.772063898912, "tokens_per_second": 59487.53531945571, "loss_main": 2.5835471749305725, "loss_total": 2.5835471749305725}
{"event": "update", "optimizer_step": 11670, "tokens_seen": 382402560, "lr": 0.0003, "grad_norm": 0.60498046875, "elapsed_seconds": 6428.274204206944, "tokens_per_second": 59487.59306965142, "loss_main": 2.691135346889496, "loss_total": 2.691135346889496}
{"event": "update", "optimizer_step": 11680, "tokens_seen": 382730240, "lr": 0.0003, "grad_norm": 0.581611692905426, "elapsed_seconds": 6433.764402701927, "tokens_per_second": 59487.76113705196, "loss_main": 2.578533947467804, "loss_total": 2.578533947467804}
{"event": "update", "optimizer_step": 11690, "tokens_seen": 383057920, "lr": 0.0003, "grad_norm": 0.5982933044433594, "elapsed_seconds": 6439.253488041926, "tokens_per_second": 59487.939201548936, "loss_main": 2.69117271900177, "loss_total": 2.69117271900177}
{"event": "update", "optimizer_step": 11700, "tokens_seen": 383385600, "lr": 0.0003, "grad_norm": 0.594268262386322, "elapsed_seconds": 6444.743058952969, "tokens_per_second": 59488.11248066823, "loss_main": 2.690371572971344, "loss_total": 2.690371572971344}
{"event": "update", "optimizer_step": 11710, "tokens_seen": 383713280, "lr": 0.0003, "grad_norm": 0.5982173681259155, "elapsed_seconds": 6450.242793943966, "tokens_per_second": 59488.1917251646, "loss_main": 2.621487617492676, "loss_total": 2.621487617492676}
{"event": "update", "optimizer_step": 11720, "tokens_seen": 384040960, "lr": 0.0003, "grad_norm": 0.6222130656242371, "elapsed_seconds": 6455.72926775692, "tokens_per_second": 59488.39303377993, "loss_main": 2.49185049533844, "loss_total": 2.49185049533844}
{"event": "update", "optimizer_step": 11730, "tokens_seen": 384368640, "lr": 0.0003, "grad_norm": 0.6148114204406738, "elapsed_seconds": 6461.2208652349655, "tokens_per_second": 59488.54682682671, "loss_main": 2.7527016401290894, "loss_total": 2.7527016401290894}
{"event": "update", "optimizer_step": 11740, "tokens_seen": 384696320, "lr": 0.0003, "grad_norm": 0.580449640750885, "elapsed_seconds": 6466.722079366911, "tokens_per_second": 59488.611893100184, "loss_main": 2.479438364505768, "loss_total": 2.479438364505768}
{"event": "update", "optimizer_step": 11750, "tokens_seen": 385024000, "lr": 0.0003, "grad_norm": 0.6034014225006104, "elapsed_seconds": 6472.206018259923, "tokens_per_second": 59488.83563250898, "loss_main": 2.5700621604919434, "loss_total": 2.5700621604919434}
{"event": "update", "optimizer_step": 11760, "tokens_seen": 385351680, "lr": 0.0003, "grad_norm": 0.6148104071617126, "elapsed_seconds": 6477.697180551942, "tokens_per_second": 59488.99265574583, "loss_main": 2.6052104830741882, "loss_total": 2.6052104830741882}
{"event": "update", "optimizer_step": 11770, "tokens_seen": 385679360, "lr": 0.0003, "grad_norm": 0.5713555216789246, "elapsed_seconds": 6483.196239507932, "tokens_per_second": 59489.07695400451, "loss_main": 2.5716028213500977, "loss_total": 2.5716028213500977}
{"event": "update", "optimizer_step": 11780, "tokens_seen": 386007040, "lr": 0.0003, "grad_norm": 0.6157914400100708, "elapsed_seconds": 6488.705911601952, "tokens_per_second": 59489.06380697741, "loss_main": 2.5731013417243958, "loss_total": 2.5731013417243958}
{"event": "update", "optimizer_step": 11790, "tokens_seen": 386334720, "lr": 0.0003, "grad_norm": 0.6011915802955627, "elapsed_seconds": 6494.200083101925, "tokens_per_second": 59489.1926728979, "loss_main": 2.611568570137024, "loss_total": 2.611568570137024}
{"event": "update", "optimizer_step": 11800, "tokens_seen": 386662400, "lr": 0.0003, "grad_norm": 0.580846905708313, "elapsed_seconds": 6499.703849350917, "tokens_per_second": 59489.23350386394, "loss_main": 2.441790997982025, "loss_total": 2.441790997982025}
{"event": "update", "optimizer_step": 11810, "tokens_seen": 386990080, "lr": 0.0003, "grad_norm": 0.621249258518219, "elapsed_seconds": 6505.196462954918, "tokens_per_second": 59489.37625539656, "loss_main": 2.4532032012939453, "loss_total": 2.4532032012939453}
{"event": "update", "optimizer_step": 11820, "tokens_seen": 387317760, "lr": 0.0003, "grad_norm": 0.617470920085907, "elapsed_seconds": 6510.693772171915, "tokens_per_second": 59489.47586130962, "loss_main": 2.6648707389831543, "loss_total": 2.6648707389831543}
{"event": "update", "optimizer_step": 11830, "tokens_seen": 387645440, "lr": 0.0003, "grad_norm": 0.5942824482917786, "elapsed_seconds": 6516.182024990965, "tokens_per_second": 59489.65797967215, "loss_main": 2.34540855884552, "loss_total": 2.34540855884552}
{"event": "update", "optimizer_step": 11840, "tokens_seen": 387973120, "lr": 0.0003, "grad_norm": 0.6653650999069214, "elapsed_seconds": 6521.671581316914, "tokens_per_second": 59489.82790109419, "loss_main": 2.489642024040222, "loss_total": 2.489642024040222}
{"event": "update", "optimizer_step": 11850, "tokens_seen": 388300800, "lr": 0.0003, "grad_norm": 0.604369580745697, "elapsed_seconds": 6527.166011127934, "tokens_per_second": 59489.95311870415, "loss_main": 2.6293416023254395, "loss_total": 2.6293416023254395}
{"event": "update", "optimizer_step": 11860, "tokens_seen": 388628480, "lr": 0.0003, "grad_norm": 0.5996832847595215, "elapsed_seconds": 6532.661270619952, "tokens_per_second": 59490.07057013979, "loss_main": 2.783651351928711, "loss_total": 2.783651351928711}
{"event": "update", "optimizer_step": 11870, "tokens_seen": 388956160, "lr": 0.0003, "grad_norm": 0.5673293471336365, "elapsed_seconds": 6538.151387036953, "tokens_per_second": 59490.234620626055, "loss_main": 2.6698206067085266, "loss_total": 2.6698206067085266}
{"event": "update", "optimizer_step": 11880, "tokens_seen": 389283840, "lr": 0.0003, "grad_norm": 0.5835141539573669, "elapsed_seconds": 6543.637997024925, "tokens_per_second": 59490.43027395288, "loss_main": 2.541016101837158, "loss_total": 2.541016101837158}
{"event": "update", "optimizer_step": 11890, "tokens_seen": 389611520, "lr": 0.0003, "grad_norm": 0.5893614888191223, "elapsed_seconds": 6549.133438078919, "tokens_per_second": 59490.54538034976, "loss_main": 2.7023004293441772, "loss_total": 2.7023004293441772}
{"event": "update", "optimizer_step": 11900, "tokens_seen": 389939200, "lr": 0.0003, "grad_norm": 0.5759895443916321, "elapsed_seconds": 6554.628335063928, "tokens_per_second": 59490.66523177578, "loss_main": 2.5586565732955933, "loss_total": 2.5586565732955933}
{"event": "update", "optimizer_step": 11910, "tokens_seen": 390266880, "lr": 0.0003, "grad_norm": 0.6657856106758118, "elapsed_seconds": 6560.110090964939, "tokens_per_second": 59490.90405319629, "loss_main": 2.542265295982361, "loss_total": 2.542265295982361}
{"event": "update", "optimizer_step": 11920, "tokens_seen": 390594560, "lr": 0.0003, "grad_norm": 0.6130295991897583, "elapsed_seconds": 6565.612197087961, "tokens_per_second": 59490.958082056684, "loss_main": 2.577360212802887, "loss_total": 2.577360212802887}
{"event": "update", "optimizer_step": 11930, "tokens_seen": 390922240, "lr": 0.0003, "grad_norm": 0.5828452110290527, "elapsed_seconds": 6571.091404045932, "tokens_per_second": 59491.2193367608, "loss_main": 2.5590940117836, "loss_total": 2.5590940117836}
{"event": "update", "optimizer_step": 11940, "tokens_seen": 391249920, "lr": 0.0003, "grad_norm": 0.6248979568481445, "elapsed_seconds": 6576.598930052947, "tokens_per_second": 59491.22398389134, "loss_main": 2.633866846561432, "loss_total": 2.633866846561432}
{"event": "update", "optimizer_step": 11950, "tokens_seen": 391577600, "lr": 0.0003, "grad_norm": 0.6092488765716553, "elapsed_seconds": 6582.07804369193, "tokens_per_second": 59491.48542461851, "loss_main": 2.579165816307068, "loss_total": 2.579165816307068}
{"event": "update", "optimizer_step": 11960, "tokens_seen": 391905280, "lr": 0.0003, "grad_norm": 0.6125519871711731, "elapsed_seconds": 6587.569102678914, "tokens_per_second": 59491.63855307826, "loss_main": 2.6364020109176636, "loss_total": 2.6364020109176636}
{"event": "update", "optimizer_step": 11970, "tokens_seen": 392232960, "lr": 0.0003, "grad_norm": 0.5675117373466492, "elapsed_seconds": 6593.0690510829445, "tokens_per_second": 59491.71121385021, "loss_main": 2.6021642684936523, "loss_total": 2.6021642684936523}
{"event": "update", "optimizer_step": 11980, "tokens_seen": 392560640, "lr": 0.0003, "grad_norm": 0.814927339553833, "elapsed_seconds": 6598.562067828956, "tokens_per_second": 59491.84624842961, "loss_main": 2.66527396440506, "loss_total": 2.66527396440506}
{"event": "update", "optimizer_step": 11990, "tokens_seen": 392888320, "lr": 0.0003, "grad_norm": 0.5828090310096741, "elapsed_seconds": 6604.056361262919, "tokens_per_second": 59491.969557459444, "loss_main": 2.524355113506317, "loss_total": 2.524355113506317}
{"event": "update", "optimizer_step": 12000, "tokens_seen": 393216000, "lr": 0.0003, "grad_norm": 0.5967010855674744, "elapsed_seconds": 6609.5429379789275, "tokens_per_second": 59492.162119191555, "loss_main": 2.767288327217102, "loss_total": 2.767288327217102}
{"event": "update", "optimizer_step": 12010, "tokens_seen": 393543680, "lr": 0.0003, "grad_norm": 0.6216108202934265, "elapsed_seconds": 6615.027234284964, "tokens_per_second": 59492.374870402055, "loss_main": 2.63114994764328, "loss_total": 2.63114994764328}
{"event": "update", "optimizer_step": 12020, "tokens_seen": 393871360, "lr": 0.0003, "grad_norm": 0.5877723693847656, "elapsed_seconds": 6620.511580025952, "tokens_per_second": 59492.58682490758, "loss_main": 2.4558433890342712, "loss_total": 2.4558433890342712}
{"event": "update", "optimizer_step": 12030, "tokens_seen": 394199040, "lr": 0.0003, "grad_norm": 0.6200934052467346, "elapsed_seconds": 6626.003442891932, "tokens_per_second": 59492.73093464484, "loss_main": 2.656723737716675, "loss_total": 2.656723737716675}
{"event": "update", "optimizer_step": 12040, "tokens_seen": 394526720, "lr": 0.0003, "grad_norm": 0.6168972849845886, "elapsed_seconds": 6631.504629111965, "tokens_per_second": 59492.79116356911, "loss_main": 2.620145320892334, "loss_total": 2.620145320892334}
{"event": "update", "optimizer_step": 12050, "tokens_seen": 394854400, "lr": 0.0003, "grad_norm": 0.5837175250053406, "elapsed_seconds": 6636.996305119945, "tokens_per_second": 59492.9365404949, "loss_main": 2.5251543521881104, "loss_total": 2.5251543521881104}
{"event": "update", "optimizer_step": 12060, "tokens_seen": 395182080, "lr": 0.0003, "grad_norm": 0.5884227156639099, "elapsed_seconds": 6642.479130405933, "tokens_per_second": 59493.16094815488, "loss_main": 2.5054924488067627, "loss_total": 2.5054924488067627}
{"event": "update", "optimizer_step": 12070, "tokens_seen": 395509760, "lr": 0.0003, "grad_norm": 0.6061251163482666, "elapsed_seconds": 6647.976108389965, "tokens_per_second": 59493.25833178817, "loss_main": 2.726034104824066, "loss_total": 2.726034104824066}
{"event": "update", "optimizer_step": 12080, "tokens_seen": 395837440, "lr": 0.0003, "grad_norm": 0.5873041749000549, "elapsed_seconds": 6653.471901420911, "tokens_per_second": 59493.36615000436, "loss_main": 2.5480562448501587, "loss_total": 2.5480562448501587}
{"event": "update", "optimizer_step": 12090, "tokens_seen": 396165120, "lr": 0.0003, "grad_norm": 0.6018252372741699, "elapsed_seconds": 6658.9481999829295, "tokens_per_second": 59493.64796095209, "loss_main": 2.427468001842499, "loss_total": 2.427468001842499}
{"event": "update", "optimizer_step": 12100, "tokens_seen": 396492800, "lr": 0.0003, "grad_norm": 0.5708160400390625, "elapsed_seconds": 6664.439937774965, "tokens_per_second": 59493.79148165536, "loss_main": 2.6336045265197754, "loss_total": 2.6336045265197754}
{"event": "update", "optimizer_step": 12110, "tokens_seen": 396820480, "lr": 0.0003, "grad_norm": 0.6094858050346375, "elapsed_seconds": 6669.94529952592, "tokens_per_second": 59493.813244346224, "loss_main": 2.5009653568267822, "loss_total": 2.5009653568267822}
{"event": "update", "optimizer_step": 12120, "tokens_seen": 397148160, "lr": 0.0003, "grad_norm": 0.6235813498497009, "elapsed_seconds": 6675.447333692922, "tokens_per_second": 59493.86462768987, "loss_main": 2.6603415608406067, "loss_total": 2.6603415608406067}
{"event": "update", "optimizer_step": 12130, "tokens_seen": 397475840, "lr": 0.0003, "grad_norm": 0.6609129309654236, "elapsed_seconds": 6680.945773681917, "tokens_per_second": 59493.94793260659, "loss_main": 2.5532520413398743, "loss_total": 2.5532520413398743}
{"event": "update", "optimizer_step": 12140, "tokens_seen": 397803520, "lr": 0.0003, "grad_norm": 0.5923821926116943, "elapsed_seconds": 6686.430862661917, "tokens_per_second": 59494.149894138216, "loss_main": 2.555941879749298, "loss_total": 2.555941879749298}
{"event": "update", "optimizer_step": 12150, "tokens_seen": 398131200, "lr": 0.0003, "grad_norm": 0.6008698344230652, "elapsed_seconds": 6691.918334955932, "tokens_per_second": 59494.3303357903, "loss_main": 2.473921775817871, "loss_total": 2.473921775817871}
{"event": "update", "optimizer_step": 12160, "tokens_seen": 398458880, "lr": 0.0003, "grad_norm": 0.5545974373817444, "elapsed_seconds": 6697.405294409953, "tokens_per_second": 59494.515037424586, "loss_main": 2.5026283860206604, "loss_total": 2.5026283860206604}
{"event": "update", "optimizer_step": 12170, "tokens_seen": 398786560, "lr": 0.0003, "grad_norm": 0.5988378524780273, "elapsed_seconds": 6702.899467337935, "tokens_per_second": 59494.63541012627, "loss_main": 2.573251724243164, "loss_total": 2.573251724243164}
{"event": "update", "optimizer_step": 12180, "tokens_seen": 399114240, "lr": 0.0003, "grad_norm": 0.6040297746658325, "elapsed_seconds": 6708.38362992293, "tokens_per_second": 59494.84436455601, "loss_main": 2.658099055290222, "loss_total": 2.658099055290222}
{"event": "update", "optimizer_step": 12190, "tokens_seen": 399441920, "lr": 0.0003, "grad_norm": 0.5868402719497681, "elapsed_seconds": 6713.879916013917, "tokens_per_second": 59494.94554516128, "loss_main": 2.5136433243751526, "loss_total": 2.5136433243751526}
{"event": "update", "optimizer_step": 12200, "tokens_seen": 399769600, "lr": 0.0003, "grad_norm": 0.5756847858428955, "elapsed_seconds": 6719.35567036696, "tokens_per_second": 59495.22835396621, "loss_main": 2.611780107021332, "loss_total": 2.611780107021332}
{"event": "evaluation", "tokens_seen": 400031744, "elapsed_seconds": 6723.746847231931, "parameters": 71199040, "main_loss": 2.6809985488653183, "perplexity": 14.599664498059909}
{"event": "update", "optimizer_step": 12210, "tokens_seen": 400097280, "lr": 0.0003, "grad_norm": 0.5939294695854187, "elapsed_seconds": 6727.593673402967, "tokens_per_second": 59471.082741181934, "loss_main": 2.7613657116889954, "loss_total": 2.7613657116889954}
{"event": "update", "optimizer_step": 12220, "tokens_seen": 400424960, "lr": 0.0003, "grad_norm": 0.5966130495071411, "elapsed_seconds": 6733.088785059925, "tokens_per_second": 59471.2134033498, "loss_main": 2.4064654111862183, "loss_total": 2.4064654111862183}
{"event": "update", "optimizer_step": 12230, "tokens_seen": 400752640, "lr": 0.0003, "grad_norm": 0.601652979850769, "elapsed_seconds": 6738.579956520931, "tokens_per_second": 59471.378626618694, "loss_main": 2.7751529812812805, "loss_total": 2.7751529812812805}
{"event": "update", "optimizer_step": 12240, "tokens_seen": 401080320, "lr": 0.0003, "grad_norm": 0.6077372431755066, "elapsed_seconds": 6744.072928716952, "tokens_per_second": 59471.52770133297, "loss_main": 2.5069711804389954, "loss_total": 2.5069711804389954}
{"event": "update", "optimizer_step": 12250, "tokens_seen": 401408000, "lr": 0.0003, "grad_norm": 0.5932486057281494, "elapsed_seconds": 6749.572386431915, "tokens_per_second": 59471.619388350584, "loss_main": 2.5204975605010986, "loss_total": 2.5204975605010986}
{"event": "update", "optimizer_step": 12260, "tokens_seen": 401735680, "lr": 0.0003, "grad_norm": 0.6015876531600952, "elapsed_seconds": 6755.0694770439295, "tokens_per_second": 59471.73176608135, "loss_main": 2.639878988265991, "loss_total": 2.639878988265991}
{"event": "update", "optimizer_step": 12270, "tokens_seen": 402063360, "lr": 0.0003, "grad_norm": 0.5626109838485718, "elapsed_seconds": 6760.573333511944, "tokens_per_second": 59471.78444274613, "loss_main": 2.641376316547394, "loss_total": 2.641376316547394}
{"event": "update", "optimizer_step": 12280, "tokens_seen": 402391040, "lr": 0.0003, "grad_norm": 0.5623290538787842, "elapsed_seconds": 6766.062889556924, "tokens_per_second": 59471.96273050761, "loss_main": 2.6256038546562195, "loss_total": 2.6256038546562195}
{"event": "update", "optimizer_step": 12290, "tokens_seen": 402718720, "lr": 0.0003, "grad_norm": 0.6316192746162415, "elapsed_seconds": 6771.561568872945, "tokens_per_second": 59472.0606028586, "loss_main": 2.5311232805252075, "loss_total": 2.5311232805252075}
{"event": "update", "optimizer_step": 12300, "tokens_seen": 403046400, "lr": 0.0003, "grad_norm": 0.5933425426483154, "elapsed_seconds": 6777.058745600923, "tokens_per_second": 59472.17150236784, "loss_main": 2.5226632356643677, "loss_total": 2.5226632356643677}
{"event": "update", "optimizer_step": 12310, "tokens_seen": 403374080, "lr": 0.0003, "grad_norm": 0.5828365087509155, "elapsed_seconds": 6782.5591390839545, "tokens_per_second": 59472.25401627376, "loss_main": 2.730427384376526, "loss_total": 2.730427384376526}
{"event": "update", "optimizer_step": 12320, "tokens_seen": 403701760, "lr": 0.0003, "grad_norm": 0.5922064781188965, "elapsed_seconds": 6788.042510934931, "tokens_per_second": 59472.48552873269, "loss_main": 2.617702543735504, "loss_total": 2.617702543735504}
{"event": "update", "optimizer_step": 12330, "tokens_seen": 404029440, "lr": 0.0003, "grad_norm": 0.662832498550415, "elapsed_seconds": 6793.551498271932, "tokens_per_second": 59472.49242208181, "loss_main": 2.4042263627052307, "loss_total": 2.4042263627052307}
{"event": "update", "optimizer_step": 12340, "tokens_seen": 404357120, "lr": 0.0003, "grad_norm": 0.8123326301574707, "elapsed_seconds": 6799.039506602916, "tokens_per_second": 59472.68281163933, "loss_main": 2.563792049884796, "loss_total": 2.563792049884796}
{"event": "update", "optimizer_step": 12350, "tokens_seen": 404684800, "lr": 0.0003, "grad_norm": 0.6380659937858582, "elapsed_seconds": 6804.512160715938, "tokens_per_second": 59473.00709319638, "loss_main": 2.4957942366600037, "loss_total": 2.4957942366600037}
{"event": "update", "optimizer_step": 12360, "tokens_seen": 405012480, "lr": 0.0003, "grad_norm": 0.5912677645683289, "elapsed_seconds": 6810.007555071963, "tokens_per_second": 59473.13225788633, "loss_main": 2.3182332515716553, "loss_total": 2.3182332515716553}
{"event": "update", "optimizer_step": 12370, "tokens_seen": 405340160, "lr": 0.0003, "grad_norm": 0.6033636927604675, "elapsed_seconds": 6815.511860553932, "tokens_per_second": 59473.17946080955, "loss_main": 2.5170498490333557, "loss_total": 2.5170498490333557}
{"event": "update", "optimizer_step": 12380, "tokens_seen": 405667840, "lr": 0.0003, "grad_norm": 0.6300374865531921, "elapsed_seconds": 6820.985322420951, "tokens_per_second": 59473.495517802636, "loss_main": 2.528967797756195, "loss_total": 2.528967797756195}
{"event": "update", "optimizer_step": 12390, "tokens_seen": 405995520, "lr": 0.0003, "grad_norm": 0.6688653230667114, "elapsed_seconds": 6826.472802630917, "tokens_per_second": 59473.688936917715, "loss_main": 2.615251123905182, "loss_total": 2.615251123905182}
{"event": "update", "optimizer_step": 12400, "tokens_seen": 406323200, "lr": 0.0003, "grad_norm": 0.5945407152175903, "elapsed_seconds": 6831.968033129931, "tokens_per_second": 59473.81457723991, "loss_main": 2.4697296023368835, "loss_total": 2.4697296023368835}
{"event": "update", "optimizer_step": 12410, "tokens_seen": 406650880, "lr": 0.0003, "grad_norm": 0.6084386110305786, "elapsed_seconds": 6837.457577201945, "tokens_per_second": 59473.98947759344, "loss_main": 2.6865564584732056, "loss_total": 2.6865564584732056}
{"event": "update", "optimizer_step": 12420, "tokens_seen": 406978560, "lr": 0.0003, "grad_norm": 0.6136782765388489, "elapsed_seconds": 6842.9519251859165, "tokens_per_second": 59474.122345078846, "loss_main": 2.5603551268577576, "loss_total": 2.5603551268577576}
{"event": "update", "optimizer_step": 12430, "tokens_seen": 407306240, "lr": 0.0003, "grad_norm": 0.5887750387191772, "elapsed_seconds": 6848.438930416945, "tokens_per_second": 59474.31876642323, "loss_main": 2.5290079712867737, "loss_total": 2.5290079712867737}
{"event": "update", "optimizer_step": 12440, "tokens_seen": 407633920, "lr": 0.0003, "grad_norm": 0.5984431505203247, "elapsed_seconds": 6853.93824718392, "tokens_per_second": 59474.408040878494, "loss_main": 2.602233052253723, "loss_total": 2.602233052253723}
{"event": "update", "optimizer_step": 12450, "tokens_seen": 407961600, "lr": 0.0003, "grad_norm": 0.5842947363853455, "elapsed_seconds": 6859.430677567958, "tokens_per_second": 59474.55688037431, "loss_main": 2.6901002526283264, "loss_total": 2.6901002526283264}
{"event": "update", "optimizer_step": 12460, "tokens_seen": 408289280, "lr": 0.0003, "grad_norm": 0.6016071438789368, "elapsed_seconds": 6864.926734914945, "tokens_per_second": 59474.67405929404, "loss_main": 2.499638080596924, "loss_total": 2.499638080596924}
{"event": "update", "optimizer_step": 12470, "tokens_seen": 408616960, "lr": 0.0003, "grad_norm": 0.5760597586631775, "elapsed_seconds": 6870.41255887592, "tokens_per_second": 59474.879637629, "loss_main": 2.6247087717056274, "loss_total": 2.6247087717056274}
{"event": "update", "optimizer_step": 12480, "tokens_seen": 408944640, "lr": 0.0003, "grad_norm": 0.5903359651565552, "elapsed_seconds": 6875.88859928993, "tokens_per_second": 59475.16951368751, "loss_main": 2.5516814589500427, "loss_total": 2.5516814589500427}
{"event": "update", "optimizer_step": 12490, "tokens_seen": 409272320, "lr": 0.0003, "grad_norm": 0.6050108075141907, "elapsed_seconds": 6881.382583115948, "tokens_per_second": 59475.30384434432, "loss_main": 2.7082144618034363, "loss_total": 2.7082144618034363}
{"event": "update", "optimizer_step": 12500, "tokens_seen": 409600000, "lr": 0.0003, "grad_norm": 0.5856406688690186, "elapsed_seconds": 6886.8754955849145, "tokens_per_second": 59475.447212976214, "loss_main": 2.682861804962158, "loss_total": 2.682861804962158}
{"event": "update", "optimizer_step": 12510, "tokens_seen": 409927680, "lr": 0.0003, "grad_norm": 0.6302472352981567, "elapsed_seconds": 6892.367738250934, "tokens_per_second": 59475.59613295195, "loss_main": 2.794881582260132, "loss_total": 2.794881582260132}
{"event": "update", "optimizer_step": 12520, "tokens_seen": 410255360, "lr": 0.0003, "grad_norm": 0.6359643936157227, "elapsed_seconds": 6897.866735282936, "tokens_per_second": 59475.686577347624, "loss_main": 2.7144786715507507, "loss_total": 2.7144786715507507}
{"event": "update", "optimizer_step": 12530, "tokens_seen": 410583040, "lr": 0.0003, "grad_norm": 0.5887585878372192, "elapsed_seconds": 6903.353137830913, "tokens_per_second": 59475.88538531702, "loss_main": 2.601573407649994, "loss_total": 2.601573407649994}
{"event": "update", "optimizer_step": 12540, "tokens_seen": 410910720, "lr": 0.0003, "grad_norm": 0.6307854652404785, "elapsed_seconds": 6908.841807320947, "tokens_per_second": 59476.064362130695, "loss_main": 2.7556246519088745, "loss_total": 2.7556246519088745}
{"event": "update", "optimizer_step": 12550, "tokens_seen": 411238400, "lr": 0.0003, "grad_norm": 0.6208157539367676, "elapsed_seconds": 6914.33419566293, "tokens_per_second": 59476.21106569487, "loss_main": 2.8186320066452026, "loss_total": 2.8186320066452026}
{"event": "update", "optimizer_step": 12560, "tokens_seen": 411566080, "lr": 0.0003, "grad_norm": 0.5952985286712646, "elapsed_seconds": 6919.818487551936, "tokens_per_second": 59476.42712599562, "loss_main": 2.5280874967575073, "loss_total": 2.5280874967575073}
{"event": "update", "optimizer_step": 12570, "tokens_seen": 411893760, "lr": 0.0003, "grad_norm": 0.5979681611061096, "elapsed_seconds": 6925.3103960799635, "tokens_per_second": 59476.57743011062, "loss_main": 2.410891890525818, "loss_total": 2.410891890525818}
{"event": "update", "optimizer_step": 12580, "tokens_seen": 412221440, "lr": 0.0003, "grad_norm": 0.6490020751953125, "elapsed_seconds": 6930.828479231917, "tokens_per_second": 59476.502879159816, "loss_main": 2.6849112510681152, "loss_total": 2.6849112510681152}
{"event": "update", "optimizer_step": 12590, "tokens_seen": 412549120, "lr": 0.0003, "grad_norm": 0.5840714573860168, "elapsed_seconds": 6936.327949318918, "tokens_per_second": 59476.58804692307, "loss_main": 2.6762346625328064, "loss_total": 2.6762346625328064}
{"event": "update", "optimizer_step": 12600, "tokens_seen": 412876800, "lr": 0.0003, "grad_norm": 0.5860216617584229, "elapsed_seconds": 6941.821830945963, "tokens_per_second": 59476.72096097823, "loss_main": 2.44171804189682, "loss_total": 2.44171804189682}
{"event": "update", "optimizer_step": 12610, "tokens_seen": 413204480, "lr": 0.0003, "grad_norm": 0.6090426445007324, "elapsed_seconds": 6947.2943113869405, "tokens_per_second": 59477.03688365966, "loss_main": 2.580586552619934, "loss_total": 2.580586552619934}
{"event": "update", "optimizer_step": 12620, "tokens_seen": 413532160, "lr": 0.0003, "grad_norm": 0.6513888239860535, "elapsed_seconds": 6952.792224990961, "tokens_per_second": 59477.134742155715, "loss_main": 2.6497801542282104, "loss_total": 2.6497801542282104}
{"event": "update", "optimizer_step": 12630, "tokens_seen": 413859840, "lr": 0.0003, "grad_norm": 0.6243847012519836, "elapsed_seconds": 6958.293449988938, "tokens_per_second": 59477.20414129099, "loss_main": 2.6682586669921875, "loss_total": 2.6682586669921875}
{"event": "update", "optimizer_step": 12640, "tokens_seen": 414187520, "lr": 0.0003, "grad_norm": 0.6197543740272522, "elapsed_seconds": 6963.782446167956, "tokens_per_second": 59477.37787643265, "loss_main": 2.519260585308075, "loss_total": 2.519260585308075}
{"event": "update", "optimizer_step": 12650, "tokens_seen": 414515200, "lr": 0.0003, "grad_norm": 0.6178665161132812, "elapsed_seconds": 6969.263264644949, "tokens_per_second": 59477.62112859681, "loss_main": 2.6063801050186157, "loss_total": 2.6063801050186157}
{"event": "update", "optimizer_step": 12660, "tokens_seen": 414842880, "lr": 0.0003, "grad_norm": 0.6289464831352234, "elapsed_seconds": 6974.767746519938, "tokens_per_second": 59477.6622070299, "loss_main": 2.614535927772522, "loss_total": 2.614535927772522}
{"event": "update", "optimizer_step": 12670, "tokens_seen": 415170560, "lr": 0.0003, "grad_norm": 0.5898393988609314, "elapsed_seconds": 6980.253747138951, "tokens_per_second": 59477.86069670734, "loss_main": 2.4675287008285522, "loss_total": 2.4675287008285522}
{"event": "update", "optimizer_step": 12680, "tokens_seen": 415498240, "lr": 0.0003, "grad_norm": 0.6044836640357971, "elapsed_seconds": 6985.745560277952, "tokens_per_second": 59478.009385653604, "loss_main": 2.6643404960632324, "loss_total": 2.6643404960632324}
{"event": "update", "optimizer_step": 12690, "tokens_seen": 415825920, "lr": 0.0003, "grad_norm": 0.6154086589813232, "elapsed_seconds": 6991.23531624896, "tokens_per_second": 59478.17534242361, "loss_main": 2.711049199104309, "loss_total": 2.711049199104309}
{"event": "update", "optimizer_step": 12700, "tokens_seen": 416153600, "lr": 0.0003, "grad_norm": 0.5969846844673157, "elapsed_seconds": 6996.717102165916, "tokens_per_second": 59478.40879134226, "loss_main": 2.584107279777527, "loss_total": 2.584107279777527}
{"event": "update", "optimizer_step": 12710, "tokens_seen": 416481280, "lr": 0.0003, "grad_norm": 0.6187624931335449, "elapsed_seconds": 7002.200831406924, "tokens_per_second": 59478.62536760718, "loss_main": 2.6550007462501526, "loss_total": 2.6550007462501526}
{"event": "update", "optimizer_step": 12720, "tokens_seen": 416808960, "lr": 0.0003, "grad_norm": 0.6004032492637634, "elapsed_seconds": 7007.6881107619265, "tokens_per_second": 59478.811472772795, "loss_main": 2.3720479607582092, "loss_total": 2.3720479607582092}
{"event": "update", "optimizer_step": 12730, "tokens_seen": 417136640, "lr": 0.0003, "grad_norm": 0.5966915488243103, "elapsed_seconds": 7013.165771161963, "tokens_per_second": 59479.07886553315, "loss_main": 2.6159029603004456, "loss_total": 2.6159029603004456}
{"event": "update", "optimizer_step": 12740, "tokens_seen": 417464320, "lr": 0.0003, "grad_norm": 0.6430182456970215, "elapsed_seconds": 7018.646898890962, "tokens_per_second": 59479.31645713148, "loss_main": 2.6609301567077637, "loss_total": 2.6609301567077637}
{"event": "update", "optimizer_step": 12750, "tokens_seen": 417792000, "lr": 0.0003, "grad_norm": 0.6565374732017517, "elapsed_seconds": 7024.131544684933, "tokens_per_second": 59479.523887353396, "loss_main": 2.752614915370941, "loss_total": 2.752614915370941}
{"event": "update", "optimizer_step": 12760, "tokens_seen": 418119680, "lr": 0.0003, "grad_norm": 0.5652300119400024, "elapsed_seconds": 7029.611999989953, "tokens_per_second": 59479.766450921845, "loss_main": 2.4640510082244873, "loss_total": 2.4640510082244873}
{"event": "update", "optimizer_step": 12770, "tokens_seen": 418447360, "lr": 0.0003, "grad_norm": 0.6055231094360352, "elapsed_seconds": 7035.096371505933, "tokens_per_second": 59479.97552596811, "loss_main": 2.5875229835510254, "loss_total": 2.5875229835510254}
{"event": "update", "optimizer_step": 12780, "tokens_seen": 418775040, "lr": 0.0003, "grad_norm": 0.5986932516098022, "elapsed_seconds": 7040.594560673926, "tokens_per_second": 59480.06754132918, "loss_main": 2.687269628047943, "loss_total": 2.687269628047943}
{"event": "update", "optimizer_step": 12790, "tokens_seen": 419102720, "lr": 0.0003, "grad_norm": 0.5968447327613831, "elapsed_seconds": 7046.070320058963, "tokens_per_second": 59480.34875650983, "loss_main": 2.6035751700401306, "loss_total": 2.6035751700401306}
{"event": "update", "optimizer_step": 12800, "tokens_seen": 419430400, "lr": 0.0003, "grad_norm": 0.5942487120628357, "elapsed_seconds": 7051.556840604928, "tokens_per_second": 59480.538763411365, "loss_main": 2.560385823249817, "loss_total": 2.560385823249817}
{"event": "update", "optimizer_step": 12810, "tokens_seen": 419758080, "lr": 0.0003, "grad_norm": 0.6066763997077942, "elapsed_seconds": 7057.030377576943, "tokens_per_second": 59480.83790793111, "loss_main": 2.6390949487686157, "loss_total": 2.6390949487686157}
{"event": "update", "optimizer_step": 12820, "tokens_seen": 420085760, "lr": 0.0003, "grad_norm": 0.6066647171974182, "elapsed_seconds": 7062.509845164954, "tokens_per_second": 59481.08664055085, "loss_main": 2.5960439443588257, "loss_total": 2.5960439443588257}
{"event": "update", "optimizer_step": 12830, "tokens_seen": 420413440, "lr": 0.0003, "grad_norm": 0.5919527411460876, "elapsed_seconds": 7068.015611519921, "tokens_per_second": 59481.11366856382, "loss_main": 2.660251557826996, "loss_total": 2.660251557826996}
{"event": "update", "optimizer_step": 12840, "tokens_seen": 420741120, "lr": 0.0003, "grad_norm": 0.6000218987464905, "elapsed_seconds": 7073.488699191948, "tokens_per_second": 59481.415450351116, "loss_main": 2.5120972394943237, "loss_total": 2.5120972394943237}
{"event": "update", "optimizer_step": 12850, "tokens_seen": 421068800, "lr": 0.0003, "grad_norm": 0.607301652431488, "elapsed_seconds": 7078.980510964931, "tokens_per_second": 59481.559434693845, "loss_main": 2.65903240442276, "loss_total": 2.65903240442276}
{"event": "update", "optimizer_step": 12860, "tokens_seen": 421396480, "lr": 0.0003, "grad_norm": 0.6208481192588806, "elapsed_seconds": 7084.469520837942, "tokens_per_second": 59481.72672075492, "loss_main": 2.5413695573806763, "loss_total": 2.5413695573806763}
{"event": "update", "optimizer_step": 12870, "tokens_seen": 421724160, "lr": 0.0003, "grad_norm": 0.5959324836730957, "elapsed_seconds": 7089.954522279964, "tokens_per_second": 59481.92737693095, "loss_main": 2.3645618557929993, "loss_total": 2.3645618557929993}
{"event": "update", "optimizer_step": 12880, "tokens_seen": 422051840, "lr": 0.0003, "grad_norm": 0.6046825647354126, "elapsed_seconds": 7095.4241666399175, "tokens_per_second": 59482.256463867656, "loss_main": 2.54749196767807, "loss_total": 2.54749196767807}
{"event": "update", "optimizer_step": 12890, "tokens_seen": 422379520, "lr": 0.0003, "grad_norm": 0.6481621861457825, "elapsed_seconds": 7100.902690378949, "tokens_per_second": 59482.510663367386, "loss_main": 2.714941143989563, "loss_total": 2.714941143989563}
{"event": "update", "optimizer_step": 12900, "tokens_seen": 422707200, "lr": 0.0003, "grad_norm": 0.5641252994537354, "elapsed_seconds": 7106.380967490957, "tokens_per_second": 59482.76653527693, "loss_main": 2.6585886478424072, "loss_total": 2.6585886478424072}
{"event": "update", "optimizer_step": 12910, "tokens_seen": 423034880, "lr": 0.0003, "grad_norm": 0.5875145196914673, "elapsed_seconds": 7111.86087902193, "tokens_per_second": 59483.00834284297, "loss_main": 2.605509579181671, "loss_total": 2.605509579181671}
{"event": "update", "optimizer_step": 12920, "tokens_seen": 423362560, "lr": 0.0003, "grad_norm": 0.5853933691978455, "elapsed_seconds": 7117.346843589912, "tokens_per_second": 59483.1991897785, "loss_main": 2.583197295665741, "loss_total": 2.583197295665741}
{"event": "update", "optimizer_step": 12930, "tokens_seen": 423690240, "lr": 0.0003, "grad_norm": 0.584298312664032, "elapsed_seconds": 7122.834074498911, "tokens_per_second": 59483.379167414685, "loss_main": 2.5371140837669373, "loss_total": 2.5371140837669373}
{"event": "update", "optimizer_step": 12940, "tokens_seen": 424017920, "lr": 0.0003, "grad_norm": 0.6067533493041992, "elapsed_seconds": 7128.315983674955, "tokens_per_second": 59483.60327615562, "loss_main": 2.548462450504303, "loss_total": 2.548462450504303}
{"event": "update", "optimizer_step": 12950, "tokens_seen": 424345600, "lr": 0.0003, "grad_norm": 0.601553738117218, "elapsed_seconds": 7133.798274501925, "tokens_per_second": 59483.82385814342, "loss_main": 2.6059542894363403, "loss_total": 2.6059542894363403}
{"event": "update", "optimizer_step": 12960, "tokens_seen": 424673280, "lr": 0.0003, "grad_norm": 0.6976112127304077, "elapsed_seconds": 7139.269726481929, "tokens_per_second": 59484.13441009875, "loss_main": 2.598224937915802, "loss_total": 2.598224937915802}
{"event": "update", "optimizer_step": 12970, "tokens_seen": 425000960, "lr": 0.0003, "grad_norm": 0.6032047867774963, "elapsed_seconds": 7144.756185994949, "tokens_per_second": 59484.319539563985, "loss_main": 2.6569692492485046, "loss_total": 2.6569692492485046}
{"event": "update", "optimizer_step": 12980, "tokens_seen": 425328640, "lr": 0.0003, "grad_norm": 0.5994186401367188, "elapsed_seconds": 7150.24548544595, "tokens_per_second": 59484.48075884109, "loss_main": 2.584428310394287, "loss_total": 2.584428310394287}
{"event": "update", "optimizer_step": 12990, "tokens_seen": 425656320, "lr": 0.0003, "grad_norm": 0.6225430369377136, "elapsed_seconds": 7155.731535085943, "tokens_per_second": 59484.668746014904, "loss_main": 2.536250352859497, "loss_total": 2.536250352859497}
{"event": "update", "optimizer_step": 13000, "tokens_seen": 425984000, "lr": 0.0003, "grad_norm": 0.6970238089561462, "elapsed_seconds": 7161.2086937989225, "tokens_per_second": 59484.930297991545, "loss_main": 2.64767587184906, "loss_total": 2.64767587184906}
{"event": "update", "optimizer_step": 13010, "tokens_seen": 426311680, "lr": 0.0003, "grad_norm": 0.5873125791549683, "elapsed_seconds": 7166.695461477968, "tokens_per_second": 59485.111693595376, "loss_main": 2.54862779378891, "loss_total": 2.54862779378891}
{"event": "update", "optimizer_step": 13020, "tokens_seen": 426639360, "lr": 0.0003, "grad_norm": 0.5907957553863525, "elapsed_seconds": 7172.173447131936, "tokens_per_second": 59485.36564890352, "loss_main": 2.4154913425445557, "loss_total": 2.4154913425445557}
{"event": "update", "optimizer_step": 13030, "tokens_seen": 426967040, "lr": 0.0003, "grad_norm": 0.6298168897628784, "elapsed_seconds": 7177.660134276957, "tokens_per_second": 59485.54710204464, "loss_main": 2.6052038073539734, "loss_total": 2.6052038073539734}
{"event": "update", "optimizer_step": 13040, "tokens_seen": 427294720, "lr": 0.0003, "grad_norm": 0.6163519024848938, "elapsed_seconds": 7183.149083610915, "tokens_per_second": 59485.70954414915, "loss_main": 2.703751027584076, "loss_total": 2.703751027584076}
{"event": "update", "optimizer_step": 13050, "tokens_seen": 427622400, "lr": 0.0003, "grad_norm": 0.572861909866333, "elapsed_seconds": 7188.628972734965, "tokens_per_second": 59485.94671138077, "loss_main": 2.4754167795181274, "loss_total": 2.4754167795181274}
{"event": "update", "optimizer_step": 13060, "tokens_seen": 427950080, "lr": 0.0003, "grad_norm": 0.6253508925437927, "elapsed_seconds": 7194.1145605009515, "tokens_per_second": 59486.13639677714, "loss_main": 2.525687098503113, "loss_total": 2.525687098503113}
{"event": "update", "optimizer_step": 13070, "tokens_seen": 428277760, "lr": 0.0003, "grad_norm": 1.5611399412155151, "elapsed_seconds": 7199.599510661967, "tokens_per_second": 59486.33106129844, "loss_main": 2.4487923979759216, "loss_total": 2.4487923979759216}
{"event": "update", "optimizer_step": 13080, "tokens_seen": 428605440, "lr": 0.0003, "grad_norm": 0.6163897514343262, "elapsed_seconds": 7205.081477267959, "tokens_per_second": 59486.550062237424, "loss_main": 2.4498782753944397, "loss_total": 2.4498782753944397}
{"event": "update", "optimizer_step": 13090, "tokens_seen": 428933120, "lr": 0.0003, "grad_norm": 0.6064329147338867, "elapsed_seconds": 7210.568941125937, "tokens_per_second": 59486.723378172384, "loss_main": 2.6757158637046814, "loss_total": 2.6757158637046814}
{"event": "update", "optimizer_step": 13100, "tokens_seen": 429260800, "lr": 0.0003, "grad_norm": 0.6524651050567627, "elapsed_seconds": 7216.061242218944, "tokens_per_second": 59486.85655389504, "loss_main": 2.6236811876296997, "loss_total": 2.6236811876296997}
{"event": "update", "optimizer_step": 13110, "tokens_seen": 429588480, "lr": 0.0003, "grad_norm": 0.6375856399536133, "elapsed_seconds": 7221.542703361949, "tokens_per_second": 59487.078820430914, "loss_main": 2.6074931621551514, "loss_total": 2.6074931621551514}
{"event": "update", "optimizer_step": 13120, "tokens_seen": 429916160, "lr": 0.0003, "grad_norm": 0.6103152632713318, "elapsed_seconds": 7227.0207891509635, "tokens_per_second": 59487.32853313224, "loss_main": 2.735141694545746, "loss_total": 2.735141694545746}
{"event": "update", "optimizer_step": 13130, "tokens_seen": 430243840, "lr": 0.0003, "grad_norm": 0.6088427305221558, "elapsed_seconds": 7232.502597209939, "tokens_per_second": 59487.54725175956, "loss_main": 2.7063493728637695, "loss_total": 2.7063493728637695}
{"event": "update", "optimizer_step": 13140, "tokens_seen": 430571520, "lr": 0.0003, "grad_norm": 0.5666273832321167, "elapsed_seconds": 7237.986114601954, "tokens_per_second": 59487.751590371605, "loss_main": 2.648167312145233, "loss_total": 2.648167312145233}
{"event": "update", "optimizer_step": 13150, "tokens_seen": 430899200, "lr": 0.0003, "grad_norm": 0.5829119086265564, "elapsed_seconds": 7243.468836296932, "tokens_per_second": 59487.96215437133, "loss_main": 2.484237849712372, "loss_total": 2.484237849712372}
{"event": "update", "optimizer_step": 13160, "tokens_seen": 431226880, "lr": 0.0003, "grad_norm": 0.5793119072914124, "elapsed_seconds": 7248.964664043917, "tokens_per_second": 59488.06484586107, "loss_main": 2.495280086994171, "loss_total": 2.495280086994171}
{"event": "update", "optimizer_step": 13170, "tokens_seen": 431554560, "lr": 0.0003, "grad_norm": 0.5980296730995178, "elapsed_seconds": 7254.463913491927, "tokens_per_second": 59488.139323071184, "loss_main": 2.5744019746780396, "loss_total": 2.5744019746780396}
{"event": "update", "optimizer_step": 13180, "tokens_seen": 431882240, "lr": 0.0003, "grad_norm": 0.6068913340568542, "elapsed_seconds": 7259.947476573929, "tokens_per_second": 59488.342221975865, "loss_main": 2.3357198238372803, "loss_total": 2.3357198238372803}
{"event": "update", "optimizer_step": 13190, "tokens_seen": 432209920, "lr": 0.0003, "grad_norm": 0.6225936412811279, "elapsed_seconds": 7265.43213180796, "tokens_per_second": 59488.53587218729, "loss_main": 2.761941611766815, "loss_total": 2.761941611766815}
{"event": "update", "optimizer_step": 13200, "tokens_seen": 432537600, "lr": 0.0003, "grad_norm": 0.6015677452087402, "elapsed_seconds": 7270.912910262938, "tokens_per_second": 59488.76094905092, "loss_main": 2.4994715452194214, "loss_total": 2.4994715452194214}
{"event": "update", "optimizer_step": 13210, "tokens_seen": 432865280, "lr": 0.0003, "grad_norm": 0.6622534394264221, "elapsed_seconds": 7276.40806482092, "tokens_per_second": 59488.86815361052, "loss_main": 2.619941234588623, "loss_total": 2.619941234588623}
{"event": "update", "optimizer_step": 13220, "tokens_seen": 433192960, "lr": 0.0003, "grad_norm": 0.5985339879989624, "elapsed_seconds": 7281.881813522952, "tokens_per_second": 59489.15007045721, "loss_main": 2.370297431945801, "loss_total": 2.370297431945801}
{"event": "update", "optimizer_step": 13230, "tokens_seen": 433520640, "lr": 0.0003, "grad_norm": 0.6061691641807556, "elapsed_seconds": 7287.366114620934, "tokens_per_second": 59489.345420728925, "loss_main": 2.4195534586906433, "loss_total": 2.4195534586906433}
{"event": "update", "optimizer_step": 13240, "tokens_seen": 433848320, "lr": 0.0003, "grad_norm": 0.6332672834396362, "elapsed_seconds": 7292.853102856956, "tokens_per_second": 59489.5185575644, "loss_main": 2.691881477832794, "loss_total": 2.691881477832794}
{"event": "update", "optimizer_step": 13250, "tokens_seen": 434176000, "lr": 0.0003, "grad_norm": 0.5831546187400818, "elapsed_seconds": 7298.344412611914, "tokens_per_second": 59489.656208841225, "loss_main": 2.513674795627594, "loss_total": 2.513674795627594}
{"event": "update", "optimizer_step": 13260, "tokens_seen": 434503680, "lr": 0.0003, "grad_norm": 0.5985428690910339, "elapsed_seconds": 7303.831338382966, "tokens_per_second": 59489.82936073618, "loss_main": 2.5403535962104797, "loss_total": 2.5403535962104797}
{"event": "update", "optimizer_step": 13270, "tokens_seen": 434831360, "lr": 0.0003, "grad_norm": 0.5905700325965881, "elapsed_seconds": 7309.319674006954, "tokens_per_second": 59489.99077798253, "loss_main": 2.666512906551361, "loss_total": 2.666512906551361}
{"event": "update", "optimizer_step": 13280, "tokens_seen": 435159040, "lr": 0.0003, "grad_norm": 0.6070789694786072, "elapsed_seconds": 7314.8068657229305, "tokens_per_second": 59490.16125622515, "loss_main": 2.5962681770324707, "loss_total": 2.5962681770324707}
{"event": "update", "optimizer_step": 13290, "tokens_seen": 435486720, "lr": 0.0003, "grad_norm": 0.6160925626754761, "elapsed_seconds": 7320.291410242964, "tokens_per_second": 59490.35299204652, "loss_main": 2.6007696986198425, "loss_total": 2.6007696986198425}
{"event": "update", "optimizer_step": 13300, "tokens_seen": 435814400, "lr": 0.0003, "grad_norm": 0.6085635423660278, "elapsed_seconds": 7325.784150704916, "tokens_per_second": 59490.477883936044, "loss_main": 2.6801798343658447, "loss_total": 2.6801798343658447}
{"event": "update", "optimizer_step": 13310, "tokens_seen": 436142080, "lr": 0.0003, "grad_norm": 0.5940662026405334, "elapsed_seconds": 7331.272207847913, "tokens_per_second": 59490.640592109325, "loss_main": 2.6112820506095886, "loss_total": 2.6112820506095886}
{"event": "update", "optimizer_step": 13320, "tokens_seen": 436469760, "lr": 0.0003, "grad_norm": 0.5895466804504395, "elapsed_seconds": 7336.756126205961, "tokens_per_second": 59490.83661660573, "loss_main": 2.679763376712799, "loss_total": 2.679763376712799}
{"event": "update", "optimizer_step": 13330, "tokens_seen": 436797440, "lr": 0.0003, "grad_norm": 0.5985821485519409, "elapsed_seconds": 7342.235472257948, "tokens_per_second": 59491.06939574525, "loss_main": 2.5478782653808594, "loss_total": 2.5478782653808594}
{"event": "update", "optimizer_step": 13340, "tokens_seen": 437125120, "lr": 0.0003, "grad_norm": 0.5792815685272217, "elapsed_seconds": 7347.7206049789675, "tokens_per_second": 59491.254975562755, "loss_main": 2.611730456352234, "loss_total": 2.611730456352234}
{"event": "update", "optimizer_step": 13350, "tokens_seen": 437452800, "lr": 0.0003, "grad_norm": 0.5905551910400391, "elapsed_seconds": 7353.208267849928, "tokens_per_second": 59491.41980822894, "loss_main": 2.5239428877830505, "loss_total": 2.5239428877830505}
{"event": "update", "optimizer_step": 13360, "tokens_seen": 437780480, "lr": 0.0003, "grad_norm": 0.5834606885910034, "elapsed_seconds": 7358.693358371966, "tokens_per_second": 59491.60519128553, "loss_main": 2.4897595643997192, "loss_total": 2.4897595643997192}
{"event": "update", "optimizer_step": 13370, "tokens_seen": 438108160, "lr": 0.0003, "grad_norm": 0.6679565906524658, "elapsed_seconds": 7364.193799605942, "tokens_per_second": 59491.66628714241, "loss_main": 2.597268283367157, "loss_total": 2.597268283367157}
{"event": "update", "optimizer_step": 13380, "tokens_seen": 438435840, "lr": 0.0003, "grad_norm": 2.226231813430786, "elapsed_seconds": 7369.674857235921, "tokens_per_second": 59491.883766014646, "loss_main": 2.590088367462158, "loss_total": 2.590088367462158}
{"event": "update", "optimizer_step": 13390, "tokens_seen": 438763520, "lr": 0.0003, "grad_norm": 0.6217418313026428, "elapsed_seconds": 7375.161930425966, "tokens_per_second": 59492.05239682899, "loss_main": 2.6562163829803467, "loss_total": 2.6562163829803467}
{"event": "update", "optimizer_step": 13400, "tokens_seen": 439091200, "lr": 0.0003, "grad_norm": 0.5847740769386292, "elapsed_seconds": 7380.626727101917, "tokens_per_second": 59492.400338800755, "loss_main": 2.6730469465255737, "loss_total": 2.6730469465255737}
{"event": "update", "optimizer_step": 13410, "tokens_seen": 439418880, "lr": 0.0003, "grad_norm": 0.6225560307502747, "elapsed_seconds": 7386.107763398963, "tokens_per_second": 59492.61696092379, "loss_main": 2.693189561367035, "loss_total": 2.693189561367035}
{"event": "update", "optimizer_step": 13420, "tokens_seen": 439746560, "lr": 0.0003, "grad_norm": 0.5971447229385376, "elapsed_seconds": 7391.588841616933, "tokens_per_second": 59492.83292437626, "loss_main": 2.553990364074707, "loss_total": 2.553990364074707}
{"event": "evaluation", "tokens_seen": 440008704, "elapsed_seconds": 7395.971793971956, "parameters": 71199040, "main_loss": 2.6720977313816547, "perplexity": 14.470292162932138}
{"event": "update", "optimizer_step": 13430, "tokens_seen": 440074240, "lr": 0.0003, "grad_norm": 0.6086122393608093, "elapsed_seconds": 7399.4832926849485, "tokens_per_second": 59473.644657736135, "loss_main": 2.549033761024475, "loss_total": 2.549033761024475}
{"event": "update", "optimizer_step": 13440, "tokens_seen": 440401920, "lr": 0.0003, "grad_norm": 0.6098624467849731, "elapsed_seconds": 7404.955821450916, "tokens_per_second": 59473.94294024408, "loss_main": 2.635949492454529, "loss_total": 2.635949492454529}
{"event": "update", "optimizer_step": 13450, "tokens_seen": 440729600, "lr": 0.0003, "grad_norm": 0.587369978427887, "elapsed_seconds": 7410.430464366917, "tokens_per_second": 59474.223814561105, "loss_main": 2.5397114157676697, "loss_total": 2.5397114157676697}
{"event": "update", "optimizer_step": 13460, "tokens_seen": 441057280, "lr": 0.0003, "grad_norm": 0.5781592726707458, "elapsed_seconds": 7415.924161810952, "tokens_per_second": 59474.35145996623, "loss_main": 2.450577676296234, "loss_total": 2.450577676296234}
{"event": "update", "optimizer_step": 13470, "tokens_seen": 441384960, "lr": 0.0003, "grad_norm": 0.622200608253479, "elapsed_seconds": 7421.414954812964, "tokens_per_second": 59474.50219230112, "loss_main": 2.5351292490959167, "loss_total": 2.5351292490959167}
{"event": "update", "optimizer_step": 13480, "tokens_seen": 441712640, "lr": 0.0003, "grad_norm": 0.6341976523399353, "elapsed_seconds": 7426.896424675942, "tokens_per_second": 59474.72736154029, "loss_main": 2.659839630126953, "loss_total": 2.659839630126953}
{"event": "update", "optimizer_step": 13490, "tokens_seen": 442040320, "lr": 0.0003, "grad_norm": 0.6016010046005249, "elapsed_seconds": 7432.3868729829555, "tokens_per_second": 59474.88035194125, "loss_main": 2.707489490509033, "loss_total": 2.707489490509033}
{"event": "update", "optimizer_step": 13500, "tokens_seen": 442368000, "lr": 0.0003, "grad_norm": 0.6472057700157166, "elapsed_seconds": 7437.86346166092, "tokens_per_second": 59475.143941566326, "loss_main": 2.690288543701172, "loss_total": 2.690288543701172}
{"event": "update", "optimizer_step": 13510, "tokens_seen": 442695680, "lr": 0.0003, "grad_norm": 0.6429947018623352, "elapsed_seconds": 7443.344025166938, "tokens_per_second": 59475.37538278318, "loss_main": 2.4871108531951904, "loss_total": 2.4871108531951904}
{"event": "update", "optimizer_step": 13520, "tokens_seen": 443023360, "lr": 0.0003, "grad_norm": 0.5966706275939941, "elapsed_seconds": 7448.825250826951, "tokens_per_second": 59475.60119641908, "loss_main": 2.5246352553367615, "loss_total": 2.5246352553367615}
{"event": "update", "optimizer_step": 13530, "tokens_seen": 443351040, "lr": 0.0003, "grad_norm": 0.5856496095657349, "elapsed_seconds": 7454.310913657944, "tokens_per_second": 59475.79127504367, "loss_main": 2.759406328201294, "loss_total": 2.759406328201294}
{"event": "update", "optimizer_step": 13540, "tokens_seen": 443678720, "lr": 0.0003, "grad_norm": 0.5899742841720581, "elapsed_seconds": 7459.808788834955, "tokens_per_second": 59475.88370683856, "loss_main": 2.4956567883491516, "loss_total": 2.4956567883491516}
{"event": "update", "optimizer_step": 13550, "tokens_seen": 444006400, "lr": 0.0003, "grad_norm": 0.6040304899215698, "elapsed_seconds": 7465.30489231192, "tokens_per_second": 59475.99011759803, "loss_main": 2.4208836555480957, "loss_total": 2.4208836555480957}
{"event": "update", "optimizer_step": 13560, "tokens_seen": 444334080, "lr": 0.0003, "grad_norm": 0.6102450489997864, "elapsed_seconds": 7470.790480673953, "tokens_per_second": 59476.180084214575, "loss_main": 2.654661238193512, "loss_total": 2.654661238193512}
{"event": "update", "optimizer_step": 13570, "tokens_seen": 444661760, "lr": 0.0003, "grad_norm": 0.6133919358253479, "elapsed_seconds": 7476.286060808925, "tokens_per_second": 59476.290284147864, "loss_main": 2.6582215428352356, "loss_total": 2.6582215428352356}
{"event": "update", "optimizer_step": 13580, "tokens_seen": 444989440, "lr": 0.0003, "grad_norm": 0.6255362629890442, "elapsed_seconds": 7481.769575629965, "tokens_per_second": 59476.49623552218, "loss_main": 2.5927783250808716, "loss_total": 2.5927783250808716}
{"event": "update", "optimizer_step": 13590, "tokens_seen": 445317120, "lr": 0.0003, "grad_norm": 0.6245040893554688, "elapsed_seconds": 7487.261529897922, "tokens_per_second": 59476.63484463208, "loss_main": 2.5697335600852966, "loss_total": 2.5697335600852966}
{"event": "update", "optimizer_step": 13600, "tokens_seen": 445644800, "lr": 0.0003, "grad_norm": 0.6108368635177612, "elapsed_seconds": 7492.758369653951, "tokens_per_second": 59476.73447002961, "loss_main": 2.621476650238037, "loss_total": 2.621476650238037}
{"event": "update", "optimizer_step": 13610, "tokens_seen": 445972480, "lr": 0.0003, "grad_norm": 0.5719362497329712, "elapsed_seconds": 7498.249182764965, "tokens_per_second": 59476.88175328798, "loss_main": 2.6399892568588257, "loss_total": 2.6399892568588257}
{"event": "update", "optimizer_step": 13620, "tokens_seen": 446300160, "lr": 0.0003, "grad_norm": 0.6656412482261658, "elapsed_seconds": 7503.747540647921, "tokens_per_second": 59476.969018798256, "loss_main": 2.504846215248108, "loss_total": 2.504846215248108}
{"event": "update", "optimizer_step": 13630, "tokens_seen": 446627840, "lr": 0.0003, "grad_norm": 0.6145427823066711, "elapsed_seconds": 7509.236675212916, "tokens_per_second": 59477.129209985425, "loss_main": 2.709161639213562, "loss_total": 2.709161639213562}
{"event": "update", "optimizer_step": 13640, "tokens_seen": 446955520, "lr": 0.0003, "grad_norm": 0.558060348033905, "elapsed_seconds": 7514.735383861931, "tokens_per_second": 59477.21339062016, "loss_main": 2.4739877581596375, "loss_total": 2.4739877581596375}
{"event": "update", "optimizer_step": 13650, "tokens_seen": 447283200, "lr": 0.0003, "grad_norm": 0.602692723274231, "elapsed_seconds": 7520.2177072929335, "tokens_per_second": 59477.42703861287, "loss_main": 2.7483187913894653, "loss_total": 2.7483187913894653}
{"event": "update", "optimizer_step": 13660, "tokens_seen": 447610880, "lr": 0.0003, "grad_norm": 0.6424381136894226, "elapsed_seconds": 7525.7079956489615, "tokens_per_second": 59477.57742644137, "loss_main": 2.5531311631202698, "loss_total": 2.5531311631202698}
{"event": "update", "optimizer_step": 13670, "tokens_seen": 447938560, "lr": 0.0003, "grad_norm": 0.6662943363189697, "elapsed_seconds": 7531.197304600966, "tokens_per_second": 59477.7353298585, "loss_main": 2.5708353519439697, "loss_total": 2.5708353519439697}
{"event": "update", "optimizer_step": 13680, "tokens_seen": 448266240, "lr": 0.0003, "grad_norm": 0.5732086300849915, "elapsed_seconds": 7536.694551056949, "tokens_per_second": 59477.83036226869, "loss_main": 2.5120694041252136, "loss_total": 2.5120694041252136}
{"event": "update", "optimizer_step": 13690, "tokens_seen": 448593920, "lr": 0.0003, "grad_norm": 0.6110111474990845, "elapsed_seconds": 7542.178453025932, "tokens_per_second": 59478.03049131296, "loss_main": 2.6313887238502502, "loss_total": 2.6313887238502502}
{"event": "update", "optimizer_step": 13700, "tokens_seen": 448921600, "lr": 0.0003, "grad_norm": 0.611284077167511, "elapsed_seconds": 7547.673400310916, "tokens_per_second": 59478.143288699706, "loss_main": 2.713643193244934, "loss_total": 2.713643193244934}
{"event": "update", "optimizer_step": 13710, "tokens_seen": 449249280, "lr": 0.0003, "grad_norm": 0.6162577271461487, "elapsed_seconds": 7553.165968509915, "tokens_per_second": 59478.27465634622, "loss_main": 2.738968253135681, "loss_total": 2.738968253135681}
{"event": "update", "optimizer_step": 13720, "tokens_seen": 449576960, "lr": 0.0003, "grad_norm": 0.5909498929977417, "elapsed_seconds": 7558.663360084931, "tokens_per_second": 59478.367878384845, "loss_main": 2.5942511558532715, "loss_total": 2.5942511558532715}
{"event": "update", "optimizer_step": 13730, "tokens_seen": 449904640, "lr": 0.0003, "grad_norm": 0.5784386992454529, "elapsed_seconds": 7564.155053307943, "tokens_per_second": 59478.505772201024, "loss_main": 2.5020902156829834, "loss_total": 2.5020902156829834}
{"event": "update", "optimizer_step": 13740, "tokens_seen": 450232320, "lr": 0.0003, "grad_norm": 0.6380699276924133, "elapsed_seconds": 7569.648942035914, "tokens_per_second": 59478.62621471936, "loss_main": 2.7223891019821167, "loss_total": 2.7223891019821167}
{"event": "update", "optimizer_step": 13750, "tokens_seen": 450560000, "lr": 0.0003, "grad_norm": 0.7331719994544983, "elapsed_seconds": 7575.141191288945, "tokens_per_second": 59478.75935541937, "loss_main": 2.6547447443008423, "loss_total": 2.6547447443008423}
{"event": "update", "optimizer_step": 13760, "tokens_seen": 450887680, "lr": 0.0003, "grad_norm": 0.5918257832527161, "elapsed_seconds": 7580.617860866943, "tokens_per_second": 59479.01454413045, "loss_main": 2.5265418887138367, "loss_total": 2.5265418887138367}
{"event": "update", "optimizer_step": 13770, "tokens_seen": 451215360, "lr": 0.0003, "grad_norm": 0.6238311529159546, "elapsed_seconds": 7586.108686078922, "tokens_per_second": 59479.15837641688, "loss_main": 2.589982032775879, "loss_total": 2.589982032775879}
{"event": "update", "optimizer_step": 13780, "tokens_seen": 451543040, "lr": 0.0003, "grad_norm": 0.602278470993042, "elapsed_seconds": 7591.590632412932, "tokens_per_second": 59479.371565703135, "loss_main": 2.556818962097168, "loss_total": 2.556818962097168}
{"event": "update", "optimizer_step": 13790, "tokens_seen": 451870720, "lr": 0.0003, "grad_norm": 0.5922280550003052, "elapsed_seconds": 7597.066438881913, "tokens_per_second": 59479.632518062244, "loss_main": 2.633886992931366, "loss_total": 2.633886992931366}
{"event": "update", "optimizer_step": 13800, "tokens_seen": 452198400, "lr": 0.0003, "grad_norm": 0.5940172672271729, "elapsed_seconds": 7602.537283043959, "tokens_per_second": 59479.93191806427, "loss_main": 2.5190685391426086, "loss_total": 2.5190685391426086}
{"event": "update", "optimizer_step": 13810, "tokens_seen": 452526080, "lr": 0.0003, "grad_norm": 0.5796323418617249, "elapsed_seconds": 7608.018037777918, "tokens_per_second": 59480.15340565225, "loss_main": 2.598705291748047, "loss_total": 2.598705291748047}
{"event": "update", "optimizer_step": 13820, "tokens_seen": 452853760, "lr": 0.0003, "grad_norm": 0.6232728958129883, "elapsed_seconds": 7613.499034270935, "tokens_per_second": 59480.372685614326, "loss_main": 2.5973259806632996, "loss_total": 2.5973259806632996}
{"event": "update", "optimizer_step": 13830, "tokens_seen": 453181440, "lr": 0.0003, "grad_norm": 0.5729026794433594, "elapsed_seconds": 7618.998846271948, "tokens_per_second": 59480.444759713566, "loss_main": 2.4829803705215454, "loss_total": 2.4829803705215454}
{"event": "update", "optimizer_step": 13840, "tokens_seen": 453509120, "lr": 0.0003, "grad_norm": 0.571855366230011, "elapsed_seconds": 7624.483918534941, "tokens_per_second": 59480.631718237346, "loss_main": 2.422465682029724, "loss_total": 2.422465682029724}
{"event": "update", "optimizer_step": 13850, "tokens_seen": 453836800, "lr": 0.0003, "grad_norm": 0.5964860916137695, "elapsed_seconds": 7629.975227286923, "tokens_per_second": 59480.76979030716, "loss_main": 2.548435688018799, "loss_total": 2.548435688018799}
{"event": "update", "optimizer_step": 13860, "tokens_seen": 454164480, "lr": 0.0003, "grad_norm": 0.6291548013687134, "elapsed_seconds": 7635.456380941963, "tokens_per_second": 59480.98677291784, "loss_main": 2.615506172180176, "loss_total": 2.615506172180176}
{"event": "update", "optimizer_step": 13870, "tokens_seen": 454492160, "lr": 0.0003, "grad_norm": 0.6010847091674805, "elapsed_seconds": 7640.949711921916, "tokens_per_second": 59481.108649474714, "loss_main": 2.6832354068756104, "loss_total": 2.6832354068756104}
{"event": "update", "optimizer_step": 13880, "tokens_seen": 454819840, "lr": 0.0003, "grad_norm": 0.6187203526496887, "elapsed_seconds": 7646.427886913938, "tokens_per_second": 59481.34824868703, "loss_main": 2.6478196382522583, "loss_total": 2.6478196382522583}
{"event": "update", "optimizer_step": 13890, "tokens_seen": 455147520, "lr": 0.0003, "grad_norm": 0.6201807260513306, "elapsed_seconds": 7651.908450054936, "tokens_per_second": 59481.568940717305, "loss_main": 2.464373767375946, "loss_total": 2.464373767375946}
{"event": "update", "optimizer_step": 13900, "tokens_seen": 455475200, "lr": 0.0003, "grad_norm": 0.5647653341293335, "elapsed_seconds": 7657.3981859629275, "tokens_per_second": 59481.71806383912, "loss_main": 2.4599457383155823, "loss_total": 2.4599457383155823}
{"event": "update", "optimizer_step": 13910, "tokens_seen": 455802880, "lr": 0.0003, "grad_norm": 0.6757064461708069, "elapsed_seconds": 7662.897540688922, "tokens_per_second": 59481.7923089471, "loss_main": 2.815631151199341, "loss_total": 2.815631151199341}
{"event": "update", "optimizer_step": 13920, "tokens_seen": 456130560, "lr": 0.0003, "grad_norm": 0.5588610768318176, "elapsed_seconds": 7668.3933265079395, "tokens_per_second": 59481.894130711524, "loss_main": 2.459657907485962, "loss_total": 2.459657907485962}
{"event": "update", "optimizer_step": 13930, "tokens_seen": 456458240, "lr": 0.0003, "grad_norm": 0.6030362248420715, "elapsed_seconds": 7673.895871336921, "tokens_per_second": 59481.94341611223, "loss_main": 2.708775818347931, "loss_total": 2.708775818347931}
{"event": "update", "optimizer_step": 13940, "tokens_seen": 456785920, "lr": 0.0003, "grad_norm": 0.6034418940544128, "elapsed_seconds": 7679.38390436495, "tokens_per_second": 59482.10503454107, "loss_main": 2.563236713409424, "loss_total": 2.563236713409424}
{"event": "update", "optimizer_step": 13950, "tokens_seen": 457113600, "lr": 0.0003, "grad_norm": 0.6263277530670166, "elapsed_seconds": 7684.866494303918, "tokens_per_second": 59482.30855263602, "loss_main": 2.6288774013519287, "loss_total": 2.6288774013519287}
{"event": "update", "optimizer_step": 13960, "tokens_seen": 457441280, "lr": 0.0003, "grad_norm": 0.5893778204917908, "elapsed_seconds": 7690.35415958293, "tokens_per_second": 59482.472524361394, "loss_main": 2.648591995239258, "loss_total": 2.648591995239258}
{"event": "update", "optimizer_step": 13970, "tokens_seen": 457768960, "lr": 0.0003, "grad_norm": 0.5777097940444946, "elapsed_seconds": 7695.86017674295, "tokens_per_second": 59482.49441737356, "loss_main": 2.596078634262085, "loss_total": 2.596078634262085}
{"event": "update", "optimizer_step": 13980, "tokens_seen": 458096640, "lr": 0.0003, "grad_norm": 0.6242806911468506, "elapsed_seconds": 7701.353047587967, "tokens_per_second": 59482.61781655031, "loss_main": 2.7899699807167053, "loss_total": 2.7899699807167053}
{"event": "update", "optimizer_step": 13990, "tokens_seen": 458424320, "lr": 0.0003, "grad_norm": 0.6083955764770508, "elapsed_seconds": 7706.840869844949, "tokens_per_second": 59482.78000570976, "loss_main": 2.6935229301452637, "loss_total": 2.6935229301452637}
{"event": "update", "optimizer_step": 14000, "tokens_seen": 458752000, "lr": 0.0003, "grad_norm": 0.5799013376235962, "elapsed_seconds": 7712.323760620959, "tokens_per_second": 59482.979999151845, "loss_main": 2.6582242250442505, "loss_total": 2.6582242250442505}
{"event": "update", "optimizer_step": 14010, "tokens_seen": 459079680, "lr": 0.0003, "grad_norm": 0.6232073307037354, "elapsed_seconds": 7717.791385873919, "tokens_per_second": 59483.2973640964, "loss_main": 2.5359618067741394, "loss_total": 2.5359618067741394}
{"event": "update", "optimizer_step": 14020, "tokens_seen": 459407360, "lr": 0.0003, "grad_norm": 0.6122736930847168, "elapsed_seconds": 7723.2775384209235, "tokens_per_second": 59483.47158503499, "loss_main": 2.5968530774116516, "loss_total": 2.5968530774116516}
{"event": "update", "optimizer_step": 14030, "tokens_seen": 459735040, "lr": 0.0003, "grad_norm": 0.5862013697624207, "elapsed_seconds": 7728.758002237941, "tokens_per_second": 59483.68934140247, "loss_main": 2.368840277194977, "loss_total": 2.368840277194977}
{"event": "update", "optimizer_step": 14040, "tokens_seen": 460062720, "lr": 0.0003, "grad_norm": 0.6324361562728882, "elapsed_seconds": 7734.234472454933, "tokens_per_second": 59483.93750389764, "loss_main": 2.7504372000694275, "loss_total": 2.7504372000694275}
{"event": "update", "optimizer_step": 14050, "tokens_seen": 460390400, "lr": 0.0003, "grad_norm": 0.6022920608520508, "elapsed_seconds": 7739.7152852479485, "tokens_per_second": 59484.1519399962, "loss_main": 2.474116563796997, "loss_total": 2.474116563796997}
{"event": "update", "optimizer_step": 14060, "tokens_seen": 460718080, "lr": 0.0003, "grad_norm": 0.6318259835243225, "elapsed_seconds": 7745.1877532029175, "tokens_per_second": 59484.43016239035, "loss_main": 2.547981917858124, "loss_total": 2.547981917858124}
{"event": "update", "optimizer_step": 14070, "tokens_seen": 461045760, "lr": 0.0003, "grad_norm": 0.6070050001144409, "elapsed_seconds": 7750.672667589912, "tokens_per_second": 59484.612468270214, "loss_main": 2.557547688484192, "loss_total": 2.557547688484192}
{"event": "update", "optimizer_step": 14080, "tokens_seen": 461373440, "lr": 0.0003, "grad_norm": 0.6610363721847534, "elapsed_seconds": 7756.155711368949, "tokens_per_second": 59484.80886268442, "loss_main": 2.7019824981689453, "loss_total": 2.7019824981689453}
{"event": "update", "optimizer_step": 14090, "tokens_seen": 461701120, "lr": 0.0003, "grad_norm": 0.6360052824020386, "elapsed_seconds": 7761.621968009917, "tokens_per_second": 59485.13363610524, "loss_main": 2.534815013408661, "loss_total": 2.534815013408661}
{"event": "update", "optimizer_step": 14100, "tokens_seen": 462028800, "lr": 0.0003, "grad_norm": 0.6364972591400146, "elapsed_seconds": 7767.089945744956, "tokens_per_second": 59485.44477112863, "loss_main": 2.510231167078018, "loss_total": 2.510231167078018}
{"event": "update", "optimizer_step": 14110, "tokens_seen": 462356480, "lr": 0.0003, "grad_norm": 0.6483163833618164, "elapsed_seconds": 7772.562162940914, "tokens_per_second": 59485.723022517144, "loss_main": 2.6316670775413513, "loss_total": 2.6316670775413513}
{"event": "update", "optimizer_step": 14120, "tokens_seen": 462684160, "lr": 0.0003, "grad_norm": 0.6491053104400635, "elapsed_seconds": 7778.048966280941, "tokens_per_second": 59485.88932852032, "loss_main": 2.5000948309898376, "loss_total": 2.5000948309898376}
{"event": "update", "optimizer_step": 14130, "tokens_seen": 463011840, "lr": 0.0003, "grad_norm": 0.5994726419448853, "elapsed_seconds": 7783.520176636928, "tokens_per_second": 59486.17457044433, "loss_main": 2.527847468852997, "loss_total": 2.527847468852997}
{"event": "update", "optimizer_step": 14140, "tokens_seen": 463339520, "lr": 0.0003, "grad_norm": 0.605181872844696, "elapsed_seconds": 7788.993555325957, "tokens_per_second": 59486.442851551445, "loss_main": 2.6842417120933533, "loss_total": 2.6842417120933533}
{"event": "update", "optimizer_step": 14150, "tokens_seen": 463667200, "lr": 0.0003, "grad_norm": 0.6044104099273682, "elapsed_seconds": 7794.464820034918, "tokens_per_second": 59486.72688959841, "loss_main": 2.465172290802002, "loss_total": 2.465172290802002}
{"event": "update", "optimizer_step": 14160, "tokens_seen": 463994880, "lr": 0.0003, "grad_norm": 0.6197681427001953, "elapsed_seconds": 7799.943128529936, "tokens_per_second": 59486.95680906197, "loss_main": 2.5497493743896484, "loss_total": 2.5497493743896484}
{"event": "update", "optimizer_step": 14170, "tokens_seen": 464322560, "lr": 0.0003, "grad_norm": 0.5810137987136841, "elapsed_seconds": 7805.433007984946, "tokens_per_second": 59487.0982205598, "loss_main": 2.6000518798828125, "loss_total": 2.6000518798828125}
{"event": "update", "optimizer_step": 14180, "tokens_seen": 464650240, "lr": 0.0003, "grad_norm": 0.605381429195404, "elapsed_seconds": 7810.923017460911, "tokens_per_second": 59487.238443049384, "loss_main": 2.644305169582367, "loss_total": 2.644305169582367}
{"event": "update", "optimizer_step": 14190, "tokens_seen": 464977920, "lr": 0.0003, "grad_norm": 0.6257235407829285, "elapsed_seconds": 7816.4122089519515, "tokens_per_second": 59487.384693897264, "loss_main": 2.455864906311035, "loss_total": 2.455864906311035}
{"event": "update", "optimizer_step": 14200, "tokens_seen": 465305600, "lr": 0.0003, "grad_norm": 0.5843541622161865, "elapsed_seconds": 7821.900753755937, "tokens_per_second": 59487.53565769401, "loss_main": 2.4345145225524902, "loss_total": 2.4345145225524902}
{"event": "update", "optimizer_step": 14210, "tokens_seen": 465633280, "lr": 0.0003, "grad_norm": 0.6207638382911682, "elapsed_seconds": 7827.406779379933, "tokens_per_second": 59487.55355689924, "loss_main": 2.715341091156006, "loss_total": 2.715341091156006}
{"event": "update", "optimizer_step": 14220, "tokens_seen": 465960960, "lr": 0.0003, "grad_norm": 0.6197519302368164, "elapsed_seconds": 7832.8912365899305, "tokens_per_second": 59487.73523413014, "loss_main": 2.610214412212372, "loss_total": 2.610214412212372}
{"event": "update", "optimizer_step": 14230, "tokens_seen": 466288640, "lr": 0.0003, "grad_norm": 0.6599746346473694, "elapsed_seconds": 7838.36293261894, "tokens_per_second": 59488.013505927884, "loss_main": 2.7935221195220947, "loss_total": 2.7935221195220947}
{"event": "update", "optimizer_step": 14240, "tokens_seen": 466616320, "lr": 0.0003, "grad_norm": 0.614617109298706, "elapsed_seconds": 7843.845574825944, "tokens_per_second": 59488.20837288785, "loss_main": 2.579134225845337, "loss_total": 2.579134225845337}
{"event": "update", "optimizer_step": 14250, "tokens_seen": 466944000, "lr": 0.0003, "grad_norm": 0.5892621874809265, "elapsed_seconds": 7849.330825519923, "tokens_per_second": 59488.38319845828, "loss_main": 2.5439879298210144, "loss_total": 2.5439879298210144}
{"event": "update", "optimizer_step": 14260, "tokens_seen": 467271680, "lr": 0.0003, "grad_norm": 0.7722715735435486, "elapsed_seconds": 7854.810735826963, "tokens_per_second": 59488.59822537852, "loss_main": 2.43676495552063, "loss_total": 2.43676495552063}
{"event": "update", "optimizer_step": 14270, "tokens_seen": 467599360, "lr": 0.0003, "grad_norm": 0.6292433738708496, "elapsed_seconds": 7860.292367624934, "tokens_per_second": 59488.79992377304, "loss_main": 2.6926795840263367, "loss_total": 2.6926795840263367}
{"event": "update", "optimizer_step": 14280, "tokens_seen": 467927040, "lr": 0.0003, "grad_norm": 0.6531944274902344, "elapsed_seconds": 7865.767811352911, "tokens_per_second": 59489.048141571904, "loss_main": 2.7370415925979614, "loss_total": 2.7370415925979614}
{"event": "update", "optimizer_step": 14290, "tokens_seen": 468254720, "lr": 0.0003, "grad_norm": 0.641048014163971, "elapsed_seconds": 7871.253879661963, "tokens_per_second": 59489.215715668106, "loss_main": 2.706672430038452, "loss_total": 2.706672430038452}
{"event": "update", "optimizer_step": 14300, "tokens_seen": 468582400, "lr": 0.0003, "grad_norm": 0.5855957865715027, "elapsed_seconds": 7876.733976287942, "tokens_per_second": 59489.42815773857, "loss_main": 2.5850234031677246, "loss_total": 2.5850234031677246}
{"event": "update", "optimizer_step": 14310, "tokens_seen": 468910080, "lr": 0.0003, "grad_norm": 0.6116188168525696, "elapsed_seconds": 7882.22471501492, "tokens_per_second": 59489.55998511043, "loss_main": 2.7804229855537415, "loss_total": 2.7804229855537415}
{"event": "update", "optimizer_step": 14320, "tokens_seen": 469237760, "lr": 0.0003, "grad_norm": 0.5944769978523254, "elapsed_seconds": 7887.704457665968, "tokens_per_second": 59489.77456222428, "loss_main": 2.6717970967292786, "loss_total": 2.6717970967292786}
{"event": "update", "optimizer_step": 14330, "tokens_seen": 469565440, "lr": 0.0003, "grad_norm": 0.6229637861251831, "elapsed_seconds": 7893.193181049952, "tokens_per_second": 59489.92115476622, "loss_main": 2.5373759865760803, "loss_total": 2.5373759865760803}
{"event": "update", "optimizer_step": 14340, "tokens_seen": 469893120, "lr": 0.0003, "grad_norm": 0.6045288443565369, "elapsed_seconds": 7898.665558507957, "tokens_per_second": 59490.19065554181, "loss_main": 2.585032343864441, "loss_total": 2.585032343864441}
{"event": "update", "optimizer_step": 14350, "tokens_seen": 470220800, "lr": 0.0003, "grad_norm": 0.6174652576446533, "elapsed_seconds": 7904.138843011926, "tokens_per_second": 59490.45295626654, "loss_main": 2.7060763239860535, "loss_total": 2.7060763239860535}
{"event": "update", "optimizer_step": 14360, "tokens_seen": 470548480, "lr": 0.0003, "grad_norm": 0.5892392992973328, "elapsed_seconds": 7909.626745031914, "tokens_per_second": 59490.604951182366, "loss_main": 2.558644711971283, "loss_total": 2.558644711971283}
{"event": "update", "optimizer_step": 14370, "tokens_seen": 470876160, "lr": 0.0003, "grad_norm": 0.6189352869987488, "elapsed_seconds": 7915.0997175199445, "tokens_per_second": 59490.8689473265, "loss_main": 2.543577790260315, "loss_total": 2.543577790260315}
{"event": "update", "optimizer_step": 14380, "tokens_seen": 471203840, "lr": 0.0003, "grad_norm": 0.5956174731254578, "elapsed_seconds": 7920.580983700929, "tokens_per_second": 59491.07028507747, "loss_main": 2.402781844139099, "loss_total": 2.402781844139099}
{"event": "update", "optimizer_step": 14390, "tokens_seen": 471531520, "lr": 0.0003, "grad_norm": 0.6045592427253723, "elapsed_seconds": 7926.074981054931, "tokens_per_second": 59491.1757871411, "loss_main": 2.384493112564087, "loss_total": 2.384493112564087}
{"event": "update", "optimizer_step": 14400, "tokens_seen": 471859200, "lr": 0.0003, "grad_norm": 0.6505947113037109, "elapsed_seconds": 7931.566695327929, "tokens_per_second": 59491.298267459264, "loss_main": 2.6625037789344788, "loss_total": 2.6625037789344788}
{"event": "update", "optimizer_step": 14410, "tokens_seen": 472186880, "lr": 0.0003, "grad_norm": 0.6687688827514648, "elapsed_seconds": 7937.057638736966, "tokens_per_second": 59491.42635622081, "loss_main": 2.5092416405677795, "loss_total": 2.5092416405677795}
{"event": "update", "optimizer_step": 14420, "tokens_seen": 472514560, "lr": 0.0003, "grad_norm": 0.6272586584091187, "elapsed_seconds": 7942.547456416942, "tokens_per_second": 59491.56269985471, "loss_main": 2.40907883644104, "loss_total": 2.40907883644104}
{"event": "update", "optimizer_step": 14430, "tokens_seen": 472842240, "lr": 0.0003, "grad_norm": 0.630038321018219, "elapsed_seconds": 7948.0357676619315, "tokens_per_second": 59491.71013092908, "loss_main": 2.4324517846107483, "loss_total": 2.4324517846107483}
{"event": "update", "optimizer_step": 14440, "tokens_seen": 473169920, "lr": 0.0003, "grad_norm": 0.6517884731292725, "elapsed_seconds": 7953.534781623923, "tokens_per_second": 59491.77730299558, "loss_main": 2.572607934474945, "loss_total": 2.572607934474945}
{"event": "update", "optimizer_step": 14450, "tokens_seen": 473497600, "lr": 0.0003, "grad_norm": 0.5879309773445129, "elapsed_seconds": 7959.041835296957, "tokens_per_second": 59491.78428741523, "loss_main": 2.599932014942169, "loss_total": 2.599932014942169}
{"event": "update", "optimizer_step": 14460, "tokens_seen": 473825280, "lr": 0.0003, "grad_norm": 0.63580721616745, "elapsed_seconds": 7964.524977317953, "tokens_per_second": 59491.96987257867, "loss_main": 2.6769416332244873, "loss_total": 2.6769416332244873}
{"event": "update", "optimizer_step": 14470, "tokens_seen": 474152960, "lr": 0.0003, "grad_norm": 0.6140453219413757, "elapsed_seconds": 7970.012069847959, "tokens_per_second": 59492.125713812784, "loss_main": 2.69184273481369, "loss_total": 2.69184273481369}
{"event": "update", "optimizer_step": 14480, "tokens_seen": 474480640, "lr": 0.0003, "grad_norm": 0.6265965104103088, "elapsed_seconds": 7975.506860135938, "tokens_per_second": 59492.22392016258, "loss_main": 2.5071197748184204, "loss_total": 2.5071197748184204}
{"event": "update", "optimizer_step": 14490, "tokens_seen": 474808320, "lr": 0.0003, "grad_norm": 0.5911946892738342, "elapsed_seconds": 7980.982184142922, "tokens_per_second": 59492.46709801917, "loss_main": 2.465293288230896, "loss_total": 2.465293288230896}
{"event": "update", "optimizer_step": 14500, "tokens_seen": 475136000, "lr": 0.0003, "grad_norm": 0.6144242286682129, "elapsed_seconds": 7986.483310129959, "tokens_per_second": 59492.51773898322, "loss_main": 2.489528775215149, "loss_total": 2.489528775215149}
{"event": "update", "optimizer_step": 14510, "tokens_seen": 475463680, "lr": 0.0003, "grad_norm": 0.5916808247566223, "elapsed_seconds": 7991.982756854966, "tokens_per_second": 59492.58081071063, "loss_main": 2.7031071186065674, "loss_total": 2.7031071186065674}
{"event": "update", "optimizer_step": 14520, "tokens_seen": 475791360, "lr": 0.0003, "grad_norm": 0.5940149426460266, "elapsed_seconds": 7997.467309385946, "tokens_per_second": 59492.75459264513, "loss_main": 2.552975833415985, "loss_total": 2.552975833415985}
{"event": "update", "optimizer_step": 14530, "tokens_seen": 476119040, "lr": 0.0003, "grad_norm": 0.6286640763282776, "elapsed_seconds": 8002.952110201935, "tokens_per_second": 59492.92629066929, "loss_main": 2.5768697261810303, "loss_total": 2.5768697261810303}
{"event": "update", "optimizer_step": 14540, "tokens_seen": 476446720, "lr": 0.0003, "grad_norm": 0.6136957406997681, "elapsed_seconds": 8008.427295588946, "tokens_per_second": 59493.16918471965, "loss_main": 2.602181851863861, "loss_total": 2.602181851863861}
{"event": "update", "optimizer_step": 14550, "tokens_seen": 476774400, "lr": 0.0003, "grad_norm": 0.6169691681861877, "elapsed_seconds": 8013.912519790931, "tokens_per_second": 59493.337221060436, "loss_main": 2.6109699010849, "loss_total": 2.6109699010849}
{"event": "update", "optimizer_step": 14560, "tokens_seen": 477102080, "lr": 0.0003, "grad_norm": 0.622784435749054, "elapsed_seconds": 8019.399751263962, "tokens_per_second": 59493.49013619161, "loss_main": 2.5736156702041626, "loss_total": 2.5736156702041626}
{"event": "update", "optimizer_step": 14570, "tokens_seen": 477429760, "lr": 0.0003, "grad_norm": 0.6334385275840759, "elapsed_seconds": 8024.899089322949, "tokens_per_second": 59493.553088438915, "loss_main": 2.4800493717193604, "loss_total": 2.4800493717193604}
{"event": "update", "optimizer_step": 14580, "tokens_seen": 477757440, "lr": 0.0003, "grad_norm": 0.6191169023513794, "elapsed_seconds": 8030.402743128943, "tokens_per_second": 59493.58398105049, "loss_main": 2.5342549085617065, "loss_total": 2.5342549085617065}
{"event": "update", "optimizer_step": 14590, "tokens_seen": 478085120, "lr": 0.0003, "grad_norm": 0.612995445728302, "elapsed_seconds": 8035.899512835953, "tokens_per_second": 59493.66579763001, "loss_main": 2.6357612013816833, "loss_total": 2.6357612013816833}
{"event": "update", "optimizer_step": 14600, "tokens_seen": 478412800, "lr": 0.0003, "grad_norm": 0.5800579190254211, "elapsed_seconds": 8041.390573919925, "tokens_per_second": 59493.789737262916, "loss_main": 2.54648894071579, "loss_total": 2.54648894071579}
{"event": "update", "optimizer_step": 14610, "tokens_seen": 478740480, "lr": 0.0003, "grad_norm": 0.6040717363357544, "elapsed_seconds": 8046.897719755943, "tokens_per_second": 59493.794586781434, "loss_main": 2.5750067234039307, "loss_total": 2.5750067234039307}
{"event": "update", "optimizer_step": 14620, "tokens_seen": 479068160, "lr": 0.0003, "grad_norm": 0.5994821786880493, "elapsed_seconds": 8052.383695150958, "tokens_per_second": 59493.9558442165, "loss_main": 2.4435557425022125, "loss_total": 2.4435557425022125}
{"event": "update", "optimizer_step": 14630, "tokens_seen": 479395840, "lr": 0.0003, "grad_norm": 0.5793896317481995, "elapsed_seconds": 8057.881988574925, "tokens_per_second": 59494.02593382773, "loss_main": 2.368113398551941, "loss_total": 2.368113398551941}
{"event": "update", "optimizer_step": 14640, "tokens_seen": 479723520, "lr": 0.0003, "grad_norm": 0.595307469367981, "elapsed_seconds": 8063.372084647941, "tokens_per_second": 59494.1564104871, "loss_main": 2.431483209133148, "loss_total": 2.431483209133148}
{"event": "evaluation", "tokens_seen": 480018432, "elapsed_seconds": 8068.30932632793, "parameters": 71199040, "main_loss": 2.670598939061165, "perplexity": 14.448620444922259}
{"event": "update", "optimizer_step": 14650, "tokens_seen": 480051200, "lr": 0.0003, "grad_norm": 0.6166964173316956, "elapsed_seconds": 8071.350366009923, "tokens_per_second": 59475.94618387426, "loss_main": 2.451779365539551, "loss_total": 2.451779365539551}
{"event": "update", "optimizer_step": 14660, "tokens_seen": 480378880, "lr": 0.0003, "grad_norm": 0.6653501987457275, "elapsed_seconds": 8076.842996893916, "tokens_per_second": 59476.07006657647, "loss_main": 2.602247416973114, "loss_total": 2.602247416973114}
{"event": "update", "optimizer_step": 14670, "tokens_seen": 480706560, "lr": 0.0003, "grad_norm": 0.6031182408332825, "elapsed_seconds": 8082.335453298932, "tokens_per_second": 59476.19506485493, "loss_main": 2.64975905418396, "loss_total": 2.64975905418396}
{"event": "update", "optimizer_step": 14680, "tokens_seen": 481034240, "lr": 0.0003, "grad_norm": 0.5816923379898071, "elapsed_seconds": 8087.837611595925, "tokens_per_second": 59476.248547611525, "loss_main": 2.52472460269928, "loss_total": 2.52472460269928}
{"event": "update", "optimizer_step": 14690, "tokens_seen": 481361920, "lr": 0.0003, "grad_norm": 0.6770657300949097, "elapsed_seconds": 8093.345633267949, "tokens_per_second": 59476.258868933866, "loss_main": 2.61529940366745, "loss_total": 2.61529940366745}
{"event": "update", "optimizer_step": 14700, "tokens_seen": 481689600, "lr": 0.0003, "grad_norm": 0.6036925315856934, "elapsed_seconds": 8098.843010364915, "tokens_per_second": 59476.34734782891, "loss_main": 2.486451268196106, "loss_total": 2.486451268196106}
{"event": "update", "optimizer_step": 14710, "tokens_seen": 482017280, "lr": 0.0003, "grad_norm": 0.617250919342041, "elapsed_seconds": 8104.329986757948, "tokens_per_second": 59476.51203586121, "loss_main": 2.524622321128845, "loss_total": 2.524622321128845}
{"event": "update", "optimizer_step": 14720, "tokens_seen": 482344960, "lr": 0.0003, "grad_norm": 0.6134442090988159, "elapsed_seconds": 8109.8175642809365, "tokens_per_second": 59476.672092409455, "loss_main": 2.5759729743003845, "loss_total": 2.5759729743003845}
{"event": "update", "optimizer_step": 14730, "tokens_seen": 482672640, "lr": 0.0003, "grad_norm": 0.5814023017883301, "elapsed_seconds": 8115.295205455914, "tokens_per_second": 59476.90475578746, "loss_main": 2.524031698703766, "loss_total": 2.524031698703766}
{"event": "update", "optimizer_step": 14740, "tokens_seen": 483000320, "lr": 0.0003, "grad_norm": 0.6505265831947327, "elapsed_seconds": 8120.789018379932, "tokens_per_second": 59477.01866244973, "loss_main": 2.604352295398712, "loss_total": 2.604352295398712}
{"event": "update", "optimizer_step": 14750, "tokens_seen": 483328000, "lr": 0.0003, "grad_norm": 0.6245415210723877, "elapsed_seconds": 8126.2771126589505, "tokens_per_second": 59477.17427050099, "loss_main": 2.6719091534614563, "loss_total": 2.6719091534614563}
{"event": "update", "optimizer_step": 14760, "tokens_seen": 483655680, "lr": 0.0003, "grad_norm": 0.6209606528282166, "elapsed_seconds": 8131.778150382917, "tokens_per_second": 59477.23499776308, "loss_main": 2.682979702949524, "loss_total": 2.682979702949524}
{"event": "update", "optimizer_step": 14770, "tokens_seen": 483983360, "lr": 0.0003, "grad_norm": 0.5817399621009827, "elapsed_seconds": 8137.274285466934, "tokens_per_second": 59477.33147749339, "loss_main": 2.503299593925476, "loss_total": 2.503299593925476}
{"event": "update", "optimizer_step": 14780, "tokens_seen": 484311040, "lr": 0.0003, "grad_norm": 0.6304893493652344, "elapsed_seconds": 8142.771864276961, "tokens_per_second": 59477.41728154194, "loss_main": 2.5827523469924927, "loss_total": 2.5827523469924927}
{"event": "update", "optimizer_step": 14790, "tokens_seen": 484638720, "lr": 0.0003, "grad_norm": 0.6226748824119568, "elapsed_seconds": 8148.264149373921, "tokens_per_second": 59477.541610778244, "loss_main": 2.6302764415740967, "loss_total": 2.6302764415740967}
{"event": "update", "optimizer_step": 14800, "tokens_seen": 484966400, "lr": 0.0003, "grad_norm": 0.5792027711868286, "elapsed_seconds": 8153.756826320954, "tokens_per_second": 59477.662914166285, "loss_main": 2.5166350603103638, "loss_total": 2.5166350603103638}
{"event": "update", "optimizer_step": 14810, "tokens_seen": 485294080, "lr": 0.0003, "grad_norm": 0.636106550693512, "elapsed_seconds": 8159.245388473966, "tokens_per_second": 59477.814049512875, "loss_main": 2.68596613407135, "loss_total": 2.68596613407135}
{"event": "update", "optimizer_step": 14820, "tokens_seen": 485621760, "lr": 0.0003, "grad_norm": 0.6324344873428345, "elapsed_seconds": 8164.747667805932, "tokens_per_second": 59477.86505574868, "loss_main": 2.4380335807800293, "loss_total": 2.4380335807800293}
{"event": "update", "optimizer_step": 14830, "tokens_seen": 485949440, "lr": 0.0003, "grad_norm": 0.610607385635376, "elapsed_seconds": 8170.239999803947, "tokens_per_second": 59477.98840813254, "loss_main": 2.8018422722816467, "loss_total": 2.8018422722816467}
{"event": "update", "optimizer_step": 14840, "tokens_seen": 486277120, "lr": 0.0003, "grad_norm": 0.6739454865455627, "elapsed_seconds": 8175.735662259918, "tokens_per_second": 59478.08736585111, "loss_main": 2.6601410508155823, "loss_total": 2.6601410508155823}
{"event": "update", "optimizer_step": 14850, "tokens_seen": 486604800, "lr": 0.0003, "grad_norm": 0.5951191782951355, "elapsed_seconds": 8181.250509969948, "tokens_per_second": 59478.04671266415, "loss_main": 2.551651358604431, "loss_total": 2.551651358604431}
{"event": "update", "optimizer_step": 14860, "tokens_seen": 486932480, "lr": 0.0003, "grad_norm": 0.6135303378105164, "elapsed_seconds": 8186.7431178249535, "tokens_per_second": 59478.16769037304, "loss_main": 2.435351848602295, "loss_total": 2.435351848602295}
{"event": "update", "optimizer_step": 14870, "tokens_seen": 487260160, "lr": 0.0003, "grad_norm": 0.6393252611160278, "elapsed_seconds": 8192.23119800596, "tokens_per_second": 59478.321378259214, "loss_main": 2.557831883430481, "loss_total": 2.557831883430481}
{"event": "update", "optimizer_step": 14880, "tokens_seen": 487587840, "lr": 0.0003, "grad_norm": 0.586969256401062, "elapsed_seconds": 8197.71746358194, "tokens_per_second": 59478.48802622086, "loss_main": 2.5881012082099915, "loss_total": 2.5881012082099915}
{"event": "update", "optimizer_step": 14890, "tokens_seen": 487915520, "lr": 0.0003, "grad_norm": 0.641466498374939, "elapsed_seconds": 8203.213920738955, "tokens_per_second": 59478.58055566202, "loss_main": 2.506425619125366, "loss_total": 2.506425619125366}
{"event": "update", "optimizer_step": 14900, "tokens_seen": 488243200, "lr": 0.0003, "grad_norm": 0.5899869799613953, "elapsed_seconds": 8208.707472085953, "tokens_per_second": 59478.69401611533, "loss_main": 2.3612335920333862, "loss_total": 2.3612335920333862}
{"event": "update", "optimizer_step": 14910, "tokens_seen": 488570880, "lr": 0.0003, "grad_norm": 0.6235961318016052, "elapsed_seconds": 8214.184621480934, "tokens_per_second": 59478.92609113473, "loss_main": 2.818739891052246, "loss_total": 2.818739891052246}
{"event": "update", "optimizer_step": 14920, "tokens_seen": 488898560, "lr": 0.0003, "grad_norm": 0.6150781512260437, "elapsed_seconds": 8219.667546739918, "tokens_per_second": 59479.11606156222, "loss_main": 2.534287989139557, "loss_total": 2.534287989139557}
{"event": "update", "optimizer_step": 14930, "tokens_seen": 489226240, "lr": 0.0003, "grad_norm": 0.619109570980072, "elapsed_seconds": 8225.155054418952, "tokens_per_second": 59479.27264145178, "loss_main": 2.714506447315216, "loss_total": 2.714506447315216}
{"event": "update", "optimizer_step": 14940, "tokens_seen": 489553920, "lr": 0.0003, "grad_norm": 0.6325786709785461, "elapsed_seconds": 8230.642901217914, "tokens_per_second": 59479.42656187394, "loss_main": 2.708528757095337, "loss_total": 2.708528757095337}
{"event": "update", "optimizer_step": 14950, "tokens_seen": 489881600, "lr": 0.0003, "grad_norm": 0.6363654732704163, "elapsed_seconds": 8236.127896049933, "tokens_per_second": 59479.60087348187, "loss_main": 2.7469775080680847, "loss_total": 2.7469775080680847}
{"event": "update", "optimizer_step": 14960, "tokens_seen": 490209280, "lr": 0.0003, "grad_norm": 0.6056122183799744, "elapsed_seconds": 8241.627480805968, "tokens_per_second": 59479.66965768044, "loss_main": 2.4582430124282837, "loss_total": 2.4582430124282837}
{"event": "update", "optimizer_step": 14970, "tokens_seen": 490536960, "lr": 0.0003, "grad_norm": 0.6119962930679321, "elapsed_seconds": 8247.13171490992, "tokens_per_second": 59479.704818241524, "loss_main": 2.5457091331481934, "loss_total": 2.5457091331481934}
{"event": "update", "optimizer_step": 14980, "tokens_seen": 490864640, "lr": 0.0003, "grad_norm": 0.5778680443763733, "elapsed_seconds": 8252.633521514945, "tokens_per_second": 59479.75742777094, "loss_main": 2.472354471683502, "loss_total": 2.472354471683502}
{"event": "update", "optimizer_step": 14990, "tokens_seen": 491192320, "lr": 0.0003, "grad_norm": 0.68682461977005, "elapsed_seconds": 8258.127376736957, "tokens_per_second": 59479.867237660044, "loss_main": 2.467974543571472, "loss_total": 2.467974543571472}
{"event": "update", "optimizer_step": 15000, "tokens_seen": 491520000, "lr": 0.0003, "grad_norm": 0.6297667026519775, "elapsed_seconds": 8263.63554564293, "tokens_per_second": 59479.87387453915, "loss_main": 2.474692225456238, "loss_total": 2.474692225456238}
{"event": "update", "optimizer_step": 15010, "tokens_seen": 491847680, "lr": 0.0003, "grad_norm": 0.5801416039466858, "elapsed_seconds": 8269.123448166938, "tokens_per_second": 59480.02627884707, "loss_main": 2.5372031927108765, "loss_total": 2.5372031927108765}
{"event": "update", "optimizer_step": 15020, "tokens_seen": 492175360, "lr": 0.0003, "grad_norm": 0.6939316987991333, "elapsed_seconds": 8274.622835976945, "tokens_per_second": 59480.095921724416, "loss_main": 2.499283194541931, "loss_total": 2.499283194541931}
{"event": "update", "optimizer_step": 15030, "tokens_seen": 492503040, "lr": 0.0003, "grad_norm": 0.5911074280738831, "elapsed_seconds": 8280.110486501944, "tokens_per_second": 59480.249786867906, "loss_main": 2.5265921354293823, "loss_total": 2.5265921354293823}
{"event": "update", "optimizer_step": 15040, "tokens_seen": 492830720, "lr": 0.0003, "grad_norm": 0.609491229057312, "elapsed_seconds": 8285.593781326956, "tokens_per_second": 59480.43471678286, "loss_main": 2.3136122822761536, "loss_total": 2.3136122822761536}
{"event": "update", "optimizer_step": 15050, "tokens_seen": 493158400, "lr": 0.0003, "grad_norm": 0.617148220539093, "elapsed_seconds": 8291.088673840917, "tokens_per_second": 59480.536199782335, "loss_main": 2.639500379562378, "loss_total": 2.639500379562378}
{"event": "update", "optimizer_step": 15060, "tokens_seen": 493486080, "lr": 0.0003, "grad_norm": 0.6610040664672852, "elapsed_seconds": 8296.581063048914, "tokens_per_second": 59480.6554952949, "loss_main": 2.550033450126648, "loss_total": 2.550033450126648}
{"event": "update", "optimizer_step": 15070, "tokens_seen": 493813760, "lr": 0.0003, "grad_norm": 0.5924279093742371, "elapsed_seconds": 8302.077118132962, "tokens_per_second": 59480.7483685544, "loss_main": 2.579252779483795, "loss_total": 2.579252779483795}
{"event": "update", "optimizer_step": 15080, "tokens_seen": 494141440, "lr": 0.0003, "grad_norm": 0.6321427822113037, "elapsed_seconds": 8307.553054005955, "tokens_per_second": 59480.98516948042, "loss_main": 2.601590573787689, "loss_total": 2.601590573787689}
{"event": "update", "optimizer_step": 15090, "tokens_seen": 494469120, "lr": 0.0003, "grad_norm": 0.6045665740966797, "elapsed_seconds": 8313.048124370922, "tokens_per_second": 59481.084748010915, "loss_main": 2.608397901058197, "loss_total": 2.608397901058197}
{"event": "update", "optimizer_step": 15100, "tokens_seen": 494796800, "lr": 0.0003, "grad_norm": 0.6388981938362122, "elapsed_seconds": 8318.528688464954, "tokens_per_second": 59481.2879212786, "loss_main": 2.562125325202942, "loss_total": 2.562125325202942}
{"event": "update", "optimizer_step": 15110, "tokens_seen": 495124480, "lr": 0.0003, "grad_norm": 0.6336257457733154, "elapsed_seconds": 8324.022094493965, "tokens_per_second": 59481.39906157946, "loss_main": 2.539804220199585, "loss_total": 2.539804220199585}
{"event": "update", "optimizer_step": 15120, "tokens_seen": 495452160, "lr": 0.0003, "grad_norm": 0.5976670384407043, "elapsed_seconds": 8329.501270091918, "tokens_per_second": 59481.61167571712, "loss_main": 2.4919764399528503, "loss_total": 2.4919764399528503}
{"event": "update", "optimizer_step": 15130, "tokens_seen": 495779840, "lr": 0.0003, "grad_norm": 0.6465504765510559, "elapsed_seconds": 8334.996717066912, "tokens_per_second": 59481.70789135777, "loss_main": 2.5544217228889465, "loss_total": 2.5544217228889465}
{"event": "update", "optimizer_step": 15140, "tokens_seen": 496107520, "lr": 0.0003, "grad_norm": 0.6169313192367554, "elapsed_seconds": 8340.492334238952, "tokens_per_second": 59481.80276641529, "loss_main": 2.4242993593215942, "loss_total": 2.4242993593215942}
{"event": "update", "optimizer_step": 15150, "tokens_seen": 496435200, "lr": 0.0003, "grad_norm": 0.5845094323158264, "elapsed_seconds": 8345.990370882966, "tokens_per_second": 59481.88027294351, "loss_main": 2.4978753328323364, "loss_total": 2.4978753328323364}
{"event": "update", "optimizer_step": 15160, "tokens_seen": 496762880, "lr": 0.0003, "grad_norm": 0.6376293897628784, "elapsed_seconds": 8351.490806582966, "tokens_per_second": 59481.94059058682, "loss_main": 2.328810155391693, "loss_total": 2.328810155391693}
{"event": "update", "optimizer_step": 15170, "tokens_seen": 497090560, "lr": 0.0003, "grad_norm": 0.6204567551612854, "elapsed_seconds": 8356.980645343952, "tokens_per_second": 59482.07625405372, "loss_main": 2.5636696815490723, "loss_total": 2.5636696815490723}
{"event": "update", "optimizer_step": 15180, "tokens_seen": 497418240, "lr": 0.0003, "grad_norm": 0.6258353590965271, "elapsed_seconds": 8362.469712202961, "tokens_per_second": 59482.21722993398, "loss_main": 2.4884740710258484, "loss_total": 2.4884740710258484}
{"event": "update", "optimizer_step": 15190, "tokens_seen": 497745920, "lr": 0.0003, "grad_norm": 0.5920693278312683, "elapsed_seconds": 8367.958359529963, "tokens_per_second": 59482.361003043865, "loss_main": 2.532613217830658, "loss_total": 2.532613217830658}
{"event": "update", "optimizer_step": 15200, "tokens_seen": 498073600, "lr": 0.0003, "grad_norm": 0.6632562875747681, "elapsed_seconds": 8373.453796622925, "tokens_per_second": 59482.45635521112, "loss_main": 2.485814869403839, "loss_total": 2.485814869403839}
{"event": "update", "optimizer_step": 15210, "tokens_seen": 498401280, "lr": 0.0003, "grad_norm": 0.6150698661804199, "elapsed_seconds": 8378.940554146946, "tokens_per_second": 59482.61319903133, "loss_main": 2.4454156160354614, "loss_total": 2.4454156160354614}
{"event": "update", "optimizer_step": 15220, "tokens_seen": 498728960, "lr": 0.0003, "grad_norm": 0.6203128695487976, "elapsed_seconds": 8384.440009702928, "tokens_per_second": 59482.67975235601, "loss_main": 2.388224482536316, "loss_total": 2.388224482536316}
{"event": "update", "optimizer_step": 15230, "tokens_seen": 499056640, "lr": 0.0003, "grad_norm": 0.5998103022575378, "elapsed_seconds": 8389.943436980946, "tokens_per_second": 59482.71805984684, "loss_main": 2.5216612815856934, "loss_total": 2.5216612815856934}
{"event": "update", "optimizer_step": 15240, "tokens_seen": 499384320, "lr": 0.0003, "grad_norm": 0.6926483511924744, "elapsed_seconds": 8395.432060422958, "tokens_per_second": 59482.86120426794, "loss_main": 2.794950008392334, "loss_total": 2.794950008392334}
{"event": "update", "optimizer_step": 15250, "tokens_seen": 499712000, "lr": 0.0003, "grad_norm": 0.5904030799865723, "elapsed_seconds": 8400.919751163921, "tokens_per_second": 59483.01076566842, "loss_main": 2.589438557624817, "loss_total": 2.589438557624817}
{"event": "update", "optimizer_step": 15260, "tokens_seen": 500039680, "lr": 0.0003, "grad_norm": 0.5988426208496094, "elapsed_seconds": 8406.417056260922, "tokens_per_second": 59483.09210135857, "loss_main": 2.404091238975525, "loss_total": 2.404091238975525}
{"event": "update", "optimizer_step": 15270, "tokens_seen": 500367360, "lr": 0.0003, "grad_norm": 0.6016865968704224, "elapsed_seconds": 8411.914930311963, "tokens_per_second": 59483.16930749601, "loss_main": 2.556323826313019, "loss_total": 2.556323826313019}
{"event": "update", "optimizer_step": 15280, "tokens_seen": 500695040, "lr": 0.0003, "grad_norm": 0.6307386159896851, "elapsed_seconds": 8417.40752713196, "tokens_per_second": 59483.28370535725, "loss_main": 2.3086326718330383, "loss_total": 2.3086326718330383}
{"event": "update", "optimizer_step": 15290, "tokens_seen": 501022720, "lr": 0.0003, "grad_norm": 0.7299985289573669, "elapsed_seconds": 8422.90135073493, "tokens_per_second": 59483.389290352294, "loss_main": 2.5938276648521423, "loss_total": 2.5938276648521423}
{"event": "update", "optimizer_step": 15300, "tokens_seen": 501350400, "lr": 0.0003, "grad_norm": 0.6103637218475342, "elapsed_seconds": 8428.397599060962, "tokens_per_second": 59483.47762519619, "loss_main": 2.60647314786911, "loss_total": 2.60647314786911}
{"event": "update", "optimizer_step": 15310, "tokens_seen": 501678080, "lr": 0.0003, "grad_norm": 0.5992841124534607, "elapsed_seconds": 8433.879291553923, "tokens_per_second": 59483.668506188325, "loss_main": 2.481747329235077, "loss_total": 2.481747329235077}
{"event": "update", "optimizer_step": 15320, "tokens_seen": 502005760, "lr": 0.0003, "grad_norm": 0.6102809309959412, "elapsed_seconds": 8439.376074749918, "tokens_per_second": 59483.752774327666, "loss_main": 2.609476387500763, "loss_total": 2.609476387500763}
{"event": "update", "optimizer_step": 15330, "tokens_seen": 502333440, "lr": 0.0003, "grad_norm": 0.6278256773948669, "elapsed_seconds": 8444.859040323936, "tokens_per_second": 59483.934261232025, "loss_main": 2.4336437582969666, "loss_total": 2.4336437582969666}
{"event": "update", "optimizer_step": 15340, "tokens_seen": 502661120, "lr": 0.0003, "grad_norm": 0.6562225222587585, "elapsed_seconds": 8450.349240676966, "tokens_per_second": 59484.064585208944, "loss_main": 2.6861932277679443, "loss_total": 2.6861932277679443}
{"event": "update", "optimizer_step": 15350, "tokens_seen": 502988800, "lr": 0.0003, "grad_norm": 0.586971640586853, "elapsed_seconds": 8455.853513471957, "tokens_per_second": 59484.09574487458, "loss_main": 2.58340185880661, "loss_total": 2.58340185880661}
{"event": "update", "optimizer_step": 15360, "tokens_seen": 503316480, "lr": 0.0003, "grad_norm": 0.5997953414916992, "elapsed_seconds": 8461.350675396912, "tokens_per_second": 59484.176854115554, "loss_main": 2.467791497707367, "loss_total": 2.467791497707367}
{"event": "update", "optimizer_step": 15370, "tokens_seen": 503644160, "lr": 0.0003, "grad_norm": 0.6339939832687378, "elapsed_seconds": 8466.835652797949, "tokens_per_second": 59484.34346113307, "loss_main": 2.607174038887024, "loss_total": 2.607174038887024}
{"event": "update", "optimizer_step": 15380, "tokens_seen": 503971840, "lr": 0.0003, "grad_norm": 0.5859619379043579, "elapsed_seconds": 8472.333226665913, "tokens_per_second": 59484.42141224965, "loss_main": 2.7297463417053223, "loss_total": 2.7297463417053223}
{"event": "update", "optimizer_step": 15390, "tokens_seen": 504299520, "lr": 0.0003, "grad_norm": 0.5949405431747437, "elapsed_seconds": 8477.813900020963, "tokens_per_second": 59484.6178445546, "loss_main": 2.6715831756591797, "loss_total": 2.6715831756591797}
{"event": "update", "optimizer_step": 15400, "tokens_seen": 504627200, "lr": 0.0003, "grad_norm": 0.623326301574707, "elapsed_seconds": 8483.30248852796, "tokens_per_second": 59484.75852209816, "loss_main": 2.589158535003662, "loss_total": 2.589158535003662}
{"event": "update", "optimizer_step": 15410, "tokens_seen": 504954880, "lr": 0.0003, "grad_norm": 0.6106512546539307, "elapsed_seconds": 8488.792941517953, "tokens_per_second": 59484.88595243139, "loss_main": 2.478559195995331, "loss_total": 2.478559195995331}
{"event": "update", "optimizer_step": 15420, "tokens_seen": 505282560, "lr": 0.0003, "grad_norm": 0.622504711151123, "elapsed_seconds": 8494.293655877933, "tokens_per_second": 59484.94135829075, "loss_main": 2.650251030921936, "loss_total": 2.650251030921936}
{"event": "update", "optimizer_step": 15430, "tokens_seen": 505610240, "lr": 0.0003, "grad_norm": 0.6887584924697876, "elapsed_seconds": 8499.788858848915, "tokens_per_second": 59485.03526339033, "loss_main": 2.5815775990486145, "loss_total": 2.5815775990486145}
{"event": "update", "optimizer_step": 15440, "tokens_seen": 505937920, "lr": 0.0003, "grad_norm": 0.6565578579902649, "elapsed_seconds": 8505.271186910919, "tokens_per_second": 59485.21909314389, "loss_main": 2.6460764408111572, "loss_total": 2.6460764408111572}
{"event": "update", "optimizer_step": 15450, "tokens_seen": 506265600, "lr": 0.0003, "grad_norm": 0.646364688873291, "elapsed_seconds": 8510.76277526695, "tokens_per_second": 59485.337961863275, "loss_main": 2.736934721469879, "loss_total": 2.736934721469879}
{"event": "update", "optimizer_step": 15460, "tokens_seen": 506593280, "lr": 0.0003, "grad_norm": 0.6044069528579712, "elapsed_seconds": 8516.252066776913, "tokens_per_second": 59485.47272059866, "loss_main": 2.4719091653823853, "loss_total": 2.4719091653823853}
{"event": "update", "optimizer_step": 15470, "tokens_seen": 506920960, "lr": 0.0003, "grad_norm": 0.6607262492179871, "elapsed_seconds": 8521.736933815933, "tokens_per_second": 59485.63819054747, "loss_main": 2.6664750576019287, "loss_total": 2.6664750576019287}
{"event": "update", "optimizer_step": 15480, "tokens_seen": 507248640, "lr": 0.0003, "grad_norm": 0.6563828587532043, "elapsed_seconds": 8527.22165856295, "tokens_per_second": 59485.804440257045, "loss_main": 2.4564157128334045, "loss_total": 2.4564157128334045}
{"event": "update", "optimizer_step": 15490, "tokens_seen": 507576320, "lr": 0.0003, "grad_norm": 0.6269346475601196, "elapsed_seconds": 8532.72474010993, "tokens_per_second": 59485.84250163691, "loss_main": 2.611229121685028, "loss_total": 2.611229121685028}
{"event": "update", "optimizer_step": 15500, "tokens_seen": 507904000, "lr": 0.0003, "grad_norm": 0.6157293319702148, "elapsed_seconds": 8538.225982380915, "tokens_per_second": 59485.89332820273, "loss_main": 2.4672504663467407, "loss_total": 2.4672504663467407}
{"event": "update", "optimizer_step": 15510, "tokens_seen": 508231680, "lr": 0.0003, "grad_norm": 0.6480371356010437, "elapsed_seconds": 8543.716375449963, "tokens_per_second": 59486.01962728819, "loss_main": 2.4671069979667664, "loss_total": 2.4671069979667664}
{"event": "update", "optimizer_step": 15520, "tokens_seen": 508559360, "lr": 0.0003, "grad_norm": 0.5989283323287964, "elapsed_seconds": 8549.203097700956, "tokens_per_second": 59486.17130604387, "loss_main": 2.6372810006141663, "loss_total": 2.6372810006141663}
{"event": "update", "optimizer_step": 15530, "tokens_seen": 508887040, "lr": 0.0003, "grad_norm": 0.6245381236076355, "elapsed_seconds": 8554.700778173923, "tokens_per_second": 59486.24659068747, "loss_main": 2.4138036966323853, "loss_total": 2.4138036966323853}
{"event": "update", "optimizer_step": 15540, "tokens_seen": 509214720, "lr": 0.0003, "grad_norm": 0.6377821564674377, "elapsed_seconds": 8560.195719832962, "tokens_per_second": 59486.34081113469, "loss_main": 2.4968544840812683, "loss_total": 2.4968544840812683}
{"event": "update", "optimizer_step": 15550, "tokens_seen": 509542400, "lr": 0.0003, "grad_norm": 0.5880758166313171, "elapsed_seconds": 8565.68052629393, "tokens_per_second": 59486.50529702409, "loss_main": 2.5310140252113342, "loss_total": 2.5310140252113342}
{"event": "update", "optimizer_step": 15560, "tokens_seen": 509870080, "lr": 0.0003, "grad_norm": 0.6334133744239807, "elapsed_seconds": 8571.169904388953, "tokens_per_second": 59486.63784379259, "loss_main": 2.5014562010765076, "loss_total": 2.5014562010765076}
{"event": "update", "optimizer_step": 15570, "tokens_seen": 510197760, "lr": 0.0003, "grad_norm": 0.6159184575080872, "elapsed_seconds": 8576.655107072962, "tokens_per_second": 59486.79918109941, "loss_main": 2.520658493041992, "loss_total": 2.520658493041992}
{"event": "update", "optimizer_step": 15580, "tokens_seen": 510525440, "lr": 0.0003, "grad_norm": 0.6399335265159607, "elapsed_seconds": 8582.128584422928, "tokens_per_second": 59487.041586237, "loss_main": 2.5873129963874817, "loss_total": 2.5873129963874817}
{"event": "update", "optimizer_step": 15590, "tokens_seen": 510853120, "lr": 0.0003, "grad_norm": 0.6343898773193359, "elapsed_seconds": 8587.61361383996, "tokens_per_second": 59487.20366001324, "loss_main": 2.5745673179626465, "loss_total": 2.5745673179626465}
{"event": "update", "optimizer_step": 15600, "tokens_seen": 511180800, "lr": 0.0003, "grad_norm": 0.627245306968689, "elapsed_seconds": 8593.116374118952, "tokens_per_second": 59487.242781861096, "loss_main": 2.4820399284362793, "loss_total": 2.4820399284362793}
{"event": "update", "optimizer_step": 15610, "tokens_seen": 511508480, "lr": 0.0003, "grad_norm": 0.6025910973548889, "elapsed_seconds": 8598.596687545942, "tokens_per_second": 59487.437146675344, "loss_main": 2.546327531337738, "loss_total": 2.546327531337738}
{"event": "update", "optimizer_step": 15620, "tokens_seen": 511836160, "lr": 0.0003, "grad_norm": 0.635534405708313, "elapsed_seconds": 8604.103537809919, "tokens_per_second": 59487.447791717575, "loss_main": 2.6882569193840027, "loss_total": 2.6882569193840027}
{"event": "update", "optimizer_step": 15630, "tokens_seen": 512163840, "lr": 0.0003, "grad_norm": 0.624006450176239, "elapsed_seconds": 8609.601687811955, "tokens_per_second": 59487.518537011594, "loss_main": 2.5570505261421204, "loss_total": 2.5570505261421204}
{"event": "update", "optimizer_step": 15640, "tokens_seen": 512491520, "lr": 0.0003, "grad_norm": 0.5986995100975037, "elapsed_seconds": 8615.087624526932, "tokens_per_second": 59487.67352533361, "loss_main": 2.411012649536133, "loss_total": 2.411012649536133}
{"event": "update", "optimizer_step": 15650, "tokens_seen": 512819200, "lr": 0.0003, "grad_norm": 0.5969628691673279, "elapsed_seconds": 8620.57399866893, "tokens_per_second": 59487.82529784936, "loss_main": 2.5725101828575134, "loss_total": 2.5725101828575134}
{"event": "update", "optimizer_step": 15660, "tokens_seen": 513146880, "lr": 0.0003, "grad_norm": 0.6799854040145874, "elapsed_seconds": 8626.07790819992, "tokens_per_second": 59487.85594809018, "loss_main": 2.5801733136177063, "loss_total": 2.5801733136177063}
{"event": "update", "optimizer_step": 15670, "tokens_seen": 513474560, "lr": 0.0003, "grad_norm": 0.5820272564888, "elapsed_seconds": 8631.565947869967, "tokens_per_second": 59487.99593273239, "loss_main": 2.538629472255707, "loss_total": 2.538629472255707}
{"event": "update", "optimizer_step": 15680, "tokens_seen": 513802240, "lr": 0.0003, "grad_norm": 0.5994791984558105, "elapsed_seconds": 8637.063716142962, "tokens_per_second": 59488.06873332269, "loss_main": 2.505250096321106, "loss_total": 2.505250096321106}
{"event": "update", "optimizer_step": 15690, "tokens_seen": 514129920, "lr": 0.0003, "grad_norm": 0.6165467500686646, "elapsed_seconds": 8642.560086650949, "tokens_per_second": 59488.15106233515, "loss_main": 2.590380072593689, "loss_total": 2.590380072593689}
{"event": "update", "optimizer_step": 15700, "tokens_seen": 514457600, "lr": 0.0003, "grad_norm": 0.6136934161186218, "elapsed_seconds": 8648.049478648929, "tokens_per_second": 59488.281290496605, "loss_main": 2.5299808979034424, "loss_total": 2.5299808979034424}
{"event": "update", "optimizer_step": 15710, "tokens_seen": 514785280, "lr": 0.0003, "grad_norm": 0.6566337943077087, "elapsed_seconds": 8653.51965329994, "tokens_per_second": 59488.543462623486, "loss_main": 2.3438291549682617, "loss_total": 2.3438291549682617}
{"event": "update", "optimizer_step": 15720, "tokens_seen": 515112960, "lr": 0.0003, "grad_norm": 0.6201926469802856, "elapsed_seconds": 8659.003056633926, "tokens_per_second": 59488.71442023066, "loss_main": 2.6463310718536377, "loss_total": 2.6463310718536377}
{"event": "update", "optimizer_step": 15730, "tokens_seen": 515440640, "lr": 0.0003, "grad_norm": 0.6344594955444336, "elapsed_seconds": 8664.498985816957, "tokens_per_second": 59488.79916123623, "loss_main": 2.6510865688323975, "loss_total": 2.6510865688323975}
{"event": "update", "optimizer_step": 15740, "tokens_seen": 515768320, "lr": 0.0003, "grad_norm": 0.6221429705619812, "elapsed_seconds": 8669.990208741918, "tokens_per_second": 59488.916086658646, "loss_main": 2.50526225566864, "loss_total": 2.50526225566864}
{"event": "update", "optimizer_step": 15750, "tokens_seen": 516096000, "lr": 0.0003, "grad_norm": 0.5940917134284973, "elapsed_seconds": 8675.473017757933, "tokens_per_second": 59489.090559511475, "loss_main": 2.6424893736839294, "loss_total": 2.6424893736839294}
{"event": "update", "optimizer_step": 15760, "tokens_seen": 516423680, "lr": 0.0003, "grad_norm": 0.5836941599845886, "elapsed_seconds": 8680.954614883929, "tokens_per_second": 59489.27311687195, "loss_main": 2.592777371406555, "loss_total": 2.592777371406555}
{"event": "update", "optimizer_step": 15770, "tokens_seen": 516751360, "lr": 0.0003, "grad_norm": 0.6414795517921448, "elapsed_seconds": 8686.44542737992, "tokens_per_second": 59489.39233201019, "loss_main": 2.6273179054260254, "loss_total": 2.6273179054260254}
{"event": "update", "optimizer_step": 15780, "tokens_seen": 517079040, "lr": 0.0003, "grad_norm": 0.6086496710777283, "elapsed_seconds": 8691.95110845496, "tokens_per_second": 59489.409632898125, "loss_main": 2.6784366965293884, "loss_total": 2.6784366965293884}
{"event": "update", "optimizer_step": 15790, "tokens_seen": 517406720, "lr": 0.0003, "grad_norm": 0.6137827634811401, "elapsed_seconds": 8697.464473438915, "tokens_per_second": 59489.37435503213, "loss_main": 2.5173102617263794, "loss_total": 2.5173102617263794}
{"event": "update", "optimizer_step": 15800, "tokens_seen": 517734400, "lr": 0.0003, "grad_norm": 0.6090160608291626, "elapsed_seconds": 8702.951494628913, "tokens_per_second": 59489.51919581804, "loss_main": 2.4750069975852966, "loss_total": 2.4750069975852966}
{"event": "update", "optimizer_step": 15810, "tokens_seen": 518062080, "lr": 0.0003, "grad_norm": 0.6002140045166016, "elapsed_seconds": 8708.438855663931, "tokens_per_second": 59489.661532509315, "loss_main": 2.6248058676719666, "loss_total": 2.6248058676719666}
{"event": "update", "optimizer_step": 15820, "tokens_seen": 518389760, "lr": 0.0003, "grad_norm": 0.5929569005966187, "elapsed_seconds": 8713.938543827913, "tokens_per_second": 59489.71953298611, "loss_main": 2.640996813774109, "loss_total": 2.640996813774109}
{"event": "update", "optimizer_step": 15830, "tokens_seen": 518717440, "lr": 0.0003, "grad_norm": 0.5937332510948181, "elapsed_seconds": 8719.450958977919, "tokens_per_second": 59489.690628502976, "loss_main": 2.506237268447876, "loss_total": 2.506237268447876}
{"event": "update", "optimizer_step": 15840, "tokens_seen": 519045120, "lr": 0.0003, "grad_norm": 0.6668441891670227, "elapsed_seconds": 8724.963469186914, "tokens_per_second": 59489.66111240007, "loss_main": 2.5960484743118286, "loss_total": 2.5960484743118286}
{"event": "update", "optimizer_step": 15850, "tokens_seen": 519372800, "lr": 0.0003, "grad_norm": 0.6240388751029968, "elapsed_seconds": 8730.475853926968, "tokens_per_second": 59489.632488518495, "loss_main": 2.624207317829132, "loss_total": 2.624207317829132}
{"event": "update", "optimizer_step": 15860, "tokens_seen": 519700480, "lr": 0.0003, "grad_norm": 0.6305569410324097, "elapsed_seconds": 8735.996009552968, "tokens_per_second": 59489.55098327635, "loss_main": 2.58548641204834, "loss_total": 2.58548641204834}
{"event": "update", "optimizer_step": 15870, "tokens_seen": 520028160, "lr": 0.0003, "grad_norm": 0.5998355746269226, "elapsed_seconds": 8741.510595764965, "tokens_per_second": 59489.50748305907, "loss_main": 2.5785672664642334, "loss_total": 2.5785672664642334}
{"event": "evaluation", "tokens_seen": 520028160, "elapsed_seconds": 8741.510595764965, "parameters": 71199040, "main_loss": 2.658317878842354, "perplexity": 14.272261222873656}
{"event": "update", "optimizer_step": 15880, "tokens_seen": 520355840, "lr": 0.0003, "grad_norm": 0.6599300503730774, "elapsed_seconds": 8749.570713823952, "tokens_per_second": 59472.15663710904, "loss_main": 2.6407647132873535, "loss_total": 2.6407647132873535}
{"event": "update", "optimizer_step": 15890, "tokens_seen": 520683520, "lr": 0.0003, "grad_norm": 0.5972660779953003, "elapsed_seconds": 8755.137984027911, "tokens_per_second": 59471.766287394705, "loss_main": 2.4898470640182495, "loss_total": 2.4898470640182495}
{"event": "update", "optimizer_step": 15900, "tokens_seen": 521011200, "lr": 0.0003, "grad_norm": 0.6736207604408264, "elapsed_seconds": 8760.772945729957, "tokens_per_second": 59470.91691880262, "loss_main": 2.5798215866088867, "loss_total": 2.5798215866088867}
{"event": "update", "optimizer_step": 15910, "tokens_seen": 521338880, "lr": 0.0003, "grad_norm": 0.5926173329353333, "elapsed_seconds": 8766.351950168959, "tokens_per_second": 59470.44825070615, "loss_main": 2.6580772399902344, "loss_total": 2.6580772399902344}
{"event": "update", "optimizer_step": 15920, "tokens_seen": 521666560, "lr": 0.0003, "grad_norm": 0.5865402817726135, "elapsed_seconds": 8771.955996958946, "tokens_per_second": 59469.81040270276, "loss_main": 2.5969231724739075, "loss_total": 2.5969231724739075}
{"event": "update", "optimizer_step": 15930, "tokens_seen": 521994240, "lr": 0.0003, "grad_norm": 0.6110661625862122, "elapsed_seconds": 8777.587491585931, "tokens_per_second": 59468.98740689012, "loss_main": 2.674740791320801, "loss_total": 2.674740791320801}
{"event": "update", "optimizer_step": 15940, "tokens_seen": 522321920, "lr": 0.0003, "grad_norm": 0.6263836622238159, "elapsed_seconds": 8783.082823863951, "tokens_per_second": 59469.08738931991, "loss_main": 2.538944184780121, "loss_total": 2.538944184780121}
{"event": "update", "optimizer_step": 15950, "tokens_seen": 522649600, "lr": 0.0003, "grad_norm": 0.6339495182037354, "elapsed_seconds": 8788.577900672914, "tokens_per_second": 59469.18897538388, "loss_main": 2.6184113025665283, "loss_total": 2.6184113025665283}
{"event": "update", "optimizer_step": 15960, "tokens_seen": 522977280, "lr": 0.0003, "grad_norm": 0.6184722185134888, "elapsed_seconds": 8794.066658435913, "tokens_per_second": 59469.33316662114, "loss_main": 2.52224063873291, "loss_total": 2.52224063873291}
{"event": "update", "optimizer_step": 15970, "tokens_seen": 523304960, "lr": 0.0003, "grad_norm": 0.6418318152427673, "elapsed_seconds": 8799.560898306954, "tokens_per_second": 59469.44012861875, "loss_main": 2.6634697914123535, "loss_total": 2.6634697914123535}
{"event": "update", "optimizer_step": 15980, "tokens_seen": 523632640, "lr": 0.0003, "grad_norm": 0.6350358724594116, "elapsed_seconds": 8805.042422687926, "tokens_per_second": 59469.63283796991, "loss_main": 2.514618992805481, "loss_total": 2.514618992805481}
{"event": "update", "optimizer_step": 15990, "tokens_seen": 523960320, "lr": 0.0003, "grad_norm": 0.6549170613288879, "elapsed_seconds": 8810.533100729925, "tokens_per_second": 59469.76352164111, "loss_main": 2.5404610633850098, "loss_total": 2.5404610633850098}
{"event": "update", "optimizer_step": 16000, "tokens_seen": 524288000, "lr": 0.0003, "grad_norm": 0.6152105927467346, "elapsed_seconds": 8816.025314975937, "tokens_per_second": 59469.88367982369, "loss_main": 2.443200945854187, "loss_total": 2.443200945854187}
{"event": "update", "optimizer_step": 16010, "tokens_seen": 524615680, "lr": 0.0003, "grad_norm": 0.6194556355476379, "elapsed_seconds": 8821.509826616966, "tokens_per_second": 59470.055615319674, "loss_main": 2.486709177494049, "loss_total": 2.486709177494049}
{"event": "update", "optimizer_step": 16020, "tokens_seen": 524943360, "lr": 0.0003, "grad_norm": 0.6178935170173645, "elapsed_seconds": 8826.993313667946, "tokens_per_second": 59470.234240142, "loss_main": 2.65419864654541, "loss_total": 2.65419864654541}
{"event": "update", "optimizer_step": 16030, "tokens_seen": 525271040, "lr": 0.0003, "grad_norm": 0.7841739058494568, "elapsed_seconds": 8832.478602155927, "tokens_per_second": 59470.40051382476, "loss_main": 2.450200378894806, "loss_total": 2.450200378894806}
{"event": "update", "optimizer_step": 16040, "tokens_seen": 525598720, "lr": 0.0003, "grad_norm": 0.5936436057090759, "elapsed_seconds": 8837.969756386941, "tokens_per_second": 59470.52711061443, "loss_main": 2.440504729747772, "loss_total": 2.440504729747772}
{"event": "update", "optimizer_step": 16050, "tokens_seen": 525926400, "lr": 0.0003, "grad_norm": 0.6570640802383423, "elapsed_seconds": 8843.45775814593, "tokens_per_second": 59470.67474999312, "loss_main": 2.6691854000091553, "loss_total": 2.6691854000091553}
{"event": "update", "optimizer_step": 16060, "tokens_seen": 526254080, "lr": 0.0003, "grad_norm": 0.6260479688644409, "elapsed_seconds": 8848.957027735945, "tokens_per_second": 59470.74647899438, "loss_main": 2.5890076756477356, "loss_total": 2.5890076756477356}
{"event": "update", "optimizer_step": 16070, "tokens_seen": 526581760, "lr": 0.0003, "grad_norm": 0.6827962398529053, "elapsed_seconds": 8854.452745636925, "tokens_per_second": 59470.841973771414, "loss_main": 2.583147168159485, "loss_total": 2.583147168159485}
{"event": "update", "optimizer_step": 16080, "tokens_seen": 526909440, "lr": 0.0003, "grad_norm": 0.6294214129447937, "elapsed_seconds": 8859.947565906914, "tokens_per_second": 59470.94337528, "loss_main": 2.5659217834472656, "loss_total": 2.5659217834472656}
{"event": "update", "optimizer_step": 16090, "tokens_seen": 527237120, "lr": 0.0003, "grad_norm": 0.6361267566680908, "elapsed_seconds": 8865.43769789196, "tokens_per_second": 59471.076100999206, "loss_main": 2.6948167085647583, "loss_total": 2.6948167085647583}
{"event": "update", "optimizer_step": 16100, "tokens_seen": 527564800, "lr": 0.0003, "grad_norm": 0.6203000545501709, "elapsed_seconds": 8870.924421867938, "tokens_per_second": 59471.23150992999, "loss_main": 2.7403810024261475, "loss_total": 2.7403810024261475}
{"event": "update", "optimizer_step": 16110, "tokens_seen": 527892480, "lr": 0.0003, "grad_norm": 0.6228245496749878, "elapsed_seconds": 8876.429156520928, "tokens_per_second": 59471.26605659801, "loss_main": 2.5602046251296997, "loss_total": 2.5602046251296997}
{"event": "update", "optimizer_step": 16120, "tokens_seen": 528220160, "lr": 0.0003, "grad_norm": 0.9119352698326111, "elapsed_seconds": 8881.929413319915, "tokens_per_second": 59471.33054309652, "loss_main": 2.6846611499786377, "loss_total": 2.6846611499786377}
{"event": "update", "optimizer_step": 16130, "tokens_seen": 528547840, "lr": 0.0003, "grad_norm": 0.5975039601325989, "elapsed_seconds": 8887.432834139967, "tokens_per_second": 59471.37377732401, "loss_main": 2.5116037130355835, "loss_total": 2.5116037130355835}
{"event": "update", "optimizer_step": 16140, "tokens_seen": 528875520, "lr": 0.0003, "grad_norm": 0.6091150045394897, "elapsed_seconds": 8892.923104109941, "tokens_per_second": 59471.5049043408, "loss_main": 2.485361933708191, "loss_total": 2.485361933708191}
{"event": "update", "optimizer_step": 16150, "tokens_seen": 529203200, "lr": 0.0003, "grad_norm": 0.619388222694397, "elapsed_seconds": 8898.420727334917, "tokens_per_second": 59471.58672486109, "loss_main": 2.6352256536483765, "loss_total": 2.6352256536483765}
{"event": "update", "optimizer_step": 16160, "tokens_seen": 529530880, "lr": 0.0003, "grad_norm": 0.6869809627532959, "elapsed_seconds": 8903.910813620954, "tokens_per_second": 59471.71878563052, "loss_main": 2.521557569503784, "loss_total": 2.521557569503784}
{"event": "update", "optimizer_step": 16170, "tokens_seen": 529858560, "lr": 0.0003, "grad_norm": 0.6396845579147339, "elapsed_seconds": 8909.400819066912, "tokens_per_second": 59471.85122326694, "loss_main": 2.475437343120575, "loss_total": 2.475437343120575}
{"event": "update", "optimizer_step": 16180, "tokens_seen": 530186240, "lr": 0.0003, "grad_norm": 0.6042044162750244, "elapsed_seconds": 8914.892044811917, "tokens_per_second": 59471.9753570707, "loss_main": 2.526919186115265, "loss_total": 2.526919186115265}
{"event": "update", "optimizer_step": 16190, "tokens_seen": 530513920, "lr": 0.0003, "grad_norm": 0.636001706123352, "elapsed_seconds": 8920.393988530966, "tokens_per_second": 59472.027881513604, "loss_main": 2.6129892468452454, "loss_total": 2.6129892468452454}
{"event": "update", "optimizer_step": 16200, "tokens_seen": 530841600, "lr": 0.0003, "grad_norm": 0.6166566610336304, "elapsed_seconds": 8925.88882797095, "tokens_per_second": 59472.12767612656, "loss_main": 2.507966935634613, "loss_total": 2.507966935634613}
{"event": "update", "optimizer_step": 16210, "tokens_seen": 531169280, "lr": 0.0003, "grad_norm": 0.6125962138175964, "elapsed_seconds": 8931.386821543914, "tokens_per_second": 59472.20634523811, "loss_main": 2.3533905148506165, "loss_total": 2.3533905148506165}
{"event": "update", "optimizer_step": 16220, "tokens_seen": 531496960, "lr": 0.0003, "grad_norm": 0.5946831703186035, "elapsed_seconds": 8936.879193579953, "tokens_per_second": 59472.32232721856, "loss_main": 2.4391533732414246, "loss_total": 2.4391533732414246}
{"event": "update", "optimizer_step": 16230, "tokens_seen": 531824640, "lr": 0.0003, "grad_norm": 0.6479868292808533, "elapsed_seconds": 8942.364711288945, "tokens_per_second": 59472.48375238134, "loss_main": 2.5758631229400635, "loss_total": 2.5758631229400635}
{"event": "update", "optimizer_step": 16240, "tokens_seen": 532152320, "lr": 0.0003, "grad_norm": 0.68968665599823, "elapsed_seconds": 8947.864341131935, "tokens_per_second": 59472.551182272495, "loss_main": 2.568883955478668, "loss_total": 2.568883955478668}
{"event": "update", "optimizer_step": 16250, "tokens_seen": 532480000, "lr": 0.0003, "grad_norm": 0.6247596144676208, "elapsed_seconds": 8953.338312439912, "tokens_per_second": 59472.78896634161, "loss_main": 2.6984667778015137, "loss_total": 2.6984667778015137}
{"event": "update", "optimizer_step": 16260, "tokens_seen": 532807680, "lr": 0.0003, "grad_norm": 0.6293601989746094, "elapsed_seconds": 8958.83771723992, "tokens_per_second": 59472.85762021258, "loss_main": 2.5029793977737427, "loss_total": 2.5029793977737427}
{"event": "update", "optimizer_step": 16270, "tokens_seen": 533135360, "lr": 0.0003, "grad_norm": 0.6025300025939941, "elapsed_seconds": 8964.331673657929, "tokens_per_second": 59472.96233657229, "loss_main": 2.432692527770996, "loss_total": 2.432692527770996}
{"event": "update", "optimizer_step": 16280, "tokens_seen": 533463040, "lr": 0.0003, "grad_norm": 0.640641450881958, "elapsed_seconds": 8969.809496349946, "tokens_per_second": 59473.17389706886, "loss_main": 2.4691609144210815, "loss_total": 2.4691609144210815}
{"event": "update", "optimizer_step": 16290, "tokens_seen": 533790720, "lr": 0.0003, "grad_norm": 0.6243616938591003, "elapsed_seconds": 8975.301523110946, "tokens_per_second": 59473.2910783572, "loss_main": 2.5531598329544067, "loss_total": 2.5531598329544067}
{"event": "update", "optimizer_step": 16300, "tokens_seen": 534118400, "lr": 0.0003, "grad_norm": 0.6825215816497803, "elapsed_seconds": 8980.792161186924, "tokens_per_second": 59473.41731260036, "loss_main": 2.659941613674164, "loss_total": 2.659941613674164}
{"event": "update", "optimizer_step": 16310, "tokens_seen": 534446080, "lr": 0.0003, "grad_norm": 0.6311700344085693, "elapsed_seconds": 8986.271268980927, "tokens_per_second": 59473.61970307046, "loss_main": 2.413461744785309, "loss_total": 2.413461744785309}
{"event": "update", "optimizer_step": 16320, "tokens_seen": 534773760, "lr": 0.0003, "grad_norm": 0.6689871549606323, "elapsed_seconds": 8991.763760280912, "tokens_per_second": 59473.733324961504, "loss_main": 2.4969549775123596, "loss_total": 2.4969549775123596}
{"event": "update", "optimizer_step": 16330, "tokens_seen": 535101440, "lr": 0.0003, "grad_norm": 0.6260403990745544, "elapsed_seconds": 8997.255192784942, "tokens_per_second": 59473.85380700409, "loss_main": 2.7585233449935913, "loss_total": 2.7585233449935913}
{"event": "update", "optimizer_step": 16340, "tokens_seen": 535429120, "lr": 0.0003, "grad_norm": 0.6246879696846008, "elapsed_seconds": 9002.744887273933, "tokens_per_second": 59473.98562374792, "loss_main": 2.5895144939422607, "loss_total": 2.5895144939422607}
{"event": "update", "optimizer_step": 16350, "tokens_seen": 535756800, "lr": 0.0003, "grad_norm": 0.6765956282615662, "elapsed_seconds": 9008.235156285926, "tokens_per_second": 59474.11348671889, "loss_main": 2.5754446387290955, "loss_total": 2.5754446387290955}
{"event": "update", "optimizer_step": 16360, "tokens_seen": 536084480, "lr": 0.0003, "grad_norm": 0.6480243802070618, "elapsed_seconds": 9013.720783174911, "tokens_per_second": 59474.27182353595, "loss_main": 2.641707420349121, "loss_total": 2.641707420349121}
{"event": "update", "optimizer_step": 16370, "tokens_seen": 536412160, "lr": 0.0003, "grad_norm": 0.6138216853141785, "elapsed_seconds": 9019.214691675967, "tokens_per_second": 59474.375357210054, "loss_main": 2.489571988582611, "loss_total": 2.489571988582611}
{"event": "update", "optimizer_step": 16380, "tokens_seen": 536739840, "lr": 0.0003, "grad_norm": 0.6259487271308899, "elapsed_seconds": 9024.705067129922, "tokens_per_second": 59474.50204826432, "loss_main": 2.6430287957191467, "loss_total": 2.6430287957191467}
{"event": "update", "optimizer_step": 16390, "tokens_seen": 537067520, "lr": 0.0003, "grad_norm": 0.6342020034790039, "elapsed_seconds": 9030.195503857918, "tokens_per_second": 59474.62818169903, "loss_main": 2.5430760979652405, "loss_total": 2.5430760979652405}
{"event": "update", "optimizer_step": 16400, "tokens_seen": 537395200, "lr": 0.0003, "grad_norm": 0.6945860981941223, "elapsed_seconds": 9035.688087323913, "tokens_per_second": 59474.74003157623, "loss_main": 2.4704278707504272, "loss_total": 2.4704278707504272}
{"event": "update", "optimizer_step": 16410, "tokens_seen": 537722880, "lr": 0.0003, "grad_norm": 0.6654813289642334, "elapsed_seconds": 9041.191795022925, "tokens_per_second": 59474.77856802136, "loss_main": 2.8118640184402466, "loss_total": 2.8118640184402466}
{"event": "update", "optimizer_step": 16420, "tokens_seen": 538050560, "lr": 0.0003, "grad_norm": 0.6702780723571777, "elapsed_seconds": 9046.701880965964, "tokens_per_second": 59474.775125733395, "loss_main": 2.579565465450287, "loss_total": 2.579565465450287}
{"event": "update", "optimizer_step": 16430, "tokens_seen": 538378240, "lr": 0.0003, "grad_norm": 0.6116877198219299, "elapsed_seconds": 9052.201530104969, "tokens_per_second": 59474.8402595227, "loss_main": 2.487651288509369, "loss_total": 2.487651288509369}
{"event": "update", "optimizer_step": 16440, "tokens_seen": 538705920, "lr": 0.0003, "grad_norm": 0.6264868378639221, "elapsed_seconds": 9057.69260233792, "tokens_per_second": 59474.961632165825, "loss_main": 2.5813618898391724, "loss_total": 2.5813618898391724}
{"event": "update", "optimizer_step": 16450, "tokens_seen": 539033600, "lr": 0.0003, "grad_norm": 0.602420449256897, "elapsed_seconds": 9063.176612916926, "tokens_per_second": 59475.129198272945, "loss_main": 2.532147228717804, "loss_total": 2.532147228717804}
{"event": "update", "optimizer_step": 16460, "tokens_seen": 539361280, "lr": 0.0003, "grad_norm": 0.5969054102897644, "elapsed_seconds": 9068.660299087933, "tokens_per_second": 59475.29868929432, "loss_main": 2.568868935108185, "loss_total": 2.568868935108185}
{"event": "update", "optimizer_step": 16470, "tokens_seen": 539688960, "lr": 0.0003, "grad_norm": 0.6395398378372192, "elapsed_seconds": 9074.138721758965, "tokens_per_second": 59475.502474507535, "loss_main": 2.6122729182243347, "loss_total": 2.6122729182243347}
{"event": "update", "optimizer_step": 16480, "tokens_seen": 540016640, "lr": 0.0003, "grad_norm": 0.6218955516815186, "elapsed_seconds": 9079.632026277948, "tokens_per_second": 59475.60853095181, "loss_main": 2.5867443680763245, "loss_total": 2.5867443680763245}
{"event": "update", "optimizer_step": 16490, "tokens_seen": 540344320, "lr": 0.0003, "grad_norm": 0.6290619969367981, "elapsed_seconds": 9085.10952590796, "tokens_per_second": 59475.817925926254, "loss_main": 2.630384147167206, "loss_total": 2.630384147167206}
{"event": "update", "optimizer_step": 16500, "tokens_seen": 540672000, "lr": 0.0003, "grad_norm": 0.633754312992096, "elapsed_seconds": 9090.60445773392, "tokens_per_second": 59475.91301698514, "loss_main": 2.691977620124817, "loss_total": 2.691977620124817}
{"event": "update", "optimizer_step": 16510, "tokens_seen": 540999680, "lr": 0.0003, "grad_norm": 0.5878832340240479, "elapsed_seconds": 9096.114192559966, "tokens_per_second": 59475.911202005664, "loss_main": 2.3851718306541443, "loss_total": 2.3851718306541443}
{"event": "update", "optimizer_step": 16520, "tokens_seen": 541327360, "lr": 0.0003, "grad_norm": 0.5964121222496033, "elapsed_seconds": 9101.598455111962, "tokens_per_second": 59476.075842036356, "loss_main": 2.568733870983124, "loss_total": 2.568733870983124}
{"event": "update", "optimizer_step": 16530, "tokens_seen": 541655040, "lr": 0.0003, "grad_norm": 0.606269359588623, "elapsed_seconds": 9107.080435023934, "tokens_per_second": 59476.25519117055, "loss_main": 2.4578590393066406, "loss_total": 2.4578590393066406}
{"event": "update", "optimizer_step": 16540, "tokens_seen": 541982720, "lr": 0.0003, "grad_norm": 0.6708177328109741, "elapsed_seconds": 9112.567908968951, "tokens_per_second": 59476.39846574522, "loss_main": 2.5917672514915466, "loss_total": 2.5917672514915466}
{"event": "update", "optimizer_step": 16550, "tokens_seen": 542310400, "lr": 0.0003, "grad_norm": 0.6771997809410095, "elapsed_seconds": 9118.044474910945, "tokens_per_second": 59476.61272021781, "loss_main": 2.51885449886322, "loss_total": 2.51885449886322}
{"event": "update", "optimizer_step": 16560, "tokens_seen": 542638080, "lr": 0.0003, "grad_norm": 0.6005426645278931, "elapsed_seconds": 9123.531957229949, "tokens_per_second": 59476.75555298363, "loss_main": 2.486763060092926, "loss_total": 2.486763060092926}
{"event": "update", "optimizer_step": 16570, "tokens_seen": 542965760, "lr": 0.0003, "grad_norm": 0.6196693778038025, "elapsed_seconds": 9129.036032707954, "tokens_per_second": 59476.790107371235, "loss_main": 2.87868732213974, "loss_total": 2.87868732213974}
{"event": "update", "optimizer_step": 16580, "tokens_seen": 543293440, "lr": 0.0003, "grad_norm": 0.6360577344894409, "elapsed_seconds": 9134.525181210949, "tokens_per_second": 59476.92181280696, "loss_main": 2.5001683831214905, "loss_total": 2.5001683831214905}
{"event": "update", "optimizer_step": 16590, "tokens_seen": 543621120, "lr": 0.0003, "grad_norm": 0.6473802924156189, "elapsed_seconds": 9140.085960799945, "tokens_per_second": 59476.587236869054, "loss_main": 2.6232410669326782, "loss_total": 2.6232410669326782}
{"event": "update", "optimizer_step": 16600, "tokens_seen": 543948800, "lr": 0.0003, "grad_norm": 0.6429950594902039, "elapsed_seconds": 9145.603705815913, "tokens_per_second": 59476.53293287678, "loss_main": 2.6635153889656067, "loss_total": 2.6635153889656067}
{"event": "update", "optimizer_step": 16610, "tokens_seen": 544276480, "lr": 0.0003, "grad_norm": 0.6334760785102844, "elapsed_seconds": 9151.094243904925, "tokens_per_second": 59476.65552264579, "loss_main": 2.4157022833824158, "loss_total": 2.4157022833824158}
{"event": "update", "optimizer_step": 16620, "tokens_seen": 544604160, "lr": 0.0003, "grad_norm": 0.6504603028297424, "elapsed_seconds": 9156.590338034963, "tokens_per_second": 59476.74187604575, "loss_main": 2.9381949305534363, "loss_total": 2.9381949305534363}
{"event": "update", "optimizer_step": 16630, "tokens_seen": 544931840, "lr": 0.0003, "grad_norm": 0.6791210770606995, "elapsed_seconds": 9162.084872045962, "tokens_per_second": 59476.83825355273, "loss_main": 2.7068808674812317, "loss_total": 2.7068808674812317}
{"event": "update", "optimizer_step": 16640, "tokens_seen": 545259520, "lr": 0.0003, "grad_norm": 0.6399243474006653, "elapsed_seconds": 9167.585161393916, "tokens_per_second": 59476.89717638731, "loss_main": 2.5887754559516907, "loss_total": 2.5887754559516907}
{"event": "update", "optimizer_step": 16650, "tokens_seen": 545587200, "lr": 0.0003, "grad_norm": 0.6078246235847473, "elapsed_seconds": 9173.08264260192, "tokens_per_second": 59476.97423613811, "loss_main": 2.343023657798767, "loss_total": 2.343023657798767}
{"event": "update", "optimizer_step": 16660, "tokens_seen": 545914880, "lr": 0.0003, "grad_norm": 0.6455135941505432, "elapsed_seconds": 9178.576389809954, "tokens_per_second": 59477.07539984895, "loss_main": 2.761293590068817, "loss_total": 2.761293590068817}
{"event": "update", "optimizer_step": 16670, "tokens_seen": 546242560, "lr": 0.0003, "grad_norm": 0.6316838264465332, "elapsed_seconds": 9184.073503753927, "tokens_per_second": 59477.15463913993, "loss_main": 2.543667197227478, "loss_total": 2.543667197227478}
{"event": "update", "optimizer_step": 16680, "tokens_seen": 546570240, "lr": 0.0003, "grad_norm": 0.591772198677063, "elapsed_seconds": 9189.577888362925, "tokens_per_second": 59477.186726078085, "loss_main": 2.306705892086029, "loss_total": 2.306705892086029}
{"event": "update", "optimizer_step": 16690, "tokens_seen": 546897920, "lr": 0.0003, "grad_norm": 0.6194718480110168, "elapsed_seconds": 9195.070892311924, "tokens_per_second": 59477.29238904139, "loss_main": 2.5551101565361023, "loss_total": 2.5551101565361023}
{"event": "update", "optimizer_step": 16700, "tokens_seen": 547225600, "lr": 0.0003, "grad_norm": 0.6582129001617432, "elapsed_seconds": 9200.572705086961, "tokens_per_second": 59477.34098089797, "loss_main": 2.4324755668640137, "loss_total": 2.4324755668640137}
{"event": "update", "optimizer_step": 16710, "tokens_seen": 547553280, "lr": 0.0003, "grad_norm": 0.6340232491493225, "elapsed_seconds": 9206.063533007924, "tokens_per_second": 59477.46048425285, "loss_main": 2.4453956484794617, "loss_total": 2.4453956484794617}
{"event": "update", "optimizer_step": 16720, "tokens_seen": 547880960, "lr": 0.0003, "grad_norm": 0.6095744967460632, "elapsed_seconds": 9211.541102916934, "tokens_per_second": 59477.66545019352, "loss_main": 2.5489599108695984, "loss_total": 2.5489599108695984}
{"event": "update", "optimizer_step": 16730, "tokens_seen": 548208640, "lr": 0.0003, "grad_norm": 0.6288957595825195, "elapsed_seconds": 9217.024350009917, "tokens_per_second": 59477.83353739433, "loss_main": 2.549723207950592, "loss_total": 2.549723207950592}
{"event": "update", "optimizer_step": 16740, "tokens_seen": 548536320, "lr": 0.0003, "grad_norm": 0.6117074489593506, "elapsed_seconds": 9222.514426737966, "tokens_per_second": 59477.95737892049, "loss_main": 2.4829782247543335, "loss_total": 2.4829782247543335}
{"event": "update", "optimizer_step": 16750, "tokens_seen": 548864000, "lr": 0.0003, "grad_norm": 0.5916365385055542, "elapsed_seconds": 9228.003530310933, "tokens_per_second": 59478.08734545492, "loss_main": 2.598386585712433, "loss_total": 2.598386585712433}
{"event": "update", "optimizer_step": 16760, "tokens_seen": 549191680, "lr": 0.0003, "grad_norm": 0.7691733241081238, "elapsed_seconds": 9233.490475287952, "tokens_per_second": 59478.23106222169, "loss_main": 2.539328098297119, "loss_total": 2.539328098297119}
{"event": "update", "optimizer_step": 16770, "tokens_seen": 549519360, "lr": 0.0003, "grad_norm": 0.5815979838371277, "elapsed_seconds": 9238.985302634945, "tokens_per_second": 59478.32386347426, "loss_main": 2.448376953601837, "loss_total": 2.448376953601837}
{"event": "update", "optimizer_step": 16780, "tokens_seen": 549847040, "lr": 0.0003, "grad_norm": 0.662440299987793, "elapsed_seconds": 9244.480504765932, "tokens_per_second": 59478.41414306947, "loss_main": 2.5644724369049072, "loss_total": 2.5644724369049072}
{"event": "update", "optimizer_step": 16790, "tokens_seen": 550174720, "lr": 0.0003, "grad_norm": 0.6631943583488464, "elapsed_seconds": 9249.964616081968, "tokens_per_second": 59478.57563081565, "loss_main": 2.5647254586219788, "loss_total": 2.5647254586219788}
{"event": "update", "optimizer_step": 16800, "tokens_seen": 550502400, "lr": 0.0003, "grad_norm": 0.6500853896141052, "elapsed_seconds": 9255.457227128965, "tokens_per_second": 59478.682305008646, "loss_main": 2.524358868598938, "loss_total": 2.524358868598938}
{"event": "update", "optimizer_step": 16810, "tokens_seen": 550830080, "lr": 0.0003, "grad_norm": 0.6247457265853882, "elapsed_seconds": 9260.954059909913, "tokens_per_second": 59478.76173843781, "loss_main": 2.4717735052108765, "loss_total": 2.4717735052108765}
{"event": "update", "optimizer_step": 16820, "tokens_seen": 551157760, "lr": 0.0003, "grad_norm": 0.6262075304985046, "elapsed_seconds": 9266.450054267945, "tokens_per_second": 59478.84645923792, "loss_main": 2.5729488134384155, "loss_total": 2.5729488134384155}
{"event": "update", "optimizer_step": 16830, "tokens_seen": 551485440, "lr": 0.0003, "grad_norm": 0.6255707144737244, "elapsed_seconds": 9271.938058503962, "tokens_per_second": 59478.98233575806, "loss_main": 2.7117661237716675, "loss_total": 2.7117661237716675}
{"event": "update", "optimizer_step": 16840, "tokens_seen": 551813120, "lr": 0.0003, "grad_norm": 0.6418654322624207, "elapsed_seconds": 9277.429931319959, "tokens_per_second": 59479.09324942646, "loss_main": 2.4815555810928345, "loss_total": 2.4815555810928345}
{"event": "update", "optimizer_step": 16850, "tokens_seen": 552140800, "lr": 0.0003, "grad_norm": 0.6142546534538269, "elapsed_seconds": 9282.941656787938, "tokens_per_second": 59479.07682865374, "loss_main": 2.4887945652008057, "loss_total": 2.4887945652008057}
{"event": "update", "optimizer_step": 16860, "tokens_seen": 552468480, "lr": 0.0003, "grad_norm": 0.6381957530975342, "elapsed_seconds": 9288.427479443955, "tokens_per_second": 59479.22629774067, "loss_main": 2.5885807871818542, "loss_total": 2.5885807871818542}
{"event": "update", "optimizer_step": 16870, "tokens_seen": 552796160, "lr": 0.0003, "grad_norm": 0.6645437479019165, "elapsed_seconds": 9293.910461971944, "tokens_per_second": 59479.39376669118, "loss_main": 2.6856020092964172, "loss_total": 2.6856020092964172}
{"event": "update", "optimizer_step": 16880, "tokens_seen": 553123840, "lr": 0.0003, "grad_norm": 0.6060187220573425, "elapsed_seconds": 9299.378519826918, "tokens_per_second": 59479.65649754999, "loss_main": 2.534526824951172, "loss_total": 2.534526824951172}
{"event": "update", "optimizer_step": 16890, "tokens_seen": 553451520, "lr": 0.0003, "grad_norm": 0.6200094223022461, "elapsed_seconds": 9304.862133759947, "tokens_per_second": 59479.81947974967, "loss_main": 2.6111639738082886, "loss_total": 2.6111639738082886}
{"event": "update", "optimizer_step": 16900, "tokens_seen": 553779200, "lr": 0.0003, "grad_norm": 0.6257859468460083, "elapsed_seconds": 9310.345890641911, "tokens_per_second": 59479.981356720484, "loss_main": 2.3575198650360107, "loss_total": 2.3575198650360107}
{"event": "update", "optimizer_step": 16910, "tokens_seen": 554106880, "lr": 0.0003, "grad_norm": 0.6232348680496216, "elapsed_seconds": 9315.831538348924, "tokens_per_second": 59480.13097048835, "loss_main": 2.568008840084076, "loss_total": 2.568008840084076}
{"event": "update", "optimizer_step": 16920, "tokens_seen": 554434560, "lr": 0.0003, "grad_norm": 0.6186994314193726, "elapsed_seconds": 9321.320089202956, "tokens_per_second": 59480.2618828862, "loss_main": 2.60715514421463, "loss_total": 2.60715514421463}
{"event": "update", "optimizer_step": 16930, "tokens_seen": 554762240, "lr": 0.0003, "grad_norm": 0.6041325330734253, "elapsed_seconds": 9326.796497274947, "tokens_per_second": 59480.47008017034, "loss_main": 2.682407855987549, "loss_total": 2.682407855987549}
{"event": "update", "optimizer_step": 16940, "tokens_seen": 555089920, "lr": 0.0003, "grad_norm": 0.6497341394424438, "elapsed_seconds": 9332.294632543926, "tokens_per_second": 59480.539551791444, "loss_main": 2.5726383924484253, "loss_total": 2.5726383924484253}
{"event": "update", "optimizer_step": 16950, "tokens_seen": 555417600, "lr": 0.0003, "grad_norm": 0.6252162456512451, "elapsed_seconds": 9337.783642493945, "tokens_per_second": 59480.66706883546, "loss_main": 2.6388726234436035, "loss_total": 2.6388726234436035}
{"event": "update", "optimizer_step": 16960, "tokens_seen": 555745280, "lr": 0.0003, "grad_norm": 0.618905782699585, "elapsed_seconds": 9343.27657373494, "tokens_per_second": 59480.76947248527, "loss_main": 2.68791925907135, "loss_total": 2.68791925907135}
{"event": "update", "optimizer_step": 16970, "tokens_seen": 556072960, "lr": 0.0003, "grad_norm": 0.623188853263855, "elapsed_seconds": 9348.765672164911, "tokens_per_second": 59480.896141792924, "loss_main": 2.5789546966552734, "loss_total": 2.5789546966552734}
{"event": "update", "optimizer_step": 16980, "tokens_seen": 556400640, "lr": 0.0003, "grad_norm": 0.623409628868103, "elapsed_seconds": 9354.254592001962, "tokens_per_second": 59481.02379806206, "loss_main": 2.6272096037864685, "loss_total": 2.6272096037864685}
{"event": "update", "optimizer_step": 16990, "tokens_seen": 556728320, "lr": 0.0003, "grad_norm": 0.6073152422904968, "elapsed_seconds": 9359.738648047962, "tokens_per_second": 59481.1822140044, "loss_main": 2.569536030292511, "loss_total": 2.569536030292511}
{"event": "update", "optimizer_step": 17000, "tokens_seen": 557056000, "lr": 0.0003, "grad_norm": 0.709816038608551, "elapsed_seconds": 9365.222157961922, "tokens_per_second": 59481.343913066084, "loss_main": 2.507246494293213, "loss_total": 2.507246494293213}
{"event": "update", "optimizer_step": 17010, "tokens_seen": 557383680, "lr": 0.0003, "grad_norm": 0.6190508604049683, "elapsed_seconds": 9370.71125121694, "tokens_per_second": 59481.46998208002, "loss_main": 2.482090473175049, "loss_total": 2.482090473175049}
{"event": "update", "optimizer_step": 17020, "tokens_seen": 557711360, "lr": 0.0003, "grad_norm": 0.6243398785591125, "elapsed_seconds": 9376.214889116935, "tokens_per_second": 59481.50363398146, "loss_main": 2.4717348217964172, "loss_total": 2.4717348217964172}
{"event": "update", "optimizer_step": 17030, "tokens_seen": 558039040, "lr": 0.0003, "grad_norm": 0.6290441751480103, "elapsed_seconds": 9381.702654984954, "tokens_per_second": 59481.63787769236, "loss_main": 2.638464629650116, "loss_total": 2.638464629650116}
{"event": "update", "optimizer_step": 17040, "tokens_seen": 558366720, "lr": 0.0003, "grad_norm": 0.6935490369796753, "elapsed_seconds": 9387.175237907912, "tokens_per_second": 59481.86817107308, "loss_main": 2.6056153178215027, "loss_total": 2.6056153178215027}
{"event": "update", "optimizer_step": 17050, "tokens_seen": 558694400, "lr": 0.0003, "grad_norm": 0.6492931246757507, "elapsed_seconds": 9392.653097336937, "tokens_per_second": 59482.064780866276, "loss_main": 2.519402265548706, "loss_total": 2.519402265548706}
{"event": "update", "optimizer_step": 17060, "tokens_seen": 559022080, "lr": 0.0003, "grad_norm": 0.6305171847343445, "elapsed_seconds": 9398.139506431937, "tokens_per_second": 59482.207049322285, "loss_main": 2.5253918766975403, "loss_total": 2.5253918766975403}
{"event": "update", "optimizer_step": 17070, "tokens_seen": 559349760, "lr": 0.0003, "grad_norm": 0.6286227107048035, "elapsed_seconds": 9403.636449534912, "tokens_per_second": 59482.28251929758, "loss_main": 2.70904940366745, "loss_total": 2.70904940366745}
{"event": "update", "optimizer_step": 17080, "tokens_seen": 559677440, "lr": 0.0003, "grad_norm": 0.5836639404296875, "elapsed_seconds": 9409.135863917938, "tokens_per_second": 59482.34227823679, "loss_main": 2.446388006210327, "loss_total": 2.446388006210327}
{"event": "update", "optimizer_step": 17090, "tokens_seen": 560005120, "lr": 0.0003, "grad_norm": 0.6151072978973389, "elapsed_seconds": 9414.626259882934, "tokens_per_second": 59482.45894648646, "loss_main": 2.3380343317985535, "loss_total": 2.3380343317985535}
{"event": "evaluation", "tokens_seen": 560005120, "elapsed_seconds": 9414.626259882934, "parameters": 71199040, "main_loss": 2.64805780723691, "perplexity": 14.126575451990831}
{"event": "update", "optimizer_step": 17100, "tokens_seen": 560332800, "lr": 0.0003, "grad_norm": 0.6279731392860413, "elapsed_seconds": 9422.610658977937, "tokens_per_second": 59466.83146311585, "loss_main": 2.7126011848449707, "loss_total": 2.7126011848449707}
{"event": "update", "optimizer_step": 17110, "tokens_seen": 560660480, "lr": 0.0003, "grad_norm": 0.5896397829055786, "elapsed_seconds": 9428.106663222949, "tokens_per_second": 59466.92162351302, "loss_main": 2.534150779247284, "loss_total": 2.534150779247284}
{"event": "update", "optimizer_step": 17120, "tokens_seen": 560988160, "lr": 0.0003, "grad_norm": 0.6270610690116882, "elapsed_seconds": 9433.592898149916, "tokens_per_second": 59467.07326219462, "loss_main": 2.5414028763771057, "loss_total": 2.5414028763771057}
{"event": "update", "optimizer_step": 17130, "tokens_seen": 561315840, "lr": 0.0003, "grad_norm": 0.6099205613136292, "elapsed_seconds": 9439.099354404956, "tokens_per_second": 59467.09732831131, "loss_main": 2.3902862071990967, "loss_total": 2.3902862071990967}
{"event": "update", "optimizer_step": 17140, "tokens_seen": 561643520, "lr": 0.0003, "grad_norm": 0.6039506196975708, "elapsed_seconds": 9444.576782355958, "tokens_per_second": 59467.3041410647, "loss_main": 2.509090542793274, "loss_total": 2.509090542793274}
{"event": "update", "optimizer_step": 17150, "tokens_seen": 561971200, "lr": 0.0003, "grad_norm": 0.6222679018974304, "elapsed_seconds": 9450.080667556962, "tokens_per_second": 59467.34422376957, "loss_main": 2.5162652134895325, "loss_total": 2.5162652134895325}
{"event": "update", "optimizer_step": 17160, "tokens_seen": 562298880, "lr": 0.0003, "grad_norm": 0.6312805414199829, "elapsed_seconds": 9455.579899868928, "tokens_per_second": 59467.413522442395, "loss_main": 2.60035502910614, "loss_total": 2.60035502910614}
{"event": "update", "optimizer_step": 17170, "tokens_seen": 562626560, "lr": 0.0003, "grad_norm": 0.6158918142318726, "elapsed_seconds": 9461.074878683954, "tokens_per_second": 59467.50947586433, "loss_main": 2.466483414173126, "loss_total": 2.466483414173126}
{"event": "update", "optimizer_step": 17180, "tokens_seen": 562954240, "lr": 0.0003, "grad_norm": 0.6937757730484009, "elapsed_seconds": 9466.558841260965, "tokens_per_second": 59467.67452036598, "loss_main": 2.52996426820755, "loss_total": 2.52996426820755}
{"event": "update", "optimizer_step": 17190, "tokens_seen": 563281920, "lr": 0.0003, "grad_norm": 0.7118844389915466, "elapsed_seconds": 9472.040664664935, "tokens_per_second": 59467.852804021466, "loss_main": 2.6692022681236267, "loss_total": 2.6692022681236267}
{"event": "update", "optimizer_step": 17200, "tokens_seen": 563609600, "lr": 0.0003, "grad_norm": 0.6403516530990601, "elapsed_seconds": 9477.541310190922, "tokens_per_second": 59467.91277965385, "loss_main": 2.5308236479759216, "loss_total": 2.5308236479759216}
{"event": "update", "optimizer_step": 17210, "tokens_seen": 563937280, "lr": 0.0003, "grad_norm": 0.6142846941947937, "elapsed_seconds": 9483.028064508922, "tokens_per_second": 59468.059797332615, "loss_main": 2.5065442323684692, "loss_total": 2.5065442323684692}
{"event": "update", "optimizer_step": 17220, "tokens_seen": 564264960, "lr": 0.0003, "grad_norm": 0.6557462811470032, "elapsed_seconds": 9488.515378236945, "tokens_per_second": 59468.20313894519, "loss_main": 2.7931708693504333, "loss_total": 2.7931708693504333}
{"event": "update", "optimizer_step": 17230, "tokens_seen": 564592640, "lr": 0.0003, "grad_norm": 0.6722564697265625, "elapsed_seconds": 9494.010751908936, "tokens_per_second": 59468.29582918671, "loss_main": 2.59563410282135, "loss_total": 2.59563410282135}
{"event": "update", "optimizer_step": 17240, "tokens_seen": 564920320, "lr": 0.0003, "grad_norm": 0.641446053981781, "elapsed_seconds": 9499.496350991947, "tokens_per_second": 59468.4496027003, "loss_main": 2.5507802963256836, "loss_total": 2.5507802963256836}
{"event": "update", "optimizer_step": 17250, "tokens_seen": 565248000, "lr": 0.0003, "grad_norm": 0.6309906840324402, "elapsed_seconds": 9504.986064997967, "tokens_per_second": 59468.57745341901, "loss_main": 2.5541574358940125, "loss_total": 2.5541574358940125}
{"event": "update", "optimizer_step": 17260, "tokens_seen": 565575680, "lr": 0.0003, "grad_norm": 0.6336732506752014, "elapsed_seconds": 9510.483664129919, "tokens_per_second": 59468.65585113673, "loss_main": 2.5130019783973694, "loss_total": 2.5130019783973694}
{"event": "update", "optimizer_step": 17270, "tokens_seen": 565903360, "lr": 0.0003, "grad_norm": 0.6013458371162415, "elapsed_seconds": 9515.969932009932, "tokens_per_second": 59468.80497135742, "loss_main": 2.4900888204574585, "loss_total": 2.4900888204574585}
{"event": "update", "optimizer_step": 17280, "tokens_seen": 566231040, "lr": 0.0003, "grad_norm": 0.6131232380867004, "elapsed_seconds": 9521.456307231914, "tokens_per_second": 59468.95324929713, "loss_main": 2.518426537513733, "loss_total": 2.518426537513733}
{"event": "update", "optimizer_step": 17290, "tokens_seen": 566558720, "lr": 0.0003, "grad_norm": 0.6368114948272705, "elapsed_seconds": 9526.934907946968, "tokens_per_second": 59469.14988653912, "loss_main": 2.597093164920807, "loss_total": 2.597093164920807}
{"event": "update", "optimizer_step": 17300, "tokens_seen": 566886400, "lr": 0.0003, "grad_norm": 0.679956316947937, "elapsed_seconds": 9532.430203541939, "tokens_per_second": 59469.24214450199, "loss_main": 2.447054386138916, "loss_total": 2.447054386138916}
{"event": "update", "optimizer_step": 17310, "tokens_seen": 567214080, "lr": 0.0003, "grad_norm": 0.6077555418014526, "elapsed_seconds": 9537.921861969924, "tokens_per_second": 59469.35697404108, "loss_main": 2.568526864051819, "loss_total": 2.568526864051819}
{"event": "update", "optimizer_step": 17320, "tokens_seen": 567541760, "lr": 0.0003, "grad_norm": 0.5960837006568909, "elapsed_seconds": 9543.410640208924, "tokens_per_second": 59469.489619234846, "loss_main": 2.4424229860305786, "loss_total": 2.4424229860305786}
{"event": "update", "optimizer_step": 17330, "tokens_seen": 567869440, "lr": 0.0003, "grad_norm": 0.6221386194229126, "elapsed_seconds": 9548.903379190946, "tokens_per_second": 59469.59744482346, "loss_main": 2.616170883178711, "loss_total": 2.616170883178711}
{"event": "update", "optimizer_step": 17340, "tokens_seen": 568197120, "lr": 0.0003, "grad_norm": 0.5701369047164917, "elapsed_seconds": 9554.399679731927, "tokens_per_second": 59469.68297812953, "loss_main": 2.412279188632965, "loss_total": 2.412279188632965}
{"event": "update", "optimizer_step": 17350, "tokens_seen": 568524800, "lr": 0.0003, "grad_norm": 0.6034870743751526, "elapsed_seconds": 9559.895710872952, "tokens_per_second": 59469.77008895484, "loss_main": 2.7191693782806396, "loss_total": 2.7191693782806396}
{"event": "update", "optimizer_step": 17360, "tokens_seen": 568852480, "lr": 0.0003, "grad_norm": 0.6137545704841614, "elapsed_seconds": 9565.372082442918, "tokens_per_second": 59469.97932721501, "loss_main": 2.457354962825775, "loss_total": 2.457354962825775}
{"event": "update", "optimizer_step": 17370, "tokens_seen": 569180160, "lr": 0.0003, "grad_norm": 0.6170611381530762, "elapsed_seconds": 9570.851224318962, "tokens_per_second": 59470.17111223578, "loss_main": 2.478976845741272, "loss_total": 2.478976845741272}
{"event": "update", "optimizer_step": 17380, "tokens_seen": 569507840, "lr": 0.0003, "grad_norm": 0.6777495741844177, "elapsed_seconds": 9576.364421926963, "tokens_per_second": 59470.151187646974, "loss_main": 2.6500574946403503, "loss_total": 2.6500574946403503}
{"event": "update", "optimizer_step": 17390, "tokens_seen": 569835520, "lr": 0.0003, "grad_norm": 0.6182689070701599, "elapsed_seconds": 9581.87194754195, "tokens_per_second": 59470.166489355004, "loss_main": 2.6560479402542114, "loss_total": 2.6560479402542114}
{"event": "update", "optimizer_step": 17400, "tokens_seen": 570163200, "lr": 0.0003, "grad_norm": 0.6254432797431946, "elapsed_seconds": 9587.360496640962, "tokens_per_second": 59470.29948438499, "loss_main": 2.496299684047699, "loss_total": 2.496299684047699}
{"event": "update", "optimizer_step": 17410, "tokens_seen": 570490880, "lr": 0.0003, "grad_norm": 0.6561843156814575, "elapsed_seconds": 9592.851311290928, "tokens_per_second": 59470.41828205174, "loss_main": 2.40093857049942, "loss_total": 2.40093857049942}
{"event": "update", "optimizer_step": 17420, "tokens_seen": 570818560, "lr": 0.0003, "grad_norm": 0.7704656720161438, "elapsed_seconds": 9598.346224297944, "tokens_per_second": 59470.511550728275, "loss_main": 2.454124927520752, "loss_total": 2.454124927520752}
{"event": "update", "optimizer_step": 17430, "tokens_seen": 571146240, "lr": 0.0003, "grad_norm": 0.5934614539146423, "elapsed_seconds": 9603.837615283963, "tokens_per_second": 59470.626522365725, "loss_main": 2.408322513103485, "loss_total": 2.408322513103485}
{"event": "update", "optimizer_step": 17440, "tokens_seen": 571473920, "lr": 0.0003, "grad_norm": 0.6299529075622559, "elapsed_seconds": 9609.33230431896, "tokens_per_second": 59470.7209514597, "loss_main": 2.5354238152503967, "loss_total": 2.5354238152503967}
{"event": "update", "optimizer_step": 17450, "tokens_seen": 571801600, "lr": 0.0003, "grad_norm": 0.6094114780426025, "elapsed_seconds": 9614.817063598952, "tokens_per_second": 59470.876691435165, "loss_main": 2.558338701725006, "loss_total": 2.558338701725006}
{"event": "update", "optimizer_step": 17460, "tokens_seen": 572129280, "lr": 0.0003, "grad_norm": 0.6130331158638, "elapsed_seconds": 9620.313043369912, "tokens_per_second": 59470.96289078636, "loss_main": 2.505257785320282, "loss_total": 2.505257785320282}
{"event": "update", "optimizer_step": 17470, "tokens_seen": 572456960, "lr": 0.0003, "grad_norm": 0.6429889798164368, "elapsed_seconds": 9625.813710904913, "tokens_per_second": 59471.02002934814, "loss_main": 2.436968743801117, "loss_total": 2.436968743801117}
{"event": "update", "optimizer_step": 17480, "tokens_seen": 572784640, "lr": 0.0003, "grad_norm": 0.6444746851921082, "elapsed_seconds": 9631.30306348094, "tokens_per_second": 59471.14696990798, "loss_main": 2.491672992706299, "loss_total": 2.491672992706299}
{"event": "update", "optimizer_step": 17490, "tokens_seen": 573112320, "lr": 0.0003, "grad_norm": 0.6360000371932983, "elapsed_seconds": 9636.798155486933, "tokens_per_second": 59471.238346284685, "loss_main": 2.3528749346733093, "loss_total": 2.3528749346733093}
{"event": "update", "optimizer_step": 17500, "tokens_seen": 573440000, "lr": 0.0003, "grad_norm": 0.6604081988334656, "elapsed_seconds": 9642.294873662933, "tokens_per_second": 59471.31958869046, "loss_main": 2.538882315158844, "loss_total": 2.538882315158844}
{"event": "update", "optimizer_step": 17510, "tokens_seen": 573767680, "lr": 0.0003, "grad_norm": 0.6034657955169678, "elapsed_seconds": 9647.789888667932, "tokens_per_second": 59471.411237296335, "loss_main": 2.510552704334259, "loss_total": 2.510552704334259}
{"event": "update", "optimizer_step": 17520, "tokens_seen": 574095360, "lr": 0.0003, "grad_norm": 0.6866108179092407, "elapsed_seconds": 9653.279033785919, "tokens_per_second": 59471.53894450781, "loss_main": 2.469998002052307, "loss_total": 2.469998002052307}
{"event": "update", "optimizer_step": 17530, "tokens_seen": 574423040, "lr": 0.0003, "grad_norm": 0.6302760243415833, "elapsed_seconds": 9658.762860185932, "tokens_per_second": 59471.699255378786, "loss_main": 2.7049819231033325, "loss_total": 2.7049819231033325}
{"event": "update", "optimizer_step": 17540, "tokens_seen": 574750720, "lr": 0.0003, "grad_norm": 0.6148465871810913, "elapsed_seconds": 9664.259670261934, "tokens_per_second": 59471.77948545564, "loss_main": 2.5228482484817505, "loss_total": 2.5228482484817505}
{"event": "update", "optimizer_step": 17550, "tokens_seen": 575078400, "lr": 0.0003, "grad_norm": 0.6490556001663208, "elapsed_seconds": 9669.763043945946, "tokens_per_second": 59471.81925621699, "loss_main": 2.53324156999588, "loss_total": 2.53324156999588}
{"event": "update", "optimizer_step": 17560, "tokens_seen": 575406080, "lr": 0.0003, "grad_norm": 0.6531587839126587, "elapsed_seconds": 9675.259385432932, "tokens_per_second": 59471.90220722467, "loss_main": 2.490383565425873, "loss_total": 2.490383565425873}
{"event": "update", "optimizer_step": 17570, "tokens_seen": 575733760, "lr": 0.0003, "grad_norm": 0.6132278442382812, "elapsed_seconds": 9680.751313034969, "tokens_per_second": 59472.01217996213, "loss_main": 2.4735626578330994, "loss_total": 2.4735626578330994}
{"event": "update", "optimizer_step": 17580, "tokens_seen": 576061440, "lr": 0.0003, "grad_norm": 0.684005618095398, "elapsed_seconds": 9686.240028578963, "tokens_per_second": 59472.14174956927, "loss_main": 2.399255692958832, "loss_total": 2.399255692958832}
{"event": "update", "optimizer_step": 17590, "tokens_seen": 576389120, "lr": 0.0003, "grad_norm": 0.6344872713088989, "elapsed_seconds": 9691.730112800957, "tokens_per_second": 59472.262773671144, "loss_main": 2.5470548272132874, "loss_total": 2.5470548272132874}
{"event": "update", "optimizer_step": 17600, "tokens_seen": 576716800, "lr": 0.0003, "grad_norm": 0.643454372882843, "elapsed_seconds": 9697.22254110995, "tokens_per_second": 59472.36928461669, "loss_main": 2.563201665878296, "loss_total": 2.563201665878296}
{"event": "update", "optimizer_step": 17610, "tokens_seen": 577044480, "lr": 0.0003, "grad_norm": 0.6065011620521545, "elapsed_seconds": 9702.72605764796, "tokens_per_second": 59472.40771011538, "loss_main": 2.5869193077087402, "loss_total": 2.5869193077087402}
{"event": "update", "optimizer_step": 17620, "tokens_seen": 577372160, "lr": 0.0003, "grad_norm": 0.5974482297897339, "elapsed_seconds": 9708.231851553952, "tokens_per_second": 59472.43214093437, "loss_main": 2.3922141790390015, "loss_total": 2.3922141790390015}
{"event": "update", "optimizer_step": 17630, "tokens_seen": 577699840, "lr": 0.0003, "grad_norm": 0.6389878392219543, "elapsed_seconds": 9713.713487890956, "tokens_per_second": 59472.60444938554, "loss_main": 2.6059511303901672, "loss_total": 2.6059511303901672}
{"event": "update", "optimizer_step": 17640, "tokens_seen": 578027520, "lr": 0.0003, "grad_norm": 0.5895926356315613, "elapsed_seconds": 9719.208499454951, "tokens_per_second": 59472.6947191652, "loss_main": 2.5030174255371094, "loss_total": 2.5030174255371094}
{"event": "update", "optimizer_step": 17650, "tokens_seen": 578355200, "lr": 0.0003, "grad_norm": 0.6125674843788147, "elapsed_seconds": 9724.693134918925, "tokens_per_second": 59472.84834348881, "loss_main": 2.641611397266388, "loss_total": 2.641611397266388}
{"event": "update", "optimizer_step": 17660, "tokens_seen": 578682880, "lr": 0.0003, "grad_norm": 0.6232437491416931, "elapsed_seconds": 9730.170721733943, "tokens_per_second": 59473.044877559674, "loss_main": 2.6379384994506836, "loss_total": 2.6379384994506836}
{"event": "update", "optimizer_step": 17670, "tokens_seen": 579010560, "lr": 0.0003, "grad_norm": 0.608776330947876, "elapsed_seconds": 9735.647434816929, "tokens_per_second": 59473.24652794268, "loss_main": 2.392327845096588, "loss_total": 2.392327845096588}
{"event": "update", "optimizer_step": 17680, "tokens_seen": 579338240, "lr": 0.0003, "grad_norm": 0.5813567042350769, "elapsed_seconds": 9741.14502860594, "tokens_per_second": 59473.3204668147, "loss_main": 2.4788580536842346, "loss_total": 2.4788580536842346}
{"event": "update", "optimizer_step": 17690, "tokens_seen": 579665920, "lr": 0.0003, "grad_norm": 0.6229885816574097, "elapsed_seconds": 9746.622441428946, "tokens_per_second": 59473.517465504236, "loss_main": 2.6559895873069763, "loss_total": 2.6559895873069763}
{"event": "update", "optimizer_step": 17700, "tokens_seen": 579993600, "lr": 0.0003, "grad_norm": 0.6474689245223999, "elapsed_seconds": 9752.121665985964, "tokens_per_second": 59473.581223144145, "loss_main": 2.6882874369621277, "loss_total": 2.6882874369621277}
{"event": "update", "optimizer_step": 17710, "tokens_seen": 580321280, "lr": 0.0003, "grad_norm": 0.6175252199172974, "elapsed_seconds": 9757.617163759947, "tokens_per_second": 59473.667624031084, "loss_main": 2.4997323751449585, "loss_total": 2.4997323751449585}
{"event": "update", "optimizer_step": 17720, "tokens_seen": 580648960, "lr": 0.0003, "grad_norm": 0.6480894684791565, "elapsed_seconds": 9763.12569211796, "tokens_per_second": 59473.67454961416, "loss_main": 2.5936211943626404, "loss_total": 2.5936211943626404}
{"event": "update", "optimizer_step": 17730, "tokens_seen": 580976640, "lr": 0.0003, "grad_norm": 0.6028116345405579, "elapsed_seconds": 9768.622207039967, "tokens_per_second": 59473.75460802514, "loss_main": 2.3541013598442078, "loss_total": 2.3541013598442078}
{"event": "update", "optimizer_step": 17740, "tokens_seen": 581304320, "lr": 0.0003, "grad_norm": 0.7021867036819458, "elapsed_seconds": 9774.120053417922, "tokens_per_second": 59473.82647471401, "loss_main": 2.6393126845359802, "loss_total": 2.6393126845359802}
{"event": "update", "optimizer_step": 17750, "tokens_seen": 581632000, "lr": 0.0003, "grad_norm": 0.6218040585517883, "elapsed_seconds": 9779.623290337913, "tokens_per_second": 59473.86547850382, "loss_main": 2.4955886006355286, "loss_total": 2.4955886006355286}
{"event": "update", "optimizer_step": 17760, "tokens_seen": 581959680, "lr": 0.0003, "grad_norm": 0.6209187507629395, "elapsed_seconds": 9785.127691384929, "tokens_per_second": 59473.89736286956, "loss_main": 2.4667577743530273, "loss_total": 2.4667577743530273}
{"event": "update", "optimizer_step": 17770, "tokens_seen": 582287360, "lr": 0.0003, "grad_norm": 0.6312394142150879, "elapsed_seconds": 9790.620275603957, "tokens_per_second": 59474.000993678645, "loss_main": 2.686255931854248, "loss_total": 2.686255931854248}
{"event": "update", "optimizer_step": 17780, "tokens_seen": 582615040, "lr": 0.0003, "grad_norm": 0.6308180093765259, "elapsed_seconds": 9796.112077973958, "tokens_per_second": 59474.10925503591, "loss_main": 2.5360034108161926, "loss_total": 2.5360034108161926}
{"event": "update", "optimizer_step": 17790, "tokens_seen": 582942720, "lr": 0.0003, "grad_norm": 0.6065331101417542, "elapsed_seconds": 9801.607053004962, "tokens_per_second": 59474.19814399541, "loss_main": 2.5597124695777893, "loss_total": 2.5597124695777893}
{"event": "update", "optimizer_step": 17800, "tokens_seen": 583270400, "lr": 0.0003, "grad_norm": 0.614785373210907, "elapsed_seconds": 9807.095015174942, "tokens_per_second": 59474.32946223938, "loss_main": 2.3680899143218994, "loss_total": 2.3680899143218994}
{"event": "update", "optimizer_step": 17810, "tokens_seen": 583598080, "lr": 0.0003, "grad_norm": 0.7310101389884949, "elapsed_seconds": 9812.589782001916, "tokens_per_second": 59474.41939032503, "loss_main": 2.424696147441864, "loss_total": 2.424696147441864}
{"event": "update", "optimizer_step": 17820, "tokens_seen": 583925760, "lr": 0.0003, "grad_norm": 0.6263813376426697, "elapsed_seconds": 9818.084100802953, "tokens_per_second": 59474.51193173674, "loss_main": 2.374407708644867, "loss_total": 2.374407708644867}
{"event": "update", "optimizer_step": 17830, "tokens_seen": 584253440, "lr": 0.0003, "grad_norm": 0.613481342792511, "elapsed_seconds": 9823.56470699195, "tokens_per_second": 59474.68738961488, "loss_main": 2.5739935636520386, "loss_total": 2.5739935636520386}
{"event": "update", "optimizer_step": 17840, "tokens_seen": 584581120, "lr": 0.0003, "grad_norm": 0.6764489412307739, "elapsed_seconds": 9829.051744443947, "tokens_per_second": 59474.82373672977, "loss_main": 2.600649893283844, "loss_total": 2.600649893283844}
{"event": "update", "optimizer_step": 17850, "tokens_seen": 584908800, "lr": 0.0003, "grad_norm": 0.6158334016799927, "elapsed_seconds": 9834.544486515922, "tokens_per_second": 59474.925432689284, "loss_main": 2.4750638008117676, "loss_total": 2.4750638008117676}
{"event": "update", "optimizer_step": 17860, "tokens_seen": 585236480, "lr": 0.0003, "grad_norm": 0.6160497665405273, "elapsed_seconds": 9840.030941550911, "tokens_per_second": 59475.06501516747, "loss_main": 2.509167432785034, "loss_total": 2.509167432785034}
{"event": "update", "optimizer_step": 17870, "tokens_seen": 585564160, "lr": 0.0003, "grad_norm": 0.64435875415802, "elapsed_seconds": 9845.52265566896, "tokens_per_second": 59475.172672812616, "loss_main": 2.5919132232666016, "loss_total": 2.5919132232666016}
{"event": "update", "optimizer_step": 17880, "tokens_seen": 585891840, "lr": 0.0003, "grad_norm": 0.628166913986206, "elapsed_seconds": 9851.001266564941, "tokens_per_second": 59475.359320941534, "loss_main": 2.556981086730957, "loss_total": 2.556981086730957}
{"event": "update", "optimizer_step": 17890, "tokens_seen": 586219520, "lr": 0.0003, "grad_norm": 0.5928008556365967, "elapsed_seconds": 9856.486261186947, "tokens_per_second": 59475.50724119873, "loss_main": 2.3658014833927155, "loss_total": 2.3658014833927155}
{"event": "update", "optimizer_step": 17900, "tokens_seen": 586547200, "lr": 0.0003, "grad_norm": 0.6131870150566101, "elapsed_seconds": 9861.974801364937, "tokens_per_second": 59475.63361435678, "loss_main": 2.485481381416321, "loss_total": 2.485481381416321}
{"event": "update", "optimizer_step": 17910, "tokens_seen": 586874880, "lr": 0.0003, "grad_norm": 0.6572312116622925, "elapsed_seconds": 9867.459723936918, "tokens_per_second": 59475.78165192132, "loss_main": 2.574907660484314, "loss_total": 2.574907660484314}
{"event": "update", "optimizer_step": 17920, "tokens_seen": 587202560, "lr": 0.0003, "grad_norm": 0.6284763216972351, "elapsed_seconds": 9872.943770368933, "tokens_per_second": 59475.934802985044, "loss_main": 2.653271734714508, "loss_total": 2.653271734714508}
{"event": "update", "optimizer_step": 17930, "tokens_seen": 587530240, "lr": 0.0003, "grad_norm": 0.7155593633651733, "elapsed_seconds": 9878.429416412953, "tokens_per_second": 59476.07815305355, "loss_main": 2.5137702226638794, "loss_total": 2.5137702226638794}
{"event": "update", "optimizer_step": 17940, "tokens_seen": 587857920, "lr": 0.0003, "grad_norm": 2.6978955268859863, "elapsed_seconds": 9883.917267750949, "tokens_per_second": 59476.20807370083, "loss_main": 2.6033862829208374, "loss_total": 2.6033862829208374}
{"event": "update", "optimizer_step": 17950, "tokens_seen": 588185600, "lr": 0.0003, "grad_norm": 0.6465873122215271, "elapsed_seconds": 9889.39950525196, "tokens_per_second": 59476.371612617375, "loss_main": 2.5111486315727234, "loss_total": 2.5111486315727234}
{"event": "update", "optimizer_step": 17960, "tokens_seen": 588513280, "lr": 0.0003, "grad_norm": 0.6177317500114441, "elapsed_seconds": 9894.893960352929, "tokens_per_second": 59476.461532389076, "loss_main": 2.4239983558654785, "loss_total": 2.4239983558654785}
{"event": "update", "optimizer_step": 17970, "tokens_seen": 588840960, "lr": 0.0003, "grad_norm": 0.6629831790924072, "elapsed_seconds": 9900.375033893913, "tokens_per_second": 59476.6317421415, "loss_main": 2.6316713094711304, "loss_total": 2.6316713094711304}
{"event": "update", "optimizer_step": 17980, "tokens_seen": 589168640, "lr": 0.0003, "grad_norm": 0.6578168272972107, "elapsed_seconds": 9905.864372763957, "tokens_per_second": 59476.752136836374, "loss_main": 2.5533745884895325, "loss_total": 2.5533745884895325}
{"event": "update", "optimizer_step": 17990, "tokens_seen": 589496320, "lr": 0.0003, "grad_norm": 0.6113302707672119, "elapsed_seconds": 9911.339926151966, "tokens_per_second": 59476.95512334923, "loss_main": 2.4452245235443115, "loss_total": 2.4452245235443115}
{"event": "update", "optimizer_step": 18000, "tokens_seen": 589824000, "lr": 0.0003, "grad_norm": 0.5989271402359009, "elapsed_seconds": 9916.834040329966, "tokens_per_second": 59477.04656559671, "loss_main": 2.640891134738922, "loss_total": 2.640891134738922}
{"event": "update", "optimizer_step": 18010, "tokens_seen": 590151680, "lr": 0.0003, "grad_norm": 0.6512288451194763, "elapsed_seconds": 9922.318382749916, "tokens_per_second": 59477.19648121619, "loss_main": 2.727457284927368, "loss_total": 2.727457284927368}
{"event": "update", "optimizer_step": 18020, "tokens_seen": 590479360, "lr": 0.0003, "grad_norm": 0.6481390595436096, "elapsed_seconds": 9927.805153246969, "tokens_per_second": 59477.33168462507, "loss_main": 2.48825466632843, "loss_total": 2.48825466632843}
{"event": "update", "optimizer_step": 18030, "tokens_seen": 590807040, "lr": 0.0003, "grad_norm": 0.6489145755767822, "elapsed_seconds": 9933.281231551955, "tokens_per_second": 59477.53076026557, "loss_main": 2.672212064266205, "loss_total": 2.672212064266205}
{"event": "update", "optimizer_step": 18040, "tokens_seen": 591134720, "lr": 0.0003, "grad_norm": 0.6261131167411804, "elapsed_seconds": 9938.770113616949, "tokens_per_second": 59477.65299351233, "loss_main": 2.5400655269622803, "loss_total": 2.5400655269622803}
{"event": "update", "optimizer_step": 18050, "tokens_seen": 591462400, "lr": 0.0003, "grad_norm": 0.620031476020813, "elapsed_seconds": 9944.249797637924, "tokens_per_second": 59477.830106449175, "loss_main": 2.6930307149887085, "loss_total": 2.6930307149887085}
{"event": "update", "optimizer_step": 18060, "tokens_seen": 591790080, "lr": 0.0003, "grad_norm": 0.6372519731521606, "elapsed_seconds": 9949.731006595946, "tokens_per_second": 59477.99790845464, "loss_main": 2.7023093700408936, "loss_total": 2.7023093700408936}
{"event": "update", "optimizer_step": 18070, "tokens_seen": 592117760, "lr": 0.0003, "grad_norm": 0.6192188858985901, "elapsed_seconds": 9955.20466852194, "tokens_per_second": 59478.210616026685, "loss_main": 2.5069605112075806, "loss_total": 2.5069605112075806}
{"event": "update", "optimizer_step": 18080, "tokens_seen": 592445440, "lr": 0.0003, "grad_norm": 0.6431887149810791, "elapsed_seconds": 9960.688162758946, "tokens_per_second": 59478.36437797912, "loss_main": 2.5078471899032593, "loss_total": 2.5078471899032593}
{"event": "update", "optimizer_step": 18090, "tokens_seen": 592773120, "lr": 0.0003, "grad_norm": 0.6452118754386902, "elapsed_seconds": 9966.169972608914, "tokens_per_second": 59478.52802322071, "loss_main": 2.6594730615615845, "loss_total": 2.6594730615615845}
{"event": "update", "optimizer_step": 18100, "tokens_seen": 593100800, "lr": 0.0003, "grad_norm": 0.7265651226043701, "elapsed_seconds": 9971.656197724922, "tokens_per_second": 59478.66515246671, "loss_main": 2.5929492712020874, "loss_total": 2.5929492712020874}
{"event": "update", "optimizer_step": 18110, "tokens_seen": 593428480, "lr": 0.0003, "grad_norm": 0.5956876873970032, "elapsed_seconds": 9977.126264098915, "tokens_per_second": 59478.8984615096, "loss_main": 2.4056203961372375, "loss_total": 2.4056203961372375}
{"event": "update", "optimizer_step": 18120, "tokens_seen": 593756160, "lr": 0.0003, "grad_norm": 0.680937647819519, "elapsed_seconds": 9982.603942469927, "tokens_per_second": 59479.08616046837, "loss_main": 2.578278064727783, "loss_total": 2.578278064727783}
{"event": "update", "optimizer_step": 18130, "tokens_seen": 594083840, "lr": 0.0003, "grad_norm": 0.6227418184280396, "elapsed_seconds": 9988.084417156933, "tokens_per_second": 59479.257001424456, "loss_main": 2.758500337600708, "loss_total": 2.758500337600708}
{"event": "update", "optimizer_step": 18140, "tokens_seen": 594411520, "lr": 0.0003, "grad_norm": 0.6139671802520752, "elapsed_seconds": 9993.56448035594, "tokens_per_second": 59479.43010408523, "loss_main": 2.734178125858307, "loss_total": 2.734178125858307}
{"event": "update", "optimizer_step": 18150, "tokens_seen": 594739200, "lr": 0.0003, "grad_norm": 0.6474990844726562, "elapsed_seconds": 9999.053295508958, "tokens_per_second": 59479.5509558015, "loss_main": 2.553193688392639, "loss_total": 2.553193688392639}
{"event": "update", "optimizer_step": 18160, "tokens_seen": 595066880, "lr": 0.0003, "grad_norm": 0.6611846089363098, "elapsed_seconds": 10004.537464710942, "tokens_per_second": 59479.699296342544, "loss_main": 2.294849455356598, "loss_total": 2.294849455356598}
{"event": "update", "optimizer_step": 18170, "tokens_seen": 595394560, "lr": 0.0003, "grad_norm": 0.591164231300354, "elapsed_seconds": 10010.03113365994, "tokens_per_second": 59479.79102661467, "loss_main": 2.533131778240204, "loss_total": 2.533131778240204}
{"event": "update", "optimizer_step": 18180, "tokens_seen": 595722240, "lr": 0.0003, "grad_norm": 0.6550031304359436, "elapsed_seconds": 10015.50826167193, "tokens_per_second": 59479.98088921287, "loss_main": 2.5723897218704224, "loss_total": 2.5723897218704224}
{"event": "update", "optimizer_step": 18190, "tokens_seen": 596049920, "lr": 0.0003, "grad_norm": 0.6242786645889282, "elapsed_seconds": 10021.000141544966, "tokens_per_second": 59480.08298382334, "loss_main": 2.6366862654685974, "loss_total": 2.6366862654685974}
{"event": "update", "optimizer_step": 18200, "tokens_seen": 596377600, "lr": 0.0003, "grad_norm": 0.6304090619087219, "elapsed_seconds": 10026.486745879927, "tokens_per_second": 59480.21626269668, "loss_main": 2.6116766333580017, "loss_total": 2.6116766333580017}
{"event": "update", "optimizer_step": 18210, "tokens_seen": 596705280, "lr": 0.0003, "grad_norm": 0.6308890581130981, "elapsed_seconds": 10031.973529240931, "tokens_per_second": 59480.34833432716, "loss_main": 2.511603891849518, "loss_total": 2.511603891849518}
{"event": "update", "optimizer_step": 18220, "tokens_seen": 597032960, "lr": 0.0003, "grad_norm": 0.6638412475585938, "elapsed_seconds": 10037.456126843928, "tokens_per_second": 59480.505065751626, "loss_main": 2.4255518317222595, "loss_total": 2.4255518317222595}
{"event": "update", "optimizer_step": 18230, "tokens_seen": 597360640, "lr": 0.0003, "grad_norm": 0.6444134712219238, "elapsed_seconds": 10042.92696640495, "tokens_per_second": 59480.73126472573, "loss_main": 2.4979421496391296, "loss_total": 2.4979421496391296}
{"event": "update", "optimizer_step": 18240, "tokens_seen": 597688320, "lr": 0.0003, "grad_norm": 0.6418929696083069, "elapsed_seconds": 10048.417468419939, "tokens_per_second": 59480.84082676785, "loss_main": 2.579907476902008, "loss_total": 2.579907476902008}
{"event": "update", "optimizer_step": 18250, "tokens_seen": 598016000, "lr": 0.0003, "grad_norm": 0.6968868970870972, "elapsed_seconds": 10053.91581847996, "tokens_per_second": 59480.903838561615, "loss_main": 2.7689220309257507, "loss_total": 2.7689220309257507}
{"event": "update", "optimizer_step": 18260, "tokens_seen": 598343680, "lr": 0.0003, "grad_norm": 0.6427909135818481, "elapsed_seconds": 10059.401766062947, "tokens_per_second": 59481.04011697904, "loss_main": 2.677759110927582, "loss_total": 2.677759110927582}
{"event": "update", "optimizer_step": 18270, "tokens_seen": 598671360, "lr": 0.0003, "grad_norm": 0.664518415927887, "elapsed_seconds": 10064.902861475945, "tokens_per_second": 59481.086726773356, "loss_main": 2.5492671132087708, "loss_total": 2.5492671132087708}
{"event": "update", "optimizer_step": 18280, "tokens_seen": 598999040, "lr": 0.0003, "grad_norm": 0.636107861995697, "elapsed_seconds": 10070.386260408966, "tokens_per_second": 59481.23781060153, "loss_main": 2.366774260997772, "loss_total": 2.366774260997772}
{"event": "update", "optimizer_step": 18290, "tokens_seen": 599326720, "lr": 0.0003, "grad_norm": 0.6377613544464111, "elapsed_seconds": 10075.878551293921, "tokens_per_second": 59481.336237725474, "loss_main": 2.5596076250076294, "loss_total": 2.5596076250076294}
{"event": "update", "optimizer_step": 18300, "tokens_seen": 599654400, "lr": 0.0003, "grad_norm": 0.6621326208114624, "elapsed_seconds": 10081.375063536922, "tokens_per_second": 59481.40965103811, "loss_main": 2.4746081829071045, "loss_total": 2.4746081829071045}
{"event": "update", "optimizer_step": 18310, "tokens_seen": 599982080, "lr": 0.0003, "grad_norm": 0.6058966517448425, "elapsed_seconds": 10086.868870392966, "tokens_per_second": 59481.4989377993, "loss_main": 2.4712241291999817, "loss_total": 2.4712241291999817}
{"event": "evaluation", "tokens_seen": 600014848, "elapsed_seconds": 10087.421625737916, "parameters": 71199040, "main_loss": 2.642538070678711, "perplexity": 14.048815282281756}
{"event": "update", "optimizer_step": 18320, "tokens_seen": 600309760, "lr": 0.0003, "grad_norm": 0.6164873242378235, "elapsed_seconds": 10094.894814141968, "tokens_per_second": 59466.6681577528, "loss_main": 2.5172521471977234, "loss_total": 2.5172521471977234}
{"event": "update", "optimizer_step": 18330, "tokens_seen": 600637440, "lr": 0.0003, "grad_norm": 0.6054736971855164, "elapsed_seconds": 10100.372845600941, "tokens_per_second": 59466.85822212971, "loss_main": 2.504086911678314, "loss_total": 2.504086911678314}
{"event": "update", "optimizer_step": 18340, "tokens_seen": 600965120, "lr": 0.0003, "grad_norm": 0.646914005279541, "elapsed_seconds": 10105.864567652927, "tokens_per_second": 59466.967519392885, "loss_main": 2.514729142189026, "loss_total": 2.514729142189026}
{"event": "update", "optimizer_step": 18350, "tokens_seen": 601292800, "lr": 0.0003, "grad_norm": 0.6486591100692749, "elapsed_seconds": 10111.36635012395, "tokens_per_second": 59467.01753048727, "loss_main": 2.5219109058380127, "loss_total": 2.5219109058380127}
{"event": "update", "optimizer_step": 18360, "tokens_seen": 601620480, "lr": 0.0003, "grad_norm": 0.6595205068588257, "elapsed_seconds": 10116.860201187956, "tokens_per_second": 59467.11410812573, "loss_main": 2.5119834542274475, "loss_total": 2.5119834542274475}
{"event": "update", "optimizer_step": 18370, "tokens_seen": 601948160, "lr": 0.0003, "grad_norm": 0.6463997960090637, "elapsed_seconds": 10122.354679068958, "tokens_per_second": 59467.20689848091, "loss_main": 2.5275299549102783, "loss_total": 2.5275299549102783}
{"event": "update", "optimizer_step": 18380, "tokens_seen": 602275840, "lr": 0.0003, "grad_norm": 0.6099715828895569, "elapsed_seconds": 10127.846877130913, "tokens_per_second": 59467.31297448456, "loss_main": 2.589282989501953, "loss_total": 2.589282989501953}
{"event": "update", "optimizer_step": 18390, "tokens_seen": 602603520, "lr": 0.0003, "grad_norm": 0.6321622133255005, "elapsed_seconds": 10133.335856458929, "tokens_per_second": 59467.43782462357, "loss_main": 2.767688810825348, "loss_total": 2.767688810825348}
{"event": "update", "optimizer_step": 18400, "tokens_seen": 602931200, "lr": 0.0003, "grad_norm": 0.6299552321434021, "elapsed_seconds": 10138.830924399954, "tokens_per_second": 59467.526827870766, "loss_main": 2.6227774620056152, "loss_total": 2.6227774620056152}
{"event": "update", "optimizer_step": 18410, "tokens_seen": 603258880, "lr": 0.0003, "grad_norm": 0.6073179244995117, "elapsed_seconds": 10144.315424186934, "tokens_per_second": 59467.677686920026, "loss_main": 2.463513135910034, "loss_total": 2.463513135910034}
{"event": "update", "optimizer_step": 18420, "tokens_seen": 603586560, "lr": 0.0003, "grad_norm": 0.6382499933242798, "elapsed_seconds": 10149.794401391933, "tokens_per_second": 59467.86073984166, "loss_main": 2.627324640750885, "loss_total": 2.627324640750885}
{"event": "update", "optimizer_step": 18430, "tokens_seen": 603914240, "lr": 0.0003, "grad_norm": 0.6338582038879395, "elapsed_seconds": 10155.290532719926, "tokens_per_second": 59467.94314295719, "loss_main": 2.6442617177963257, "loss_total": 2.6442617177963257}
{"event": "update", "optimizer_step": 18440, "tokens_seen": 604241920, "lr": 0.0003, "grad_norm": 0.6718980073928833, "elapsed_seconds": 10160.77992861194, "tokens_per_second": 59468.06487743163, "loss_main": 2.5393269062042236, "loss_total": 2.5393269062042236}
{"event": "update", "optimizer_step": 18450, "tokens_seen": 604569600, "lr": 0.0003, "grad_norm": 0.6383525133132935, "elapsed_seconds": 10166.265418615949, "tokens_per_second": 59468.20932817108, "loss_main": 2.490819215774536, "loss_total": 2.490819215774536}
{"event": "update", "optimizer_step": 18460, "tokens_seen": 604897280, "lr": 0.0003, "grad_norm": 0.6634091734886169, "elapsed_seconds": 10171.77475535794, "tokens_per_second": 59468.21420533058, "loss_main": 2.562241554260254, "loss_total": 2.562241554260254}
{"event": "update", "optimizer_step": 18470, "tokens_seen": 605224960, "lr": 0.0003, "grad_norm": 0.6068159341812134, "elapsed_seconds": 10177.280148547958, "tokens_per_second": 59468.24212030268, "loss_main": 2.6136935353279114, "loss_total": 2.6136935353279114}
{"event": "update", "optimizer_step": 18480, "tokens_seen": 605552640, "lr": 0.0003, "grad_norm": 0.6031384468078613, "elapsed_seconds": 10182.776043442951, "tokens_per_second": 59468.32547593313, "loss_main": 2.4918212294578552, "loss_total": 2.4918212294578552}
{"event": "update", "optimizer_step": 18490, "tokens_seen": 605880320, "lr": 0.0003, "grad_norm": 0.6530166864395142, "elapsed_seconds": 10188.26692089293, "tokens_per_second": 59468.43802821166, "loss_main": 2.5557631850242615, "loss_total": 2.5557631850242615}
{"event": "update", "optimizer_step": 18500, "tokens_seen": 606208000, "lr": 0.0003, "grad_norm": 0.6251816749572754, "elapsed_seconds": 10193.755665018922, "tokens_per_second": 59468.56290466864, "loss_main": 2.5625320076942444, "loss_total": 2.5625320076942444}
{"event": "update", "optimizer_step": 18510, "tokens_seen": 606535680, "lr": 0.0003, "grad_norm": 0.6503495573997498, "elapsed_seconds": 10199.254722185957, "tokens_per_second": 59468.627514580214, "loss_main": 2.7009304761886597, "loss_total": 2.7009304761886597}
{"event": "update", "optimizer_step": 18520, "tokens_seen": 606863360, "lr": 0.0003, "grad_norm": 0.6245789527893066, "elapsed_seconds": 10204.762513476948, "tokens_per_second": 59468.64115637617, "loss_main": 2.50749135017395, "loss_total": 2.50749135017395}
{"event": "update", "optimizer_step": 18530, "tokens_seen": 607191040, "lr": 0.0003, "grad_norm": 0.6173132658004761, "elapsed_seconds": 10210.257309548964, "tokens_per_second": 59468.730472848634, "loss_main": 2.692551076412201, "loss_total": 2.692551076412201}
{"event": "update", "optimizer_step": 18540, "tokens_seen": 607518720, "lr": 0.0003, "grad_norm": 0.6600022315979004, "elapsed_seconds": 10215.736685384938, "tokens_per_second": 59468.909458986134, "loss_main": 2.585855543613434, "loss_total": 2.585855543613434}
{"event": "update", "optimizer_step": 18550, "tokens_seen": 607846400, "lr": 0.0003, "grad_norm": 0.6035814881324768, "elapsed_seconds": 10221.227254216967, "tokens_per_second": 59469.02313019419, "loss_main": 2.5565764904022217, "loss_total": 2.5565764904022217}
{"event": "update", "optimizer_step": 18560, "tokens_seen": 608174080, "lr": 0.0003, "grad_norm": 0.6131733059883118, "elapsed_seconds": 10226.716359134938, "tokens_per_second": 59469.14519211761, "loss_main": 2.4103532433509827, "loss_total": 2.4103532433509827}
{"event": "update", "optimizer_step": 18570, "tokens_seen": 608501760, "lr": 0.0003, "grad_norm": 0.6315249800682068, "elapsed_seconds": 10232.212066999928, "tokens_per_second": 59469.228746977285, "loss_main": 2.3016646802425385, "loss_total": 2.3016646802425385}
{"event": "update", "optimizer_step": 18580, "tokens_seen": 608829440, "lr": 0.0003, "grad_norm": 0.5995771288871765, "elapsed_seconds": 10237.708204206952, "tokens_per_second": 59469.30971814722, "loss_main": 2.365439295768738, "loss_total": 2.365439295768738}
{"event": "update", "optimizer_step": 18590, "tokens_seen": 609157120, "lr": 0.0003, "grad_norm": 0.6642162799835205, "elapsed_seconds": 10243.207258474955, "tokens_per_second": 59469.37366672921, "loss_main": 2.5121861696243286, "loss_total": 2.5121861696243286}
{"event": "update", "optimizer_step": 18600, "tokens_seen": 609484800, "lr": 0.0003, "grad_norm": 0.6324321031570435, "elapsed_seconds": 10248.704536923964, "tokens_per_second": 59469.44785110667, "loss_main": 2.5283827781677246, "loss_total": 2.5283827781677246}
{"event": "update", "optimizer_step": 18610, "tokens_seen": 609812480, "lr": 0.0003, "grad_norm": 0.6522144675254822, "elapsed_seconds": 10254.197306006914, "tokens_per_second": 59469.54810814607, "loss_main": 2.567177474498749, "loss_total": 2.567177474498749}
{"event": "update", "optimizer_step": 18620, "tokens_seen": 610140160, "lr": 0.0003, "grad_norm": 0.6262499094009399, "elapsed_seconds": 10259.673967025941, "tokens_per_second": 59469.74162736153, "loss_main": 2.484316408634186, "loss_total": 2.484316408634186}
{"event": "update", "optimizer_step": 18630, "tokens_seen": 610467840, "lr": 0.0003, "grad_norm": 0.6576678156852722, "elapsed_seconds": 10265.15173082694, "tokens_per_second": 59469.92855124821, "loss_main": 2.3096678853034973, "loss_total": 2.3096678853034973}
{"event": "update", "optimizer_step": 18640, "tokens_seen": 610795520, "lr": 0.0003, "grad_norm": 0.6241582632064819, "elapsed_seconds": 10270.652812660963, "tokens_per_second": 59469.98025744311, "loss_main": 2.4946515560150146, "loss_total": 2.4946515560150146}
{"event": "update", "optimizer_step": 18650, "tokens_seen": 611123200, "lr": 0.0003, "grad_norm": 0.6790193319320679, "elapsed_seconds": 10276.143585490936, "tokens_per_second": 59470.09156848055, "loss_main": 2.6984550952911377, "loss_total": 2.6984550952911377}
{"event": "update", "optimizer_step": 18660, "tokens_seen": 611450880, "lr": 0.0003, "grad_norm": 0.6598742008209229, "elapsed_seconds": 10281.653725601966, "tokens_per_second": 59470.09073817073, "loss_main": 2.5328193306922913, "loss_total": 2.5328193306922913}
{"event": "update", "optimizer_step": 18670, "tokens_seen": 611778560, "lr": 0.0003, "grad_norm": 0.6283606290817261, "elapsed_seconds": 10287.138786495954, "tokens_per_second": 59470.23489204683, "loss_main": 2.6466903686523438, "loss_total": 2.6466903686523438}
{"event": "update", "optimizer_step": 18680, "tokens_seen": 612106240, "lr": 0.0003, "grad_norm": 0.6611336469650269, "elapsed_seconds": 10292.62047807494, "tokens_per_second": 59470.3983600573, "loss_main": 2.4753918647766113, "loss_total": 2.4753918647766113}
{"event": "update", "optimizer_step": 18690, "tokens_seen": 612433920, "lr": 0.0003, "grad_norm": 0.6253949403762817, "elapsed_seconds": 10298.101442749961, "tokens_per_second": 59470.56585184096, "loss_main": 2.530545651912689, "loss_total": 2.530545651912689}
{"event": "update", "optimizer_step": 18700, "tokens_seen": 612761600, "lr": 0.0003, "grad_norm": 0.6684820055961609, "elapsed_seconds": 10303.594089877966, "tokens_per_second": 59470.665736139985, "loss_main": 2.419321298599243, "loss_total": 2.419321298599243}
{"event": "update", "optimizer_step": 18710, "tokens_seen": 613089280, "lr": 0.0003, "grad_norm": 0.6427034139633179, "elapsed_seconds": 10309.091502807918, "tokens_per_second": 59470.738021193334, "loss_main": 2.4793580770492554, "loss_total": 2.4793580770492554}
{"event": "update", "optimizer_step": 18720, "tokens_seen": 613416960, "lr": 0.0003, "grad_norm": 0.6774877309799194, "elapsed_seconds": 10314.59100550093, "tokens_per_second": 59470.79818025313, "loss_main": 2.436166286468506, "loss_total": 2.436166286468506}
{"event": "update", "optimizer_step": 18730, "tokens_seen": 613744640, "lr": 0.0003, "grad_norm": 0.6392749547958374, "elapsed_seconds": 10320.084744196967, "tokens_per_second": 59470.89149099396, "loss_main": 2.418567657470703, "loss_total": 2.418567657470703}
{"event": "update", "optimizer_step": 18740, "tokens_seen": 614072320, "lr": 0.0003, "grad_norm": 0.6214144825935364, "elapsed_seconds": 10325.565751431917, "tokens_per_second": 59471.058030388536, "loss_main": 2.6947097778320312, "loss_total": 2.6947097778320312}
{"event": "update", "optimizer_step": 18750, "tokens_seen": 614400000, "lr": 0.0003, "grad_norm": 0.646721601486206, "elapsed_seconds": 10331.058962337964, "tokens_per_second": 59471.15414206857, "loss_main": 2.738330125808716, "loss_total": 2.738330125808716}
{"event": "update", "optimizer_step": 18760, "tokens_seen": 614727680, "lr": 0.0003, "grad_norm": 0.6295621991157532, "elapsed_seconds": 10336.543978757923, "tokens_per_second": 59471.297298525875, "loss_main": 2.4800071716308594, "loss_total": 2.4800071716308594}
{"event": "update", "optimizer_step": 18770, "tokens_seen": 615055360, "lr": 0.0003, "grad_norm": 0.6349464654922485, "elapsed_seconds": 10342.034627640911, "tokens_per_second": 59471.40791388922, "loss_main": 2.644648492336273, "loss_total": 2.644648492336273}
{"event": "update", "optimizer_step": 18780, "tokens_seen": 615383040, "lr": 0.0003, "grad_norm": 0.6398305892944336, "elapsed_seconds": 10347.522590777953, "tokens_per_second": 59471.53384796176, "loss_main": 2.4116969108581543, "loss_total": 2.4116969108581543}
{"event": "update", "optimizer_step": 18790, "tokens_seen": 615710720, "lr": 0.0003, "grad_norm": 0.6173617243766785, "elapsed_seconds": 10352.999038233946, "tokens_per_second": 59471.72579908114, "loss_main": 2.275567889213562, "loss_total": 2.275567889213562}
{"event": "update", "optimizer_step": 18800, "tokens_seen": 616038400, "lr": 0.0003, "grad_norm": 0.6126318573951721, "elapsed_seconds": 10358.48077461496, "tokens_per_second": 59471.887181534985, "loss_main": 2.5174232125282288, "loss_total": 2.5174232125282288}
{"event": "update", "optimizer_step": 18810, "tokens_seen": 616366080, "lr": 0.0003, "grad_norm": 0.6475427150726318, "elapsed_seconds": 10363.956646277918, "tokens_per_second": 59472.08204709733, "loss_main": 2.6307122707366943, "loss_total": 2.6307122707366943}
{"event": "update", "optimizer_step": 18820, "tokens_seen": 616693760, "lr": 0.0003, "grad_norm": 0.6505184173583984, "elapsed_seconds": 10369.430152277928, "tokens_per_second": 59472.290274748266, "loss_main": 2.6102831959724426, "loss_total": 2.6102831959724426}
{"event": "update", "optimizer_step": 18830, "tokens_seen": 617021440, "lr": 0.0003, "grad_norm": 0.6266933083534241, "elapsed_seconds": 10374.917179935961, "tokens_per_second": 59472.42077201898, "loss_main": 2.6812400221824646, "loss_total": 2.6812400221824646}
{"event": "update", "optimizer_step": 18840, "tokens_seen": 617349120, "lr": 0.0003, "grad_norm": 0.5878419876098633, "elapsed_seconds": 10380.394632702926, "tokens_per_second": 59472.60598889678, "loss_main": 2.547299385070801, "loss_total": 2.547299385070801}
{"event": "update", "optimizer_step": 18850, "tokens_seen": 617676800, "lr": 0.0003, "grad_norm": 0.6087511777877808, "elapsed_seconds": 10385.877542153932, "tokens_per_second": 59472.75976372621, "loss_main": 2.599366247653961, "loss_total": 2.599366247653961}
{"event": "update", "optimizer_step": 18860, "tokens_seen": 618004480, "lr": 0.0003, "grad_norm": 0.6189925670623779, "elapsed_seconds": 10391.356206366967, "tokens_per_second": 59472.937673076565, "loss_main": 2.5391724705696106, "loss_total": 2.5391724705696106}
{"event": "update", "optimizer_step": 18870, "tokens_seen": 618332160, "lr": 0.0003, "grad_norm": 0.6339919567108154, "elapsed_seconds": 10396.833835078927, "tokens_per_second": 59473.12131831392, "loss_main": 2.584490656852722, "loss_total": 2.584490656852722}
{"event": "update", "optimizer_step": 18880, "tokens_seen": 618659840, "lr": 0.0003, "grad_norm": 0.680788516998291, "elapsed_seconds": 10402.324272406928, "tokens_per_second": 59473.23153932522, "loss_main": 2.590619921684265, "loss_total": 2.590619921684265}
{"event": "update", "optimizer_step": 18890, "tokens_seen": 618987520, "lr": 0.0003, "grad_norm": 0.6345089673995972, "elapsed_seconds": 10407.809521387913, "tokens_per_second": 59473.37129181589, "loss_main": 2.487501382827759, "loss_total": 2.487501382827759}
{"event": "update", "optimizer_step": 18900, "tokens_seen": 619315200, "lr": 0.0003, "grad_norm": 0.6072146892547607, "elapsed_seconds": 10413.293621428951, "tokens_per_second": 59473.517459024195, "loss_main": 2.67518413066864, "loss_total": 2.67518413066864}
{"event": "update", "optimizer_step": 18910, "tokens_seen": 619642880, "lr": 0.0003, "grad_norm": 0.6191417574882507, "elapsed_seconds": 10418.785748274939, "tokens_per_second": 59473.61765286283, "loss_main": 2.438277840614319, "loss_total": 2.438277840614319}
{"event": "update", "optimizer_step": 18920, "tokens_seen": 619970560, "lr": 0.0003, "grad_norm": 0.6822932958602905, "elapsed_seconds": 10424.261388843937, "tokens_per_second": 59473.81180056494, "loss_main": 2.550056278705597, "loss_total": 2.550056278705597}
{"event": "update", "optimizer_step": 18930, "tokens_seen": 620298240, "lr": 0.0003, "grad_norm": 0.6165332198143005, "elapsed_seconds": 10429.755121135968, "tokens_per_second": 59473.90257926205, "loss_main": 2.4691795706748962, "loss_total": 2.4691795706748962}
{"event": "update", "optimizer_step": 18940, "tokens_seen": 620625920, "lr": 0.0003, "grad_norm": 0.6339465975761414, "elapsed_seconds": 10435.229529074917, "tokens_per_second": 59474.1033985688, "loss_main": 2.7289794087409973, "loss_total": 2.7289794087409973}
{"event": "update", "optimizer_step": 18950, "tokens_seen": 620953600, "lr": 0.0003, "grad_norm": 0.6361145377159119, "elapsed_seconds": 10440.715732281911, "tokens_per_second": 59474.23681693181, "loss_main": 2.5748239755630493, "loss_total": 2.5748239755630493}
{"event": "update", "optimizer_step": 18960, "tokens_seen": 621281280, "lr": 0.0003, "grad_norm": 0.6073447465896606, "elapsed_seconds": 10446.195390335924, "tokens_per_second": 59474.40735933057, "loss_main": 2.5618563890457153, "loss_total": 2.5618563890457153}
{"event": "update", "optimizer_step": 18970, "tokens_seen": 621608960, "lr": 0.0003, "grad_norm": 0.7155811786651611, "elapsed_seconds": 10451.692819327931, "tokens_per_second": 59474.47659870767, "loss_main": 2.7083451747894287, "loss_total": 2.7083451747894287}
{"event": "update", "optimizer_step": 18980, "tokens_seen": 621936640, "lr": 0.0003, "grad_norm": 0.6312083601951599, "elapsed_seconds": 10457.169607609918, "tokens_per_second": 59474.663158126714, "loss_main": 2.5243186950683594, "loss_total": 2.5243186950683594}
{"event": "update", "optimizer_step": 18990, "tokens_seen": 622264320, "lr": 0.0003, "grad_norm": 0.6359559893608093, "elapsed_seconds": 10462.645353318949, "tokens_per_second": 59474.855448732764, "loss_main": 2.5061214566230774, "loss_total": 2.5061214566230774}
{"event": "update", "optimizer_step": 19000, "tokens_seen": 622592000, "lr": 0.0003, "grad_norm": 0.6589343547821045, "elapsed_seconds": 10468.124246102932, "tokens_per_second": 59475.02965794261, "loss_main": 2.4128363728523254, "loss_total": 2.4128363728523254}
{"event": "update", "optimizer_step": 19010, "tokens_seen": 622919680, "lr": 0.0003, "grad_norm": 0.6004634499549866, "elapsed_seconds": 10473.611252236937, "tokens_per_second": 59475.157612610245, "loss_main": 2.565147876739502, "loss_total": 2.565147876739502}
{"event": "update", "optimizer_step": 19020, "tokens_seen": 623247360, "lr": 0.0003, "grad_norm": 0.6240763664245605, "elapsed_seconds": 10479.098565466935, "tokens_per_second": 59475.283690322736, "loss_main": 2.5243915915489197, "loss_total": 2.5243915915489197}
{"event": "update", "optimizer_step": 19030, "tokens_seen": 623575040, "lr": 0.0003, "grad_norm": 0.6447599530220032, "elapsed_seconds": 10484.596735031926, "tokens_per_second": 59475.34805191543, "loss_main": 2.5853760838508606, "loss_total": 2.5853760838508606}
{"event": "update", "optimizer_step": 19040, "tokens_seen": 623902720, "lr": 0.0003, "grad_norm": 0.6687554121017456, "elapsed_seconds": 10490.087784496951, "tokens_per_second": 59475.452714709485, "loss_main": 2.5194268822669983, "loss_total": 2.5194268822669983}
{"event": "update", "optimizer_step": 19050, "tokens_seen": 624230400, "lr": 0.0003, "grad_norm": 0.6358275413513184, "elapsed_seconds": 10495.57534801995, "tokens_per_second": 59475.57702186995, "loss_main": 2.4984222054481506, "loss_total": 2.4984222054481506}
{"event": "update", "optimizer_step": 19060, "tokens_seen": 624558080, "lr": 0.0003, "grad_norm": 0.6651671528816223, "elapsed_seconds": 10501.061461480916, "tokens_per_second": 59475.70941194372, "loss_main": 2.495155990123749, "loss_total": 2.495155990123749}
{"event": "update", "optimizer_step": 19070, "tokens_seen": 624885760, "lr": 0.0003, "grad_norm": 0.6395784020423889, "elapsed_seconds": 10506.550050908932, "tokens_per_second": 59475.82764771967, "loss_main": 2.5531954169273376, "loss_total": 2.5531954169273376}
{"event": "update", "optimizer_step": 19080, "tokens_seen": 625213440, "lr": 0.0003, "grad_norm": 0.6213986873626709, "elapsed_seconds": 10512.03386498196, "tokens_per_second": 59475.97277846792, "loss_main": 2.5758453607559204, "loss_total": 2.5758453607559204}
{"event": "update", "optimizer_step": 19090, "tokens_seen": 625541120, "lr": 0.0003, "grad_norm": 0.67873215675354, "elapsed_seconds": 10517.517025523935, "tokens_per_second": 59476.121453565065, "loss_main": 2.5255481004714966, "loss_total": 2.5255481004714966}
{"event": "update", "optimizer_step": 19100, "tokens_seen": 625868800, "lr": 0.0003, "grad_norm": 0.6821383237838745, "elapsed_seconds": 10523.001627563965, "tokens_per_second": 59476.26182634035, "loss_main": 2.449225902557373, "loss_total": 2.449225902557373}
{"event": "update", "optimizer_step": 19110, "tokens_seen": 626196480, "lr": 0.0003, "grad_norm": 0.6685940027236938, "elapsed_seconds": 10528.480684710958, "tokens_per_second": 59476.43337650206, "loss_main": 2.5285474061965942, "loss_total": 2.5285474061965942}
{"event": "update", "optimizer_step": 19120, "tokens_seen": 626524160, "lr": 0.0003, "grad_norm": 0.6519150137901306, "elapsed_seconds": 10533.953492400935, "tokens_per_second": 59476.64003376955, "loss_main": 2.524588167667389, "loss_total": 2.524588167667389}
{"event": "update", "optimizer_step": 19130, "tokens_seen": 626851840, "lr": 0.0003, "grad_norm": 0.8748367428779602, "elapsed_seconds": 10539.430127070926, "tokens_per_second": 59476.82487973494, "loss_main": 2.5150502920150757, "loss_total": 2.5150502920150757}
{"event": "update", "optimizer_step": 19140, "tokens_seen": 627179520, "lr": 0.0003, "grad_norm": 0.6215897798538208, "elapsed_seconds": 10544.935197148938, "tokens_per_second": 59476.849148354384, "loss_main": 2.392121732234955, "loss_total": 2.392121732234955}
{"event": "update", "optimizer_step": 19150, "tokens_seen": 627507200, "lr": 0.0003, "grad_norm": 0.680054247379303, "elapsed_seconds": 10550.413063099957, "tokens_per_second": 59477.026752128295, "loss_main": 2.9044496417045593, "loss_total": 2.9044496417045593}
{"event": "update", "optimizer_step": 19160, "tokens_seen": 627834880, "lr": 0.0003, "grad_norm": 0.6246926784515381, "elapsed_seconds": 10555.887867188954, "tokens_per_second": 59477.2214236483, "loss_main": 2.5263984203338623, "loss_total": 2.5263984203338623}
{"event": "update", "optimizer_step": 19170, "tokens_seen": 628162560, "lr": 0.0003, "grad_norm": 0.6136640310287476, "elapsed_seconds": 10561.370628337958, "tokens_per_second": 59477.371082360536, "loss_main": 2.4872060418128967, "loss_total": 2.4872060418128967}
{"event": "update", "optimizer_step": 19180, "tokens_seen": 628490240, "lr": 0.0003, "grad_norm": 0.6607896685600281, "elapsed_seconds": 10566.850235352933, "tokens_per_second": 59477.53833940928, "loss_main": 2.510844111442566, "loss_total": 2.510844111442566}
{"event": "update", "optimizer_step": 19190, "tokens_seen": 628817920, "lr": 0.0003, "grad_norm": 0.6445378661155701, "elapsed_seconds": 10572.334558279952, "tokens_per_second": 59477.6788923623, "loss_main": 2.6865482330322266, "loss_total": 2.6865482330322266}
{"event": "update", "optimizer_step": 19200, "tokens_seen": 629145600, "lr": 0.0003, "grad_norm": 0.6474039554595947, "elapsed_seconds": 10577.824876866944, "tokens_per_second": 59477.785586704405, "loss_main": 2.4601778984069824, "loss_total": 2.4601778984069824}
{"event": "update", "optimizer_step": 19210, "tokens_seen": 629473280, "lr": 0.0003, "grad_norm": 0.6209421157836914, "elapsed_seconds": 10583.310874146933, "tokens_per_second": 59477.91645596337, "loss_main": 2.602741837501526, "loss_total": 2.602741837501526}
{"event": "update", "optimizer_step": 19220, "tokens_seen": 629800960, "lr": 0.0003, "grad_norm": 0.6606863737106323, "elapsed_seconds": 10588.80060810392, "tokens_per_second": 59478.02620043622, "loss_main": 2.6816834807395935, "loss_total": 2.6816834807395935}
{"event": "update", "optimizer_step": 19230, "tokens_seen": 630128640, "lr": 0.0003, "grad_norm": 0.6818817853927612, "elapsed_seconds": 10594.275976906938, "tokens_per_second": 59478.21647968527, "loss_main": 2.602254271507263, "loss_total": 2.602254271507263}
{"event": "update", "optimizer_step": 19240, "tokens_seen": 630456320, "lr": 0.0003, "grad_norm": 0.6153305172920227, "elapsed_seconds": 10599.763493041915, "tokens_per_second": 59478.338400083674, "loss_main": 2.583080470561981, "loss_total": 2.583080470561981}
{"event": "update", "optimizer_step": 19250, "tokens_seen": 630784000, "lr": 0.0003, "grad_norm": 0.6118675470352173, "elapsed_seconds": 10605.260505137965, "tokens_per_second": 59478.40693723667, "loss_main": 2.4904003143310547, "loss_total": 2.4904003143310547}
{"event": "update", "optimizer_step": 19260, "tokens_seen": 631111680, "lr": 0.0003, "grad_norm": 0.6828207969665527, "elapsed_seconds": 10610.74911514396, "tokens_per_second": 59478.52250123034, "loss_main": 2.773130178451538, "loss_total": 2.773130178451538}
{"event": "update", "optimizer_step": 19270, "tokens_seen": 631439360, "lr": 0.0003, "grad_norm": 0.6516589522361755, "elapsed_seconds": 10616.231185578916, "tokens_per_second": 59478.67458441815, "loss_main": 2.679587483406067, "loss_total": 2.679587483406067}
{"event": "update", "optimizer_step": 19280, "tokens_seen": 631767040, "lr": 0.0003, "grad_norm": 0.6325278282165527, "elapsed_seconds": 10621.709534756956, "tokens_per_second": 59478.84734869621, "loss_main": 2.5550963282585144, "loss_total": 2.5550963282585144}
{"event": "update", "optimizer_step": 19290, "tokens_seen": 632094720, "lr": 0.0003, "grad_norm": 0.6536768674850464, "elapsed_seconds": 10627.179396387946, "tokens_per_second": 59479.06743861326, "loss_main": 2.6026123762130737, "loss_total": 2.6026123762130737}
{"event": "update", "optimizer_step": 19300, "tokens_seen": 632422400, "lr": 0.0003, "grad_norm": 0.6286643147468567, "elapsed_seconds": 10632.67409366992, "tokens_per_second": 59479.14837119928, "loss_main": 2.6035894751548767, "loss_total": 2.6035894751548767}
{"event": "update", "optimizer_step": 19310, "tokens_seen": 632750080, "lr": 0.0003, "grad_norm": 0.6256113052368164, "elapsed_seconds": 10638.156745823915, "tokens_per_second": 59479.29656595731, "loss_main": 2.5666162371635437, "loss_total": 2.5666162371635437}
{"event": "update", "optimizer_step": 19320, "tokens_seen": 633077760, "lr": 0.0003, "grad_norm": 0.6345555782318115, "elapsed_seconds": 10643.634234730911, "tokens_per_second": 59479.473461632464, "loss_main": 2.5860554575920105, "loss_total": 2.5860554575920105}
{"event": "update", "optimizer_step": 19330, "tokens_seen": 633405440, "lr": 0.0003, "grad_norm": 0.6095637083053589, "elapsed_seconds": 10649.128377320943, "tokens_per_second": 59479.55715783653, "loss_main": 2.6219693422317505, "loss_total": 2.6219693422317505}
{"event": "update", "optimizer_step": 19340, "tokens_seen": 633733120, "lr": 0.0003, "grad_norm": 0.626513659954071, "elapsed_seconds": 10654.614389005932, "tokens_per_second": 59479.68615869606, "loss_main": 2.5337586402893066, "loss_total": 2.5337586402893066}
{"event": "update", "optimizer_step": 19350, "tokens_seen": 634060800, "lr": 0.0003, "grad_norm": 0.6270323395729065, "elapsed_seconds": 10660.088720395928, "tokens_per_second": 59479.88019901304, "loss_main": 2.6327702403068542, "loss_total": 2.6327702403068542}
{"event": "update", "optimizer_step": 19360, "tokens_seen": 634388480, "lr": 0.0003, "grad_norm": 0.6909011602401733, "elapsed_seconds": 10665.57777341496, "tokens_per_second": 59479.991940172054, "loss_main": 2.632378578186035, "loss_total": 2.632378578186035}
{"event": "update", "optimizer_step": 19370, "tokens_seen": 634716160, "lr": 0.0003, "grad_norm": 0.6296385526657104, "elapsed_seconds": 10671.049838677922, "tokens_per_second": 59480.19825560458, "loss_main": 2.5655091404914856, "loss_total": 2.5655091404914856}
{"event": "update", "optimizer_step": 19380, "tokens_seen": 635043840, "lr": 0.0003, "grad_norm": 0.6405293941497803, "elapsed_seconds": 10676.536712833913, "tokens_per_second": 59480.32185723997, "loss_main": 2.636359453201294, "loss_total": 2.636359453201294}
{"event": "update", "optimizer_step": 19390, "tokens_seen": 635371520, "lr": 0.0003, "grad_norm": 0.6155778169631958, "elapsed_seconds": 10682.024119236914, "tokens_per_second": 59480.442368200595, "loss_main": 2.362285077571869, "loss_total": 2.362285077571869}
{"event": "update", "optimizer_step": 19400, "tokens_seen": 635699200, "lr": 0.0003, "grad_norm": 0.6610972285270691, "elapsed_seconds": 10687.516024716955, "tokens_per_second": 59480.53771613743, "loss_main": 2.738008499145508, "loss_total": 2.738008499145508}
{"event": "update", "optimizer_step": 19410, "tokens_seen": 636026880, "lr": 0.0003, "grad_norm": 0.6561878323554993, "elapsed_seconds": 10693.004320091917, "tokens_per_second": 59480.65304761167, "loss_main": 2.616288900375366, "loss_total": 2.616288900375366}
{"event": "update", "optimizer_step": 19420, "tokens_seen": 636354560, "lr": 0.0003, "grad_norm": 0.5877733826637268, "elapsed_seconds": 10698.491064825968, "tokens_per_second": 59480.77688190802, "loss_main": 2.5566194653511047, "loss_total": 2.5566194653511047}
{"event": "update", "optimizer_step": 19430, "tokens_seen": 636682240, "lr": 0.0003, "grad_norm": 0.8873931169509888, "elapsed_seconds": 10703.988717333938, "tokens_per_second": 59480.83997593933, "loss_main": 2.6097052097320557, "loss_total": 2.6097052097320557}
{"event": "update", "optimizer_step": 19440, "tokens_seen": 637009920, "lr": 0.0003, "grad_norm": 0.6506540179252625, "elapsed_seconds": 10709.468838867964, "tokens_per_second": 59481.000373061885, "loss_main": 2.5295075178146362, "loss_total": 2.5295075178146362}
{"event": "update", "optimizer_step": 19450, "tokens_seen": 637337600, "lr": 0.0003, "grad_norm": 0.7221795916557312, "elapsed_seconds": 10714.94558893796, "tokens_per_second": 59481.17932189811, "loss_main": 2.4935373663902283, "loss_total": 2.4935373663902283}
{"event": "update", "optimizer_step": 19460, "tokens_seen": 637665280, "lr": 0.0003, "grad_norm": 0.617924153804779, "elapsed_seconds": 10720.444344678952, "tokens_per_second": 59481.23599153822, "loss_main": 2.587630808353424, "loss_total": 2.587630808353424}
{"event": "update", "optimizer_step": 19470, "tokens_seen": 637992960, "lr": 0.0003, "grad_norm": 0.7602051496505737, "elapsed_seconds": 10725.939950075932, "tokens_per_second": 59481.31007348064, "loss_main": 2.764863610267639, "loss_total": 2.764863610267639}
{"event": "update", "optimizer_step": 19480, "tokens_seen": 638320640, "lr": 0.0003, "grad_norm": 0.680794894695282, "elapsed_seconds": 10731.440898377914, "tokens_per_second": 59481.35446531545, "loss_main": 2.585452914237976, "loss_total": 2.585452914237976}
{"event": "update", "optimizer_step": 19490, "tokens_seen": 638648320, "lr": 0.0003, "grad_norm": 0.6300172209739685, "elapsed_seconds": 10736.920797324914, "tokens_per_second": 59481.51542284992, "loss_main": 2.409753143787384, "loss_total": 2.409753143787384}
{"event": "update", "optimizer_step": 19500, "tokens_seen": 638976000, "lr": 0.0003, "grad_norm": 0.6426931023597717, "elapsed_seconds": 10742.398367386952, "tokens_per_second": 59481.68911142592, "loss_main": 2.81360125541687, "loss_total": 2.81360125541687}
{"event": "update", "optimizer_step": 19510, "tokens_seen": 639303680, "lr": 0.0003, "grad_norm": 0.6485769152641296, "elapsed_seconds": 10747.887320119946, "tokens_per_second": 59481.79962802824, "loss_main": 2.4515010118484497, "loss_total": 2.4515010118484497}
{"event": "update", "optimizer_step": 19520, "tokens_seen": 639631360, "lr": 0.0003, "grad_norm": 0.6213158965110779, "elapsed_seconds": 10753.384236567945, "tokens_per_second": 59481.86598083889, "loss_main": 2.5035488605499268, "loss_total": 2.5035488605499268}
{"event": "update", "optimizer_step": 19530, "tokens_seen": 639959040, "lr": 0.0003, "grad_norm": 0.6679033041000366, "elapsed_seconds": 10758.867303382955, "tokens_per_second": 59482.00883551887, "loss_main": 2.5894482135772705, "loss_total": 2.5894482135772705}
{"event": "evaluation", "tokens_seen": 640024576, "elapsed_seconds": 10759.965458105959, "parameters": 71199040, "main_loss": 2.6366596445441246, "perplexity": 13.966472619116544}
{"event": "update", "optimizer_step": 19540, "tokens_seen": 640286720, "lr": 0.0003, "grad_norm": 0.6578640341758728, "elapsed_seconds": 10766.817872417916, "tokens_per_second": 59468.51963013749, "loss_main": 2.5198477506637573, "loss_total": 2.5198477506637573}
{"event": "update", "optimizer_step": 19550, "tokens_seen": 640614400, "lr": 0.0003, "grad_norm": 0.6413435339927673, "elapsed_seconds": 10772.298886594945, "tokens_per_second": 59468.680431544744, "loss_main": 2.5652095675468445, "loss_total": 2.5652095675468445}
{"event": "update", "optimizer_step": 19560, "tokens_seen": 640942080, "lr": 0.0003, "grad_norm": 0.6528104543685913, "elapsed_seconds": 10777.806340299954, "tokens_per_second": 59468.69518367706, "loss_main": 2.3146340548992157, "loss_total": 2.3146340548992157}
{"event": "update", "optimizer_step": 19570, "tokens_seen": 641269760, "lr": 0.0003, "grad_norm": 0.6441479325294495, "elapsed_seconds": 10783.298619998968, "tokens_per_second": 59468.793603720245, "loss_main": 2.5615869760513306, "loss_total": 2.5615869760513306}
{"event": "update", "optimizer_step": 19580, "tokens_seen": 641597440, "lr": 0.0003, "grad_norm": 0.7937187552452087, "elapsed_seconds": 10788.792068250943, "tokens_per_second": 59468.885482377686, "loss_main": 2.344798266887665, "loss_total": 2.344798266887665}
{"event": "update", "optimizer_step": 19590, "tokens_seen": 641925120, "lr": 0.0003, "grad_norm": 0.6232753992080688, "elapsed_seconds": 10794.287031711952, "tokens_per_second": 59468.96891977422, "loss_main": 2.583674967288971, "loss_total": 2.583674967288971}
{"event": "update", "optimizer_step": 19600, "tokens_seen": 642252800, "lr": 0.0003, "grad_norm": 0.6238413453102112, "elapsed_seconds": 10799.779311486927, "tokens_per_second": 59469.06704999825, "loss_main": 2.498351037502289, "loss_total": 2.498351037502289}
{"event": "update", "optimizer_step": 19610, "tokens_seen": 642580480, "lr": 0.0003, "grad_norm": 0.6198610067367554, "elapsed_seconds": 10805.271335360943, "tokens_per_second": 59469.1664888705, "loss_main": 2.4657018780708313, "loss_total": 2.4657018780708313}
{"event": "update", "optimizer_step": 19620, "tokens_seen": 642908160, "lr": 0.0003, "grad_norm": 0.6357287168502808, "elapsed_seconds": 10810.76020015392, "tokens_per_second": 59469.28320460262, "loss_main": 2.3397327065467834, "loss_total": 2.3397327065467834}
{"event": "update", "optimizer_step": 19630, "tokens_seen": 643235840, "lr": 0.0003, "grad_norm": 0.6509319543838501, "elapsed_seconds": 10816.26526774792, "tokens_per_second": 59469.31071651959, "loss_main": 2.5183552503585815, "loss_total": 2.5183552503585815}
{"event": "update", "optimizer_step": 19640, "tokens_seen": 643563520, "lr": 0.0003, "grad_norm": 0.6768745183944702, "elapsed_seconds": 10821.746507399948, "tokens_per_second": 59469.46914344455, "loss_main": 2.6551546454429626, "loss_total": 2.6551546454429626}
{"event": "update", "optimizer_step": 19650, "tokens_seen": 643891200, "lr": 0.0003, "grad_norm": 0.7351003885269165, "elapsed_seconds": 10827.234766281967, "tokens_per_second": 59469.588856168295, "loss_main": 2.746420681476593, "loss_total": 2.746420681476593}
{"event": "update", "optimizer_step": 19660, "tokens_seen": 644218880, "lr": 0.0003, "grad_norm": 0.6829105615615845, "elapsed_seconds": 10832.732319682953, "tokens_per_second": 59469.65742239024, "loss_main": 2.5539722442626953, "loss_total": 2.5539722442626953}
{"event": "update", "optimizer_step": 19670, "tokens_seen": 644546560, "lr": 0.0003, "grad_norm": 0.6244271993637085, "elapsed_seconds": 10838.224474217917, "tokens_per_second": 59469.755542824765, "loss_main": 2.71474689245224, "loss_total": 2.71474689245224}
{"event": "update", "optimizer_step": 19680, "tokens_seen": 644874240, "lr": 0.0003, "grad_norm": 0.6409320831298828, "elapsed_seconds": 10843.719807296933, "tokens_per_second": 59469.83613188277, "loss_main": 2.5938133597373962, "loss_total": 2.5938133597373962}
{"event": "update", "optimizer_step": 19690, "tokens_seen": 645201920, "lr": 0.0003, "grad_norm": 0.7417786121368408, "elapsed_seconds": 10849.215930573933, "tokens_per_second": 59469.912307835155, "loss_main": 2.6068421602249146, "loss_total": 2.6068421602249146}
{"event": "update", "optimizer_step": 19700, "tokens_seen": 645529600, "lr": 0.0003, "grad_norm": 0.6404467821121216, "elapsed_seconds": 10854.698353674961, "tokens_per_second": 59470.063466245454, "loss_main": 2.6339958906173706, "loss_total": 2.6339958906173706}
{"event": "update", "optimizer_step": 19710, "tokens_seen": 645857280, "lr": 0.0003, "grad_norm": 0.6387104392051697, "elapsed_seconds": 10860.187794277968, "tokens_per_second": 59470.17604431207, "loss_main": 2.4099674820899963, "loss_total": 2.4099674820899963}
{"event": "update", "optimizer_step": 19720, "tokens_seen": 646184960, "lr": 0.0003, "grad_norm": 0.6588436365127563, "elapsed_seconds": 10865.683607707964, "tokens_per_second": 59470.253628736755, "loss_main": 2.5049973130226135, "loss_total": 2.5049973130226135}
{"event": "update", "optimizer_step": 19730, "tokens_seen": 646512640, "lr": 0.0003, "grad_norm": 0.6537935733795166, "elapsed_seconds": 10871.194901360956, "tokens_per_second": 59470.24645092727, "loss_main": 2.697340667247772, "loss_total": 2.697340667247772}
{"event": "update", "optimizer_step": 19740, "tokens_seen": 646840320, "lr": 0.0003, "grad_norm": 0.6181371212005615, "elapsed_seconds": 10876.681152776931, "tokens_per_second": 59470.37620339315, "loss_main": 2.585735499858856, "loss_total": 2.585735499858856}
{"event": "update", "optimizer_step": 19750, "tokens_seen": 647168000, "lr": 0.0003, "grad_norm": 0.6347911357879639, "elapsed_seconds": 10882.165897406929, "tokens_per_second": 59470.51405954133, "loss_main": 2.5536599159240723, "loss_total": 2.5536599159240723}
{"event": "update", "optimizer_step": 19760, "tokens_seen": 647495680, "lr": 0.0003, "grad_norm": 0.6463378071784973, "elapsed_seconds": 10887.645995573956, "tokens_per_second": 59470.677156771984, "loss_main": 2.7429820895195007, "loss_total": 2.7429820895195007}
{"event": "update", "optimizer_step": 19770, "tokens_seen": 647823360, "lr": 0.0003, "grad_norm": 0.6269241571426392, "elapsed_seconds": 10893.136468455952, "tokens_per_second": 59470.78344937193, "loss_main": 2.6006709933280945, "loss_total": 2.6006709933280945}
{"event": "update", "optimizer_step": 19780, "tokens_seen": 648151040, "lr": 0.0003, "grad_norm": 0.618604838848114, "elapsed_seconds": 10898.642488791957, "tokens_per_second": 59470.804796703014, "loss_main": 2.416334867477417, "loss_total": 2.416334867477417}
{"event": "update", "optimizer_step": 19790, "tokens_seen": 648478720, "lr": 0.0003, "grad_norm": 0.644091010093689, "elapsed_seconds": 10904.137712785916, "tokens_per_second": 59470.88500538748, "loss_main": 2.536305785179138, "loss_total": 2.536305785179138}
{"event": "update", "optimizer_step": 19800, "tokens_seen": 648806400, "lr": 0.0003, "grad_norm": 0.6777381896972656, "elapsed_seconds": 10909.622983753914, "tokens_per_second": 59471.01938959498, "loss_main": 2.479245901107788, "loss_total": 2.479245901107788}
{"event": "update", "optimizer_step": 19810, "tokens_seen": 649134080, "lr": 0.0003, "grad_norm": 0.6232386827468872, "elapsed_seconds": 10915.115003149956, "tokens_per_second": 59471.116869833124, "loss_main": 2.496983766555786, "loss_total": 2.496983766555786}
{"event": "update", "optimizer_step": 19820, "tokens_seen": 649461760, "lr": 0.0003, "grad_norm": 0.6450223922729492, "elapsed_seconds": 10920.613393740961, "tokens_per_second": 59471.17955592425, "loss_main": 2.462717652320862, "loss_total": 2.462717652320862}
{"event": "update", "optimizer_step": 19830, "tokens_seen": 649789440, "lr": 0.0003, "grad_norm": 0.6701450943946838, "elapsed_seconds": 10926.115369483945, "tokens_per_second": 59471.222664811605, "loss_main": 2.6130576729774475, "loss_total": 2.6130576729774475}
{"event": "update", "optimizer_step": 19840, "tokens_seen": 650117120, "lr": 0.0003, "grad_norm": 0.6542280912399292, "elapsed_seconds": 10931.610262163915, "tokens_per_second": 59471.304264309656, "loss_main": 2.5847278237342834, "loss_total": 2.5847278237342834}
{"event": "update", "optimizer_step": 19850, "tokens_seen": 650444800, "lr": 0.0003, "grad_norm": 0.6599538326263428, "elapsed_seconds": 10937.101022414921, "tokens_per_second": 59471.40825223732, "loss_main": 2.5127686262130737, "loss_total": 2.5127686262130737}
{"event": "update", "optimizer_step": 19860, "tokens_seen": 650772480, "lr": 0.0003, "grad_norm": 0.6327277421951294, "elapsed_seconds": 10942.59396106092, "tokens_per_second": 59471.500296526174, "loss_main": 2.6289263367652893, "loss_total": 2.6289263367652893}
{"event": "update", "optimizer_step": 19870, "tokens_seen": 651100160, "lr": 0.0003, "grad_norm": 0.6380603909492493, "elapsed_seconds": 10948.07099531294, "tokens_per_second": 59471.67864354801, "loss_main": 2.573140025138855, "loss_total": 2.573140025138855}
{"event": "update", "optimizer_step": 19880, "tokens_seen": 651427840, "lr": 0.0003, "grad_norm": 0.6942868232727051, "elapsed_seconds": 10953.557163506921, "tokens_per_second": 59471.80721987825, "loss_main": 2.8049156069755554, "loss_total": 2.8049156069755554}
{"event": "update", "optimizer_step": 19890, "tokens_seen": 651755520, "lr": 0.0003, "grad_norm": 0.6442118883132935, "elapsed_seconds": 10959.041204830923, "tokens_per_second": 59471.94720945986, "loss_main": 2.578050196170807, "loss_total": 2.578050196170807}
{"event": "update", "optimizer_step": 19900, "tokens_seen": 652083200, "lr": 0.0003, "grad_norm": 0.6161143183708191, "elapsed_seconds": 10964.517274783924, "tokens_per_second": 59472.130296119256, "loss_main": 2.5008856654167175, "loss_total": 2.5008856654167175}
{"event": "update", "optimizer_step": 19910, "tokens_seen": 652410880, "lr": 0.0003, "grad_norm": 0.6396535038948059, "elapsed_seconds": 10970.019218181958, "tokens_per_second": 59472.172930989895, "loss_main": 2.6440617442131042, "loss_total": 2.6440617442131042}
{"event": "update", "optimizer_step": 19920, "tokens_seen": 652738560, "lr": 0.0003, "grad_norm": 0.630434513092041, "elapsed_seconds": 10975.515278519946, "tokens_per_second": 59472.24740121925, "loss_main": 2.5189805030822754, "loss_total": 2.5189805030822754}
{"event": "update", "optimizer_step": 19930, "tokens_seen": 653066240, "lr": 0.0003, "grad_norm": 0.6312614679336548, "elapsed_seconds": 10981.02154793992, "tokens_per_second": 59472.26650534327, "loss_main": 2.4434590935707092, "loss_total": 2.4434590935707092}
{"event": "update", "optimizer_step": 19940, "tokens_seen": 653393920, "lr": 0.0003, "grad_norm": 0.6471024751663208, "elapsed_seconds": 10986.528574100928, "tokens_per_second": 59472.28149392674, "loss_main": 2.5446847081184387, "loss_total": 2.5446847081184387}
{"event": "update", "optimizer_step": 19950, "tokens_seen": 653721600, "lr": 0.0003, "grad_norm": 0.6517267823219299, "elapsed_seconds": 10992.004840995942, "tokens_per_second": 59472.462890652154, "loss_main": 2.5040594339370728, "loss_total": 2.5040594339370728}
{"event": "update", "optimizer_step": 19960, "tokens_seen": 654049280, "lr": 0.0003, "grad_norm": 0.6004171371459961, "elapsed_seconds": 10997.501837939955, "tokens_per_second": 59472.53200209659, "loss_main": 2.557954490184784, "loss_total": 2.557954490184784}
{"event": "update", "optimizer_step": 19970, "tokens_seen": 654376960, "lr": 0.0003, "grad_norm": 0.6299484968185425, "elapsed_seconds": 11002.994885654945, "tokens_per_second": 59472.622390576405, "loss_main": 2.536793053150177, "loss_total": 2.536793053150177}
{"event": "update", "optimizer_step": 19980, "tokens_seen": 654704640, "lr": 0.0003, "grad_norm": 0.6774457097053528, "elapsed_seconds": 11008.482651096943, "tokens_per_second": 59472.74122603643, "loss_main": 2.617301642894745, "loss_total": 2.617301642894745}
{"event": "update", "optimizer_step": 19990, "tokens_seen": 655032320, "lr": 0.0003, "grad_norm": 0.7753686308860779, "elapsed_seconds": 11013.980768532958, "tokens_per_second": 59472.80404478581, "loss_main": 2.544842004776001, "loss_total": 2.544842004776001}
{"event": "update", "optimizer_step": 20000, "tokens_seen": 655360000, "lr": 0.0003, "grad_norm": 0.6473158001899719, "elapsed_seconds": 11019.45658275095, "tokens_per_second": 59472.98717305647, "loss_main": 2.6880669593811035, "loss_total": 2.6880669593811035}
{"event": "update", "optimizer_step": 20010, "tokens_seen": 655687680, "lr": 0.0003, "grad_norm": 0.6534267067909241, "elapsed_seconds": 11024.944453111966, "tokens_per_second": 59473.10508352917, "loss_main": 2.5196650624275208, "loss_total": 2.5196650624275208}
{"event": "update", "optimizer_step": 20020, "tokens_seen": 656015360, "lr": 0.0003, "grad_norm": 0.6550067067146301, "elapsed_seconds": 11030.440906948934, "tokens_per_second": 59473.17659684164, "loss_main": 2.647631347179413, "loss_total": 2.647631347179413}
{"event": "update", "optimizer_step": 20030, "tokens_seen": 656343040, "lr": 0.0003, "grad_norm": 0.6542899012565613, "elapsed_seconds": 11035.973691965919, "tokens_per_second": 59473.052248920394, "loss_main": 2.6223962903022766, "loss_total": 2.6223962903022766}
{"event": "update", "optimizer_step": 20040, "tokens_seen": 656670720, "lr": 0.0003, "grad_norm": 0.6093553900718689, "elapsed_seconds": 11041.487614385958, "tokens_per_second": 59473.02962550295, "loss_main": 2.4800370931625366, "loss_total": 2.4800370931625366}
{"event": "update", "optimizer_step": 20050, "tokens_seen": 656998400, "lr": 0.0003, "grad_norm": 0.6497393250465393, "elapsed_seconds": 11046.993496057927, "tokens_per_second": 59473.0503131415, "loss_main": 2.537640154361725, "loss_total": 2.537640154361725}
{"event": "update", "optimizer_step": 20060, "tokens_seen": 657326080, "lr": 0.0003, "grad_norm": 0.63860684633255, "elapsed_seconds": 11052.612137536926, "tokens_per_second": 59472.4642302055, "loss_main": 2.446720540523529, "loss_total": 2.446720540523529}
{"event": "update", "optimizer_step": 20070, "tokens_seen": 657653760, "lr": 0.0003, "grad_norm": 0.6287573575973511, "elapsed_seconds": 11058.224629794946, "tokens_per_second": 59471.911813767794, "loss_main": 2.503744661808014, "loss_total": 2.503744661808014}
{"event": "update", "optimizer_step": 20080, "tokens_seen": 657981440, "lr": 0.0003, "grad_norm": 0.6413610577583313, "elapsed_seconds": 11063.822940929967, "tokens_per_second": 59471.43618557344, "loss_main": 2.5345768332481384, "loss_total": 2.5345768332481384}
{"event": "update", "optimizer_step": 20090, "tokens_seen": 658309120, "lr": 0.0003, "grad_norm": 0.6402409672737122, "elapsed_seconds": 11069.40240489092, "tokens_per_second": 59471.06229593133, "loss_main": 2.3151830434799194, "loss_total": 2.3151830434799194}
{"event": "update", "optimizer_step": 20100, "tokens_seen": 658636800, "lr": 0.0003, "grad_norm": 0.6479356288909912, "elapsed_seconds": 11074.90149776393, "tokens_per_second": 59471.12036463543, "loss_main": 2.585498809814453, "loss_total": 2.585498809814453}
{"event": "update", "optimizer_step": 20110, "tokens_seen": 658964480, "lr": 0.0003, "grad_norm": 0.6180593967437744, "elapsed_seconds": 11080.417419007921, "tokens_per_second": 59471.088053919186, "loss_main": 2.6420344710350037, "loss_total": 2.6420344710350037}
{"event": "update", "optimizer_step": 20120, "tokens_seen": 659292160, "lr": 0.0003, "grad_norm": 0.6689789295196533, "elapsed_seconds": 11085.927016756963, "tokens_per_second": 59471.08969808706, "loss_main": 2.629822015762329, "loss_total": 2.629822015762329}
{"event": "update", "optimizer_step": 20130, "tokens_seen": 659619840, "lr": 0.0003, "grad_norm": 0.6107557415962219, "elapsed_seconds": 11091.425008992956, "tokens_per_second": 59471.15356820053, "loss_main": 2.395892947912216, "loss_total": 2.395892947912216}
{"event": "update", "optimizer_step": 20140, "tokens_seen": 659947520, "lr": 0.0003, "grad_norm": 0.6828149557113647, "elapsed_seconds": 11096.929517254932, "tokens_per_second": 59471.18245401386, "loss_main": 2.6073957681655884, "loss_total": 2.6073957681655884}
{"event": "update", "optimizer_step": 20150, "tokens_seen": 660275200, "lr": 0.0003, "grad_norm": 0.6783301830291748, "elapsed_seconds": 11102.418487907911, "tokens_per_second": 59471.2945399358, "loss_main": 2.77777361869812, "loss_total": 2.77777361869812}
{"event": "update", "optimizer_step": 20160, "tokens_seen": 660602880, "lr": 0.0003, "grad_norm": 0.6283252239227295, "elapsed_seconds": 11107.907409346954, "tokens_per_second": 59471.40677857321, "loss_main": 2.6517578959465027, "loss_total": 2.6517578959465027}
{"event": "update", "optimizer_step": 20170, "tokens_seen": 660930560, "lr": 0.0003, "grad_norm": 0.65715491771698, "elapsed_seconds": 11113.401497847924, "tokens_per_second": 59471.49125566886, "loss_main": 2.5690027475357056, "loss_total": 2.5690027475357056}
{"event": "update", "optimizer_step": 20180, "tokens_seen": 661258240, "lr": 0.0003, "grad_norm": 0.6537153720855713, "elapsed_seconds": 11118.904425424931, "tokens_per_second": 59471.52837180078, "loss_main": 2.4889007806777954, "loss_total": 2.4889007806777954}
{"event": "update", "optimizer_step": 20190, "tokens_seen": 661585920, "lr": 0.0003, "grad_norm": 0.6492214202880859, "elapsed_seconds": 11124.399503565917, "tokens_per_second": 59471.60741466802, "loss_main": 2.52398419380188, "loss_total": 2.52398419380188}
{"event": "update", "optimizer_step": 20200, "tokens_seen": 661913600, "lr": 0.0003, "grad_norm": 0.6573008298873901, "elapsed_seconds": 11129.888856741949, "tokens_per_second": 59471.71697038508, "loss_main": 2.634635329246521, "loss_total": 2.634635329246521}
{"event": "update", "optimizer_step": 20210, "tokens_seen": 662241280, "lr": 0.0003, "grad_norm": 0.6788166761398315, "elapsed_seconds": 11135.38127177296, "tokens_per_second": 59471.8100653377, "loss_main": 2.4473260045051575, "loss_total": 2.4473260045051575}
{"event": "update", "optimizer_step": 20220, "tokens_seen": 662568960, "lr": 0.0003, "grad_norm": 0.682648777961731, "elapsed_seconds": 11140.879913372919, "tokens_per_second": 59471.869830020114, "loss_main": 2.5661158561706543, "loss_total": 2.5661158561706543}
{"event": "update", "optimizer_step": 20230, "tokens_seen": 662896640, "lr": 0.0003, "grad_norm": 0.6348786950111389, "elapsed_seconds": 11146.38827774796, "tokens_per_second": 59471.877659543825, "loss_main": 2.590836524963379, "loss_total": 2.590836524963379}
{"event": "update", "optimizer_step": 20240, "tokens_seen": 663224320, "lr": 0.0003, "grad_norm": 0.6837648153305054, "elapsed_seconds": 11151.870121511922, "tokens_per_second": 59472.026913283575, "loss_main": 2.561891555786133, "loss_total": 2.561891555786133}
{"event": "update", "optimizer_step": 20250, "tokens_seen": 663552000, "lr": 0.0003, "grad_norm": 0.6466674208641052, "elapsed_seconds": 11157.368620556954, "tokens_per_second": 59472.08724263489, "loss_main": 2.4521318078041077, "loss_total": 2.4521318078041077}
{"event": "update", "optimizer_step": 20260, "tokens_seen": 663879680, "lr": 0.0003, "grad_norm": 0.6464653611183167, "elapsed_seconds": 11162.878379230911, "tokens_per_second": 59472.08752495065, "loss_main": 2.50329452753067, "loss_total": 2.50329452753067}
{"event": "update", "optimizer_step": 20270, "tokens_seen": 664207360, "lr": 0.0003, "grad_norm": 0.6883126497268677, "elapsed_seconds": 11168.385744073952, "tokens_per_second": 59472.100554230456, "loss_main": 2.596687614917755, "loss_total": 2.596687614917755}
{"event": "update", "optimizer_step": 20280, "tokens_seen": 664535040, "lr": 0.0003, "grad_norm": 0.7292600870132446, "elapsed_seconds": 11173.886488361924, "tokens_per_second": 59472.148808039296, "loss_main": 2.527537524700165, "loss_total": 2.527537524700165}
{"event": "update", "optimizer_step": 20290, "tokens_seen": 664862720, "lr": 0.0003, "grad_norm": 0.617402195930481, "elapsed_seconds": 11179.377006577968, "tokens_per_second": 59472.2514151543, "loss_main": 2.607620418071747, "loss_total": 2.607620418071747}
{"event": "update", "optimizer_step": 20300, "tokens_seen": 665190400, "lr": 0.0003, "grad_norm": 0.6565982699394226, "elapsed_seconds": 11184.872975019913, "tokens_per_second": 59472.324941519124, "loss_main": 2.480531692504883, "loss_total": 2.480531692504883}
{"event": "update", "optimizer_step": 20310, "tokens_seen": 665518080, "lr": 0.0003, "grad_norm": 0.6480328440666199, "elapsed_seconds": 11190.35805664194, "tokens_per_second": 59472.45625487269, "loss_main": 2.3916963934898376, "loss_total": 2.3916963934898376}
{"event": "update", "optimizer_step": 20320, "tokens_seen": 665845760, "lr": 0.0003, "grad_norm": 0.679436445236206, "elapsed_seconds": 11195.845667748945, "tokens_per_second": 59472.574002877984, "loss_main": 2.4855844974517822, "loss_total": 2.4855844974517822}
{"event": "update", "optimizer_step": 20330, "tokens_seen": 666173440, "lr": 0.0003, "grad_norm": 0.6684797406196594, "elapsed_seconds": 11201.334688229952, "tokens_per_second": 59472.68415254089, "loss_main": 2.628233790397644, "loss_total": 2.628233790397644}
{"event": "update", "optimizer_step": 20340, "tokens_seen": 666501120, "lr": 0.0003, "grad_norm": 0.6869365572929382, "elapsed_seconds": 11206.832210907945, "tokens_per_second": 59472.749074557796, "loss_main": 2.605590343475342, "loss_total": 2.605590343475342}
{"event": "update", "optimizer_step": 20350, "tokens_seen": 666828800, "lr": 0.0003, "grad_norm": 0.6421059966087341, "elapsed_seconds": 11212.325473054952, "tokens_per_second": 59472.83653177018, "loss_main": 2.368960738182068, "loss_total": 2.368960738182068}
{"event": "update", "optimizer_step": 20360, "tokens_seen": 667156480, "lr": 0.0003, "grad_norm": 0.6408304572105408, "elapsed_seconds": 11217.834584846918, "tokens_per_second": 59472.83987421216, "loss_main": 2.4606602787971497, "loss_total": 2.4606602787971497}
{"event": "update", "optimizer_step": 20370, "tokens_seen": 667484160, "lr": 0.0003, "grad_norm": 0.650294303894043, "elapsed_seconds": 11223.351518576965, "tokens_per_second": 59472.80176471136, "loss_main": 2.6164397597312927, "loss_total": 2.6164397597312927}
{"event": "update", "optimizer_step": 20380, "tokens_seen": 667811840, "lr": 0.0003, "grad_norm": 0.6093908548355103, "elapsed_seconds": 11228.849598142959, "tokens_per_second": 59472.86355233074, "loss_main": 2.587477147579193, "loss_total": 2.587477147579193}
{"event": "update", "optimizer_step": 20390, "tokens_seen": 668139520, "lr": 0.0003, "grad_norm": 0.6664952039718628, "elapsed_seconds": 11234.343246014963, "tokens_per_second": 59472.94874019466, "loss_main": 2.618678867816925, "loss_total": 2.618678867816925}
{"event": "update", "optimizer_step": 20400, "tokens_seen": 668467200, "lr": 0.0003, "grad_norm": 1.0732678174972534, "elapsed_seconds": 11239.845095671946, "tokens_per_second": 59472.990446941505, "loss_main": 2.5969390273094177, "loss_total": 2.5969390273094177}
{"event": "update", "optimizer_step": 20410, "tokens_seen": 668794880, "lr": 0.0003, "grad_norm": 0.7048581838607788, "elapsed_seconds": 11245.335911743925, "tokens_per_second": 59473.09046602623, "loss_main": 2.673969864845276, "loss_total": 2.673969864845276}
{"event": "update", "optimizer_step": 20420, "tokens_seen": 669122560, "lr": 0.0003, "grad_norm": 0.6721110939979553, "elapsed_seconds": 11250.829503566958, "tokens_per_second": 59473.1757145428, "loss_main": 2.560021460056305, "loss_total": 2.560021460056305}
{"event": "update", "optimizer_step": 20430, "tokens_seen": 669450240, "lr": 0.0003, "grad_norm": 0.6524518132209778, "elapsed_seconds": 11256.318747413927, "tokens_per_second": 59473.28385257412, "loss_main": 2.520080029964447, "loss_total": 2.520080029964447}
{"event": "update", "optimizer_step": 20440, "tokens_seen": 669777920, "lr": 0.0003, "grad_norm": 0.6825008392333984, "elapsed_seconds": 11261.827148074924, "tokens_per_second": 59473.290718592725, "loss_main": 2.5603601932525635, "loss_total": 2.5603601932525635}
{"event": "update", "optimizer_step": 20450, "tokens_seen": 670105600, "lr": 0.0003, "grad_norm": 0.6268158555030823, "elapsed_seconds": 11267.32411486993, "tokens_per_second": 59473.357930268045, "loss_main": 2.628429412841797, "loss_total": 2.628429412841797}
{"event": "update", "optimizer_step": 20460, "tokens_seen": 670433280, "lr": 0.0003, "grad_norm": 0.6383819580078125, "elapsed_seconds": 11272.80829740892, "tokens_per_second": 59473.49252396145, "loss_main": 2.5201460123062134, "loss_total": 2.5201460123062134}
{"event": "update", "optimizer_step": 20470, "tokens_seen": 670760960, "lr": 0.0003, "grad_norm": 0.6463178992271423, "elapsed_seconds": 11278.301842886955, "tokens_per_second": 59473.57761337433, "loss_main": 2.595376133918762, "loss_total": 2.595376133918762}
{"event": "update", "optimizer_step": 20480, "tokens_seen": 671088640, "lr": 0.0003, "grad_norm": 0.6308366060256958, "elapsed_seconds": 11283.791299368953, "tokens_per_second": 59473.68417187321, "loss_main": 2.58628648519516, "loss_total": 2.58628648519516}
{"event": "update", "optimizer_step": 20490, "tokens_seen": 671416320, "lr": 0.0003, "grad_norm": 0.6876779794692993, "elapsed_seconds": 11289.263446738943, "tokens_per_second": 59473.88181413622, "loss_main": 2.58111435174942, "loss_total": 2.58111435174942}
{"event": "update", "optimizer_step": 20500, "tokens_seen": 671744000, "lr": 0.0003, "grad_norm": 0.6342722773551941, "elapsed_seconds": 11294.748819345958, "tokens_per_second": 59474.00962555434, "loss_main": 2.715138614177704, "loss_total": 2.715138614177704}
{"event": "update", "optimizer_step": 20510, "tokens_seen": 672071680, "lr": 0.0003, "grad_norm": 0.6414610147476196, "elapsed_seconds": 11300.221565492917, "tokens_per_second": 59474.20376714394, "loss_main": 2.689674496650696, "loss_total": 2.689674496650696}
{"event": "update", "optimizer_step": 20520, "tokens_seen": 672399360, "lr": 0.0003, "grad_norm": 0.6260516047477722, "elapsed_seconds": 11305.710269608942, "tokens_per_second": 59474.31377288053, "loss_main": 2.5284488201141357, "loss_total": 2.5284488201141357}
{"event": "update", "optimizer_step": 20530, "tokens_seen": 672727040, "lr": 0.0003, "grad_norm": 0.6304822564125061, "elapsed_seconds": 11311.199981820944, "tokens_per_second": 59474.41837127703, "loss_main": 2.5279985070228577, "loss_total": 2.5279985070228577}
{"event": "update", "optimizer_step": 20540, "tokens_seen": 673054720, "lr": 0.0003, "grad_norm": 0.6474481821060181, "elapsed_seconds": 11316.684396142955, "tokens_per_second": 59474.55071110722, "loss_main": 2.6156185269355774, "loss_total": 2.6156185269355774}
{"event": "update", "optimizer_step": 20550, "tokens_seen": 673382400, "lr": 0.0003, "grad_norm": 0.6350589394569397, "elapsed_seconds": 11322.16769362695, "tokens_per_second": 59474.68878941222, "loss_main": 2.470398426055908, "loss_total": 2.470398426055908}
{"event": "update", "optimizer_step": 20560, "tokens_seen": 673710080, "lr": 0.0003, "grad_norm": 0.6643807888031006, "elapsed_seconds": 11327.651974688924, "tokens_per_second": 59474.82156985152, "loss_main": 2.399070084095001, "loss_total": 2.399070084095001}
{"event": "update", "optimizer_step": 20570, "tokens_seen": 674037760, "lr": 0.0003, "grad_norm": 0.6256062388420105, "elapsed_seconds": 11333.138966910949, "tokens_per_second": 59474.939993938955, "loss_main": 2.480564594268799, "loss_total": 2.480564594268799}
{"event": "update", "optimizer_step": 20580, "tokens_seen": 674365440, "lr": 0.0003, "grad_norm": 0.6283108592033386, "elapsed_seconds": 11338.62534310692, "tokens_per_second": 59475.06153468298, "loss_main": 2.6567797660827637, "loss_total": 2.6567797660827637}
{"event": "update", "optimizer_step": 20590, "tokens_seen": 674693120, "lr": 0.0003, "grad_norm": 1.0110527276992798, "elapsed_seconds": 11344.107961687958, "tokens_per_second": 59475.202658385875, "loss_main": 2.536761999130249, "loss_total": 2.536761999130249}
{"event": "update", "optimizer_step": 20600, "tokens_seen": 675020800, "lr": 0.0003, "grad_norm": 0.6551268100738525, "elapsed_seconds": 11349.593358112965, "tokens_per_second": 59475.329088991435, "loss_main": 2.562913417816162, "loss_total": 2.562913417816162}
{"event": "update", "optimizer_step": 20610, "tokens_seen": 675348480, "lr": 0.0003, "grad_norm": 0.6560891270637512, "elapsed_seconds": 11355.077507192967, "tokens_per_second": 59475.46193077017, "loss_main": 2.658873438835144, "loss_total": 2.658873438835144}
{"event": "update", "optimizer_step": 20620, "tokens_seen": 675676160, "lr": 0.0003, "grad_norm": 0.6344735026359558, "elapsed_seconds": 11360.562441134942, "tokens_per_second": 59475.590535330804, "loss_main": 2.5543251037597656, "loss_total": 2.5543251037597656}
{"event": "update", "optimizer_step": 20630, "tokens_seen": 676003840, "lr": 0.0003, "grad_norm": 0.7156401872634888, "elapsed_seconds": 11366.04798062495, "tokens_per_second": 59475.71584708643, "loss_main": 2.6527321338653564, "loss_total": 2.6527321338653564}
{"event": "update", "optimizer_step": 20640, "tokens_seen": 676331520, "lr": 0.0003, "grad_norm": 0.7292872667312622, "elapsed_seconds": 11371.545301282953, "tokens_per_second": 59475.7794196797, "loss_main": 2.556137800216675, "loss_total": 2.556137800216675}
{"event": "update", "optimizer_step": 20650, "tokens_seen": 676659200, "lr": 0.0003, "grad_norm": 0.6892082095146179, "elapsed_seconds": 11377.033337656932, "tokens_per_second": 59475.89146639136, "loss_main": 2.565881133079529, "loss_total": 2.565881133079529}
{"event": "update", "optimizer_step": 20660, "tokens_seen": 676986880, "lr": 0.0003, "grad_norm": 0.6258234977722168, "elapsed_seconds": 11382.50204518094, "tokens_per_second": 59476.104402425204, "loss_main": 2.41260302066803, "loss_total": 2.41260302066803}
{"event": "update", "optimizer_step": 20670, "tokens_seen": 677314560, "lr": 0.0003, "grad_norm": 0.6134626269340515, "elapsed_seconds": 11387.990986814955, "tokens_per_second": 59476.21145680537, "loss_main": 2.527915298938751, "loss_total": 2.527915298938751}
{"event": "update", "optimizer_step": 20680, "tokens_seen": 677642240, "lr": 0.0003, "grad_norm": 0.6717401742935181, "elapsed_seconds": 11393.472009663936, "tokens_per_second": 59476.359745758295, "loss_main": 2.5643147826194763, "loss_total": 2.5643147826194763}
{"event": "update", "optimizer_step": 20690, "tokens_seen": 677969920, "lr": 0.0003, "grad_norm": 0.612544596195221, "elapsed_seconds": 11398.95111499296, "tokens_per_second": 59476.51789718362, "loss_main": 2.522814393043518, "loss_total": 2.522814393043518}
{"event": "update", "optimizer_step": 20700, "tokens_seen": 678297600, "lr": 0.0003, "grad_norm": 0.6857284307479858, "elapsed_seconds": 11404.447101355938, "tokens_per_second": 59476.58785837618, "loss_main": 2.4723753333091736, "loss_total": 2.4723753333091736}
{"event": "update", "optimizer_step": 20710, "tokens_seen": 678625280, "lr": 0.0003, "grad_norm": 0.6640027165412903, "elapsed_seconds": 11409.930714252929, "tokens_per_second": 59476.72225145789, "loss_main": 2.6371206045150757, "loss_total": 2.6371206045150757}
{"event": "update", "optimizer_step": 20720, "tokens_seen": 678952960, "lr": 0.0003, "grad_norm": 0.6301181316375732, "elapsed_seconds": 11415.425255105947, "tokens_per_second": 59476.79957838755, "loss_main": 2.6579254269599915, "loss_total": 2.6579254269599915}
{"event": "update", "optimizer_step": 20730, "tokens_seen": 679280640, "lr": 0.0003, "grad_norm": 0.6641245484352112, "elapsed_seconds": 11420.91284441296, "tokens_per_second": 59476.91303259528, "loss_main": 2.5390238761901855, "loss_total": 2.5390238761901855}
{"event": "update", "optimizer_step": 20740, "tokens_seen": 679608320, "lr": 0.0003, "grad_norm": 0.6999244689941406, "elapsed_seconds": 11426.394421884965, "tokens_per_second": 59477.05767082105, "loss_main": 2.584374189376831, "loss_total": 2.584374189376831}
{"event": "update", "optimizer_step": 20750, "tokens_seen": 679936000, "lr": 0.0003, "grad_norm": 0.6323881149291992, "elapsed_seconds": 11431.886928251944, "tokens_per_second": 59477.14531007606, "loss_main": 2.458710253238678, "loss_total": 2.458710253238678}
{"event": "evaluation", "tokens_seen": 680001536, "elapsed_seconds": 11432.994001939951, "parameters": 71199040, "main_loss": 2.630067117512226, "perplexity": 13.874701106300638}
{"event": "update", "optimizer_step": 20760, "tokens_seen": 680263680, "lr": 0.0003, "grad_norm": 0.6848846673965454, "elapsed_seconds": 11439.79037102696, "tokens_per_second": 59464.69803527808, "loss_main": 2.5579628944396973, "loss_total": 2.5579628944396973}
{"event": "update", "optimizer_step": 20770, "tokens_seen": 680591360, "lr": 0.0003, "grad_norm": 0.6840349435806274, "elapsed_seconds": 11445.26604980795, "tokens_per_second": 59464.87893231807, "loss_main": 2.638344407081604, "loss_total": 2.638344407081604}
{"event": "update", "optimizer_step": 20780, "tokens_seen": 680919040, "lr": 0.0003, "grad_norm": 0.6281140446662903, "elapsed_seconds": 11450.758078426938, "tokens_per_second": 59464.97474982391, "loss_main": 2.506865620613098, "loss_total": 2.506865620613098}
{"event": "update", "optimizer_step": 20790, "tokens_seen": 681246720, "lr": 0.0003, "grad_norm": 0.6569902300834656, "elapsed_seconds": 11456.237020459957, "tokens_per_second": 59465.13840306776, "loss_main": 2.5838377475738525, "loss_total": 2.5838377475738525}
{"event": "update", "optimizer_step": 20800, "tokens_seen": 681574400, "lr": 0.0003, "grad_norm": 0.6295205950737, "elapsed_seconds": 11461.713486871915, "tokens_per_second": 59465.31474379164, "loss_main": 2.6429845690727234, "loss_total": 2.6429845690727234}
{"event": "update", "optimizer_step": 20810, "tokens_seen": 681902080, "lr": 0.0003, "grad_norm": 0.625767171382904, "elapsed_seconds": 11467.200886586914, "tokens_per_second": 59465.434219227376, "loss_main": 2.5029385089874268, "loss_total": 2.5029385089874268}
{"event": "update", "optimizer_step": 20820, "tokens_seen": 682229760, "lr": 0.0003, "grad_norm": 0.7106485366821289, "elapsed_seconds": 11472.704036537965, "tokens_per_second": 59465.47194342787, "loss_main": 2.663226366043091, "loss_total": 2.663226366043091}
{"event": "update", "optimizer_step": 20830, "tokens_seen": 682557440, "lr": 0.0003, "grad_norm": 0.6546640396118164, "elapsed_seconds": 11478.196683704911, "tokens_per_second": 59465.56404360945, "loss_main": 2.4497111439704895, "loss_total": 2.4497111439704895}
{"event": "update", "optimizer_step": 20840, "tokens_seen": 682885120, "lr": 0.0003, "grad_norm": 0.667041540145874, "elapsed_seconds": 11483.67556331592, "tokens_per_second": 59465.727347909895, "loss_main": 2.7887908816337585, "loss_total": 2.7887908816337585}
{"event": "update", "optimizer_step": 20850, "tokens_seen": 683212800, "lr": 0.0003, "grad_norm": 0.6147790551185608, "elapsed_seconds": 11489.174220201967, "tokens_per_second": 59465.788132855894, "loss_main": 2.323848605155945, "loss_total": 2.323848605155945}
{"event": "update", "optimizer_step": 20860, "tokens_seen": 683540480, "lr": 0.0003, "grad_norm": 0.6349460482597351, "elapsed_seconds": 11494.682426207932, "tokens_per_second": 59465.7994588458, "loss_main": 2.5271348357200623, "loss_total": 2.5271348357200623}
{"event": "update", "optimizer_step": 20870, "tokens_seen": 683868160, "lr": 0.0003, "grad_norm": 0.6903382539749146, "elapsed_seconds": 11500.166278801917, "tokens_per_second": 59465.93670219916, "loss_main": 2.583162009716034, "loss_total": 2.583162009716034}
{"event": "update", "optimizer_step": 20880, "tokens_seen": 684195840, "lr": 0.0003, "grad_norm": 0.6682610511779785, "elapsed_seconds": 11505.647899571923, "tokens_per_second": 59466.08534973994, "loss_main": 2.6772267818450928, "loss_total": 2.6772267818450928}
{"event": "update", "optimizer_step": 20890, "tokens_seen": 684523520, "lr": 0.0003, "grad_norm": 0.6178960204124451, "elapsed_seconds": 11511.13630739093, "tokens_per_second": 59466.19879398782, "loss_main": 2.5542981028556824, "loss_total": 2.5542981028556824}
{"event": "update", "optimizer_step": 20900, "tokens_seen": 684851200, "lr": 0.0003, "grad_norm": 0.6400864124298096, "elapsed_seconds": 11516.624783545965, "tokens_per_second": 59466.31177725446, "loss_main": 2.4629963040351868, "loss_total": 2.4629963040351868}
{"event": "update", "optimizer_step": 20910, "tokens_seen": 685178880, "lr": 0.0003, "grad_norm": 0.6172488927841187, "elapsed_seconds": 11522.125448354927, "tokens_per_second": 59466.361746462884, "loss_main": 2.409111976623535, "loss_total": 2.409111976623535}
{"event": "update", "optimizer_step": 20920, "tokens_seen": 685506560, "lr": 0.0003, "grad_norm": 0.6406293511390686, "elapsed_seconds": 11527.605436480953, "tokens_per_second": 59466.51833091066, "loss_main": 2.4633025527000427, "loss_total": 2.4633025527000427}
{"event": "update", "optimizer_step": 20930, "tokens_seen": 685834240, "lr": 0.0003, "grad_norm": 0.6825551390647888, "elapsed_seconds": 11533.092316898925, "tokens_per_second": 59466.63922867224, "loss_main": 2.609080195426941, "loss_total": 2.609080195426941}
{"event": "update", "optimizer_step": 20940, "tokens_seen": 686161920, "lr": 0.0003, "grad_norm": 0.6958492398262024, "elapsed_seconds": 11538.582361524925, "tokens_per_second": 59466.74370397419, "loss_main": 2.5581113696098328, "loss_total": 2.5581113696098328}
{"event": "update", "optimizer_step": 20950, "tokens_seen": 686489600, "lr": 0.0003, "grad_norm": 0.657870888710022, "elapsed_seconds": 11544.068628794921, "tokens_per_second": 59466.867538162085, "loss_main": 2.5312158465385437, "loss_total": 2.5312158465385437}
{"event": "update", "optimizer_step": 20960, "tokens_seen": 686817280, "lr": 0.0003, "grad_norm": 0.6931717991828918, "elapsed_seconds": 11549.563308627927, "tokens_per_second": 59466.94793966137, "loss_main": 2.55283123254776, "loss_total": 2.55283123254776}
{"event": "update", "optimizer_step": 20970, "tokens_seen": 687144960, "lr": 0.0003, "grad_norm": 0.6398907899856567, "elapsed_seconds": 11555.046470804955, "tokens_per_second": 59467.08753929673, "loss_main": 2.6408693194389343, "loss_total": 2.6408693194389343}
{"event": "update", "optimizer_step": 20980, "tokens_seen": 687472640, "lr": 0.0003, "grad_norm": 0.6703413128852844, "elapsed_seconds": 11560.527145800937, "tokens_per_second": 59467.239800540294, "loss_main": 2.62740159034729, "loss_total": 2.62740159034729}
{"event": "update", "optimizer_step": 20990, "tokens_seen": 687800320, "lr": 0.0003, "grad_norm": 0.642062783241272, "elapsed_seconds": 11566.028693820932, "tokens_per_second": 59467.28459764693, "loss_main": 2.5537253618240356, "loss_total": 2.5537253618240356}
{"event": "update", "optimizer_step": 21000, "tokens_seen": 688128000, "lr": 0.0003, "grad_norm": 0.6246330738067627, "elapsed_seconds": 11571.52931784396, "tokens_per_second": 59467.3341006765, "loss_main": 2.4764698147773743, "loss_total": 2.4764698147773743}
{"event": "update", "optimizer_step": 21010, "tokens_seen": 688455680, "lr": 0.0003, "grad_norm": 0.6919676065444946, "elapsed_seconds": 11577.032846560935, "tokens_per_second": 59467.36863621426, "loss_main": 2.6814602613449097, "loss_total": 2.6814602613449097}
{"event": "update", "optimizer_step": 21020, "tokens_seen": 688783360, "lr": 0.0003, "grad_norm": 0.6221886873245239, "elapsed_seconds": 11582.525598560926, "tokens_per_second": 59467.458469125086, "loss_main": 2.4840983748435974, "loss_total": 2.4840983748435974}
{"event": "update", "optimizer_step": 21030, "tokens_seen": 689111040, "lr": 0.0003, "grad_norm": 0.6509661078453064, "elapsed_seconds": 11588.015998331946, "tokens_per_second": 59467.5602880765, "loss_main": 2.4578073620796204, "loss_total": 2.4578073620796204}
{"event": "update", "optimizer_step": 21040, "tokens_seen": 689438720, "lr": 0.0003, "grad_norm": 0.65180903673172, "elapsed_seconds": 11593.538269413926, "tokens_per_second": 59467.498530528625, "loss_main": 2.6698976159095764, "loss_total": 2.6698976159095764}
{"event": "update", "optimizer_step": 21050, "tokens_seen": 689766400, "lr": 0.0003, "grad_norm": 0.6908313632011414, "elapsed_seconds": 11599.044012275932, "tokens_per_second": 59467.521570741585, "loss_main": 2.6722352504730225, "loss_total": 2.6722352504730225}
{"event": "update", "optimizer_step": 21060, "tokens_seen": 690094080, "lr": 0.0003, "grad_norm": 0.6664938926696777, "elapsed_seconds": 11604.548574366956, "tokens_per_second": 59467.55063995633, "loss_main": 2.6125903129577637, "loss_total": 2.6125903129577637}
{"event": "update", "optimizer_step": 21070, "tokens_seen": 690421760, "lr": 0.0003, "grad_norm": 0.6712061166763306, "elapsed_seconds": 11610.064300388913, "tokens_per_second": 59467.5224991538, "loss_main": 2.72678542137146, "loss_total": 2.72678542137146}
{"event": "update", "optimizer_step": 21080, "tokens_seen": 690749440, "lr": 0.0003, "grad_norm": 0.6495862603187561, "elapsed_seconds": 11615.564747518918, "tokens_per_second": 59467.5726074829, "loss_main": 2.4855767488479614, "loss_total": 2.4855767488479614}
{"event": "update", "optimizer_step": 21090, "tokens_seen": 691077120, "lr": 0.0003, "grad_norm": 0.6773319244384766, "elapsed_seconds": 11621.06413164793, "tokens_per_second": 59467.628107995086, "loss_main": 2.576987147331238, "loss_total": 2.576987147331238}
{"event": "update", "optimizer_step": 21100, "tokens_seen": 691404800, "lr": 0.0003, "grad_norm": 0.6392648220062256, "elapsed_seconds": 11626.581089332933, "tokens_per_second": 59467.59367070899, "loss_main": 2.5374308824539185, "loss_total": 2.5374308824539185}
{"event": "update", "optimizer_step": 21110, "tokens_seen": 691732480, "lr": 0.0003, "grad_norm": 0.6549698114395142, "elapsed_seconds": 11632.091651894967, "tokens_per_second": 59467.591960325626, "loss_main": 2.4989519715309143, "loss_total": 2.4989519715309143}
{"event": "update", "optimizer_step": 21120, "tokens_seen": 692060160, "lr": 0.0003, "grad_norm": 0.6242960691452026, "elapsed_seconds": 11637.580644491944, "tokens_per_second": 59467.700473255274, "loss_main": 2.546233832836151, "loss_total": 2.546233832836151}
{"event": "update", "optimizer_step": 21130, "tokens_seen": 692387840, "lr": 0.0003, "grad_norm": 0.6456930637359619, "elapsed_seconds": 11643.075564031955, "tokens_per_second": 59467.77861160154, "loss_main": 2.507052481174469, "loss_total": 2.507052481174469}
{"event": "update", "optimizer_step": 21140, "tokens_seen": 692715520, "lr": 0.0003, "grad_norm": 0.631356954574585, "elapsed_seconds": 11648.578543603944, "tokens_per_second": 59467.815528475745, "loss_main": 2.4779768586158752, "loss_total": 2.4779768586158752}
{"event": "update", "optimizer_step": 21150, "tokens_seen": 693043200, "lr": 0.0003, "grad_norm": 0.6438419222831726, "elapsed_seconds": 11654.080936216924, "tokens_per_second": 59467.85540559077, "loss_main": 2.515351176261902, "loss_total": 2.515351176261902}
{"event": "update", "optimizer_step": 21160, "tokens_seen": 693370880, "lr": 0.0003, "grad_norm": 0.6542571783065796, "elapsed_seconds": 11659.572090349917, "tokens_per_second": 59467.95256524643, "loss_main": 2.764757513999939, "loss_total": 2.764757513999939}
{"event": "update", "optimizer_step": 21170, "tokens_seen": 693698560, "lr": 0.0003, "grad_norm": 0.6879333853721619, "elapsed_seconds": 11665.062559328915, "tokens_per_second": 59468.05312631843, "loss_main": 2.403477728366852, "loss_total": 2.403477728366852}
{"event": "update", "optimizer_step": 21180, "tokens_seen": 694026240, "lr": 0.0003, "grad_norm": 0.6611126661300659, "elapsed_seconds": 11670.562429059937, "tokens_per_second": 59468.10569059299, "loss_main": 2.551717519760132, "loss_total": 2.551717519760132}
{"event": "update", "optimizer_step": 21190, "tokens_seen": 694353920, "lr": 0.0003, "grad_norm": 0.8224549889564514, "elapsed_seconds": 11676.049351709953, "tokens_per_second": 59468.22414709237, "loss_main": 2.6264976859092712, "loss_total": 2.6264976859092712}
{"event": "update", "optimizer_step": 21200, "tokens_seen": 694681600, "lr": 0.0003, "grad_norm": 0.6392117142677307, "elapsed_seconds": 11681.536292084958, "tokens_per_second": 59468.342402077236, "loss_main": 2.470646560192108, "loss_total": 2.470646560192108}
{"event": "update", "optimizer_step": 21210, "tokens_seen": 695009280, "lr": 0.0003, "grad_norm": 0.6396652460098267, "elapsed_seconds": 11687.02735927893, "tokens_per_second": 59468.439547050126, "loss_main": 2.3389204144477844, "loss_total": 2.3389204144477844}
{"event": "update", "optimizer_step": 21220, "tokens_seen": 695336960, "lr": 0.0003, "grad_norm": 0.6773609519004822, "elapsed_seconds": 11692.520219863916, "tokens_per_second": 59468.52747953535, "loss_main": 2.549225687980652, "loss_total": 2.549225687980652}
{"event": "update", "optimizer_step": 21230, "tokens_seen": 695664640, "lr": 0.0003, "grad_norm": 0.6298761963844299, "elapsed_seconds": 11698.005749069911, "tokens_per_second": 59468.65259963743, "loss_main": 2.4964550137519836, "loss_total": 2.4964550137519836}
{"event": "update", "optimizer_step": 21240, "tokens_seen": 695992320, "lr": 0.0003, "grad_norm": 0.6450285315513611, "elapsed_seconds": 11703.486281379941, "tokens_per_second": 59468.80299311434, "loss_main": 2.5370166897773743, "loss_total": 2.5370166897773743}
{"event": "update", "optimizer_step": 21250, "tokens_seen": 696320000, "lr": 0.0003, "grad_norm": 0.64087975025177, "elapsed_seconds": 11708.961054053914, "tokens_per_second": 59468.982498572565, "loss_main": 2.4652373790740967, "loss_total": 2.4652373790740967}
{"event": "update", "optimizer_step": 21260, "tokens_seen": 696647680, "lr": 0.0003, "grad_norm": 0.6344377994537354, "elapsed_seconds": 11714.438928181946, "tokens_per_second": 59469.14609149942, "loss_main": 2.456190288066864, "loss_total": 2.456190288066864}
{"event": "update", "optimizer_step": 21270, "tokens_seen": 696975360, "lr": 0.0003, "grad_norm": 0.6485301852226257, "elapsed_seconds": 11719.937136848923, "tokens_per_second": 59469.20634997468, "loss_main": 2.6247861981391907, "loss_total": 2.6247861981391907}
{"event": "update", "optimizer_step": 21280, "tokens_seen": 697303040, "lr": 0.0003, "grad_norm": 0.6595736145973206, "elapsed_seconds": 11725.41861707496, "tokens_per_second": 59469.3513956562, "loss_main": 2.339808702468872, "loss_total": 2.339808702468872}
{"event": "update", "optimizer_step": 21290, "tokens_seen": 697630720, "lr": 0.0003, "grad_norm": 0.6483145952224731, "elapsed_seconds": 11730.909426793922, "tokens_per_second": 59469.44901020037, "loss_main": 2.5554718375205994, "loss_total": 2.5554718375205994}
{"event": "update", "optimizer_step": 21300, "tokens_seen": 697958400, "lr": 0.0003, "grad_norm": 0.6123987436294556, "elapsed_seconds": 11736.386270153918, "tokens_per_second": 59469.61730246857, "loss_main": 2.594537675380707, "loss_total": 2.594537675380707}
{"event": "update", "optimizer_step": 21310, "tokens_seen": 698286080, "lr": 0.0003, "grad_norm": 0.6234270334243774, "elapsed_seconds": 11741.868530454929, "tokens_per_second": 59469.75800221683, "loss_main": 2.62503445148468, "loss_total": 2.62503445148468}
{"event": "update", "optimizer_step": 21320, "tokens_seen": 698613760, "lr": 0.0003, "grad_norm": 0.7421736121177673, "elapsed_seconds": 11747.365051536937, "tokens_per_second": 59469.82637681789, "loss_main": 2.4861473441123962, "loss_total": 2.4861473441123962}
{"event": "update", "optimizer_step": 21330, "tokens_seen": 698941440, "lr": 0.0003, "grad_norm": 0.6119624376296997, "elapsed_seconds": 11752.857763076958, "tokens_per_second": 59469.913963888015, "loss_main": 2.60722017288208, "loss_total": 2.60722017288208}
{"event": "update", "optimizer_step": 21340, "tokens_seen": 699269120, "lr": 0.0003, "grad_norm": 0.6535344123840332, "elapsed_seconds": 11758.345746734936, "tokens_per_second": 59470.02538126364, "loss_main": 2.5488561391830444, "loss_total": 2.5488561391830444}
{"event": "update", "optimizer_step": 21350, "tokens_seen": 699596800, "lr": 0.0003, "grad_norm": 0.6562777757644653, "elapsed_seconds": 11763.827074059926, "tokens_per_second": 59470.17034470531, "loss_main": 2.67077499628067, "loss_total": 2.67077499628067}
{"event": "update", "optimizer_step": 21360, "tokens_seen": 699924480, "lr": 0.0003, "grad_norm": 0.6437801718711853, "elapsed_seconds": 11769.308154693921, "tokens_per_second": 59470.31641964876, "loss_main": 2.4512510299682617, "loss_total": 2.4512510299682617}
{"event": "update", "optimizer_step": 21370, "tokens_seen": 700252160, "lr": 0.0003, "grad_norm": 0.6821961998939514, "elapsed_seconds": 11774.796503147925, "tokens_per_second": 59470.42565133007, "loss_main": 2.4164798855781555, "loss_total": 2.4164798855781555}
{"event": "update", "optimizer_step": 21380, "tokens_seen": 700579840, "lr": 0.0003, "grad_norm": 0.6440373063087463, "elapsed_seconds": 11780.276148380945, "tokens_per_second": 59470.57871782455, "loss_main": 2.495201826095581, "loss_total": 2.495201826095581}
{"event": "update", "optimizer_step": 21390, "tokens_seen": 700907520, "lr": 0.0003, "grad_norm": 0.6820586919784546, "elapsed_seconds": 11785.74993762892, "tokens_per_second": 59470.76119120596, "loss_main": 2.362692356109619, "loss_total": 2.362692356109619}
{"event": "update", "optimizer_step": 21400, "tokens_seen": 701235200, "lr": 0.0003, "grad_norm": 0.6535623669624329, "elapsed_seconds": 11791.228743298969, "tokens_per_second": 59470.91819404458, "loss_main": 2.4682577252388, "loss_total": 2.4682577252388}
{"event": "update", "optimizer_step": 21410, "tokens_seen": 701562880, "lr": 0.0003, "grad_norm": 0.6719037890434265, "elapsed_seconds": 11796.71697350993, "tokens_per_second": 59471.027538881506, "loss_main": 2.52385550737381, "loss_total": 2.52385550737381}
{"event": "update", "optimizer_step": 21420, "tokens_seen": 701890560, "lr": 0.0003, "grad_norm": 0.7220042943954468, "elapsed_seconds": 11802.208958681964, "tokens_per_second": 59471.11786083688, "loss_main": 2.5474695563316345, "loss_total": 2.5474695563316345}
{"event": "update", "optimizer_step": 21430, "tokens_seen": 702218240, "lr": 0.0003, "grad_norm": 0.934294581413269, "elapsed_seconds": 11807.682449199958, "tokens_per_second": 59471.30124994, "loss_main": 2.5544132590293884, "loss_total": 2.5544132590293884}
{"event": "update", "optimizer_step": 21440, "tokens_seen": 702545920, "lr": 0.0003, "grad_norm": 0.6711544990539551, "elapsed_seconds": 11813.178287228919, "tokens_per_second": 59471.37196426754, "loss_main": 2.54147469997406, "loss_total": 2.54147469997406}
{"event": "update", "optimizer_step": 21450, "tokens_seen": 702873600, "lr": 0.0003, "grad_norm": 0.6564720869064331, "elapsed_seconds": 11818.658357279957, "tokens_per_second": 59471.52195723213, "loss_main": 2.4931312203407288, "loss_total": 2.4931312203407288}
{"event": "update", "optimizer_step": 21460, "tokens_seen": 703201280, "lr": 0.0003, "grad_norm": 0.6516474485397339, "elapsed_seconds": 11824.144707157917, "tokens_per_second": 59471.64022563991, "loss_main": 2.42990905046463, "loss_total": 2.42990905046463}
{"event": "update", "optimizer_step": 21470, "tokens_seen": 703528960, "lr": 0.0003, "grad_norm": 0.6016247272491455, "elapsed_seconds": 11829.625943126914, "tokens_per_second": 59471.78409379501, "loss_main": 2.532936215400696, "loss_total": 2.532936215400696}
{"event": "update", "optimizer_step": 21480, "tokens_seen": 703856640, "lr": 0.0003, "grad_norm": 0.6804973483085632, "elapsed_seconds": 11835.11054798693, "tokens_per_second": 59471.910899870825, "loss_main": 2.6029743552207947, "loss_total": 2.6029743552207947}
{"event": "update", "optimizer_step": 21490, "tokens_seen": 704184320, "lr": 0.0003, "grad_norm": 0.635896623134613, "elapsed_seconds": 11840.603683893918, "tokens_per_second": 59471.99473941188, "loss_main": 2.552320659160614, "loss_total": 2.552320659160614}
{"event": "update", "optimizer_step": 21500, "tokens_seen": 704512000, "lr": 0.0003, "grad_norm": 0.677294135093689, "elapsed_seconds": 11846.09953656292, "tokens_per_second": 59472.06486198496, "loss_main": 2.5743846893310547, "loss_total": 2.5743846893310547}
{"event": "update", "optimizer_step": 21510, "tokens_seen": 704839680, "lr": 0.0003, "grad_norm": 0.6558434963226318, "elapsed_seconds": 11851.590565159917, "tokens_per_second": 59472.15912706392, "loss_main": 2.732459783554077, "loss_total": 2.732459783554077}
{"event": "update", "optimizer_step": 21520, "tokens_seen": 705167360, "lr": 0.0003, "grad_norm": 0.6656094789505005, "elapsed_seconds": 11857.067461999948, "tokens_per_second": 59472.32418639359, "loss_main": 2.565932333469391, "loss_total": 2.565932333469391}
{"event": "update", "optimizer_step": 21530, "tokens_seen": 705495040, "lr": 0.0003, "grad_norm": 0.6535671353340149, "elapsed_seconds": 11862.556721523928, "tokens_per_second": 59472.427113450154, "loss_main": 2.5562068223953247, "loss_total": 2.5562068223953247}
{"event": "update", "optimizer_step": 21540, "tokens_seen": 705822720, "lr": 0.0003, "grad_norm": 0.6599045991897583, "elapsed_seconds": 11868.047009818954, "tokens_per_second": 59472.52478997109, "loss_main": 2.6476792693138123, "loss_total": 2.6476792693138123}
{"event": "update", "optimizer_step": 21550, "tokens_seen": 706150400, "lr": 0.0003, "grad_norm": 0.639085590839386, "elapsed_seconds": 11873.540119399957, "tokens_per_second": 59472.60824480089, "loss_main": 2.443024516105652, "loss_total": 2.443024516105652}
{"event": "update", "optimizer_step": 21560, "tokens_seen": 706478080, "lr": 0.0003, "grad_norm": 0.6544347405433655, "elapsed_seconds": 11879.034928455949, "tokens_per_second": 59472.68311398331, "loss_main": 2.6433011889457703, "loss_total": 2.6433011889457703}
{"event": "update", "optimizer_step": 21570, "tokens_seen": 706805760, "lr": 0.0003, "grad_norm": 0.6523617506027222, "elapsed_seconds": 11884.520744979964, "tokens_per_second": 59472.80291454375, "loss_main": 2.596324145793915, "loss_total": 2.596324145793915}
{"event": "update", "optimizer_step": 21580, "tokens_seen": 707133440, "lr": 0.0003, "grad_norm": 0.6415926814079285, "elapsed_seconds": 11890.006478315918, "tokens_per_second": 59472.92302065737, "loss_main": 2.3688618540763855, "loss_total": 2.3688618540763855}
{"event": "update", "optimizer_step": 21590, "tokens_seen": 707461120, "lr": 0.0003, "grad_norm": 0.6817103624343872, "elapsed_seconds": 11895.488161671965, "tokens_per_second": 59473.063264396806, "loss_main": 2.5820435881614685, "loss_total": 2.5820435881614685}
{"event": "update", "optimizer_step": 21600, "tokens_seen": 707788800, "lr": 0.0003, "grad_norm": 0.6816015243530273, "elapsed_seconds": 11900.960156953952, "tokens_per_second": 59473.2517935896, "loss_main": 2.4498966336250305, "loss_total": 2.4498966336250305}
{"event": "update", "optimizer_step": 21610, "tokens_seen": 708116480, "lr": 0.0003, "grad_norm": 0.6185573935508728, "elapsed_seconds": 11906.445621382969, "tokens_per_second": 59473.37287026136, "loss_main": 2.5828166007995605, "loss_total": 2.5828166007995605}
{"event": "update", "optimizer_step": 21620, "tokens_seen": 708444160, "lr": 0.0003, "grad_norm": 0.7125471234321594, "elapsed_seconds": 11911.930419965938, "tokens_per_second": 59473.49715983531, "loss_main": 2.5724364519119263, "loss_total": 2.5724364519119263}
{"event": "update", "optimizer_step": 21630, "tokens_seen": 708771840, "lr": 0.0003, "grad_norm": 0.6487023830413818, "elapsed_seconds": 11917.401296125958, "tokens_per_second": 59473.690814658024, "loss_main": 2.4767895340919495, "loss_total": 2.4767895340919495}
{"event": "update", "optimizer_step": 21640, "tokens_seen": 709099520, "lr": 0.0003, "grad_norm": 0.6223788261413574, "elapsed_seconds": 11922.893854314927, "tokens_per_second": 59473.776137273504, "loss_main": 2.546084761619568, "loss_total": 2.546084761619568}
{"event": "update", "optimizer_step": 21650, "tokens_seen": 709427200, "lr": 0.0003, "grad_norm": 0.627413809299469, "elapsed_seconds": 11928.395031765918, "tokens_per_second": 59473.81840647963, "loss_main": 2.652314066886902, "loss_total": 2.652314066886902}
{"event": "update", "optimizer_step": 21660, "tokens_seen": 709754880, "lr": 0.0003, "grad_norm": 0.715226948261261, "elapsed_seconds": 11933.89050337195, "tokens_per_second": 59473.88907242421, "loss_main": 2.6418997049331665, "loss_total": 2.6418997049331665}
{"event": "update", "optimizer_step": 21670, "tokens_seen": 710082560, "lr": 0.0003, "grad_norm": 0.6511691212654114, "elapsed_seconds": 11939.36772873596, "tokens_per_second": 59474.05056391354, "loss_main": 2.4957885146141052, "loss_total": 2.4957885146141052}
{"event": "update", "optimizer_step": 21680, "tokens_seen": 710410240, "lr": 0.0003, "grad_norm": 0.675933301448822, "elapsed_seconds": 11944.863809190923, "tokens_per_second": 59474.11802664321, "loss_main": 2.5434698462486267, "loss_total": 2.5434698462486267}
{"event": "update", "optimizer_step": 21690, "tokens_seen": 710737920, "lr": 0.0003, "grad_norm": 0.6462588906288147, "elapsed_seconds": 11950.336277725932, "tokens_per_second": 59474.30293863234, "loss_main": 2.485377848148346, "loss_total": 2.485377848148346}
{"event": "update", "optimizer_step": 21700, "tokens_seen": 711065600, "lr": 0.0003, "grad_norm": 0.7863917946815491, "elapsed_seconds": 11955.82707405393, "tokens_per_second": 59474.39650939138, "loss_main": 2.503533363342285, "loss_total": 2.503533363342285}
{"event": "update", "optimizer_step": 21710, "tokens_seen": 711393280, "lr": 0.0003, "grad_norm": 0.6630749702453613, "elapsed_seconds": 11961.310585666914, "tokens_per_second": 59474.5262155849, "loss_main": 2.6184402108192444, "loss_total": 2.6184402108192444}
{"event": "update", "optimizer_step": 21720, "tokens_seen": 711720960, "lr": 0.0003, "grad_norm": 0.6580409407615662, "elapsed_seconds": 11966.786665697931, "tokens_per_second": 59474.69273770084, "loss_main": 2.5542333126068115, "loss_total": 2.5542333126068115}
{"event": "update", "optimizer_step": 21730, "tokens_seen": 712048640, "lr": 0.0003, "grad_norm": 0.6711191534996033, "elapsed_seconds": 11972.272787598951, "tokens_per_second": 59474.809222318254, "loss_main": 2.444628059864044, "loss_total": 2.444628059864044}
{"event": "update", "optimizer_step": 21740, "tokens_seen": 712376320, "lr": 0.0003, "grad_norm": 0.6600590944290161, "elapsed_seconds": 11977.738528701942, "tokens_per_second": 59475.02680017194, "loss_main": 2.6612024307250977, "loss_total": 2.6612024307250977}
{"event": "update", "optimizer_step": 21750, "tokens_seen": 712704000, "lr": 0.0003, "grad_norm": 0.6636157631874084, "elapsed_seconds": 11983.202187321964, "tokens_per_second": 59475.25451536063, "loss_main": 2.6731154322624207, "loss_total": 2.6731154322624207}
{"event": "update", "optimizer_step": 21760, "tokens_seen": 713031680, "lr": 0.0003, "grad_norm": 0.6996161937713623, "elapsed_seconds": 11988.677592870954, "tokens_per_second": 59475.4237468195, "loss_main": 2.5523685812950134, "loss_total": 2.5523685812950134}
{"event": "update", "optimizer_step": 21770, "tokens_seen": 713359360, "lr": 0.0003, "grad_norm": 0.6863363981246948, "elapsed_seconds": 11994.153249668947, "tokens_per_second": 59475.59157789563, "loss_main": 2.6011078357696533, "loss_total": 2.6011078357696533}
{"event": "update", "optimizer_step": 21780, "tokens_seen": 713687040, "lr": 0.0003, "grad_norm": 0.7254760265350342, "elapsed_seconds": 11999.63149893994, "tokens_per_second": 59475.746406299884, "loss_main": 2.5346696972846985, "loss_total": 2.5346696972846985}
{"event": "update", "optimizer_step": 21790, "tokens_seen": 714014720, "lr": 0.0003, "grad_norm": 0.6390053629875183, "elapsed_seconds": 12005.12341147795, "tokens_per_second": 59475.83340270699, "loss_main": 2.4844873547554016, "loss_total": 2.4844873547554016}
{"event": "update", "optimizer_step": 21800, "tokens_seen": 714342400, "lr": 0.0003, "grad_norm": 0.6482179760932922, "elapsed_seconds": 12010.608782288968, "tokens_per_second": 59475.952713852486, "loss_main": 2.4288690090179443, "loss_total": 2.4288690090179443}
{"event": "update", "optimizer_step": 21810, "tokens_seen": 714670080, "lr": 0.0003, "grad_norm": 0.7202619910240173, "elapsed_seconds": 12016.086958234955, "tokens_per_second": 59476.10752851759, "loss_main": 2.6801199913024902, "loss_total": 2.6801199913024902}
{"event": "update", "optimizer_step": 21820, "tokens_seen": 714997760, "lr": 0.0003, "grad_norm": 0.6549680829048157, "elapsed_seconds": 12021.579747159965, "tokens_per_second": 59476.18990498436, "loss_main": 2.602578639984131, "loss_total": 2.602578639984131}
{"event": "update", "optimizer_step": 21830, "tokens_seen": 715325440, "lr": 0.0003, "grad_norm": 0.655738115310669, "elapsed_seconds": 12027.048369431926, "tokens_per_second": 59476.39171536706, "loss_main": 2.5021684169769287, "loss_total": 2.5021684169769287}
{"event": "update", "optimizer_step": 21840, "tokens_seen": 715653120, "lr": 0.0003, "grad_norm": 0.6375463604927063, "elapsed_seconds": 12032.537793227937, "tokens_per_second": 59476.49052079259, "loss_main": 2.370348036289215, "loss_total": 2.370348036289215}
{"event": "update", "optimizer_step": 21850, "tokens_seen": 715980800, "lr": 0.0003, "grad_norm": 0.6970446705818176, "elapsed_seconds": 12038.02993747592, "tokens_per_second": 59476.57579510254, "loss_main": 2.578699052333832, "loss_total": 2.578699052333832}
{"event": "update", "optimizer_step": 21860, "tokens_seen": 716308480, "lr": 0.0003, "grad_norm": 0.6515065431594849, "elapsed_seconds": 12043.519505619945, "tokens_per_second": 59476.67371367185, "loss_main": 2.4780964851379395, "loss_total": 2.4780964851379395}
{"event": "update", "optimizer_step": 21870, "tokens_seen": 716636160, "lr": 0.0003, "grad_norm": 0.6276068687438965, "elapsed_seconds": 12049.002673039911, "tokens_per_second": 59476.80313852862, "loss_main": 2.460077941417694, "loss_total": 2.460077941417694}
{"event": "update", "optimizer_step": 21880, "tokens_seen": 716963840, "lr": 0.0003, "grad_norm": 0.6607567071914673, "elapsed_seconds": 12054.506425613945, "tokens_per_second": 59476.830878497334, "loss_main": 2.5064602494239807, "loss_total": 2.5064602494239807}
{"event": "update", "optimizer_step": 21890, "tokens_seen": 717291520, "lr": 0.0003, "grad_norm": 0.6446633338928223, "elapsed_seconds": 12059.984759319923, "tokens_per_second": 59476.98395271015, "loss_main": 2.5387765765190125, "loss_total": 2.5387765765190125}
{"event": "update", "optimizer_step": 21900, "tokens_seen": 717619200, "lr": 0.0003, "grad_norm": 0.6687706708908081, "elapsed_seconds": 12065.464246639924, "tokens_per_second": 59477.131201134485, "loss_main": 2.393212080001831, "loss_total": 2.393212080001831}
{"event": "update", "optimizer_step": 21910, "tokens_seen": 717946880, "lr": 0.0003, "grad_norm": 0.6462504267692566, "elapsed_seconds": 12070.954538046964, "tokens_per_second": 59477.225080839475, "loss_main": 2.406915009021759, "loss_total": 2.406915009021759}
{"event": "update", "optimizer_step": 21920, "tokens_seen": 718274560, "lr": 0.0003, "grad_norm": 0.6371248960494995, "elapsed_seconds": 12076.441879713966, "tokens_per_second": 59477.333402859265, "loss_main": 2.4483962655067444, "loss_total": 2.4483962655067444}
{"event": "update", "optimizer_step": 21930, "tokens_seen": 718602240, "lr": 0.0003, "grad_norm": 0.6446771621704102, "elapsed_seconds": 12081.91630686092, "tokens_per_second": 59477.505202707755, "loss_main": 2.5572155714035034, "loss_total": 2.5572155714035034}
{"event": "update", "optimizer_step": 21940, "tokens_seen": 718929920, "lr": 0.0003, "grad_norm": 0.6510009765625, "elapsed_seconds": 12087.410552294925, "tokens_per_second": 59477.57932847771, "loss_main": 2.4408771991729736, "loss_total": 2.4408771991729736}
{"event": "update", "optimizer_step": 21950, "tokens_seen": 719257600, "lr": 0.0003, "grad_norm": 0.6314807534217834, "elapsed_seconds": 12092.881115962926, "tokens_per_second": 59477.769863342226, "loss_main": 2.467321753501892, "loss_total": 2.467321753501892}
{"event": "update", "optimizer_step": 21960, "tokens_seen": 719585280, "lr": 0.0003, "grad_norm": 0.6343448162078857, "elapsed_seconds": 12098.372587727965, "tokens_per_second": 59477.857437612256, "loss_main": 2.4572033882141113, "loss_total": 2.4572033882141113}
{"event": "update", "optimizer_step": 21970, "tokens_seen": 719912960, "lr": 0.0003, "grad_norm": 0.6768928170204163, "elapsed_seconds": 12103.86226682493, "tokens_per_second": 59477.95374152474, "loss_main": 2.564818561077118, "loss_total": 2.564818561077118}
{"event": "evaluation", "tokens_seen": 720011264, "elapsed_seconds": 12105.506327439914, "parameters": 71199040, "main_loss": 2.62969908118248, "perplexity": 13.869595651783149}
{"event": "update", "optimizer_step": 21980, "tokens_seen": 720240640, "lr": 0.0003, "grad_norm": 0.6904850602149963, "elapsed_seconds": 12111.779694354918, "tokens_per_second": 59466.1278668808, "loss_main": 2.626013219356537, "loss_total": 2.626013219356537}
{"event": "update", "optimizer_step": 21990, "tokens_seen": 720568320, "lr": 0.0003, "grad_norm": 0.6984248757362366, "elapsed_seconds": 12117.271165329963, "tokens_per_second": 59466.22058452369, "loss_main": 2.630377948284149, "loss_total": 2.630377948284149}
{"event": "update", "optimizer_step": 22000, "tokens_seen": 720896000, "lr": 0.0003, "grad_norm": 0.6597024202346802, "elapsed_seconds": 12122.749445364927, "tokens_per_second": 59466.37792432731, "loss_main": 2.419001579284668, "loss_total": 2.419001579284668}
{"event": "update", "optimizer_step": 22010, "tokens_seen": 721223680, "lr": 0.0003, "grad_norm": 0.6343473792076111, "elapsed_seconds": 12128.23904465395, "tokens_per_second": 59466.47962202813, "loss_main": 2.5452223420143127, "loss_total": 2.5452223420143127}
{"event": "update", "optimizer_step": 22020, "tokens_seen": 721551360, "lr": 0.0003, "grad_norm": 0.650722324848175, "elapsed_seconds": 12133.711028828926, "tokens_per_second": 59466.667558312525, "loss_main": 2.4963353872299194, "loss_total": 2.4963353872299194}
{"event": "update", "optimizer_step": 22030, "tokens_seen": 721879040, "lr": 0.0003, "grad_norm": 0.6501739025115967, "elapsed_seconds": 12139.210519019922, "tokens_per_second": 59466.72058030031, "loss_main": 2.383991837501526, "loss_total": 2.383991837501526}
{"event": "update", "optimizer_step": 22040, "tokens_seen": 722206720, "lr": 0.0003, "grad_norm": 0.6851750016212463, "elapsed_seconds": 12144.697418782918, "tokens_per_second": 59466.83520357117, "loss_main": 2.458236336708069, "loss_total": 2.458236336708069}
{"event": "update", "optimizer_step": 22050, "tokens_seen": 722534400, "lr": 0.0003, "grad_norm": 0.6185234189033508, "elapsed_seconds": 12150.169106381945, "tokens_per_second": 59467.02417668283, "loss_main": 2.3625188767910004, "loss_total": 2.3625188767910004}
{"event": "update", "optimizer_step": 22060, "tokens_seen": 722862080, "lr": 0.0003, "grad_norm": 0.7014282941818237, "elapsed_seconds": 12155.657815102953, "tokens_per_second": 59467.1297099093, "loss_main": 2.5585910081863403, "loss_total": 2.5585910081863403}
{"event": "update", "optimizer_step": 22070, "tokens_seen": 723189760, "lr": 0.0003, "grad_norm": 0.6870641708374023, "elapsed_seconds": 12161.141928088968, "tokens_per_second": 59467.25762073594, "loss_main": 2.6541413068771362, "loss_total": 2.6541413068771362}
{"event": "update", "optimizer_step": 22080, "tokens_seen": 723517440, "lr": 0.0003, "grad_norm": 0.6540026068687439, "elapsed_seconds": 12166.625804501935, "tokens_per_second": 59467.38657255997, "loss_main": 2.585372745990753, "loss_total": 2.585372745990753}
{"event": "update", "optimizer_step": 22090, "tokens_seen": 723845120, "lr": 0.0003, "grad_norm": 0.6138875484466553, "elapsed_seconds": 12172.105854827969, "tokens_per_second": 59467.53410075649, "loss_main": 2.4891040325164795, "loss_total": 2.4891040325164795}
{"event": "update", "optimizer_step": 22100, "tokens_seen": 724172800, "lr": 0.0003, "grad_norm": 0.6322218775749207, "elapsed_seconds": 12177.568312564923, "tokens_per_second": 59467.76740745458, "loss_main": 2.516059398651123, "loss_total": 2.516059398651123}
{"event": "update", "optimizer_step": 22110, "tokens_seen": 724500480, "lr": 0.0003, "grad_norm": 0.6293421983718872, "elapsed_seconds": 12183.055834964965, "tokens_per_second": 59467.87815916494, "loss_main": 2.5061460733413696, "loss_total": 2.5061460733413696}
{"event": "update", "optimizer_step": 22120, "tokens_seen": 724828160, "lr": 0.0003, "grad_norm": 0.674354076385498, "elapsed_seconds": 12188.55177540693, "tokens_per_second": 59467.94773949268, "loss_main": 2.520307421684265, "loss_total": 2.520307421684265}
{"event": "update", "optimizer_step": 22130, "tokens_seen": 725155840, "lr": 0.0003, "grad_norm": 0.6607199311256409, "elapsed_seconds": 12194.04397735995, "tokens_per_second": 59468.03548899441, "loss_main": 2.5828606486320496, "loss_total": 2.5828606486320496}
{"event": "update", "optimizer_step": 22140, "tokens_seen": 725483520, "lr": 0.0003, "grad_norm": 0.6502529978752136, "elapsed_seconds": 12199.523749313958, "tokens_per_second": 59468.18375109092, "loss_main": 2.4392070174217224, "loss_total": 2.4392070174217224}
{"event": "update", "optimizer_step": 22150, "tokens_seen": 725811200, "lr": 0.0003, "grad_norm": 0.6375060081481934, "elapsed_seconds": 12204.991529506922, "tokens_per_second": 59468.39030942962, "loss_main": 2.563614785671234, "loss_total": 2.563614785671234}
{"event": "update", "optimizer_step": 22160, "tokens_seen": 726138880, "lr": 0.0003, "grad_norm": 0.6904252767562866, "elapsed_seconds": 12210.469283248938, "tokens_per_second": 59468.54810864324, "loss_main": 2.8294734954833984, "loss_total": 2.8294734954833984}
{"event": "update", "optimizer_step": 22170, "tokens_seen": 726466560, "lr": 0.0003, "grad_norm": 0.6625065207481384, "elapsed_seconds": 12215.94604905293, "tokens_per_second": 59468.71057574137, "loss_main": 2.5461930632591248, "loss_total": 2.5461930632591248}
{"event": "update", "optimizer_step": 22180, "tokens_seen": 726794240, "lr": 0.0003, "grad_norm": 0.6314622759819031, "elapsed_seconds": 12221.437808290939, "tokens_per_second": 59468.79993996679, "loss_main": 2.49176025390625, "loss_total": 2.49176025390625}
{"event": "update", "optimizer_step": 22190, "tokens_seen": 727121920, "lr": 0.0003, "grad_norm": 0.6288661956787109, "elapsed_seconds": 12226.92224528396, "tokens_per_second": 59468.92483760235, "loss_main": 2.58035671710968, "loss_total": 2.58035671710968}
{"event": "update", "optimizer_step": 22200, "tokens_seen": 727449600, "lr": 0.0003, "grad_norm": 0.6856117844581604, "elapsed_seconds": 12232.43522104394, "tokens_per_second": 59468.910879539326, "loss_main": 2.6053780913352966, "loss_total": 2.6053780913352966}
{"event": "update", "optimizer_step": 22210, "tokens_seen": 727777280, "lr": 0.0003, "grad_norm": 0.6536505818367004, "elapsed_seconds": 12237.913415234943, "tokens_per_second": 59469.06595155283, "loss_main": 2.4964401721954346, "loss_total": 2.4964401721954346}
{"event": "update", "optimizer_step": 22220, "tokens_seen": 728104960, "lr": 0.0003, "grad_norm": 0.7100462317466736, "elapsed_seconds": 12243.393947527918, "tokens_per_second": 59469.20952805025, "loss_main": 2.4275285601615906, "loss_total": 2.4275285601615906}
{"event": "update", "optimizer_step": 22230, "tokens_seen": 728432640, "lr": 0.0003, "grad_norm": 0.6762535572052002, "elapsed_seconds": 12248.882733073959, "tokens_per_second": 59469.312905830535, "loss_main": 2.5044054985046387, "loss_total": 2.5044054985046387}
{"event": "update", "optimizer_step": 22240, "tokens_seen": 728760320, "lr": 0.0003, "grad_norm": 0.6340283155441284, "elapsed_seconds": 12254.372747356945, "tokens_per_second": 59469.410228049484, "loss_main": 2.5536996722221375, "loss_total": 2.5536996722221375}
{"event": "update", "optimizer_step": 22250, "tokens_seen": 729088000, "lr": 0.0003, "grad_norm": 0.7210582494735718, "elapsed_seconds": 12259.847790444968, "tokens_per_second": 59469.580084691894, "loss_main": 2.4405658841133118, "loss_total": 2.4405658841133118}
{"event": "update", "optimizer_step": 22260, "tokens_seen": 729415680, "lr": 0.0003, "grad_norm": 0.6295506954193115, "elapsed_seconds": 12265.34569210693, "tokens_per_second": 59469.63895762009, "loss_main": 2.388291895389557, "loss_total": 2.388291895389557}
{"event": "update", "optimizer_step": 22270, "tokens_seen": 729743360, "lr": 0.0003, "grad_norm": 0.6097795367240906, "elapsed_seconds": 12270.824793920969, "tokens_per_second": 59469.788889946394, "loss_main": 2.534379005432129, "loss_total": 2.534379005432129}
{"event": "update", "optimizer_step": 22280, "tokens_seen": 730071040, "lr": 0.0003, "grad_norm": 0.641529381275177, "elapsed_seconds": 12276.328538841917, "tokens_per_second": 59469.81931039709, "loss_main": 2.3429848551750183, "loss_total": 2.3429848551750183}
{"event": "update", "optimizer_step": 22290, "tokens_seen": 730398720, "lr": 0.0003, "grad_norm": 0.6498444080352783, "elapsed_seconds": 12281.816707170918, "tokens_per_second": 59469.92512708206, "loss_main": 2.6636767387390137, "loss_total": 2.6636767387390137}
{"event": "update", "optimizer_step": 22300, "tokens_seen": 730726400, "lr": 0.0003, "grad_norm": 0.6609952449798584, "elapsed_seconds": 12287.31254476693, "tokens_per_second": 59469.99373033859, "loss_main": 2.6056538224220276, "loss_total": 2.6056538224220276}
{"event": "update", "optimizer_step": 22310, "tokens_seen": 731054080, "lr": 0.0003, "grad_norm": 0.6590908169746399, "elapsed_seconds": 12292.793678764952, "tokens_per_second": 59470.1334053016, "loss_main": 2.8367486596107483, "loss_total": 2.8367486596107483}
{"event": "update", "optimizer_step": 22320, "tokens_seen": 731381760, "lr": 0.0003, "grad_norm": 0.6547445058822632, "elapsed_seconds": 12298.287920075934, "tokens_per_second": 59470.20957332443, "loss_main": 2.603908956050873, "loss_total": 2.603908956050873}
{"event": "update", "optimizer_step": 22330, "tokens_seen": 731709440, "lr": 0.0003, "grad_norm": 0.6544807553291321, "elapsed_seconds": 12303.771973257943, "tokens_per_second": 59470.33491764632, "loss_main": 2.6573153138160706, "loss_total": 2.6573153138160706}
{"event": "update", "optimizer_step": 22340, "tokens_seen": 732037120, "lr": 0.0003, "grad_norm": 0.62009197473526, "elapsed_seconds": 12309.257276053948, "tokens_per_second": 59470.45411294494, "loss_main": 2.4508989453315735, "loss_total": 2.4508989453315735}
{"event": "update", "optimizer_step": 22350, "tokens_seen": 732364800, "lr": 0.0003, "grad_norm": 0.6840901970863342, "elapsed_seconds": 12314.747898636968, "tokens_per_second": 59470.5475116596, "loss_main": 2.431128978729248, "loss_total": 2.431128978729248}
{"event": "update", "optimizer_step": 22360, "tokens_seen": 732692480, "lr": 0.0003, "grad_norm": 0.659466564655304, "elapsed_seconds": 12320.222995249962, "tokens_per_second": 59470.715772148615, "loss_main": 2.590697944164276, "loss_total": 2.590697944164276}
{"event": "update", "optimizer_step": 22370, "tokens_seen": 733020160, "lr": 0.0003, "grad_norm": 0.6329411268234253, "elapsed_seconds": 12325.721477331943, "tokens_per_second": 59470.771049636875, "loss_main": 2.5006807446479797, "loss_total": 2.5006807446479797}
{"event": "update", "optimizer_step": 22380, "tokens_seen": 733347840, "lr": 0.0003, "grad_norm": 0.6232786774635315, "elapsed_seconds": 12331.209989763913, "tokens_per_second": 59470.87435934909, "loss_main": 2.4953665137290955, "loss_total": 2.4953665137290955}
{"event": "update", "optimizer_step": 22390, "tokens_seen": 733675520, "lr": 0.0003, "grad_norm": 0.6483139991760254, "elapsed_seconds": 12336.719475001912, "tokens_per_second": 59470.87647462992, "loss_main": 2.7630375623703003, "loss_total": 2.7630375623703003}
{"event": "update", "optimizer_step": 22400, "tokens_seen": 734003200, "lr": 0.0003, "grad_norm": 0.6687583923339844, "elapsed_seconds": 12342.22687126795, "tokens_per_second": 59470.88865370969, "loss_main": 2.481513738632202, "loss_total": 2.481513738632202}
{"event": "update", "optimizer_step": 22410, "tokens_seen": 734330880, "lr": 0.0003, "grad_norm": 0.6589853167533875, "elapsed_seconds": 12347.719899053918, "tokens_per_second": 59470.97002550766, "loss_main": 2.629646956920624, "loss_total": 2.629646956920624}
{"event": "update", "optimizer_step": 22420, "tokens_seen": 734658560, "lr": 0.0003, "grad_norm": 0.6876020431518555, "elapsed_seconds": 12353.415063929919, "tokens_per_second": 59470.078208987776, "loss_main": 2.573103189468384, "loss_total": 2.573103189468384}
{"event": "update", "optimizer_step": 22430, "tokens_seen": 734986240, "lr": 0.0003, "grad_norm": 0.6243577599525452, "elapsed_seconds": 12358.932180299948, "tokens_per_second": 59470.04395505649, "loss_main": 2.3872117400169373, "loss_total": 2.3872117400169373}
{"event": "update", "optimizer_step": 22440, "tokens_seen": 735313920, "lr": 0.0003, "grad_norm": 0.6557080745697021, "elapsed_seconds": 12364.53726920695, "tokens_per_second": 59469.5866080852, "loss_main": 2.480914294719696, "loss_total": 2.480914294719696}
{"event": "update", "optimizer_step": 22450, "tokens_seen": 735641600, "lr": 0.0003, "grad_norm": 0.6358086466789246, "elapsed_seconds": 12370.166561184917, "tokens_per_second": 59469.013320183956, "loss_main": 2.4943791031837463, "loss_total": 2.4943791031837463}
{"event": "update", "optimizer_step": 22460, "tokens_seen": 735969280, "lr": 0.0003, "grad_norm": 0.6418999433517456, "elapsed_seconds": 12375.742764441937, "tokens_per_second": 59468.695657976314, "loss_main": 2.40784752368927, "loss_total": 2.40784752368927}
{"event": "update", "optimizer_step": 22470, "tokens_seen": 736296960, "lr": 0.0003, "grad_norm": 0.6452206969261169, "elapsed_seconds": 12381.391660270921, "tokens_per_second": 59468.02913622464, "loss_main": 2.652699112892151, "loss_total": 2.652699112892151}
{"event": "update", "optimizer_step": 22480, "tokens_seen": 736624640, "lr": 0.0003, "grad_norm": 0.677217423915863, "elapsed_seconds": 12386.876691277954, "tokens_per_second": 59468.149910516506, "loss_main": 2.4679700136184692, "loss_total": 2.4679700136184692}
{"event": "update", "optimizer_step": 22490, "tokens_seen": 736952320, "lr": 0.0003, "grad_norm": 0.6457474827766418, "elapsed_seconds": 12392.387476463919, "tokens_per_second": 59468.14698940355, "loss_main": 2.5496097803115845, "loss_total": 2.5496097803115845}
{"event": "update", "optimizer_step": 22500, "tokens_seen": 737280000, "lr": 0.0003, "grad_norm": 3.0975582599639893, "elapsed_seconds": 12397.884938945936, "tokens_per_second": 59468.20797505186, "loss_main": 2.487658977508545, "loss_total": 2.487658977508545}
{"event": "update", "optimizer_step": 22510, "tokens_seen": 737607680, "lr": 0.0003, "grad_norm": 0.6439720988273621, "elapsed_seconds": 12403.375566597912, "tokens_per_second": 59468.301676389245, "loss_main": 2.409927546977997, "loss_total": 2.409927546977997}
{"event": "update", "optimizer_step": 22520, "tokens_seen": 737935360, "lr": 0.0003, "grad_norm": 0.7957578301429749, "elapsed_seconds": 12408.862104612926, "tokens_per_second": 59468.41489403582, "loss_main": 2.6317230463027954, "loss_total": 2.6317230463027954}
{"event": "update", "optimizer_step": 22530, "tokens_seen": 738263040, "lr": 0.0003, "grad_norm": 0.7172337770462036, "elapsed_seconds": 12414.369923176942, "tokens_per_second": 59468.42607144352, "loss_main": 2.580247938632965, "loss_total": 2.580247938632965}
{"event": "update", "optimizer_step": 22540, "tokens_seen": 738590720, "lr": 0.0003, "grad_norm": 0.6710255146026611, "elapsed_seconds": 12419.869528105948, "tokens_per_second": 59468.476567212085, "loss_main": 2.5164751410484314, "loss_total": 2.5164751410484314}
{"event": "update", "optimizer_step": 22550, "tokens_seen": 738918400, "lr": 0.0003, "grad_norm": 0.6460922956466675, "elapsed_seconds": 12425.344813241914, "tokens_per_second": 59468.643414428334, "loss_main": 2.6955978870391846, "loss_total": 2.6955978870391846}
{"event": "update", "optimizer_step": 22560, "tokens_seen": 739246080, "lr": 0.0003, "grad_norm": 0.7482028603553772, "elapsed_seconds": 12430.845841578965, "tokens_per_second": 59468.68695992944, "loss_main": 2.4589784741401672, "loss_total": 2.4589784741401672}
{"event": "update", "optimizer_step": 22570, "tokens_seen": 739573760, "lr": 0.0003, "grad_norm": 0.6369155049324036, "elapsed_seconds": 12436.337046643952, "tokens_per_second": 59468.77744034608, "loss_main": 2.533597707748413, "loss_total": 2.533597707748413}
{"event": "update", "optimizer_step": 22580, "tokens_seen": 739901440, "lr": 0.0003, "grad_norm": 0.6627572178840637, "elapsed_seconds": 12441.83074951393, "tokens_per_second": 59468.855902006704, "loss_main": 2.3425779342651367, "loss_total": 2.3425779342651367}
{"event": "update", "optimizer_step": 22590, "tokens_seen": 740229120, "lr": 0.0003, "grad_norm": 0.685150682926178, "elapsed_seconds": 12447.327681277937, "tokens_per_second": 59468.9188678933, "loss_main": 2.50335556268692, "loss_total": 2.50335556268692}
{"event": "update", "optimizer_step": 22600, "tokens_seen": 740556800, "lr": 0.0003, "grad_norm": 0.6576247811317444, "elapsed_seconds": 12452.821578957955, "tokens_per_second": 59468.99626758881, "loss_main": 2.4597287774086, "loss_total": 2.4597287774086}
{"event": "update", "optimizer_step": 22610, "tokens_seen": 740884480, "lr": 0.0003, "grad_norm": 0.640868067741394, "elapsed_seconds": 12458.304410544923, "tokens_per_second": 59469.12642244499, "loss_main": 2.4212726950645447, "loss_total": 2.4212726950645447}
{"event": "update", "optimizer_step": 22620, "tokens_seen": 741212160, "lr": 0.0003, "grad_norm": 0.6639509201049805, "elapsed_seconds": 12463.808375895955, "tokens_per_second": 59469.15562609637, "loss_main": 2.6615869402885437, "loss_total": 2.6615869402885437}
{"event": "update", "optimizer_step": 22630, "tokens_seen": 741539840, "lr": 0.0003, "grad_norm": 0.6530444622039795, "elapsed_seconds": 12469.294632092933, "tokens_per_second": 59469.26926335165, "loss_main": 2.5030932426452637, "loss_total": 2.5030932426452637}
{"event": "update", "optimizer_step": 22640, "tokens_seen": 741867520, "lr": 0.0003, "grad_norm": 0.6473135352134705, "elapsed_seconds": 12474.80121805094, "tokens_per_second": 59469.28588541543, "loss_main": 2.390610098838806, "loss_total": 2.390610098838806}
{"event": "update", "optimizer_step": 22650, "tokens_seen": 742195200, "lr": 0.0003, "grad_norm": 0.6569809913635254, "elapsed_seconds": 12480.308181053959, "tokens_per_second": 59469.30069617253, "loss_main": 2.5108466744422913, "loss_total": 2.5108466744422913}
{"event": "update", "optimizer_step": 22660, "tokens_seen": 742522880, "lr": 0.0003, "grad_norm": 0.6801980137825012, "elapsed_seconds": 12485.792483223951, "tokens_per_second": 59469.423426479494, "loss_main": 2.5043351650238037, "loss_total": 2.5043351650238037}
{"event": "update", "optimizer_step": 22670, "tokens_seen": 742850560, "lr": 0.0003, "grad_norm": 0.6538941860198975, "elapsed_seconds": 12491.292474836926, "tokens_per_second": 59469.471353459594, "loss_main": 2.5662536025047302, "loss_total": 2.5662536025047302}
{"event": "update", "optimizer_step": 22680, "tokens_seen": 743178240, "lr": 0.0003, "grad_norm": 0.6392735242843628, "elapsed_seconds": 12496.786644930951, "tokens_per_second": 59469.54694160951, "loss_main": 2.6041094064712524, "loss_total": 2.6041094064712524}
{"event": "update", "optimizer_step": 22690, "tokens_seen": 743505920, "lr": 0.0003, "grad_norm": 0.6423518061637878, "elapsed_seconds": 12502.267147113918, "tokens_per_second": 59469.68747757357, "loss_main": 2.858731508255005, "loss_total": 2.858731508255005}
{"event": "update", "optimizer_step": 22700, "tokens_seen": 743833600, "lr": 0.0003, "grad_norm": 0.6588219404220581, "elapsed_seconds": 12507.762709616916, "tokens_per_second": 59469.756284078234, "loss_main": 2.4430006742477417, "loss_total": 2.4430006742477417}
{"event": "update", "optimizer_step": 22710, "tokens_seen": 744161280, "lr": 0.0003, "grad_norm": 0.6652624607086182, "elapsed_seconds": 12513.248145724938, "tokens_per_second": 59469.873156334506, "loss_main": 2.700917065143585, "loss_total": 2.700917065143585}
{"event": "update", "optimizer_step": 22720, "tokens_seen": 744488960, "lr": 0.0003, "grad_norm": 0.6974717974662781, "elapsed_seconds": 12518.740973951935, "tokens_per_second": 59469.954810078525, "loss_main": 2.6098777651786804, "loss_total": 2.6098777651786804}
{"event": "update", "optimizer_step": 22730, "tokens_seen": 744816640, "lr": 0.0003, "grad_norm": 0.706328272819519, "elapsed_seconds": 12524.22979034495, "tokens_per_second": 59470.055441987046, "loss_main": 2.6043537855148315, "loss_total": 2.6043537855148315}
{"event": "update", "optimizer_step": 22740, "tokens_seen": 745144320, "lr": 0.0003, "grad_norm": 0.6611993908882141, "elapsed_seconds": 12529.734414419916, "tokens_per_second": 59470.08095737819, "loss_main": 2.627647578716278, "loss_total": 2.627647578716278}
{"event": "update", "optimizer_step": 22750, "tokens_seen": 745472000, "lr": 0.0003, "grad_norm": 0.6720220446586609, "elapsed_seconds": 12535.23509251693, "tokens_per_second": 59470.12517100849, "loss_main": 2.6156580448150635, "loss_total": 2.6156580448150635}
{"event": "update", "optimizer_step": 22760, "tokens_seen": 745799680, "lr": 0.0003, "grad_norm": 0.6661286950111389, "elapsed_seconds": 12540.725671511958, "tokens_per_second": 59470.217237443445, "loss_main": 2.4953876733779907, "loss_total": 2.4953876733779907}
{"event": "update", "optimizer_step": 22770, "tokens_seen": 746127360, "lr": 0.0003, "grad_norm": 0.646760880947113, "elapsed_seconds": 12546.225877273944, "tokens_per_second": 59470.26359150161, "loss_main": 2.3703231811523438, "loss_total": 2.3703231811523438}
{"event": "update", "optimizer_step": 22780, "tokens_seen": 746455040, "lr": 0.0003, "grad_norm": 0.667871356010437, "elapsed_seconds": 12551.726193019946, "tokens_per_second": 59470.3093838285, "loss_main": 2.506925106048584, "loss_total": 2.506925106048584}
{"event": "update", "optimizer_step": 22790, "tokens_seen": 746782720, "lr": 0.0003, "grad_norm": 0.6621907949447632, "elapsed_seconds": 12557.236274749914, "tokens_per_second": 59470.30888489615, "loss_main": 2.626438617706299, "loss_total": 2.626438617706299}
{"event": "update", "optimizer_step": 22800, "tokens_seen": 747110400, "lr": 0.0003, "grad_norm": 0.6195374727249146, "elapsed_seconds": 12562.734101754962, "tokens_per_second": 59470.36639863545, "loss_main": 2.706139087677002, "loss_total": 2.706139087677002}
{"event": "update", "optimizer_step": 22810, "tokens_seen": 747438080, "lr": 0.0003, "grad_norm": 0.6476609110832214, "elapsed_seconds": 12568.22425550496, "tokens_per_second": 59470.46017042682, "loss_main": 2.409409761428833, "loss_total": 2.409409761428833}
{"event": "update", "optimizer_step": 22820, "tokens_seen": 747765760, "lr": 0.0003, "grad_norm": 0.6582925915718079, "elapsed_seconds": 12573.703559957969, "tokens_per_second": 59470.60517486064, "loss_main": 2.606331944465637, "loss_total": 2.606331944465637}
{"event": "update", "optimizer_step": 22830, "tokens_seen": 748093440, "lr": 0.0003, "grad_norm": 0.6423719525337219, "elapsed_seconds": 12579.187913930917, "tokens_per_second": 59470.72618030599, "loss_main": 2.507711172103882, "loss_total": 2.507711172103882}
{"event": "update", "optimizer_step": 22840, "tokens_seen": 748421120, "lr": 0.0003, "grad_norm": 0.638454794883728, "elapsed_seconds": 12584.680325287918, "tokens_per_second": 59470.809003873306, "loss_main": 2.4122546315193176, "loss_total": 2.4122546315193176}
{"event": "update", "optimizer_step": 22850, "tokens_seen": 748748800, "lr": 0.0003, "grad_norm": 0.6753955483436584, "elapsed_seconds": 12590.162193380937, "tokens_per_second": 59470.941557340855, "loss_main": 2.5606712102890015, "loss_total": 2.5606712102890015}
{"event": "update", "optimizer_step": 22860, "tokens_seen": 749076480, "lr": 0.0003, "grad_norm": 0.6508795619010925, "elapsed_seconds": 12595.652601419948, "tokens_per_second": 59471.033673598955, "loss_main": 2.6650620102882385, "loss_total": 2.6650620102882385}
{"event": "update", "optimizer_step": 22870, "tokens_seen": 749404160, "lr": 0.0003, "grad_norm": 0.6803207397460938, "elapsed_seconds": 12601.14036703296, "tokens_per_second": 59471.138180524315, "loss_main": 2.493034780025482, "loss_total": 2.493034780025482}
{"event": "update", "optimizer_step": 22880, "tokens_seen": 749731840, "lr": 0.0003, "grad_norm": 0.6293596029281616, "elapsed_seconds": 12606.625945151958, "tokens_per_second": 59471.25291587787, "loss_main": 2.472600758075714, "loss_total": 2.472600758075714}
{"event": "update", "optimizer_step": 22890, "tokens_seen": 750059520, "lr": 0.0003, "grad_norm": 0.6324434280395508, "elapsed_seconds": 12612.093516845955, "tokens_per_second": 59471.452459351545, "loss_main": 2.5990753173828125, "loss_total": 2.5990753173828125}
{"event": "update", "optimizer_step": 22900, "tokens_seen": 750387200, "lr": 0.0003, "grad_norm": 0.676284909248352, "elapsed_seconds": 12617.577052123961, "tokens_per_second": 59471.576587177224, "loss_main": 2.7072178721427917, "loss_total": 2.7072178721427917}
{"event": "update", "optimizer_step": 22910, "tokens_seen": 750714880, "lr": 0.0003, "grad_norm": 0.687143862247467, "elapsed_seconds": 12623.060725144926, "tokens_per_second": 59471.69995820337, "loss_main": 2.4605339765548706, "loss_total": 2.4605339765548706}
{"event": "update", "optimizer_step": 22920, "tokens_seen": 751042560, "lr": 0.0003, "grad_norm": 0.6424607634544373, "elapsed_seconds": 12628.561572856968, "tokens_per_second": 59471.74234112643, "loss_main": 2.5467565059661865, "loss_total": 2.5467565059661865}
{"event": "update", "optimizer_step": 22930, "tokens_seen": 751370240, "lr": 0.0003, "grad_norm": 0.6598007678985596, "elapsed_seconds": 12634.031860441959, "tokens_per_second": 59471.92854187688, "loss_main": 2.537711977958679, "loss_total": 2.537711977958679}
{"event": "update", "optimizer_step": 22940, "tokens_seen": 751697920, "lr": 0.0003, "grad_norm": 0.6528485417366028, "elapsed_seconds": 12639.502326121961, "tokens_per_second": 59472.113743471666, "loss_main": 2.2737094163894653, "loss_total": 2.2737094163894653}
{"event": "update", "optimizer_step": 22950, "tokens_seen": 752025600, "lr": 0.0003, "grad_norm": 0.628729522228241, "elapsed_seconds": 12644.991357248917, "tokens_per_second": 59472.211467261375, "loss_main": 2.4800625443458557, "loss_total": 2.4800625443458557}
{"event": "update", "optimizer_step": 22960, "tokens_seen": 752353280, "lr": 0.0003, "grad_norm": 0.6701210737228394, "elapsed_seconds": 12650.481047271925, "tokens_per_second": 59472.306008651336, "loss_main": 2.626197099685669, "loss_total": 2.626197099685669}
{"event": "update", "optimizer_step": 22970, "tokens_seen": 752680960, "lr": 0.0003, "grad_norm": 0.6805097460746765, "elapsed_seconds": 12655.966561519948, "tokens_per_second": 59472.42009065525, "loss_main": 2.3589035868644714, "loss_total": 2.3589035868644714}
{"event": "update", "optimizer_step": 22980, "tokens_seen": 753008640, "lr": 0.0003, "grad_norm": 0.6679133176803589, "elapsed_seconds": 12661.44985225494, "tokens_per_second": 59472.544517948154, "loss_main": 2.31715852022171, "loss_total": 2.31715852022171}
{"event": "update", "optimizer_step": 22990, "tokens_seen": 753336320, "lr": 0.0003, "grad_norm": 0.6769266128540039, "elapsed_seconds": 12666.937351575936, "tokens_per_second": 59472.649077740556, "loss_main": 2.58508038520813, "loss_total": 2.58508038520813}
{"event": "update", "optimizer_step": 23000, "tokens_seen": 753664000, "lr": 0.0003, "grad_norm": 0.8032424449920654, "elapsed_seconds": 12672.42420140392, "tokens_per_second": 59472.756595103965, "loss_main": 2.413795053958893, "loss_total": 2.413795053958893}
{"event": "update", "optimizer_step": 23010, "tokens_seen": 753991680, "lr": 0.0003, "grad_norm": 0.6181918978691101, "elapsed_seconds": 12677.919870873913, "tokens_per_second": 59472.82264594609, "loss_main": 2.3122822046279907, "loss_total": 2.3122822046279907}
{"event": "update", "optimizer_step": 23020, "tokens_seen": 754319360, "lr": 0.0003, "grad_norm": 0.6588813066482544, "elapsed_seconds": 12683.405801765912, "tokens_per_second": 59472.93430404758, "loss_main": 2.457436978816986, "loss_total": 2.457436978816986}
{"event": "update", "optimizer_step": 23030, "tokens_seen": 754647040, "lr": 0.0003, "grad_norm": 0.6347613334655762, "elapsed_seconds": 12688.89125580492, "tokens_per_second": 59473.04810061822, "loss_main": 2.32603657245636, "loss_total": 2.32603657245636}
{"event": "update", "optimizer_step": 23040, "tokens_seen": 754974720, "lr": 0.0003, "grad_norm": 0.662329375743866, "elapsed_seconds": 12694.359557500924, "tokens_per_second": 59473.24215768693, "loss_main": 2.626013696193695, "loss_total": 2.626013696193695}
{"event": "update", "optimizer_step": 23050, "tokens_seen": 755302400, "lr": 0.0003, "grad_norm": 0.645571768283844, "elapsed_seconds": 12699.838774105941, "tokens_per_second": 59473.38493304398, "loss_main": 2.3005313873291016, "loss_total": 2.3005313873291016}
{"event": "update", "optimizer_step": 23060, "tokens_seen": 755630080, "lr": 0.0003, "grad_norm": 0.807709276676178, "elapsed_seconds": 12705.333095763926, "tokens_per_second": 59473.4568786657, "loss_main": 2.552576184272766, "loss_total": 2.552576184272766}
{"event": "update", "optimizer_step": 23070, "tokens_seen": 755957760, "lr": 0.0003, "grad_norm": 0.6657496094703674, "elapsed_seconds": 12710.815712964919, "tokens_per_second": 59473.583526895905, "loss_main": 2.5691460967063904, "loss_total": 2.5691460967063904}
{"event": "update", "optimizer_step": 23080, "tokens_seen": 756285440, "lr": 0.0003, "grad_norm": 0.6553698778152466, "elapsed_seconds": 12716.297458847926, "tokens_per_second": 59473.71414104354, "loss_main": 2.592826187610626, "loss_total": 2.592826187610626}
{"event": "update", "optimizer_step": 23090, "tokens_seen": 756613120, "lr": 0.0003, "grad_norm": 0.6520369052886963, "elapsed_seconds": 12721.786479804956, "tokens_per_second": 59473.81063194829, "loss_main": 2.5345450043678284, "loss_total": 2.5345450043678284}
{"event": "update", "optimizer_step": 23100, "tokens_seen": 756940800, "lr": 0.0003, "grad_norm": 0.7494912147521973, "elapsed_seconds": 12727.275574486936, "tokens_per_second": 59473.9066951109, "loss_main": 2.8287704586982727, "loss_total": 2.8287704586982727}
{"event": "update", "optimizer_step": 23110, "tokens_seen": 757268480, "lr": 0.0003, "grad_norm": 0.6931960582733154, "elapsed_seconds": 12732.764409275958, "tokens_per_second": 59474.003889392756, "loss_main": 2.4894506335258484, "loss_total": 2.4894506335258484}
{"event": "update", "optimizer_step": 23120, "tokens_seen": 757596160, "lr": 0.0003, "grad_norm": 0.6511651277542114, "elapsed_seconds": 12738.250927461952, "tokens_per_second": 59474.111815989185, "loss_main": 2.520280361175537, "loss_total": 2.520280361175537}
{"event": "update", "optimizer_step": 23130, "tokens_seen": 757923840, "lr": 0.0003, "grad_norm": 0.6700409054756165, "elapsed_seconds": 12743.726958761923, "tokens_per_second": 59474.2685913316, "loss_main": 2.256728231906891, "loss_total": 2.256728231906891}
{"event": "update", "optimizer_step": 23140, "tokens_seen": 758251520, "lr": 0.0003, "grad_norm": 0.6576358079910278, "elapsed_seconds": 12749.211364739924, "tokens_per_second": 59474.386164549076, "loss_main": 2.535427510738373, "loss_total": 2.535427510738373}
{"event": "update", "optimizer_step": 23150, "tokens_seen": 758579200, "lr": 0.0003, "grad_norm": 0.6393361687660217, "elapsed_seconds": 12754.70902424294, "tokens_per_second": 59474.441836200625, "loss_main": 2.5249541997909546, "loss_total": 2.5249541997909546}
{"event": "update", "optimizer_step": 23160, "tokens_seen": 758906880, "lr": 0.0003, "grad_norm": 0.702622652053833, "elapsed_seconds": 12760.197214926942, "tokens_per_second": 59474.54159346589, "loss_main": 2.7073728442192078, "loss_total": 2.7073728442192078}
{"event": "update", "optimizer_step": 23170, "tokens_seen": 759234560, "lr": 0.0003, "grad_norm": 0.6905189156532288, "elapsed_seconds": 12765.677410013916, "tokens_per_second": 59474.67851603594, "loss_main": 2.509388029575348, "loss_total": 2.509388029575348}
{"event": "update", "optimizer_step": 23180, "tokens_seen": 759562240, "lr": 0.0003, "grad_norm": 0.6971405744552612, "elapsed_seconds": 12771.166334994952, "tokens_per_second": 59474.77466632653, "loss_main": 2.5559688210487366, "loss_total": 2.5559688210487366}
{"event": "update", "optimizer_step": 23190, "tokens_seen": 759889920, "lr": 0.0003, "grad_norm": 0.6557782292366028, "elapsed_seconds": 12776.655274962948, "tokens_per_second": 59474.87066423991, "loss_main": 2.557583212852478, "loss_total": 2.557583212852478}
{"event": "evaluation", "tokens_seen": 760020992, "elapsed_seconds": 12778.851530769956, "parameters": 71199040, "main_loss": 2.6284639164805412, "perplexity": 13.85247499239763}
{"event": "update", "optimizer_step": 23200, "tokens_seen": 760217600, "lr": 0.0003, "grad_norm": 0.6680413484573364, "elapsed_seconds": 12784.600897584925, "tokens_per_second": 59463.53789922444, "loss_main": 2.44801789522171, "loss_total": 2.44801789522171}
{"event": "update", "optimizer_step": 23210, "tokens_seen": 760545280, "lr": 0.0003, "grad_norm": 0.7226354479789734, "elapsed_seconds": 12790.070145645936, "tokens_per_second": 59463.730170307856, "loss_main": 2.8222787976264954, "loss_total": 2.8222787976264954}
{"event": "update", "optimizer_step": 23220, "tokens_seen": 760872960, "lr": 0.0003, "grad_norm": 0.6963828802108765, "elapsed_seconds": 12795.566684121964, "tokens_per_second": 59463.7954522302, "loss_main": 2.4715510606765747, "loss_total": 2.4715510606765747}
{"event": "update", "optimizer_step": 23230, "tokens_seen": 761200640, "lr": 0.0003, "grad_norm": 0.70267254114151, "elapsed_seconds": 12801.048566962942, "tokens_per_second": 59463.92875693896, "loss_main": 2.549665868282318, "loss_total": 2.549665868282318}
{"event": "update", "optimizer_step": 23240, "tokens_seen": 761528320, "lr": 0.0003, "grad_norm": 0.6723799705505371, "elapsed_seconds": 12806.537086379947, "tokens_per_second": 59464.03113218665, "loss_main": 2.4966394901275635, "loss_total": 2.4966394901275635}
{"event": "update", "optimizer_step": 23250, "tokens_seen": 761856000, "lr": 0.0003, "grad_norm": 0.7081286311149597, "elapsed_seconds": 12812.013748968951, "tokens_per_second": 59464.18845057128, "loss_main": 2.593258500099182, "loss_total": 2.593258500099182}
{"event": "update", "optimizer_step": 23260, "tokens_seen": 762183680, "lr": 0.0003, "grad_norm": 0.6773427128791809, "elapsed_seconds": 12817.520488237962, "tokens_per_second": 59464.20609972266, "loss_main": 2.576664984226227, "loss_total": 2.576664984226227}
{"event": "update", "optimizer_step": 23270, "tokens_seen": 762511360, "lr": 0.0003, "grad_norm": 0.6570332050323486, "elapsed_seconds": 12823.010247848928, "tokens_per_second": 59464.302473587435, "loss_main": 2.520742893218994, "loss_total": 2.520742893218994}
{"event": "update", "optimizer_step": 23280, "tokens_seen": 762839040, "lr": 0.0003, "grad_norm": 0.6417139768600464, "elapsed_seconds": 12828.497776245931, "tokens_per_second": 59464.40910739538, "loss_main": 2.4886807799339294, "loss_total": 2.4886807799339294}
{"event": "update", "optimizer_step": 23290, "tokens_seen": 763166720, "lr": 0.0003, "grad_norm": 0.6921217441558838, "elapsed_seconds": 12833.990214795922, "tokens_per_second": 59464.4928995012, "loss_main": 2.4236741065979004, "loss_total": 2.4236741065979004}
{"event": "update", "optimizer_step": 23300, "tokens_seen": 763494400, "lr": 0.0003, "grad_norm": 0.6779071092605591, "elapsed_seconds": 12839.486428167962, "tokens_per_second": 59464.55913727239, "loss_main": 2.4657276272773743, "loss_total": 2.4657276272773743}
{"event": "update", "optimizer_step": 23310, "tokens_seen": 763822080, "lr": 0.0003, "grad_norm": 0.7124264240264893, "elapsed_seconds": 12844.985056581965, "tokens_per_second": 59464.61413815394, "loss_main": 2.5384125113487244, "loss_total": 2.5384125113487244}
{"event": "update", "optimizer_step": 23320, "tokens_seen": 764149760, "lr": 0.0003, "grad_norm": 0.7150015234947205, "elapsed_seconds": 12850.485443777929, "tokens_per_second": 59464.660953333354, "loss_main": 2.6038278937339783, "loss_total": 2.6038278937339783}
{"event": "update", "optimizer_step": 23330, "tokens_seen": 764477440, "lr": 0.0003, "grad_norm": 0.6671197414398193, "elapsed_seconds": 12855.986949178914, "tokens_per_second": 59464.70255625342, "loss_main": 2.5209699869155884, "loss_total": 2.5209699869155884}
{"event": "update", "optimizer_step": 23340, "tokens_seen": 764805120, "lr": 0.0003, "grad_norm": 0.7623205184936523, "elapsed_seconds": 12861.470013122947, "tokens_per_second": 59464.82938728203, "loss_main": 2.649630546569824, "loss_total": 2.649630546569824}
{"event": "update", "optimizer_step": 23350, "tokens_seen": 765132800, "lr": 0.0003, "grad_norm": 0.658430814743042, "elapsed_seconds": 12866.962072128954, "tokens_per_second": 59464.914539333986, "loss_main": 2.6209601163864136, "loss_total": 2.6209601163864136}
{"event": "update", "optimizer_step": 23360, "tokens_seen": 765460480, "lr": 0.0003, "grad_norm": 0.6435856819152832, "elapsed_seconds": 12872.448822038947, "tokens_per_second": 59465.024144392286, "loss_main": 2.4531317949295044, "loss_total": 2.4531317949295044}
{"event": "update", "optimizer_step": 23370, "tokens_seen": 765788160, "lr": 0.0003, "grad_norm": 0.6728239059448242, "elapsed_seconds": 12877.931564585946, "tokens_per_second": 59465.1521604527, "loss_main": 2.683587908744812, "loss_total": 2.683587908744812}
{"event": "update", "optimizer_step": 23380, "tokens_seen": 766115840, "lr": 0.0003, "grad_norm": 0.6539282202720642, "elapsed_seconds": 12883.431939708942, "tokens_per_second": 59465.19868193659, "loss_main": 2.5417702198028564, "loss_total": 2.5417702198028564}
{"event": "update", "optimizer_step": 23390, "tokens_seen": 766443520, "lr": 0.0003, "grad_norm": 0.6693553328514099, "elapsed_seconds": 12888.921937223931, "tokens_per_second": 59465.29304258318, "loss_main": 2.763721764087677, "loss_total": 2.763721764087677}
{"event": "update", "optimizer_step": 23400, "tokens_seen": 766771200, "lr": 0.0003, "grad_norm": 0.6565020680427551, "elapsed_seconds": 12894.411310168914, "tokens_per_second": 59465.3902032194, "loss_main": 2.4681493639945984, "loss_total": 2.4681493639945984}
{"event": "update", "optimizer_step": 23410, "tokens_seen": 767098880, "lr": 0.0003, "grad_norm": 0.659683883190155, "elapsed_seconds": 12899.903662348923, "tokens_per_second": 59465.47354760014, "loss_main": 2.5821446776390076, "loss_total": 2.5821446776390076}
{"event": "update", "optimizer_step": 23420, "tokens_seen": 767426560, "lr": 0.0003, "grad_norm": 0.636043131351471, "elapsed_seconds": 12905.39167369192, "tokens_per_second": 59465.576822780604, "loss_main": 2.7299684286117554, "loss_total": 2.7299684286117554}
{"event": "update", "optimizer_step": 23430, "tokens_seen": 767754240, "lr": 0.0003, "grad_norm": 0.6466245651245117, "elapsed_seconds": 12910.891385719937, "tokens_per_second": 59465.62611851672, "loss_main": 2.629867374897003, "loss_total": 2.629867374897003}
{"event": "update", "optimizer_step": 23440, "tokens_seen": 768081920, "lr": 0.0003, "grad_norm": 0.6931369304656982, "elapsed_seconds": 12916.37850192393, "tokens_per_second": 59465.73336214885, "loss_main": 2.4293259382247925, "loss_total": 2.4293259382247925}
{"event": "update", "optimizer_step": 23450, "tokens_seen": 768409600, "lr": 0.0003, "grad_norm": 0.6762129068374634, "elapsed_seconds": 12921.869858069927, "tokens_per_second": 59465.82100268678, "loss_main": 2.403934359550476, "loss_total": 2.403934359550476}
{"event": "update", "optimizer_step": 23460, "tokens_seen": 768737280, "lr": 0.0003, "grad_norm": 0.6717040538787842, "elapsed_seconds": 12927.380863134924, "tokens_per_second": 59465.81818380643, "loss_main": 2.431163728237152, "loss_total": 2.431163728237152}
{"event": "update", "optimizer_step": 23470, "tokens_seen": 769064960, "lr": 0.0003, "grad_norm": 0.7036088705062866, "elapsed_seconds": 12932.859030374966, "tokens_per_second": 59465.96635699216, "loss_main": 2.6296526193618774, "loss_total": 2.6296526193618774}
{"event": "update", "optimizer_step": 23480, "tokens_seen": 769392640, "lr": 0.0003, "grad_norm": 0.6921337246894836, "elapsed_seconds": 12938.362634903926, "tokens_per_second": 59465.99749217132, "loss_main": 2.5950140357017517, "loss_total": 2.5950140357017517}
{"event": "update", "optimizer_step": 23490, "tokens_seen": 769720320, "lr": 0.0003, "grad_norm": 0.6419293284416199, "elapsed_seconds": 12943.859629451938, "tokens_per_second": 59466.05896811561, "loss_main": 2.5223395824432373, "loss_total": 2.5223395824432373}
{"event": "update", "optimizer_step": 23500, "tokens_seen": 770048000, "lr": 0.0003, "grad_norm": 0.6677889823913574, "elapsed_seconds": 12949.354949298955, "tokens_per_second": 59466.12808244077, "loss_main": 2.4706849455833435, "loss_total": 2.4706849455833435}
{"event": "update", "optimizer_step": 23510, "tokens_seen": 770375680, "lr": 0.0003, "grad_norm": 0.6472645998001099, "elapsed_seconds": 12954.833100601914, "tokens_per_second": 59466.275946403846, "loss_main": 2.5027015209198, "loss_total": 2.5027015209198}
{"event": "update", "optimizer_step": 23520, "tokens_seen": 770703360, "lr": 0.0003, "grad_norm": 0.6616905331611633, "elapsed_seconds": 12960.335191573948, "tokens_per_second": 59466.31384202673, "loss_main": 2.68591845035553, "loss_total": 2.68591845035553}
{"event": "update", "optimizer_step": 23530, "tokens_seen": 771031040, "lr": 0.0003, "grad_norm": 0.6681665778160095, "elapsed_seconds": 12965.823358092923, "tokens_per_second": 59466.415568490906, "loss_main": 2.428532123565674, "loss_total": 2.428532123565674}
{"event": "update", "optimizer_step": 23540, "tokens_seen": 771358720, "lr": 0.0003, "grad_norm": 0.6554229855537415, "elapsed_seconds": 12971.301811291953, "tokens_per_second": 59466.56173927789, "loss_main": 2.428872227668762, "loss_total": 2.428872227668762}
{"event": "update", "optimizer_step": 23550, "tokens_seen": 771686400, "lr": 0.0003, "grad_norm": 0.6505264639854431, "elapsed_seconds": 12976.795863315929, "tokens_per_second": 59466.63630438068, "loss_main": 2.3930552005767822, "loss_total": 2.3930552005767822}
{"event": "update", "optimizer_step": 23560, "tokens_seen": 772014080, "lr": 0.0003, "grad_norm": 0.6344425678253174, "elapsed_seconds": 12982.294111936935, "tokens_per_second": 59466.69158343516, "loss_main": 2.3421775698661804, "loss_total": 2.3421775698661804}
{"event": "update", "optimizer_step": 23570, "tokens_seen": 772341760, "lr": 0.0003, "grad_norm": 0.6421175599098206, "elapsed_seconds": 12987.77824802394, "tokens_per_second": 59466.81143231792, "loss_main": 2.568036735057831, "loss_total": 2.568036735057831}
{"event": "update", "optimizer_step": 23580, "tokens_seen": 772669440, "lr": 0.0003, "grad_norm": 0.715532660484314, "elapsed_seconds": 12993.28068494494, "tokens_per_second": 59466.84742178139, "loss_main": 2.6500542759895325, "loss_total": 2.6500542759895325}
{"event": "update", "optimizer_step": 23590, "tokens_seen": 772997120, "lr": 0.0003, "grad_norm": 0.6200388669967651, "elapsed_seconds": 12998.77055684093, "tokens_per_second": 59466.94086335656, "loss_main": 2.309134066104889, "loss_total": 2.309134066104889}
{"event": "update", "optimizer_step": 23600, "tokens_seen": 773324800, "lr": 0.0003, "grad_norm": 0.6560394763946533, "elapsed_seconds": 13004.260850760911, "tokens_per_second": 59467.032296168596, "loss_main": 2.497729241847992, "loss_total": 2.497729241847992}
{"event": "update", "optimizer_step": 23610, "tokens_seen": 773652480, "lr": 0.0003, "grad_norm": 0.6609352231025696, "elapsed_seconds": 13009.756103871914, "tokens_per_second": 59467.10098352639, "loss_main": 2.547197699546814, "loss_total": 2.547197699546814}
{"event": "update", "optimizer_step": 23620, "tokens_seen": 773980160, "lr": 0.0003, "grad_norm": 0.6949073076248169, "elapsed_seconds": 13015.237967554945, "tokens_per_second": 59467.23078974181, "loss_main": 2.446602761745453, "loss_total": 2.446602761745453}
{"event": "update", "optimizer_step": 23630, "tokens_seen": 774307840, "lr": 0.0003, "grad_norm": 0.6807948350906372, "elapsed_seconds": 13020.730736031954, "tokens_per_second": 59467.3106830538, "loss_main": 2.672339677810669, "loss_total": 2.672339677810669}
{"event": "update", "optimizer_step": 23640, "tokens_seen": 774635520, "lr": 0.0003, "grad_norm": 0.6730318069458008, "elapsed_seconds": 13026.217579183925, "tokens_per_second": 59467.417559328824, "loss_main": 2.6834829449653625, "loss_total": 2.6834829449653625}
{"event": "update", "optimizer_step": 23650, "tokens_seen": 774963200, "lr": 0.0003, "grad_norm": 0.7023450136184692, "elapsed_seconds": 13031.708571795956, "tokens_per_second": 59467.505410397534, "loss_main": 2.3692259788513184, "loss_total": 2.3692259788513184}
{"event": "update", "optimizer_step": 23660, "tokens_seen": 775290880, "lr": 0.0003, "grad_norm": 0.6891414523124695, "elapsed_seconds": 13037.188373274927, "tokens_per_second": 59467.64423449439, "loss_main": 2.5197415351867676, "loss_total": 2.5197415351867676}
{"event": "update", "optimizer_step": 23670, "tokens_seen": 775618560, "lr": 0.0003, "grad_norm": 0.6756538152694702, "elapsed_seconds": 13042.67993231793, "tokens_per_second": 59467.72933361081, "loss_main": 2.5533515214920044, "loss_total": 2.5533515214920044}
{"event": "update", "optimizer_step": 23680, "tokens_seen": 775946240, "lr": 0.0003, "grad_norm": 0.6505059003829956, "elapsed_seconds": 13048.150824453915, "tokens_per_second": 59467.90855189816, "loss_main": 2.503564953804016, "loss_total": 2.503564953804016}
{"event": "update", "optimizer_step": 23690, "tokens_seen": 776273920, "lr": 0.0003, "grad_norm": 0.8876319527626038, "elapsed_seconds": 13053.63155113894, "tokens_per_second": 59468.042816963796, "loss_main": 2.540425479412079, "loss_total": 2.540425479412079}
{"event": "update", "optimizer_step": 23700, "tokens_seen": 776601600, "lr": 0.0003, "grad_norm": 0.7695335745811462, "elapsed_seconds": 13059.112194405927, "tokens_per_second": 59468.17734919755, "loss_main": 2.6716630458831787, "loss_total": 2.6716630458831787}
{"event": "update", "optimizer_step": 23710, "tokens_seen": 776929280, "lr": 0.0003, "grad_norm": 0.6677046418190002, "elapsed_seconds": 13064.587766254961, "tokens_per_second": 59468.33485299561, "loss_main": 2.6726332902908325, "loss_total": 2.6726332902908325}
{"event": "update", "optimizer_step": 23720, "tokens_seen": 777256960, "lr": 0.0003, "grad_norm": 0.6781010031700134, "elapsed_seconds": 13070.07314937393, "tokens_per_second": 59468.44758380189, "loss_main": 2.3848188519477844, "loss_total": 2.3848188519477844}
{"event": "update", "optimizer_step": 23730, "tokens_seen": 777584640, "lr": 0.0003, "grad_norm": 0.6334443688392639, "elapsed_seconds": 13075.565019367961, "tokens_per_second": 59468.53071727423, "loss_main": 2.3825921416282654, "loss_total": 2.3825921416282654}
{"event": "update", "optimizer_step": 23740, "tokens_seen": 777912320, "lr": 0.0003, "grad_norm": 0.6538219451904297, "elapsed_seconds": 13081.05194085592, "tokens_per_second": 59468.63627766466, "loss_main": 2.5757055282592773, "loss_total": 2.5757055282592773}
{"event": "update", "optimizer_step": 23750, "tokens_seen": 778240000, "lr": 0.0003, "grad_norm": 0.6817512512207031, "elapsed_seconds": 13086.538595500926, "tokens_per_second": 59468.74296214236, "loss_main": 2.5108126401901245, "loss_total": 2.5108126401901245}
{"event": "update", "optimizer_step": 23760, "tokens_seen": 778567680, "lr": 0.0003, "grad_norm": 0.6696416735649109, "elapsed_seconds": 13092.014399155916, "tokens_per_second": 59468.898846475204, "loss_main": 2.500293791294098, "loss_total": 2.500293791294098}
{"event": "update", "optimizer_step": 23770, "tokens_seen": 778895360, "lr": 0.0003, "grad_norm": 0.6536458730697632, "elapsed_seconds": 13097.50494420994, "tokens_per_second": 59468.98766732888, "loss_main": 2.665456533432007, "loss_total": 2.665456533432007}
{"event": "update", "optimizer_step": 23780, "tokens_seen": 779223040, "lr": 0.0003, "grad_norm": 0.6498256325721741, "elapsed_seconds": 13102.982444330934, "tokens_per_second": 59469.13561935928, "loss_main": 2.536214053630829, "loss_total": 2.536214053630829}
{"event": "update", "optimizer_step": 23790, "tokens_seen": 779550720, "lr": 0.0003, "grad_norm": 0.6778780817985535, "elapsed_seconds": 13108.467922994925, "tokens_per_second": 59469.24725142815, "loss_main": 2.6108973622322083, "loss_total": 2.6108973622322083}
{"event": "update", "optimizer_step": 23800, "tokens_seen": 779878400, "lr": 0.0003, "grad_norm": 0.6362376809120178, "elapsed_seconds": 13113.958751585917, "tokens_per_second": 59469.33452918529, "loss_main": 2.5479549765586853, "loss_total": 2.5479549765586853}
{"event": "update", "optimizer_step": 23810, "tokens_seen": 780206080, "lr": 0.0003, "grad_norm": 0.6437456607818604, "elapsed_seconds": 13119.447144894919, "tokens_per_second": 59469.432772828106, "loss_main": 2.539055585861206, "loss_total": 2.539055585861206}
{"event": "update", "optimizer_step": 23820, "tokens_seen": 780533760, "lr": 0.0003, "grad_norm": 0.7318285703659058, "elapsed_seconds": 13124.932365846937, "tokens_per_second": 59469.545308368, "loss_main": 2.578058898448944, "loss_total": 2.578058898448944}
{"event": "update", "optimizer_step": 23830, "tokens_seen": 780861440, "lr": 0.0003, "grad_norm": 0.6406804323196411, "elapsed_seconds": 13130.416437249922, "tokens_per_second": 59469.66295636746, "loss_main": 2.46613347530365, "loss_total": 2.46613347530365}
{"event": "update", "optimizer_step": 23840, "tokens_seen": 781189120, "lr": 0.0003, "grad_norm": 0.6723266243934631, "elapsed_seconds": 13135.889751309936, "tokens_per_second": 59469.829207579816, "loss_main": 2.5678321719169617, "loss_total": 2.5678321719169617}
{"event": "update", "optimizer_step": 23850, "tokens_seen": 781516800, "lr": 0.0003, "grad_norm": 0.743720293045044, "elapsed_seconds": 13141.378595874936, "tokens_per_second": 59469.92503855853, "loss_main": 2.501160740852356, "loss_total": 2.501160740852356}
{"event": "update", "optimizer_step": 23860, "tokens_seen": 781844480, "lr": 0.0003, "grad_norm": 0.6699670553207397, "elapsed_seconds": 13146.857009593921, "tokens_per_second": 59470.06797361901, "loss_main": 2.608034372329712, "loss_total": 2.608034372329712}
{"event": "update", "optimizer_step": 23870, "tokens_seen": 782172160, "lr": 0.0003, "grad_norm": 0.6694621443748474, "elapsed_seconds": 13152.337665358966, "tokens_per_second": 59470.20065186657, "loss_main": 2.5800923109054565, "loss_total": 2.5800923109054565}
{"event": "update", "optimizer_step": 23880, "tokens_seen": 782499840, "lr": 0.0003, "grad_norm": 0.6196533441543579, "elapsed_seconds": 13157.836602514959, "tokens_per_second": 59470.25059198826, "loss_main": 2.423866331577301, "loss_total": 2.423866331577301}
{"event": "update", "optimizer_step": 23890, "tokens_seen": 782827520, "lr": 0.0003, "grad_norm": 0.6763043403625488, "elapsed_seconds": 13163.332054480969, "tokens_per_second": 59470.316236041115, "loss_main": 2.560645818710327, "loss_total": 2.560645818710327}
{"event": "update", "optimizer_step": 23900, "tokens_seen": 783155200, "lr": 0.0003, "grad_norm": 0.7006161212921143, "elapsed_seconds": 13168.821379712957, "tokens_per_second": 59470.40949363006, "loss_main": 2.689146876335144, "loss_total": 2.689146876335144}
{"event": "update", "optimizer_step": 23910, "tokens_seen": 783482880, "lr": 0.0003, "grad_norm": 0.6956760883331299, "elapsed_seconds": 13174.310433428967, "tokens_per_second": 59470.50389916139, "loss_main": 2.495888829231262, "loss_total": 2.495888829231262}
{"event": "update", "optimizer_step": 23920, "tokens_seen": 783810560, "lr": 0.0003, "grad_norm": 0.6940313577651978, "elapsed_seconds": 13179.80689331796, "tokens_per_second": 59470.56480754545, "loss_main": 2.622696101665497, "loss_total": 2.622696101665497}
{"event": "update", "optimizer_step": 23930, "tokens_seen": 784138240, "lr": 0.0003, "grad_norm": 0.702772855758667, "elapsed_seconds": 13185.294892735954, "tokens_per_second": 59470.663825046315, "loss_main": 2.5588415265083313, "loss_total": 2.5588415265083313}
{"event": "update", "optimizer_step": 23940, "tokens_seen": 784465920, "lr": 0.0003, "grad_norm": 0.6947346925735474, "elapsed_seconds": 13190.773157231917, "tokens_per_second": 59470.80665017062, "loss_main": 2.5699239373207092, "loss_total": 2.5699239373207092}
{"event": "update", "optimizer_step": 23950, "tokens_seen": 784793600, "lr": 0.0003, "grad_norm": 0.7295168042182922, "elapsed_seconds": 13196.265525313967, "tokens_per_second": 59470.88579678515, "loss_main": 2.603904604911804, "loss_total": 2.603904604911804}
{"event": "update", "optimizer_step": 23960, "tokens_seen": 785121280, "lr": 0.0003, "grad_norm": 0.7090519070625305, "elapsed_seconds": 13201.74567416095, "tokens_per_second": 59471.019922514846, "loss_main": 2.706535756587982, "loss_total": 2.706535756587982}
{"event": "update", "optimizer_step": 23970, "tokens_seen": 785448960, "lr": 0.0003, "grad_norm": 0.652532160282135, "elapsed_seconds": 13207.228453228949, "tokens_per_second": 59471.14209325051, "loss_main": 2.5020751357078552, "loss_total": 2.5020751357078552}
{"event": "update", "optimizer_step": 23980, "tokens_seen": 785776640, "lr": 0.0003, "grad_norm": 0.6734219193458557, "elapsed_seconds": 13212.705542059965, "tokens_per_second": 59471.28977472779, "loss_main": 2.3434097170829773, "loss_total": 2.3434097170829773}
{"event": "update", "optimizer_step": 23990, "tokens_seen": 786104320, "lr": 0.0003, "grad_norm": 0.7434917092323303, "elapsed_seconds": 13218.217095054919, "tokens_per_second": 59471.28227256082, "loss_main": 2.556735038757324, "loss_total": 2.556735038757324}
{"event": "update", "optimizer_step": 24000, "tokens_seen": 786432000, "lr": 0.0003, "grad_norm": 0.661605715751648, "elapsed_seconds": 13223.718248131918, "tokens_per_second": 59471.32154839259, "loss_main": 2.6095545291900635, "loss_total": 2.6095545291900635}
{"event": "update", "optimizer_step": 24010, "tokens_seen": 786759680, "lr": 0.0003, "grad_norm": 0.6470147967338562, "elapsed_seconds": 13229.199463102967, "tokens_per_second": 59471.45042255354, "loss_main": 2.4351855516433716, "loss_total": 2.4351855516433716}
{"event": "update", "optimizer_step": 24020, "tokens_seen": 787087360, "lr": 0.0003, "grad_norm": 0.679227888584137, "elapsed_seconds": 13234.672077862953, "tokens_per_second": 59471.61783604189, "loss_main": 2.5890358686447144, "loss_total": 2.5890358686447144}
{"event": "update", "optimizer_step": 24030, "tokens_seen": 787415040, "lr": 0.0003, "grad_norm": 0.6794118285179138, "elapsed_seconds": 13240.16592152993, "tokens_per_second": 59471.68975575893, "loss_main": 2.7318888306617737, "loss_total": 2.7318888306617737}
{"event": "update", "optimizer_step": 24040, "tokens_seen": 787742720, "lr": 0.0003, "grad_norm": 0.6615140438079834, "elapsed_seconds": 13245.651451160957, "tokens_per_second": 59471.79894507611, "loss_main": 2.508199393749237, "loss_total": 2.508199393749237}
{"event": "update", "optimizer_step": 24050, "tokens_seen": 788070400, "lr": 0.0003, "grad_norm": 0.6731609106063843, "elapsed_seconds": 13251.130919068935, "tokens_per_second": 59471.93524938566, "loss_main": 2.627391278743744, "loss_total": 2.627391278743744}
{"event": "update", "optimizer_step": 24060, "tokens_seen": 788398080, "lr": 0.0003, "grad_norm": 0.6659225821495056, "elapsed_seconds": 13256.606567994924, "tokens_per_second": 59472.08857381411, "loss_main": 2.509059727191925, "loss_total": 2.509059727191925}
{"event": "update", "optimizer_step": 24070, "tokens_seen": 788725760, "lr": 0.0003, "grad_norm": 0.6560282707214355, "elapsed_seconds": 13262.095386890927, "tokens_per_second": 59472.182712516544, "loss_main": 2.6451138257980347, "loss_total": 2.6451138257980347}
{"event": "update", "optimizer_step": 24080, "tokens_seen": 789053440, "lr": 0.0003, "grad_norm": 0.6674408912658691, "elapsed_seconds": 13267.568778864923, "tokens_per_second": 59472.345924971014, "loss_main": 2.5220603346824646, "loss_total": 2.5220603346824646}
{"event": "update", "optimizer_step": 24090, "tokens_seen": 789381120, "lr": 0.0003, "grad_norm": 0.6636557579040527, "elapsed_seconds": 13273.044507076964, "tokens_per_second": 59472.498534839935, "loss_main": 2.603932023048401, "loss_total": 2.603932023048401}
{"event": "update", "optimizer_step": 24100, "tokens_seen": 789708800, "lr": 0.0003, "grad_norm": 1.644472360610962, "elapsed_seconds": 13278.529514605936, "tokens_per_second": 59472.60945809902, "loss_main": 2.6166898012161255, "loss_total": 2.6166898012161255}
{"event": "update", "optimizer_step": 24110, "tokens_seen": 790036480, "lr": 0.0003, "grad_norm": 0.7316591739654541, "elapsed_seconds": 13284.011475810956, "tokens_per_second": 59472.733928195456, "loss_main": 2.5861270427703857, "loss_total": 2.5861270427703857}
{"event": "update", "optimizer_step": 24120, "tokens_seen": 790364160, "lr": 0.0003, "grad_norm": 0.6649677157402039, "elapsed_seconds": 13289.49425765092, "tokens_per_second": 59472.854623115396, "loss_main": 2.3608258962631226, "loss_total": 2.3608258962631226}
{"event": "update", "optimizer_step": 24130, "tokens_seen": 790691840, "lr": 0.0003, "grad_norm": 0.6548534631729126, "elapsed_seconds": 13294.975095586968, "tokens_per_second": 59472.9839142351, "loss_main": 2.551570773124695, "loss_total": 2.551570773124695}
{"event": "update", "optimizer_step": 24140, "tokens_seen": 791019520, "lr": 0.0003, "grad_norm": 0.6443384885787964, "elapsed_seconds": 13300.45610511396, "tokens_per_second": 59473.112331528, "loss_main": 2.5752111077308655, "loss_total": 2.5752111077308655}
{"event": "update", "optimizer_step": 24150, "tokens_seen": 791347200, "lr": 0.0003, "grad_norm": 0.6518208980560303, "elapsed_seconds": 13305.950969202968, "tokens_per_second": 59473.178717672825, "loss_main": 2.595322549343109, "loss_total": 2.595322549343109}
{"event": "update", "optimizer_step": 24160, "tokens_seen": 791674880, "lr": 0.0003, "grad_norm": 0.6451281905174255, "elapsed_seconds": 13311.443719052942, "tokens_per_second": 59473.25449506724, "loss_main": 2.573229193687439, "loss_total": 2.573229193687439}
{"event": "update", "optimizer_step": 24170, "tokens_seen": 792002560, "lr": 0.0003, "grad_norm": 0.680557370185852, "elapsed_seconds": 13316.935326248931, "tokens_per_second": 59473.33531303471, "loss_main": 2.570752441883087, "loss_total": 2.570752441883087}
{"event": "update", "optimizer_step": 24180, "tokens_seen": 792330240, "lr": 0.0003, "grad_norm": 0.6340368986129761, "elapsed_seconds": 13322.435390774917, "tokens_per_second": 59473.378309542924, "loss_main": 2.4562677145004272, "loss_total": 2.4562677145004272}
{"event": "update", "optimizer_step": 24190, "tokens_seen": 792657920, "lr": 0.0003, "grad_norm": 0.6498066782951355, "elapsed_seconds": 13327.914026949962, "tokens_per_second": 59473.51689072956, "loss_main": 2.4391283988952637, "loss_total": 2.4391283988952637}
{"event": "update", "optimizer_step": 24200, "tokens_seen": 792985600, "lr": 0.0003, "grad_norm": 0.6511721014976501, "elapsed_seconds": 13333.407082729915, "tokens_per_second": 59473.591039391125, "loss_main": 2.401514232158661, "loss_total": 2.401514232158661}
{"event": "update", "optimizer_step": 24210, "tokens_seen": 793313280, "lr": 0.0003, "grad_norm": 0.6741880774497986, "elapsed_seconds": 13338.890458244947, "tokens_per_second": 59473.70828805648, "loss_main": 2.5246866941452026, "loss_total": 2.5246866941452026}
{"event": "update", "optimizer_step": 24220, "tokens_seen": 793640960, "lr": 0.0003, "grad_norm": 0.6715364456176758, "elapsed_seconds": 13344.376623870921, "tokens_per_second": 59473.81300527035, "loss_main": 2.62505042552948, "loss_total": 2.62505042552948}
{"event": "update", "optimizer_step": 24230, "tokens_seen": 793968640, "lr": 0.0003, "grad_norm": 0.6632220149040222, "elapsed_seconds": 13349.853594401968, "tokens_per_second": 59473.95860078474, "loss_main": 2.700459599494934, "loss_total": 2.700459599494934}
{"event": "update", "optimizer_step": 24240, "tokens_seen": 794296320, "lr": 0.0003, "grad_norm": 0.6596857905387878, "elapsed_seconds": 13355.331770686957, "tokens_per_second": 59474.09870740664, "loss_main": 2.495201289653778, "loss_total": 2.495201289653778}
{"event": "update", "optimizer_step": 24250, "tokens_seen": 794624000, "lr": 0.0003, "grad_norm": 0.6757189035415649, "elapsed_seconds": 13360.821266213956, "tokens_per_second": 59474.188312764694, "loss_main": 2.5464619398117065, "loss_total": 2.5464619398117065}
{"event": "update", "optimizer_step": 24260, "tokens_seen": 794951680, "lr": 0.0003, "grad_norm": 0.7121942043304443, "elapsed_seconds": 13366.304764543951, "tokens_per_second": 59474.30452945558, "loss_main": 2.4455068707466125, "loss_total": 2.4455068707466125}
{"event": "update", "optimizer_step": 24270, "tokens_seen": 795279360, "lr": 0.0003, "grad_norm": 0.6834720373153687, "elapsed_seconds": 13371.779624002927, "tokens_per_second": 59474.459074425584, "loss_main": 2.5480962991714478, "loss_total": 2.5480962991714478}
{"event": "update", "optimizer_step": 24280, "tokens_seen": 795607040, "lr": 0.0003, "grad_norm": 0.6593230962753296, "elapsed_seconds": 13377.241610003926, "tokens_per_second": 59474.67072770965, "loss_main": 2.5196505188941956, "loss_total": 2.5196505188941956}
{"event": "update", "optimizer_step": 24290, "tokens_seen": 795934720, "lr": 0.0003, "grad_norm": 0.6533762812614441, "elapsed_seconds": 13382.730411054916, "tokens_per_second": 59474.76303808014, "loss_main": 2.6018038392066956, "loss_total": 2.6018038392066956}
{"event": "update", "optimizer_step": 24300, "tokens_seen": 796262400, "lr": 0.0003, "grad_norm": 0.6363561749458313, "elapsed_seconds": 13388.213078092958, "tokens_per_second": 59474.88252206852, "loss_main": 2.4745218753814697, "loss_total": 2.4745218753814697}
{"event": "update", "optimizer_step": 24310, "tokens_seen": 796590080, "lr": 0.0003, "grad_norm": 0.7174946069717407, "elapsed_seconds": 13393.684451547917, "tokens_per_second": 59475.05205768361, "loss_main": 2.4433903098106384, "loss_total": 2.4433903098106384}
{"event": "update", "optimizer_step": 24320, "tokens_seen": 796917760, "lr": 0.0003, "grad_norm": 0.6627766489982605, "elapsed_seconds": 13399.153426520934, "tokens_per_second": 59475.23210105657, "loss_main": 2.4799611568450928, "loss_total": 2.4799611568450928}
{"event": "update", "optimizer_step": 24330, "tokens_seen": 797245440, "lr": 0.0003, "grad_norm": 0.6659730076789856, "elapsed_seconds": 13404.642936828954, "tokens_per_second": 59475.32088375037, "loss_main": 2.580362021923065, "loss_total": 2.580362021923065}
{"event": "update", "optimizer_step": 24340, "tokens_seen": 797573120, "lr": 0.0003, "grad_norm": 0.720045268535614, "elapsed_seconds": 13410.130207390932, "tokens_per_second": 59475.419527278056, "loss_main": 2.7249531149864197, "loss_total": 2.7249531149864197}
{"event": "update", "optimizer_step": 24350, "tokens_seen": 797900800, "lr": 0.0003, "grad_norm": 0.6779410243034363, "elapsed_seconds": 13415.622396246938, "tokens_per_second": 59475.49628582385, "loss_main": 2.617969512939453, "loss_total": 2.617969512939453}
{"event": "update", "optimizer_step": 24360, "tokens_seen": 798228480, "lr": 0.0003, "grad_norm": 0.6532378196716309, "elapsed_seconds": 13421.113082925964, "tokens_per_second": 59475.579638434625, "loss_main": 2.487048327922821, "loss_total": 2.487048327922821}
{"event": "update", "optimizer_step": 24370, "tokens_seen": 798556160, "lr": 0.0003, "grad_norm": 0.6807899475097656, "elapsed_seconds": 13426.588198265934, "tokens_per_second": 59475.73189912348, "loss_main": 2.7142064571380615, "loss_total": 2.7142064571380615}
{"event": "update", "optimizer_step": 24380, "tokens_seen": 798883840, "lr": 0.0003, "grad_norm": 0.6480764150619507, "elapsed_seconds": 13432.072055733937, "tokens_per_second": 59475.84532640809, "loss_main": 2.463062345981598, "loss_total": 2.463062345981598}
{"event": "update", "optimizer_step": 24390, "tokens_seen": 799211520, "lr": 0.0003, "grad_norm": 0.662703275680542, "elapsed_seconds": 13437.558497471968, "tokens_per_second": 59475.94722287959, "loss_main": 2.4052088260650635, "loss_total": 2.4052088260650635}
{"event": "update", "optimizer_step": 24400, "tokens_seen": 799539200, "lr": 0.0003, "grad_norm": 0.64139324426651, "elapsed_seconds": 13443.05283763993, "tokens_per_second": 59476.01409118374, "loss_main": 2.418677270412445, "loss_total": 2.418677270412445}
{"event": "update", "optimizer_step": 24410, "tokens_seen": 799866880, "lr": 0.0003, "grad_norm": 0.6917393207550049, "elapsed_seconds": 13448.539794012962, "tokens_per_second": 59476.1135596361, "loss_main": 2.3723174333572388, "loss_total": 2.3723174333572388}
{"event": "evaluation", "tokens_seen": 800030720, "elapsed_seconds": 13451.278564530949, "parameters": 71199040, "main_loss": 2.62418931722641, "perplexity": 13.79338759058049}
{"event": "update", "optimizer_step": 24420, "tokens_seen": 800194560, "lr": 0.0003, "grad_norm": 0.65777587890625, "elapsed_seconds": 13456.471833598916, "tokens_per_second": 59465.40593218698, "loss_main": 2.5840423703193665, "loss_total": 2.5840423703193665}
{"event": "update", "optimizer_step": 24430, "tokens_seen": 800522240, "lr": 0.0003, "grad_norm": 0.6696106195449829, "elapsed_seconds": 13461.942974796926, "tokens_per_second": 59465.57948571877, "loss_main": 2.657521367073059, "loss_total": 2.657521367073059}
{"event": "update", "optimizer_step": 24440, "tokens_seen": 800849920, "lr": 0.0003, "grad_norm": 0.6717398762702942, "elapsed_seconds": 13467.43530341296, "tokens_per_second": 59465.65934473404, "loss_main": 2.667949616909027, "loss_total": 2.667949616909027}
{"event": "update", "optimizer_step": 24450, "tokens_seen": 801177600, "lr": 0.0003, "grad_norm": 0.6774516701698303, "elapsed_seconds": 13472.922494560946, "tokens_per_second": 59465.76181399674, "loss_main": 2.517690658569336, "loss_total": 2.517690658569336}
{"event": "update", "optimizer_step": 24460, "tokens_seen": 801505280, "lr": 0.0003, "grad_norm": 0.7131616473197937, "elapsed_seconds": 13478.413624877925, "tokens_per_second": 59465.84682047545, "loss_main": 2.5409210920333862, "loss_total": 2.5409210920333862}
{"event": "update", "optimizer_step": 24470, "tokens_seen": 801832960, "lr": 0.0003, "grad_norm": 0.6595001220703125, "elapsed_seconds": 13483.884928367916, "tokens_per_second": 59466.019196965484, "loss_main": 2.5940269827842712, "loss_total": 2.5940269827842712}
{"event": "update", "optimizer_step": 24480, "tokens_seen": 802160640, "lr": 0.0003, "grad_norm": 0.6987901329994202, "elapsed_seconds": 13489.374640000926, "tokens_per_second": 59466.1102836673, "loss_main": 2.666865885257721, "loss_total": 2.666865885257721}
{"event": "update", "optimizer_step": 24490, "tokens_seen": 802488320, "lr": 0.0003, "grad_norm": 0.6321783065795898, "elapsed_seconds": 13494.865716043918, "tokens_per_second": 59466.19528387965, "loss_main": 2.5219236612319946, "loss_total": 2.5219236612319946}
{"event": "update", "optimizer_step": 24500, "tokens_seen": 802816000, "lr": 0.0003, "grad_norm": 0.6554993987083435, "elapsed_seconds": 13500.363361359923, "tokens_per_second": 59466.251278671545, "loss_main": 2.527402877807617, "loss_total": 2.527402877807617}
{"event": "update", "optimizer_step": 24510, "tokens_seen": 803143680, "lr": 0.0003, "grad_norm": 0.6855924725532532, "elapsed_seconds": 13505.85456398892, "tokens_per_second": 59466.33559504239, "loss_main": 2.6294225454330444, "loss_total": 2.6294225454330444}
{"event": "update", "optimizer_step": 24520, "tokens_seen": 803471360, "lr": 0.0003, "grad_norm": 0.6520105004310608, "elapsed_seconds": 13511.339863337926, "tokens_per_second": 59466.4458245302, "loss_main": 2.565572679042816, "loss_total": 2.565572679042816}
{"event": "update", "optimizer_step": 24530, "tokens_seen": 803799040, "lr": 0.0003, "grad_norm": 0.6673868298530579, "elapsed_seconds": 13516.835524037946, "tokens_per_second": 59466.51038037322, "loss_main": 2.515401780605316, "loss_total": 2.515401780605316}
{"event": "update", "optimizer_step": 24540, "tokens_seen": 804126720, "lr": 0.0003, "grad_norm": 0.6453417539596558, "elapsed_seconds": 13522.325229681912, "tokens_per_second": 59466.601072049176, "loss_main": 2.602640450000763, "loss_total": 2.602640450000763}
{"event": "update", "optimizer_step": 24550, "tokens_seen": 804454400, "lr": 0.0003, "grad_norm": 0.6877087950706482, "elapsed_seconds": 13527.817147993948, "tokens_per_second": 59466.68196348982, "loss_main": 2.474569261074066, "loss_total": 2.474569261074066}
{"event": "update", "optimizer_step": 24560, "tokens_seen": 804782080, "lr": 0.0003, "grad_norm": 0.6771124601364136, "elapsed_seconds": 13533.309056645958, "tokens_per_second": 59466.76283172491, "loss_main": 2.465853691101074, "loss_total": 2.465853691101074}
{"event": "update", "optimizer_step": 24570, "tokens_seen": 805109760, "lr": 0.0003, "grad_norm": 0.6370893120765686, "elapsed_seconds": 13538.80033518793, "tokens_per_second": 59466.846402002455, "loss_main": 2.526816964149475, "loss_total": 2.526816964149475}
{"event": "update", "optimizer_step": 24580, "tokens_seen": 805437440, "lr": 0.0003, "grad_norm": 0.867919385433197, "elapsed_seconds": 13544.290193537949, "tokens_per_second": 59466.93613994467, "loss_main": 2.572474241256714, "loss_total": 2.572474241256714}
{"event": "update", "optimizer_step": 24590, "tokens_seen": 805765120, "lr": 0.0003, "grad_norm": 0.7355600595474243, "elapsed_seconds": 13549.782619115955, "tokens_per_second": 59467.01453816914, "loss_main": 2.6133151054382324, "loss_total": 2.6133151054382324}
{"event": "update", "optimizer_step": 24600, "tokens_seen": 806092800, "lr": 0.0003, "grad_norm": 0.6605955362319946, "elapsed_seconds": 13555.288428245927, "tokens_per_second": 59467.0341591772, "loss_main": 2.640561819076538, "loss_total": 2.640561819076538}
{"event": "update", "optimizer_step": 24610, "tokens_seen": 806420480, "lr": 0.0003, "grad_norm": 0.6807843446731567, "elapsed_seconds": 13560.78055755893, "tokens_per_second": 59467.113753307676, "loss_main": 2.4662776589393616, "loss_total": 2.4662776589393616}
{"event": "update", "optimizer_step": 24620, "tokens_seen": 806748160, "lr": 0.0003, "grad_norm": 0.6487303972244263, "elapsed_seconds": 13566.260630212957, "tokens_per_second": 59467.24613290405, "loss_main": 2.5508724451065063, "loss_total": 2.5508724451065063}
{"event": "update", "optimizer_step": 24630, "tokens_seen": 807075840, "lr": 0.0003, "grad_norm": 0.7139321565628052, "elapsed_seconds": 13571.748384079954, "tokens_per_second": 59467.344748796175, "loss_main": 2.5730614066123962, "loss_total": 2.5730614066123962}
{"event": "update", "optimizer_step": 24640, "tokens_seen": 807403520, "lr": 0.0003, "grad_norm": 0.6827940940856934, "elapsed_seconds": 13577.231512415921, "tokens_per_second": 59467.463544512495, "loss_main": 2.5486955046653748, "loss_total": 2.5486955046653748}
{"event": "update", "optimizer_step": 24650, "tokens_seen": 807731200, "lr": 0.0003, "grad_norm": 0.6446940898895264, "elapsed_seconds": 13582.716655226948, "tokens_per_second": 59467.5734245819, "loss_main": 2.576999604701996, "loss_total": 2.576999604701996}
{"event": "update", "optimizer_step": 24660, "tokens_seen": 808058880, "lr": 0.0003, "grad_norm": 0.6611996293067932, "elapsed_seconds": 13588.212072409922, "tokens_per_second": 59467.6382510041, "loss_main": 2.5878448486328125, "loss_total": 2.5878448486328125}
{"event": "update", "optimizer_step": 24670, "tokens_seen": 808386560, "lr": 0.0003, "grad_norm": 0.6987056136131287, "elapsed_seconds": 13593.707113147946, "tokens_per_second": 59467.70467182729, "loss_main": 2.6159409880638123, "loss_total": 2.6159409880638123}
{"event": "update", "optimizer_step": 24680, "tokens_seen": 808714240, "lr": 0.0003, "grad_norm": 0.6653427481651306, "elapsed_seconds": 13599.203072804958, "tokens_per_second": 59467.76702064465, "loss_main": 2.3975637555122375, "loss_total": 2.3975637555122375}
{"event": "update", "optimizer_step": 24690, "tokens_seen": 809041920, "lr": 0.0003, "grad_norm": 0.6796298027038574, "elapsed_seconds": 13604.68612146296, "tokens_per_second": 59467.88575472117, "loss_main": 2.65877628326416, "loss_total": 2.65877628326416}
{"event": "update", "optimizer_step": 24700, "tokens_seen": 809369600, "lr": 0.0003, "grad_norm": 0.6746789216995239, "elapsed_seconds": 13610.16667194094, "tokens_per_second": 59468.01530863076, "loss_main": 2.615587592124939, "loss_total": 2.615587592124939}
{"event": "update", "optimizer_step": 24710, "tokens_seen": 809697280, "lr": 0.0003, "grad_norm": 0.6365453600883484, "elapsed_seconds": 13615.654874575965, "tokens_per_second": 59468.11133645282, "loss_main": 2.5107621550559998, "loss_total": 2.5107621550559998}
{"event": "update", "optimizer_step": 24720, "tokens_seen": 810024960, "lr": 0.0003, "grad_norm": 0.6730965375900269, "elapsed_seconds": 13621.153770079953, "tokens_per_second": 59468.160603200165, "loss_main": 2.3444005250930786, "loss_total": 2.3444005250930786}
{"event": "update", "optimizer_step": 24730, "tokens_seen": 810352640, "lr": 0.0003, "grad_norm": 0.6342656016349792, "elapsed_seconds": 13626.658287382917, "tokens_per_second": 59468.18529604687, "loss_main": 2.4693978428840637, "loss_total": 2.4693978428840637}
{"event": "update", "optimizer_step": 24740, "tokens_seen": 810680320, "lr": 0.0003, "grad_norm": 0.7113945484161377, "elapsed_seconds": 13632.144291396951, "tokens_per_second": 59468.29073043253, "loss_main": 2.4437642097473145, "loss_total": 2.4437642097473145}
{"event": "update", "optimizer_step": 24750, "tokens_seen": 811008000, "lr": 0.0003, "grad_norm": 0.6686549186706543, "elapsed_seconds": 13637.63394107495, "tokens_per_second": 59468.38018267518, "loss_main": 2.481267750263214, "loss_total": 2.481267750263214}
{"event": "update", "optimizer_step": 24760, "tokens_seen": 811335680, "lr": 0.0003, "grad_norm": 0.6476932168006897, "elapsed_seconds": 13643.123507618962, "tokens_per_second": 59468.46992530061, "loss_main": 2.6701602935791016, "loss_total": 2.6701602935791016}
{"event": "update", "optimizer_step": 24770, "tokens_seen": 811663360, "lr": 0.0003, "grad_norm": 0.6335389018058777, "elapsed_seconds": 13648.63397317892, "tokens_per_second": 59468.46853648567, "loss_main": 2.4602601528167725, "loss_total": 2.4602601528167725}
{"event": "update", "optimizer_step": 24780, "tokens_seen": 811991040, "lr": 0.0003, "grad_norm": 2.7529571056365967, "elapsed_seconds": 13654.128852354945, "tokens_per_second": 59468.53503289995, "loss_main": 2.4901168942451477, "loss_total": 2.4901168942451477}
{"event": "update", "optimizer_step": 24790, "tokens_seen": 812318720, "lr": 0.0003, "grad_norm": 0.650837779045105, "elapsed_seconds": 13659.62098170194, "tokens_per_second": 59468.613447485855, "loss_main": 2.4996363520622253, "loss_total": 2.4996363520622253}
{"event": "update", "optimizer_step": 24800, "tokens_seen": 812646400, "lr": 0.0003, "grad_norm": 0.6664345860481262, "elapsed_seconds": 13665.10540705896, "tokens_per_second": 59468.72532576387, "loss_main": 2.5476704835891724, "loss_total": 2.5476704835891724}
{"event": "update", "optimizer_step": 24810, "tokens_seen": 812974080, "lr": 0.0003, "grad_norm": 0.7225039005279541, "elapsed_seconds": 13670.579895570932, "tokens_per_second": 59468.880340869204, "loss_main": 2.761663556098938, "loss_total": 2.761663556098938}
{"event": "update", "optimizer_step": 24820, "tokens_seen": 813301760, "lr": 0.0003, "grad_norm": 0.6593161225318909, "elapsed_seconds": 13676.070750074927, "tokens_per_second": 59468.96406597956, "loss_main": 2.6618109345436096, "loss_total": 2.6618109345436096}
{"event": "update", "optimizer_step": 24830, "tokens_seen": 813629440, "lr": 0.0003, "grad_norm": 0.7026181221008301, "elapsed_seconds": 13681.561444757914, "tokens_per_second": 59469.04841857374, "loss_main": 2.5655094981193542, "loss_total": 2.5655094981193542}
{"event": "update", "optimizer_step": 24840, "tokens_seen": 813957120, "lr": 0.0003, "grad_norm": 0.7186841368675232, "elapsed_seconds": 13687.064558603917, "tokens_per_second": 59469.078743281956, "loss_main": 2.5669001936912537, "loss_total": 2.5669001936912537}
{"event": "update", "optimizer_step": 24850, "tokens_seen": 814284800, "lr": 0.0003, "grad_norm": 0.6618444919586182, "elapsed_seconds": 13692.560642990924, "tokens_per_second": 59469.13957374538, "loss_main": 2.5967013239860535, "loss_total": 2.5967013239860535}
{"event": "update", "optimizer_step": 24860, "tokens_seen": 814612480, "lr": 0.0003, "grad_norm": 0.6917002201080322, "elapsed_seconds": 13698.053146840946, "tokens_per_second": 59469.21590006142, "loss_main": 2.6691086292266846, "loss_total": 2.6691086292266846}
{"event": "update", "optimizer_step": 24870, "tokens_seen": 814940160, "lr": 0.0003, "grad_norm": 0.6609365344047546, "elapsed_seconds": 13703.56760396494, "tokens_per_second": 59469.196894698296, "loss_main": 2.5941864252090454, "loss_total": 2.5941864252090454}
{"event": "update", "optimizer_step": 24880, "tokens_seen": 815267840, "lr": 0.0003, "grad_norm": 0.6649675369262695, "elapsed_seconds": 13709.078495880938, "tokens_per_second": 59469.19337028797, "loss_main": 2.7066375017166138, "loss_total": 2.7066375017166138}
{"event": "update", "optimizer_step": 24890, "tokens_seen": 815595520, "lr": 0.0003, "grad_norm": 0.7117447257041931, "elapsed_seconds": 13714.573531540926, "tokens_per_second": 59469.25860467221, "loss_main": 2.477738320827484, "loss_total": 2.477738320827484}
{"event": "update", "optimizer_step": 24900, "tokens_seen": 815923200, "lr": 0.0003, "grad_norm": 0.6692898869514465, "elapsed_seconds": 13720.073302625911, "tokens_per_second": 59469.303261217916, "loss_main": 2.65175199508667, "loss_total": 2.65175199508667}
{"event": "update", "optimizer_step": 24910, "tokens_seen": 816250880, "lr": 0.0003, "grad_norm": 0.6230899691581726, "elapsed_seconds": 13725.55568989896, "tokens_per_second": 59469.42320161966, "loss_main": 2.4516940116882324, "loss_total": 2.4516940116882324}
{"event": "update", "optimizer_step": 24920, "tokens_seen": 816578560, "lr": 0.0003, "grad_norm": 0.6315121650695801, "elapsed_seconds": 13731.053887048969, "tokens_per_second": 59469.47457326571, "loss_main": 2.3921775817871094, "loss_total": 2.3921775817871094}
{"event": "update", "optimizer_step": 24930, "tokens_seen": 816906240, "lr": 0.0003, "grad_norm": 0.6883584856987, "elapsed_seconds": 13736.536881032924, "tokens_per_second": 59469.591722784535, "loss_main": 2.650669574737549, "loss_total": 2.650669574737549}
{"event": "update", "optimizer_step": 24940, "tokens_seen": 817233920, "lr": 0.0003, "grad_norm": 0.7025189995765686, "elapsed_seconds": 13742.029402537912, "tokens_per_second": 59469.66754772561, "loss_main": 2.580530107021332, "loss_total": 2.580530107021332}
{"event": "update", "optimizer_step": 24950, "tokens_seen": 817561600, "lr": 0.0003, "grad_norm": 0.6424314379692078, "elapsed_seconds": 13747.509059572942, "tokens_per_second": 59469.7989619217, "loss_main": 2.6474156379699707, "loss_total": 2.6474156379699707}
{"event": "update", "optimizer_step": 24960, "tokens_seen": 817889280, "lr": 0.0003, "grad_norm": 0.6425053477287292, "elapsed_seconds": 13753.010352360958, "tokens_per_second": 59469.83671539186, "loss_main": 2.452121615409851, "loss_total": 2.452121615409851}
{"event": "update", "optimizer_step": 24970, "tokens_seen": 818216960, "lr": 0.0003, "grad_norm": 0.6481518149375916, "elapsed_seconds": 13758.511230141914, "tokens_per_second": 59469.87623249993, "loss_main": 2.5796773433685303, "loss_total": 2.5796773433685303}
{"event": "update", "optimizer_step": 24980, "tokens_seen": 818544640, "lr": 0.0003, "grad_norm": 0.6513480544090271, "elapsed_seconds": 13763.999824029917, "tokens_per_second": 59469.968792860745, "loss_main": 2.5994282364845276, "loss_total": 2.5994282364845276}
{"event": "update", "optimizer_step": 24990, "tokens_seen": 818872320, "lr": 0.0003, "grad_norm": 0.6428413391113281, "elapsed_seconds": 13769.47833356692, "tokens_per_second": 59470.10483351223, "loss_main": 2.554307699203491, "loss_total": 2.554307699203491}
{"event": "update", "optimizer_step": 25000, "tokens_seen": 819200000, "lr": 0.0003, "grad_norm": 0.6641556024551392, "elapsed_seconds": 13774.976941764937, "tokens_per_second": 59470.1539946853, "loss_main": 2.6736481189727783, "loss_total": 2.6736481189727783}
{"event": "update", "optimizer_step": 25010, "tokens_seen": 819527680, "lr": 0.0003, "grad_norm": 0.6950619220733643, "elapsed_seconds": 13780.466705055966, "tokens_per_second": 59470.24128720695, "loss_main": 2.6392823457717896, "loss_total": 2.6392823457717896}
{"event": "update", "optimizer_step": 25020, "tokens_seen": 819855360, "lr": 0.0003, "grad_norm": 0.6550432443618774, "elapsed_seconds": 13785.962187664933, "tokens_per_second": 59470.30383802809, "loss_main": 2.5071533918380737, "loss_total": 2.5071533918380737}
{"event": "update", "optimizer_step": 25030, "tokens_seen": 820183040, "lr": 0.0003, "grad_norm": 0.679069995880127, "elapsed_seconds": 13791.43853934994, "tokens_per_second": 59470.44883387918, "loss_main": 2.274411678314209, "loss_total": 2.274411678314209}
{"event": "update", "optimizer_step": 25040, "tokens_seen": 820510720, "lr": 0.0003, "grad_norm": 0.6903632879257202, "elapsed_seconds": 13796.924508588912, "tokens_per_second": 59470.55225889021, "loss_main": 2.64415043592453, "loss_total": 2.64415043592453}
{"event": "update", "optimizer_step": 25050, "tokens_seen": 820838400, "lr": 0.0003, "grad_norm": 0.6610488891601562, "elapsed_seconds": 13802.425824887934, "tokens_per_second": 59470.58947564854, "loss_main": 2.492608606815338, "loss_total": 2.492608606815338}
{"event": "update", "optimizer_step": 25060, "tokens_seen": 821166080, "lr": 0.0003, "grad_norm": 0.7100277543067932, "elapsed_seconds": 13807.917749751941, "tokens_per_second": 59470.66711161082, "loss_main": 2.439938724040985, "loss_total": 2.439938724040985}
{"event": "update", "optimizer_step": 25070, "tokens_seen": 821493760, "lr": 0.0003, "grad_norm": 0.698697566986084, "elapsed_seconds": 13813.417120576953, "tokens_per_second": 59470.71262883056, "loss_main": 2.433155834674835, "loss_total": 2.433155834674835}
{"event": "update", "optimizer_step": 25080, "tokens_seen": 821821440, "lr": 0.0003, "grad_norm": 0.70411616563797, "elapsed_seconds": 13818.912814977928, "tokens_per_second": 59470.77393159692, "loss_main": 2.5154332518577576, "loss_total": 2.5154332518577576}
{"event": "update", "optimizer_step": 25090, "tokens_seen": 822149120, "lr": 0.0003, "grad_norm": 0.6829555630683899, "elapsed_seconds": 13824.392186990939, "tokens_per_second": 59470.90540252906, "loss_main": 2.5792858004570007, "loss_total": 2.5792858004570007}
{"event": "update", "optimizer_step": 25100, "tokens_seen": 822476800, "lr": 0.0003, "grad_norm": 0.6829575300216675, "elapsed_seconds": 13829.870042937924, "tokens_per_second": 59471.04328865252, "loss_main": 2.5172088146209717, "loss_total": 2.5172088146209717}
{"event": "update", "optimizer_step": 25110, "tokens_seen": 822804480, "lr": 0.0003, "grad_norm": 0.6631766557693481, "elapsed_seconds": 13835.362207445956, "tokens_per_second": 59471.11956036689, "loss_main": 2.787613570690155, "loss_total": 2.787613570690155}
{"event": "update", "optimizer_step": 25120, "tokens_seen": 823132160, "lr": 0.0003, "grad_norm": 0.6891021132469177, "elapsed_seconds": 13840.834887860925, "tokens_per_second": 59471.27949065604, "loss_main": 2.447017252445221, "loss_total": 2.447017252445221}
{"event": "update", "optimizer_step": 25130, "tokens_seen": 823459840, "lr": 0.0003, "grad_norm": 0.6573890447616577, "elapsed_seconds": 13846.315313055937, "tokens_per_second": 59471.40602984428, "loss_main": 2.380922496318817, "loss_total": 2.380922496318817}
{"event": "update", "optimizer_step": 25140, "tokens_seen": 823787520, "lr": 0.0003, "grad_norm": 0.6652491092681885, "elapsed_seconds": 13851.805463099969, "tokens_per_second": 59471.490716101944, "loss_main": 2.548869788646698, "loss_total": 2.548869788646698}
{"event": "update", "optimizer_step": 25150, "tokens_seen": 824115200, "lr": 0.0003, "grad_norm": 0.6422609686851501, "elapsed_seconds": 13857.28979051992, "tokens_per_second": 59471.600324314175, "loss_main": 2.4433656334877014, "loss_total": 2.4433656334877014}
{"event": "update", "optimizer_step": 25160, "tokens_seen": 824442880, "lr": 0.0003, "grad_norm": 0.6173184514045715, "elapsed_seconds": 13862.775690953946, "tokens_per_second": 59471.703097524995, "loss_main": 2.4091805815696716, "loss_total": 2.4091805815696716}
{"event": "update", "optimizer_step": 25170, "tokens_seen": 824770560, "lr": 0.0003, "grad_norm": 0.6455756425857544, "elapsed_seconds": 13868.253982806928, "tokens_per_second": 59471.83841761938, "loss_main": 2.5094531774520874, "loss_total": 2.5094531774520874}
{"event": "update", "optimizer_step": 25180, "tokens_seen": 825098240, "lr": 0.0003, "grad_norm": 0.7044573426246643, "elapsed_seconds": 13873.729291227937, "tokens_per_second": 59471.986419807974, "loss_main": 2.4662054777145386, "loss_total": 2.4662054777145386}
{"event": "update", "optimizer_step": 25190, "tokens_seen": 825425920, "lr": 0.0003, "grad_norm": 0.656125545501709, "elapsed_seconds": 13879.205132835952, "tokens_per_second": 59472.13202052731, "loss_main": 2.4802252054214478, "loss_total": 2.4802252054214478}
{"event": "update", "optimizer_step": 25200, "tokens_seen": 825753600, "lr": 0.0003, "grad_norm": 0.6646969318389893, "elapsed_seconds": 13884.67693184194, "tokens_per_second": 59472.29482209174, "loss_main": 2.3916956782341003, "loss_total": 2.3916956782341003}
{"event": "update", "optimizer_step": 25210, "tokens_seen": 826081280, "lr": 0.0003, "grad_norm": 0.6603162884712219, "elapsed_seconds": 13890.155090005952, "tokens_per_second": 59472.43026784995, "loss_main": 2.696591317653656, "loss_total": 2.696591317653656}
{"event": "update", "optimizer_step": 25220, "tokens_seen": 826408960, "lr": 0.0003, "grad_norm": 0.6414180397987366, "elapsed_seconds": 13895.649893218942, "tokens_per_second": 59472.49436698073, "loss_main": 2.376015603542328, "loss_total": 2.376015603542328}
{"event": "update", "optimizer_step": 25230, "tokens_seen": 826736640, "lr": 0.0003, "grad_norm": 0.6953542828559875, "elapsed_seconds": 13901.132458153937, "tokens_per_second": 59472.6107738844, "loss_main": 2.4913243651390076, "loss_total": 2.4913243651390076}
{"event": "update", "optimizer_step": 25240, "tokens_seen": 827064320, "lr": 0.0003, "grad_norm": 0.6335000395774841, "elapsed_seconds": 13906.625835269922, "tokens_per_second": 59472.680849901284, "loss_main": 2.57082861661911, "loss_total": 2.57082861661911}
{"event": "update", "optimizer_step": 25250, "tokens_seen": 827392000, "lr": 0.0003, "grad_norm": 0.6640076637268066, "elapsed_seconds": 13912.106793051935, "tokens_per_second": 59472.803961885984, "loss_main": 2.336026668548584, "loss_total": 2.336026668548584}
{"event": "update", "optimizer_step": 25260, "tokens_seen": 827719680, "lr": 0.0003, "grad_norm": 0.6770439147949219, "elapsed_seconds": 13917.591880752938, "tokens_per_second": 59472.90932885299, "loss_main": 2.5632606744766235, "loss_total": 2.5632606744766235}
{"event": "update", "optimizer_step": 25270, "tokens_seen": 828047360, "lr": 0.0003, "grad_norm": 0.661673903465271, "elapsed_seconds": 13923.079928657913, "tokens_per_second": 59473.00196816567, "loss_main": 2.497112214565277, "loss_total": 2.497112214565277}
{"event": "update", "optimizer_step": 25280, "tokens_seen": 828375040, "lr": 0.0003, "grad_norm": 0.6954746842384338, "elapsed_seconds": 13928.579695930937, "tokens_per_second": 59473.04449440739, "loss_main": 2.6039865612983704, "loss_total": 2.6039865612983704}
{"event": "update", "optimizer_step": 25290, "tokens_seen": 828702720, "lr": 0.0003, "grad_norm": 0.7469677925109863, "elapsed_seconds": 13934.057363613916, "tokens_per_second": 59473.18131214216, "loss_main": 2.598411202430725, "loss_total": 2.598411202430725}
{"event": "update", "optimizer_step": 25300, "tokens_seen": 829030400, "lr": 0.0003, "grad_norm": 0.6687873601913452, "elapsed_seconds": 13939.539206719957, "tokens_per_second": 59473.3002078248, "loss_main": 2.3447864651679993, "loss_total": 2.3447864651679993}
{"event": "update", "optimizer_step": 25310, "tokens_seen": 829358080, "lr": 0.0003, "grad_norm": 0.6466060280799866, "elapsed_seconds": 13945.009869808913, "tokens_per_second": 59473.466691161586, "loss_main": 2.427951753139496, "loss_total": 2.427951753139496}
{"event": "update", "optimizer_step": 25320, "tokens_seen": 829685760, "lr": 0.0003, "grad_norm": 0.6798896789550781, "elapsed_seconds": 13950.50331660494, "tokens_per_second": 59473.53591267532, "loss_main": 2.7123494744300842, "loss_total": 2.7123494744300842}
{"event": "update", "optimizer_step": 25330, "tokens_seen": 830013440, "lr": 0.0003, "grad_norm": 0.7002511024475098, "elapsed_seconds": 13955.987298619933, "tokens_per_second": 59473.64541397065, "loss_main": 2.4508731961250305, "loss_total": 2.4508731961250305}
{"event": "update", "optimizer_step": 25340, "tokens_seen": 830341120, "lr": 0.0003, "grad_norm": 0.6547655463218689, "elapsed_seconds": 13961.471634381916, "tokens_per_second": 59473.75332233447, "loss_main": 2.464730441570282, "loss_total": 2.464730441570282}
{"event": "update", "optimizer_step": 25350, "tokens_seen": 830668800, "lr": 0.0003, "grad_norm": 0.6804168224334717, "elapsed_seconds": 13966.972422055958, "tokens_per_second": 59473.79109077702, "loss_main": 2.6306673288345337, "loss_total": 2.6306673288345337}
{"event": "update", "optimizer_step": 25360, "tokens_seen": 830996480, "lr": 0.0003, "grad_norm": 0.6468638181686401, "elapsed_seconds": 13972.451225466968, "tokens_per_second": 59473.92240563914, "loss_main": 2.5863059163093567, "loss_total": 2.5863059163093567}
{"event": "update", "optimizer_step": 25370, "tokens_seen": 831324160, "lr": 0.0003, "grad_norm": 0.6716065406799316, "elapsed_seconds": 13977.932742696954, "tokens_per_second": 59474.04207065896, "loss_main": 2.536043643951416, "loss_total": 2.536043643951416}
{"event": "update", "optimizer_step": 25380, "tokens_seen": 831651840, "lr": 0.0003, "grad_norm": 0.680227518081665, "elapsed_seconds": 13983.417141265934, "tokens_per_second": 59474.14938697235, "loss_main": 2.689978539943695, "loss_total": 2.689978539943695}
{"event": "update", "optimizer_step": 25390, "tokens_seen": 831979520, "lr": 0.0003, "grad_norm": 0.6675702929496765, "elapsed_seconds": 13988.91773752193, "tokens_per_second": 59474.18775424018, "loss_main": 2.4675132632255554, "loss_total": 2.4675132632255554}
{"event": "update", "optimizer_step": 25400, "tokens_seen": 832307200, "lr": 0.0003, "grad_norm": 0.6863647699356079, "elapsed_seconds": 13994.416680926923, "tokens_per_second": 59474.23311572226, "loss_main": 2.563342869281769, "loss_total": 2.563342869281769}
{"event": "update", "optimizer_step": 25410, "tokens_seen": 832634880, "lr": 0.0003, "grad_norm": 0.6449688673019409, "elapsed_seconds": 13999.918539317965, "tokens_per_second": 59474.26605816262, "loss_main": 2.4794124364852905, "loss_total": 2.4794124364852905}
{"event": "update", "optimizer_step": 25420, "tokens_seen": 832962560, "lr": 0.0003, "grad_norm": 0.7313011884689331, "elapsed_seconds": 14005.415951664967, "tokens_per_second": 59474.317854942194, "loss_main": 2.6369506120681763, "loss_total": 2.6369506120681763}
{"event": "update", "optimizer_step": 25430, "tokens_seen": 833290240, "lr": 0.0003, "grad_norm": 0.6819314956665039, "elapsed_seconds": 14010.921336726926, "tokens_per_second": 59474.335768033365, "loss_main": 2.566116690635681, "loss_total": 2.566116690635681}
{"event": "update", "optimizer_step": 25440, "tokens_seen": 833617920, "lr": 0.0003, "grad_norm": 0.666308581829071, "elapsed_seconds": 14016.417381536914, "tokens_per_second": 59474.3932995375, "loss_main": 2.5434796810150146, "loss_total": 2.5434796810150146}
{"event": "update", "optimizer_step": 25450, "tokens_seen": 833945600, "lr": 0.0003, "grad_norm": 0.7195859551429749, "elapsed_seconds": 14021.906486308959, "tokens_per_second": 59474.480222376864, "loss_main": 2.5935299396514893, "loss_total": 2.5935299396514893}
{"event": "update", "optimizer_step": 25460, "tokens_seen": 834273280, "lr": 0.0003, "grad_norm": 0.6701416373252869, "elapsed_seconds": 14027.389989016927, "tokens_per_second": 59474.590829314206, "loss_main": 2.4233586192131042, "loss_total": 2.4233586192131042}
{"event": "update", "optimizer_step": 25470, "tokens_seen": 834600960, "lr": 0.0003, "grad_norm": 0.7054766416549683, "elapsed_seconds": 14032.889519874938, "tokens_per_second": 59474.63341872288, "loss_main": 2.6001248359680176, "loss_total": 2.6001248359680176}
{"event": "update", "optimizer_step": 25480, "tokens_seen": 834928640, "lr": 0.0003, "grad_norm": 0.6444106698036194, "elapsed_seconds": 14038.379891023913, "tokens_per_second": 59474.71478057452, "loss_main": 2.4722043871879578, "loss_total": 2.4722043871879578}
{"event": "update", "optimizer_step": 25490, "tokens_seen": 835256320, "lr": 0.0003, "grad_norm": 0.6706447601318359, "elapsed_seconds": 14043.88614990696, "tokens_per_second": 59474.728795457624, "loss_main": 2.5831586718559265, "loss_total": 2.5831586718559265}
{"event": "update", "optimizer_step": 25500, "tokens_seen": 835584000, "lr": 0.0003, "grad_norm": 0.7208564281463623, "elapsed_seconds": 14049.368699977931, "tokens_per_second": 59474.84316511051, "loss_main": 2.291148602962494, "loss_total": 2.291148602962494}
{"event": "update", "optimizer_step": 25510, "tokens_seen": 835911680, "lr": 0.0003, "grad_norm": 0.6618009209632874, "elapsed_seconds": 14054.851831028936, "tokens_per_second": 59474.95498704265, "loss_main": 2.3991858959198, "loss_total": 2.3991858959198}
{"event": "update", "optimizer_step": 25520, "tokens_seen": 836239360, "lr": 0.0003, "grad_norm": 0.6711178421974182, "elapsed_seconds": 14060.348231803917, "tokens_per_second": 59475.01059102233, "loss_main": 2.4067362546920776, "loss_total": 2.4067362546920776}
{"event": "update", "optimizer_step": 25530, "tokens_seen": 836567040, "lr": 0.0003, "grad_norm": 0.7107689380645752, "elapsed_seconds": 14065.831367448962, "tokens_per_second": 59475.1222409773, "loss_main": 2.557012140750885, "loss_total": 2.557012140750885}
{"event": "update", "optimizer_step": 25540, "tokens_seen": 836894720, "lr": 0.0003, "grad_norm": 0.6425021290779114, "elapsed_seconds": 14071.330650220916, "tokens_per_second": 59475.16555492646, "loss_main": 2.335675299167633, "loss_total": 2.335675299167633}
{"event": "update", "optimizer_step": 25550, "tokens_seen": 837222400, "lr": 0.0003, "grad_norm": 0.675578773021698, "elapsed_seconds": 14076.826228261925, "tokens_per_second": 59475.22448768428, "loss_main": 2.612973928451538, "loss_total": 2.612973928451538}
{"event": "update", "optimizer_step": 25560, "tokens_seen": 837550080, "lr": 0.0003, "grad_norm": 0.6668526530265808, "elapsed_seconds": 14082.323263172933, "tokens_per_second": 59475.2772215008, "loss_main": 2.4703716039657593, "loss_total": 2.4703716039657593}
{"event": "update", "optimizer_step": 25570, "tokens_seen": 837877760, "lr": 0.0003, "grad_norm": 0.6561102271080017, "elapsed_seconds": 14087.812029978959, "tokens_per_second": 59475.364820100556, "loss_main": 2.610561490058899, "loss_total": 2.610561490058899}
{"event": "update", "optimizer_step": 25580, "tokens_seen": 838205440, "lr": 0.0003, "grad_norm": 0.679948627948761, "elapsed_seconds": 14093.294626509945, "tokens_per_second": 59475.47838979456, "loss_main": 2.6067704558372498, "loss_total": 2.6067704558372498}
{"event": "update", "optimizer_step": 25590, "tokens_seen": 838533120, "lr": 0.0003, "grad_norm": 0.7039927244186401, "elapsed_seconds": 14098.773069987947, "tokens_per_second": 59475.609390790545, "loss_main": 2.6492892503738403, "loss_total": 2.6492892503738403}
{"event": "update", "optimizer_step": 25600, "tokens_seen": 838860800, "lr": 0.0003, "grad_norm": 0.6639567613601685, "elapsed_seconds": 14104.262509231921, "tokens_per_second": 59475.69392238162, "loss_main": 2.4515527486801147, "loss_total": 2.4515527486801147}
{"event": "update", "optimizer_step": 25610, "tokens_seen": 839188480, "lr": 0.0003, "grad_norm": 0.6651423573493958, "elapsed_seconds": 14109.746255770966, "tokens_per_second": 59475.8023842397, "loss_main": 2.520709455013275, "loss_total": 2.520709455013275}
{"event": "update", "optimizer_step": 25620, "tokens_seen": 839516160, "lr": 0.0003, "grad_norm": 0.6774669885635376, "elapsed_seconds": 14115.231796812965, "tokens_per_second": 59475.90320050938, "loss_main": 2.6509246826171875, "loss_total": 2.6509246826171875}
{"event": "update", "optimizer_step": 25630, "tokens_seen": 839843840, "lr": 0.0003, "grad_norm": 0.6770577430725098, "elapsed_seconds": 14120.71920358995, "tokens_per_second": 59475.99608003565, "loss_main": 2.4381450414657593, "loss_total": 2.4381450414657593}
{"event": "evaluation", "tokens_seen": 840007680, "elapsed_seconds": 14123.467333281937, "parameters": 71199040, "main_loss": 2.6203748509287834, "perplexity": 13.740873398967262}
{"event": "update", "optimizer_step": 25640, "tokens_seen": 840171520, "lr": 0.0003, "grad_norm": 0.6833751797676086, "elapsed_seconds": 14128.748209528916, "tokens_per_second": 59465.38982366175, "loss_main": 2.5118284821510315, "loss_total": 2.5118284821510315}
{"event": "update", "optimizer_step": 25650, "tokens_seen": 840499200, "lr": 0.0003, "grad_norm": 0.6960146427154541, "elapsed_seconds": 14134.230998677958, "tokens_per_second": 59465.50612329853, "loss_main": 2.6467944979667664, "loss_total": 2.6467944979667664}
{"event": "update", "optimizer_step": 25660, "tokens_seen": 840826880, "lr": 0.0003, "grad_norm": 0.6722717881202698, "elapsed_seconds": 14139.716903838911, "tokens_per_second": 59465.609228125126, "loss_main": 2.4744147062301636, "loss_total": 2.4744147062301636}
{"event": "update", "optimizer_step": 25670, "tokens_seen": 841154560, "lr": 0.0003, "grad_norm": 0.7041800022125244, "elapsed_seconds": 14145.196733125951, "tokens_per_second": 59465.73779565334, "loss_main": 2.5312936902046204, "loss_total": 2.5312936902046204}
{"event": "update", "optimizer_step": 25680, "tokens_seen": 841482240, "lr": 0.0003, "grad_norm": 0.673424243927002, "elapsed_seconds": 14150.692774593947, "tokens_per_second": 59465.798134688586, "loss_main": 2.745532274246216, "loss_total": 2.745532274246216}
{"event": "update", "optimizer_step": 25690, "tokens_seen": 841809920, "lr": 0.0003, "grad_norm": 0.7214190363883972, "elapsed_seconds": 14156.185270148912, "tokens_per_second": 59465.87332218102, "loss_main": 2.625796377658844, "loss_total": 2.625796377658844}
{"event": "update", "optimizer_step": 25700, "tokens_seen": 842137600, "lr": 0.0003, "grad_norm": 0.6977498531341553, "elapsed_seconds": 14161.668281480961, "tokens_per_second": 59465.98827634262, "loss_main": 2.6054059267044067, "loss_total": 2.6054059267044067}
{"event": "update", "optimizer_step": 25710, "tokens_seen": 842465280, "lr": 0.0003, "grad_norm": 0.6659716963768005, "elapsed_seconds": 14167.158098037937, "tokens_per_second": 59466.07457685364, "loss_main": 2.550905227661133, "loss_total": 2.550905227661133}
{"event": "update", "optimizer_step": 25720, "tokens_seen": 842792960, "lr": 0.0003, "grad_norm": 0.6618453860282898, "elapsed_seconds": 14172.658513557923, "tokens_per_second": 59466.116338989115, "loss_main": 2.618514895439148, "loss_total": 2.618514895439148}
{"event": "update", "optimizer_step": 25730, "tokens_seen": 843120640, "lr": 0.0003, "grad_norm": 0.648702085018158, "elapsed_seconds": 14178.15373938193, "tokens_per_second": 59466.17983539754, "loss_main": 2.5126853585243225, "loss_total": 2.5126853585243225}
{"event": "update", "optimizer_step": 25740, "tokens_seen": 843448320, "lr": 0.0003, "grad_norm": 0.6726856827735901, "elapsed_seconds": 14183.641212861927, "tokens_per_second": 59466.275785032485, "loss_main": 2.4758139848709106, "loss_total": 2.4758139848709106}
{"event": "update", "optimizer_step": 25750, "tokens_seen": 843776000, "lr": 0.00029958357544063527, "grad_norm": 0.6878969073295593, "elapsed_seconds": 14189.127928132948, "tokens_per_second": 59466.37483809245, "loss_main": 2.505425274372101, "loss_total": 2.505425274372101}
{"event": "update", "optimizer_step": 25760, "tokens_seen": 844103680, "lr": 0.00029909936083672296, "grad_norm": 0.709619402885437, "elapsed_seconds": 14194.626192641968, "tokens_per_second": 59466.42543060104, "loss_main": 2.53932785987854, "loss_total": 2.53932785987854}
{"event": "update", "optimizer_step": 25770, "tokens_seen": 844431360, "lr": 0.00029861514623281043, "grad_norm": 0.711469829082489, "elapsed_seconds": 14200.111836727941, "tokens_per_second": 59466.528835069934, "loss_main": 2.4918565154075623, "loss_total": 2.4918565154075623}
{"event": "update", "optimizer_step": 25780, "tokens_seen": 844759040, "lr": 0.0002981309316288979, "grad_norm": 0.6490999460220337, "elapsed_seconds": 14205.581316281925, "tokens_per_second": 59466.69982676229, "loss_main": 2.439304828643799, "loss_total": 2.439304828643799}
{"event": "update", "optimizer_step": 25790, "tokens_seen": 845086720, "lr": 0.00029764671702498554, "grad_norm": 0.6649355292320251, "elapsed_seconds": 14211.055000969965, "tokens_per_second": 59466.8530902399, "loss_main": 2.6726215481758118, "loss_total": 2.6726215481758118}
{"event": "update", "optimizer_step": 25800, "tokens_seen": 845414400, "lr": 0.000297162502421073, "grad_norm": 0.6611418724060059, "elapsed_seconds": 14216.529434573953, "tokens_per_second": 59467.003103021096, "loss_main": 2.445170819759369, "loss_total": 2.445170819759369}
{"event": "update", "optimizer_step": 25810, "tokens_seen": 845742080, "lr": 0.00029667828781716055, "grad_norm": 0.6550305485725403, "elapsed_seconds": 14222.025806746911, "tokens_per_second": 59467.061267655765, "loss_main": 2.534339666366577, "loss_total": 2.534339666366577}
{"event": "update", "optimizer_step": 25820, "tokens_seen": 846069760, "lr": 0.0002961940732132482, "grad_norm": 0.6826247572898865, "elapsed_seconds": 14227.508141531958, "tokens_per_second": 59467.178059818616, "loss_main": 2.43631249666214, "loss_total": 2.43631249666214}
{"event": "update", "optimizer_step": 25830, "tokens_seen": 846397440, "lr": 0.00029570985860933566, "grad_norm": 0.6558493971824646, "elapsed_seconds": 14232.996627504937, "tokens_per_second": 59467.26906155212, "loss_main": 2.536295771598816, "loss_total": 2.536295771598816}
{"event": "update", "optimizer_step": 25840, "tokens_seen": 846725120, "lr": 0.0002952256440054233, "grad_norm": 0.6389203071594238, "elapsed_seconds": 14238.48445027793, "tokens_per_second": 59467.36276299913, "loss_main": 2.4529539346694946, "loss_total": 2.4529539346694946}
{"event": "update", "optimizer_step": 25850, "tokens_seen": 847052800, "lr": 0.0002947414294015108, "grad_norm": 0.6456170082092285, "elapsed_seconds": 14243.96401585592, "tokens_per_second": 59467.49086540013, "loss_main": 2.3673495054244995, "loss_total": 2.3673495054244995}
{"event": "update", "optimizer_step": 25860, "tokens_seen": 847380480, "lr": 0.0002942572147975983, "grad_norm": 0.6677256226539612, "elapsed_seconds": 14249.447029013943, "tokens_per_second": 59467.60448139568, "loss_main": 2.408332049846649, "loss_total": 2.408332049846649}
{"event": "update", "optimizer_step": 25870, "tokens_seen": 847708160, "lr": 0.00029377300019368594, "grad_norm": 0.6808094382286072, "elapsed_seconds": 14254.943124103942, "tokens_per_second": 59467.66343575197, "loss_main": 2.434809148311615, "loss_total": 2.434809148311615}
{"event": "update", "optimizer_step": 25880, "tokens_seen": 848035840, "lr": 0.0002932887855897734, "grad_norm": 0.6588681936264038, "elapsed_seconds": 14260.408187093912, "tokens_per_second": 59467.85175248331, "loss_main": 2.501487970352173, "loss_total": 2.501487970352173}
{"event": "update", "optimizer_step": 25890, "tokens_seen": 848363520, "lr": 0.00029280457098586094, "grad_norm": 0.6654052138328552, "elapsed_seconds": 14265.894145384955, "tokens_per_second": 59467.95282190197, "loss_main": 2.4608073234558105, "loss_total": 2.4608073234558105}
{"event": "update", "optimizer_step": 25900, "tokens_seen": 848691200, "lr": 0.0002923203563819486, "grad_norm": 0.6754193305969238, "elapsed_seconds": 14271.365933950932, "tokens_per_second": 59468.1128581394, "loss_main": 2.4624515771865845, "loss_total": 2.4624515771865845}
{"event": "update", "optimizer_step": 25910, "tokens_seen": 849018880, "lr": 0.00029183614177803605, "grad_norm": 0.6880914568901062, "elapsed_seconds": 14276.842623557954, "tokens_per_second": 59468.25235707576, "loss_main": 2.731059193611145, "loss_total": 2.731059193611145}
{"event": "update", "optimizer_step": 25920, "tokens_seen": 849346560, "lr": 0.0002913519271741235, "grad_norm": 0.7123553156852722, "elapsed_seconds": 14282.32284570596, "tokens_per_second": 59468.37704031873, "loss_main": 2.5698870420455933, "loss_total": 2.5698870420455933}
{"event": "update", "optimizer_step": 25930, "tokens_seen": 849674240, "lr": 0.0002908677125702112, "grad_norm": 0.6599960327148438, "elapsed_seconds": 14287.80444494693, "tokens_per_second": 59468.49589619757, "loss_main": 2.526213526725769, "loss_total": 2.526213526725769}
{"event": "update", "optimizer_step": 25940, "tokens_seen": 850001920, "lr": 0.0002903834979662987, "grad_norm": 0.7335394620895386, "elapsed_seconds": 14293.288463924953, "tokens_per_second": 59468.60459336091, "loss_main": 2.4653929471969604, "loss_total": 2.4653929471969604}
{"event": "update", "optimizer_step": 25950, "tokens_seen": 850329600, "lr": 0.00028989928336238616, "grad_norm": 0.6601836085319519, "elapsed_seconds": 14298.775023215916, "tokens_per_second": 59468.702641966156, "loss_main": 2.5722325444221497, "loss_total": 2.5722325444221497}
{"event": "update", "optimizer_step": 25960, "tokens_seen": 850657280, "lr": 0.0002894150687584738, "grad_norm": 0.6948055624961853, "elapsed_seconds": 14304.264187988942, "tokens_per_second": 59468.78978327897, "loss_main": 2.6421278715133667, "loss_total": 2.6421278715133667}
{"event": "update", "optimizer_step": 25970, "tokens_seen": 850984960, "lr": 0.00028893085415456133, "grad_norm": 0.670761227607727, "elapsed_seconds": 14309.756127315923, "tokens_per_second": 59468.86532717026, "loss_main": 2.5456289649009705, "loss_total": 2.5456289649009705}
{"event": "update", "optimizer_step": 25980, "tokens_seen": 851312640, "lr": 0.00028844663955064897, "grad_norm": 0.7731944918632507, "elapsed_seconds": 14315.248677508964, "tokens_per_second": 59468.938275415225, "loss_main": 2.564373731613159, "loss_total": 2.564373731613159}
{"event": "update", "optimizer_step": 25990, "tokens_seen": 851640320, "lr": 0.00028796242494673644, "grad_norm": 0.6822760105133057, "elapsed_seconds": 14320.73654741695, "tokens_per_second": 59469.03060329055, "loss_main": 2.5228283405303955, "loss_total": 2.5228283405303955}
{"event": "update", "optimizer_step": 26000, "tokens_seen": 851968000, "lr": 0.0002874782103428239, "grad_norm": 0.6705756187438965, "elapsed_seconds": 14326.228386105911, "tokens_per_second": 59469.106385758096, "loss_main": 2.691599190235138, "loss_total": 2.691599190235138}
{"event": "update", "optimizer_step": 26010, "tokens_seen": 852295680, "lr": 0.0002869939957389116, "grad_norm": 0.6649302840232849, "elapsed_seconds": 14331.713775094948, "tokens_per_second": 59469.208873057716, "loss_main": 2.362153947353363, "loss_total": 2.362153947353363}
{"event": "update", "optimizer_step": 26020, "tokens_seen": 852623360, "lr": 0.0002865097811349991, "grad_norm": 0.6830880045890808, "elapsed_seconds": 14337.20185439696, "tokens_per_second": 59469.30012277925, "loss_main": 2.7639363408088684, "loss_total": 2.7639363408088684}
{"event": "update", "optimizer_step": 26030, "tokens_seen": 852951040, "lr": 0.00028602556653108656, "grad_norm": 0.6958967447280884, "elapsed_seconds": 14342.682787020924, "tokens_per_second": 59469.42093510275, "loss_main": 2.6951058506965637, "loss_total": 2.6951058506965637}
{"event": "update", "optimizer_step": 26040, "tokens_seen": 853278720, "lr": 0.0002855413519271742, "grad_norm": 0.6394127607345581, "elapsed_seconds": 14348.184981459926, "tokens_per_second": 59469.45353036416, "loss_main": 2.4692094326019287, "loss_total": 2.4692094326019287}
{"event": "update", "optimizer_step": 26050, "tokens_seen": 853606400, "lr": 0.0002850571373232617, "grad_norm": 0.6934343576431274, "elapsed_seconds": 14353.661398070923, "tokens_per_second": 59469.59290224872, "loss_main": 2.2687771320343018, "loss_total": 2.2687771320343018}
{"event": "update", "optimizer_step": 26060, "tokens_seen": 853934080, "lr": 0.0002845729227193492, "grad_norm": 0.7030692100524902, "elapsed_seconds": 14359.135594594933, "tokens_per_second": 59469.741362525885, "loss_main": 2.5767403841018677, "loss_total": 2.5767403841018677}
{"event": "update", "optimizer_step": 26070, "tokens_seen": 854261760, "lr": 0.00028408870811543683, "grad_norm": 0.7087851762771606, "elapsed_seconds": 14364.626662215916, "tokens_per_second": 59469.81986291455, "loss_main": 2.548583447933197, "loss_total": 2.548583447933197}
{"event": "update", "optimizer_step": 26080, "tokens_seen": 854589440, "lr": 0.0002836044935115243, "grad_norm": 0.6544343829154968, "elapsed_seconds": 14370.110862134956, "tokens_per_second": 59469.92672491007, "loss_main": 2.4771719574928284, "loss_total": 2.4771719574928284}
{"event": "update", "optimizer_step": 26090, "tokens_seen": 854917120, "lr": 0.000283120278907612, "grad_norm": 0.7055441737174988, "elapsed_seconds": 14375.591731018969, "tokens_per_second": 59470.04728544846, "loss_main": 2.571771800518036, "loss_total": 2.571771800518036}
{"event": "update", "optimizer_step": 26100, "tokens_seen": 855244800, "lr": 0.0002826360643036995, "grad_norm": 0.6954268217086792, "elapsed_seconds": 14381.068879284954, "tokens_per_second": 59470.18313999786, "loss_main": 2.450444996356964, "loss_total": 2.450444996356964}
{"event": "update", "optimizer_step": 26110, "tokens_seen": 855572480, "lr": 0.00028215184969978695, "grad_norm": 0.6780969500541687, "elapsed_seconds": 14386.56106526393, "tokens_per_second": 59470.25672909164, "loss_main": 2.6282636523246765, "loss_total": 2.6282636523246765}
{"event": "update", "optimizer_step": 26120, "tokens_seen": 855900160, "lr": 0.0002816676350958746, "grad_norm": 0.6762325167655945, "elapsed_seconds": 14392.029835903959, "tokens_per_second": 59470.42701820811, "loss_main": 2.569300651550293, "loss_total": 2.569300651550293}
{"event": "update", "optimizer_step": 26130, "tokens_seen": 856227840, "lr": 0.00028118342049196206, "grad_norm": 0.6522237062454224, "elapsed_seconds": 14397.50514803693, "tokens_per_second": 59470.570157548784, "loss_main": 2.485133707523346, "loss_total": 2.485133707523346}
{"event": "update", "optimizer_step": 26140, "tokens_seen": 856555520, "lr": 0.0002806992058880496, "grad_norm": 0.669302225112915, "elapsed_seconds": 14402.998087077925, "tokens_per_second": 59470.6404056586, "loss_main": 2.6818867325782776, "loss_total": 2.6818867325782776}
{"event": "update", "optimizer_step": 26150, "tokens_seen": 856883200, "lr": 0.0002802149912841372, "grad_norm": 0.6604043245315552, "elapsed_seconds": 14408.474746112945, "tokens_per_second": 59470.77779562797, "loss_main": 2.475386619567871, "loss_total": 2.475386619567871}
{"event": "update", "optimizer_step": 26160, "tokens_seen": 857210880, "lr": 0.0002797307766802247, "grad_norm": 0.6947309970855713, "elapsed_seconds": 14413.947025582951, "tokens_per_second": 59470.933150965386, "loss_main": 2.5893290638923645, "loss_total": 2.5893290638923645}
{"event": "update", "optimizer_step": 26170, "tokens_seen": 857538560, "lr": 0.0002792465620763122, "grad_norm": 0.6943309307098389, "elapsed_seconds": 14419.429508575937, "tokens_per_second": 59471.04630526333, "loss_main": 2.542127251625061, "loss_total": 2.542127251625061}
{"event": "update", "optimizer_step": 26180, "tokens_seen": 857866240, "lr": 0.00027876234747239986, "grad_norm": 0.6306906938552856, "elapsed_seconds": 14424.914482008957, "tokens_per_second": 59471.149105940836, "loss_main": 2.488743543624878, "loss_total": 2.488743543624878}
{"event": "update", "optimizer_step": 26190, "tokens_seen": 858193920, "lr": 0.00027827813286848734, "grad_norm": 0.9742144346237183, "elapsed_seconds": 14430.393018189934, "tokens_per_second": 59471.278357992145, "loss_main": 2.53752738237381, "loss_total": 2.53752738237381}
{"event": "update", "optimizer_step": 26200, "tokens_seen": 858521600, "lr": 0.0002777939182645748, "grad_norm": 0.6534728407859802, "elapsed_seconds": 14435.882942952914, "tokens_per_second": 59471.36059447613, "loss_main": 2.530791163444519, "loss_total": 2.530791163444519}
{"event": "update", "optimizer_step": 26210, "tokens_seen": 858849280, "lr": 0.00027730970366066245, "grad_norm": 0.6907771229743958, "elapsed_seconds": 14441.369576568948, "tokens_per_second": 59471.45632180751, "loss_main": 2.38702255487442, "loss_total": 2.38702255487442}
{"event": "update", "optimizer_step": 26220, "tokens_seen": 859176960, "lr": 0.00027682548905675, "grad_norm": 0.7023354172706604, "elapsed_seconds": 14446.858854915947, "tokens_per_second": 59471.54108919954, "loss_main": 2.2989242374897003, "loss_total": 2.2989242374897003}
{"event": "update", "optimizer_step": 26230, "tokens_seen": 859504640, "lr": 0.0002763412744528376, "grad_norm": 0.690288782119751, "elapsed_seconds": 14452.334527777915, "tokens_per_second": 59471.68177902336, "loss_main": 2.4975746870040894, "loss_total": 2.4975746870040894}
{"event": "update", "optimizer_step": 26240, "tokens_seen": 859832320, "lr": 0.0002758570598489251, "grad_norm": 0.7072308659553528, "elapsed_seconds": 14457.823918141949, "tokens_per_second": 59471.765935748204, "loss_main": 2.4708555936813354, "loss_total": 2.4708555936813354}
{"event": "update", "optimizer_step": 26250, "tokens_seen": 860160000, "lr": 0.00027537284524501256, "grad_norm": 0.7171362042427063, "elapsed_seconds": 14463.30340365792, "tokens_per_second": 59471.8907564683, "loss_main": 2.5739033818244934, "loss_total": 2.5739033818244934}
{"event": "update", "optimizer_step": 26260, "tokens_seen": 860487680, "lr": 0.00027488863064110026, "grad_norm": 0.6632100343704224, "elapsed_seconds": 14468.792367557937, "tokens_per_second": 59471.97652302991, "loss_main": 2.5743276476860046, "loss_total": 2.5743276476860046}
{"event": "update", "optimizer_step": 26270, "tokens_seen": 860815360, "lr": 0.00027440441603718773, "grad_norm": 0.725835919380188, "elapsed_seconds": 14474.278272520925, "tokens_per_second": 59472.07479313408, "loss_main": 2.307235598564148, "loss_total": 2.307235598564148}
{"event": "update", "optimizer_step": 26280, "tokens_seen": 861143040, "lr": 0.0002739202014332752, "grad_norm": 0.7603338956832886, "elapsed_seconds": 14479.765369151952, "tokens_per_second": 59472.1680942842, "loss_main": 2.547778367996216, "loss_total": 2.547778367996216}
{"event": "update", "optimizer_step": 26290, "tokens_seen": 861470720, "lr": 0.00027343598682936284, "grad_norm": 0.6322965621948242, "elapsed_seconds": 14485.245489455934, "tokens_per_second": 59472.289967545235, "loss_main": 2.4197070002555847, "loss_total": 2.4197070002555847}
{"event": "update", "optimizer_step": 26300, "tokens_seen": 861798400, "lr": 0.00027295177222545037, "grad_norm": 0.6605987548828125, "elapsed_seconds": 14490.719680238923, "tokens_per_second": 59472.43608440231, "loss_main": 2.5520059466362, "loss_total": 2.5520059466362}
{"event": "update", "optimizer_step": 26310, "tokens_seen": 862126080, "lr": 0.00027246755762153784, "grad_norm": 0.8190453052520752, "elapsed_seconds": 14496.196761654923, "tokens_per_second": 59472.57023169555, "loss_main": 2.5616872906684875, "loss_total": 2.5616872906684875}
{"event": "update", "optimizer_step": 26320, "tokens_seen": 862453760, "lr": 0.0002719833430176255, "grad_norm": 0.6364929676055908, "elapsed_seconds": 14501.682055417914, "tokens_per_second": 59472.67059808294, "loss_main": 2.3754398226737976, "loss_total": 2.3754398226737976}
{"event": "update", "optimizer_step": 26330, "tokens_seen": 862781440, "lr": 0.00027149912841371296, "grad_norm": 0.6756917834281921, "elapsed_seconds": 14507.170447624929, "tokens_per_second": 59472.758186366525, "loss_main": 2.639540731906891, "loss_total": 2.639540731906891}
{"event": "update", "optimizer_step": 26340, "tokens_seen": 863109120, "lr": 0.00027101491380980065, "grad_norm": 0.6766404509544373, "elapsed_seconds": 14512.648239764967, "tokens_per_second": 59472.88914748602, "loss_main": 2.5379598140716553, "loss_total": 2.5379598140716553}
{"event": "update", "optimizer_step": 26350, "tokens_seen": 863436800, "lr": 0.0002705306992058881, "grad_norm": 0.6485961079597473, "elapsed_seconds": 14518.134013516945, "tokens_per_second": 59472.98731339075, "loss_main": 2.610812485218048, "loss_total": 2.610812485218048}
{"event": "update", "optimizer_step": 26360, "tokens_seen": 863764480, "lr": 0.0002700464846019756, "grad_norm": 0.6592831015586853, "elapsed_seconds": 14523.620687287941, "tokens_per_second": 59473.08171963107, "loss_main": 2.586003303527832, "loss_total": 2.586003303527832}
{"event": "update", "optimizer_step": 26370, "tokens_seen": 864092160, "lr": 0.00026956226999806323, "grad_norm": 0.7004834413528442, "elapsed_seconds": 14529.113609831955, "tokens_per_second": 59473.15047597003, "loss_main": 2.5938907265663147, "loss_total": 2.5938907265663147}
{"event": "update", "optimizer_step": 26380, "tokens_seen": 864419840, "lr": 0.00026907805539415076, "grad_norm": 1.4898837804794312, "elapsed_seconds": 14534.59677671193, "tokens_per_second": 59473.25909893954, "loss_main": 2.61216402053833, "loss_total": 2.61216402053833}
{"event": "update", "optimizer_step": 26390, "tokens_seen": 864747520, "lr": 0.00026859384079023824, "grad_norm": 0.7024781703948975, "elapsed_seconds": 14540.066893517913, "tokens_per_second": 59473.421018820205, "loss_main": 2.4492411017417908, "loss_total": 2.4492411017417908}
{"event": "update", "optimizer_step": 26400, "tokens_seen": 865075200, "lr": 0.00026810962618632587, "grad_norm": 0.6646102666854858, "elapsed_seconds": 14545.547840392916, "tokens_per_second": 59473.53853511728, "loss_main": 2.4872751235961914, "loss_total": 2.4872751235961914}
{"event": "update", "optimizer_step": 26410, "tokens_seen": 865402880, "lr": 0.00026762541158241335, "grad_norm": 0.6930327415466309, "elapsed_seconds": 14551.020724615955, "tokens_per_second": 59473.68891695676, "loss_main": 2.537830352783203, "loss_total": 2.537830352783203}
{"event": "update", "optimizer_step": 26420, "tokens_seen": 865730560, "lr": 0.0002671411969785008, "grad_norm": 0.6563627123832703, "elapsed_seconds": 14556.49071487994, "tokens_per_second": 59473.85100964154, "loss_main": 2.471354126930237, "loss_total": 2.471354126930237}
{"event": "update", "optimizer_step": 26430, "tokens_seen": 866058240, "lr": 0.0002666569823745885, "grad_norm": 0.6216977834701538, "elapsed_seconds": 14561.97153249092, "tokens_per_second": 59473.9687594936, "loss_main": 2.4941291213035583, "loss_total": 2.4941291213035583}
{"event": "update", "optimizer_step": 26440, "tokens_seen": 866385920, "lr": 0.000266172767770676, "grad_norm": 0.6727064251899719, "elapsed_seconds": 14567.452146630967, "tokens_per_second": 59474.08725144638, "loss_main": 2.516161262989044, "loss_total": 2.516161262989044}
{"event": "update", "optimizer_step": 26450, "tokens_seen": 866713600, "lr": 0.00026568855316676346, "grad_norm": 0.8301917314529419, "elapsed_seconds": 14572.93956128892, "tokens_per_second": 59474.17790040862, "loss_main": 2.4322680234909058, "loss_total": 2.4322680234909058}
{"event": "update", "optimizer_step": 26460, "tokens_seen": 867041280, "lr": 0.00026520433856285115, "grad_norm": 0.6597456336021423, "elapsed_seconds": 14578.423816497962, "tokens_per_second": 59474.28137044525, "loss_main": 2.407493233680725, "loss_total": 2.407493233680725}
{"event": "update", "optimizer_step": 26470, "tokens_seen": 867368960, "lr": 0.0002647201239589386, "grad_norm": 0.6741062998771667, "elapsed_seconds": 14583.889228060958, "tokens_per_second": 59474.46160871063, "loss_main": 2.532493472099304, "loss_total": 2.532493472099304}
{"event": "update", "optimizer_step": 26480, "tokens_seen": 867696640, "lr": 0.00026423590935502626, "grad_norm": 0.6590945720672607, "elapsed_seconds": 14589.360859612934, "tokens_per_second": 59474.616355676364, "loss_main": 2.3535014986991882, "loss_total": 2.3535014986991882}
{"event": "update", "optimizer_step": 26490, "tokens_seen": 868024320, "lr": 0.00026375169475111374, "grad_norm": 0.6667423248291016, "elapsed_seconds": 14594.844625109923, "tokens_per_second": 59474.72154013852, "loss_main": 2.5444710850715637, "loss_total": 2.5444710850715637}
{"event": "update", "optimizer_step": 26500, "tokens_seen": 868352000, "lr": 0.00026326748014720127, "grad_norm": 0.729770839214325, "elapsed_seconds": 14600.321648664947, "tokens_per_second": 59474.854109080676, "loss_main": 2.5358290672302246, "loss_total": 2.5358290672302246}
{"event": "update", "optimizer_step": 26510, "tokens_seen": 868679680, "lr": 0.0002627832655432889, "grad_norm": 0.6667302846908569, "elapsed_seconds": 14605.82021117094, "tokens_per_second": 59474.8988718627, "loss_main": 2.4133206605911255, "loss_total": 2.4133206605911255}
{"event": "update", "optimizer_step": 26520, "tokens_seen": 869007360, "lr": 0.0002622990509393764, "grad_norm": 0.7656363844871521, "elapsed_seconds": 14611.294012092927, "tokens_per_second": 59475.04439242497, "loss_main": 2.5752755999565125, "loss_total": 2.5752755999565125}
{"event": "update", "optimizer_step": 26530, "tokens_seen": 869335040, "lr": 0.00026181483633546385, "grad_norm": 0.6536182761192322, "elapsed_seconds": 14616.783730538911, "tokens_per_second": 59475.12503613873, "loss_main": 2.523883044719696, "loss_total": 2.523883044719696}
{"event": "update", "optimizer_step": 26540, "tokens_seen": 869662720, "lr": 0.0002613306217315515, "grad_norm": 0.6791428923606873, "elapsed_seconds": 14622.264179690916, "tokens_per_second": 59475.24332161142, "loss_main": 2.3910099267959595, "loss_total": 2.3910099267959595}
{"event": "update", "optimizer_step": 26550, "tokens_seen": 869990400, "lr": 0.000260846407127639, "grad_norm": 0.6528250575065613, "elapsed_seconds": 14627.756186305953, "tokens_per_second": 59475.31452667073, "loss_main": 2.602322041988373, "loss_total": 2.602322041988373}
{"event": "update", "optimizer_step": 26560, "tokens_seen": 870318080, "lr": 0.0002603621925237265, "grad_norm": 0.7017366290092468, "elapsed_seconds": 14633.234281994926, "tokens_per_second": 59475.44221791485, "loss_main": 2.504774570465088, "loss_total": 2.504774570465088}
{"event": "update", "optimizer_step": 26570, "tokens_seen": 870645760, "lr": 0.00025987797791981413, "grad_norm": 0.6525290012359619, "elapsed_seconds": 14638.71146880294, "tokens_per_second": 59475.57350627909, "loss_main": 2.5204175114631653, "loss_total": 2.5204175114631653}
{"event": "update", "optimizer_step": 26580, "tokens_seen": 870973440, "lr": 0.0002593937633159016, "grad_norm": 0.6472025513648987, "elapsed_seconds": 14644.195542896923, "tokens_per_second": 59475.6767245204, "loss_main": 2.531755566596985, "loss_total": 2.531755566596985}
{"event": "update", "optimizer_step": 26590, "tokens_seen": 871301120, "lr": 0.0002589095487119893, "grad_norm": 0.7379294037818909, "elapsed_seconds": 14649.676543380949, "tokens_per_second": 59475.79234393904, "loss_main": 2.3636394143104553, "loss_total": 2.3636394143104553}
{"event": "update", "optimizer_step": 26600, "tokens_seen": 871628800, "lr": 0.00025842533410807677, "grad_norm": 0.645063579082489, "elapsed_seconds": 14655.160016385955, "tokens_per_second": 59475.89784249579, "loss_main": 2.4032201766967773, "loss_total": 2.4032201766967773}
{"event": "update", "optimizer_step": 26610, "tokens_seen": 871956480, "lr": 0.00025794111950416424, "grad_norm": 0.6336545348167419, "elapsed_seconds": 14660.653948737949, "tokens_per_second": 59475.960830182594, "loss_main": 2.298002064228058, "loss_total": 2.298002064228058}
{"event": "update", "optimizer_step": 26620, "tokens_seen": 872284160, "lr": 0.0002574569049002519, "grad_norm": 0.6889529228210449, "elapsed_seconds": 14666.13274587295, "tokens_per_second": 59476.08514899477, "loss_main": 2.5158207416534424, "loss_total": 2.5158207416534424}
{"event": "update", "optimizer_step": 26630, "tokens_seen": 872611840, "lr": 0.0002569726902963394, "grad_norm": 0.6373587250709534, "elapsed_seconds": 14671.617808740935, "tokens_per_second": 59476.1839747572, "loss_main": 2.3922113180160522, "loss_total": 2.3922113180160522}
{"event": "update", "optimizer_step": 26640, "tokens_seen": 872939520, "lr": 0.0002564884756924269, "grad_norm": 0.6480672955513, "elapsed_seconds": 14677.095883361937, "tokens_per_second": 59476.31104526411, "loss_main": 2.437615752220154, "loss_total": 2.437615752220154}
{"event": "update", "optimizer_step": 26650, "tokens_seen": 873267200, "lr": 0.0002560042610885145, "grad_norm": 0.6928486824035645, "elapsed_seconds": 14682.593127358938, "tokens_per_second": 59476.36036939483, "loss_main": 2.660955488681793, "loss_total": 2.660955488681793}
{"event": "update", "optimizer_step": 26660, "tokens_seen": 873594880, "lr": 0.000255520046484602, "grad_norm": 0.6517006158828735, "elapsed_seconds": 14688.080758971919, "tokens_per_second": 59476.448580008124, "loss_main": 2.4606427550315857, "loss_total": 2.4606427550315857}
{"event": "update", "optimizer_step": 26670, "tokens_seen": 873922560, "lr": 0.0002550358318806895, "grad_norm": 0.6411842107772827, "elapsed_seconds": 14693.567402566958, "tokens_per_second": 59476.54072402637, "loss_main": 2.4690873622894287, "loss_total": 2.4690873622894287}
{"event": "update", "optimizer_step": 26680, "tokens_seen": 874250240, "lr": 0.00025455161727677716, "grad_norm": 0.6659326553344727, "elapsed_seconds": 14699.069042802963, "tokens_per_second": 59476.57211856251, "loss_main": 2.4066162109375, "loss_total": 2.4066162109375}
{"event": "update", "optimizer_step": 26690, "tokens_seen": 874577920, "lr": 0.00025406740267286464, "grad_norm": 0.6758678555488586, "elapsed_seconds": 14704.568000182917, "tokens_per_second": 59476.61434114356, "loss_main": 2.5148224234580994, "loss_total": 2.5148224234580994}
{"event": "update", "optimizer_step": 26700, "tokens_seen": 874905600, "lr": 0.0002535831880689521, "grad_norm": 0.6778717041015625, "elapsed_seconds": 14710.06684141996, "tokens_per_second": 59476.65700175333, "loss_main": 2.4667211174964905, "loss_total": 2.4667211174964905}
{"event": "update", "optimizer_step": 26710, "tokens_seen": 875233280, "lr": 0.0002530989734650398, "grad_norm": 0.6695497632026672, "elapsed_seconds": 14715.561798930925, "tokens_per_second": 59476.71532755107, "loss_main": 2.3572107553482056, "loss_total": 2.3572107553482056}
{"event": "update", "optimizer_step": 26720, "tokens_seen": 875560960, "lr": 0.0002526147588611273, "grad_norm": 0.7238393425941467, "elapsed_seconds": 14721.057981967926, "tokens_per_second": 59476.76865837289, "loss_main": 2.7805466651916504, "loss_total": 2.7805466651916504}
{"event": "update", "optimizer_step": 26730, "tokens_seen": 875888640, "lr": 0.0002521305442572149, "grad_norm": 0.6618040204048157, "elapsed_seconds": 14726.547263557964, "tokens_per_second": 59476.84982259606, "loss_main": 2.683958649635315, "loss_total": 2.683958649635315}
{"event": "update", "optimizer_step": 26740, "tokens_seen": 876216320, "lr": 0.0002516463296533024, "grad_norm": 0.6609038710594177, "elapsed_seconds": 14732.039657925954, "tokens_per_second": 59476.91835927068, "loss_main": 2.4619110226631165, "loss_total": 2.4619110226631165}
{"event": "update", "optimizer_step": 26750, "tokens_seen": 876544000, "lr": 0.0002511621150493899, "grad_norm": 0.6580420136451721, "elapsed_seconds": 14737.526062179939, "tokens_per_second": 59477.01101946983, "loss_main": 2.490584433078766, "loss_total": 2.490584433078766}
{"event": "update", "optimizer_step": 26760, "tokens_seen": 876871680, "lr": 0.00025067790044547755, "grad_norm": 0.6958708763122559, "elapsed_seconds": 14743.011848318914, "tokens_per_second": 59477.106104339604, "loss_main": 2.5743257999420166, "loss_total": 2.5743257999420166}
{"event": "update", "optimizer_step": 26770, "tokens_seen": 877199360, "lr": 0.000250193685841565, "grad_norm": 0.6880850195884705, "elapsed_seconds": 14748.491219349962, "tokens_per_second": 59477.22698909824, "loss_main": 2.5745242834091187, "loss_total": 2.5745242834091187}
{"event": "update", "optimizer_step": 26780, "tokens_seen": 877527040, "lr": 0.0002497094712376525, "grad_norm": 0.6287494897842407, "elapsed_seconds": 14753.981965042942, "tokens_per_second": 59477.301929685935, "loss_main": 2.4032772183418274, "loss_total": 2.4032772183418274}
{"event": "update", "optimizer_step": 26790, "tokens_seen": 877854720, "lr": 0.00024922525663374014, "grad_norm": 0.6353366374969482, "elapsed_seconds": 14759.489477766969, "tokens_per_second": 59477.30924720404, "loss_main": 2.4334816336631775, "loss_total": 2.4334816336631775}
{"event": "update", "optimizer_step": 26800, "tokens_seen": 878182400, "lr": 0.00024874104202982767, "grad_norm": 0.6930911540985107, "elapsed_seconds": 14764.988854416937, "tokens_per_second": 59477.34933354131, "loss_main": 2.4265094995498657, "loss_total": 2.4265094995498657}
{"event": "update", "optimizer_step": 26810, "tokens_seen": 878510080, "lr": 0.00024825682742591514, "grad_norm": 0.6416669487953186, "elapsed_seconds": 14770.478233354923, "tokens_per_second": 59477.4296485631, "loss_main": 2.54486882686615, "loss_total": 2.54486882686615}
{"event": "update", "optimizer_step": 26820, "tokens_seen": 878837760, "lr": 0.0002477726128220028, "grad_norm": 0.64398592710495, "elapsed_seconds": 14775.96911712893, "tokens_per_second": 59477.50384651346, "loss_main": 2.572584629058838, "loss_total": 2.572584629058838}
{"event": "update", "optimizer_step": 26830, "tokens_seen": 879165440, "lr": 0.00024728839821809025, "grad_norm": 0.6852068901062012, "elapsed_seconds": 14781.46216315095, "tokens_per_second": 59477.56928889565, "loss_main": 2.4995672702789307, "loss_total": 2.4995672702789307}
{"event": "update", "optimizer_step": 26840, "tokens_seen": 879493120, "lr": 0.00024680418361417794, "grad_norm": 0.6749243140220642, "elapsed_seconds": 14786.95427326695, "tokens_per_second": 59477.638447155994, "loss_main": 2.412383556365967, "loss_total": 2.412383556365967}
{"event": "update", "optimizer_step": 26850, "tokens_seen": 879820800, "lr": 0.0002463199690102654, "grad_norm": 0.6849460601806641, "elapsed_seconds": 14792.451160998957, "tokens_per_second": 59477.688344152986, "loss_main": 2.3937114477157593, "loss_total": 2.3937114477157593}
{"event": "evaluation", "tokens_seen": 880017408, "elapsed_seconds": 14795.757562573941, "parameters": 71199040, "main_loss": 2.5736299455165863, "perplexity": 13.11333885698237}
{"event": "update", "optimizer_step": 26860, "tokens_seen": 880148480, "lr": 0.0002458357544063529, "grad_norm": 0.6717066764831543, "elapsed_seconds": 14800.452902881952, "tokens_per_second": 59467.672089184314, "loss_main": 2.546300530433655, "loss_total": 2.546300530433655}
{"event": "update", "optimizer_step": 26870, "tokens_seen": 880476160, "lr": 0.0002453515398024406, "grad_norm": 0.7018678784370422, "elapsed_seconds": 14805.943998819916, "tokens_per_second": 59467.74890342534, "loss_main": 2.5152639746665955, "loss_total": 2.5152639746665955}
{"event": "update", "optimizer_step": 26880, "tokens_seen": 880803840, "lr": 0.00024486732519852806, "grad_norm": 0.6901322603225708, "elapsed_seconds": 14811.42428531393, "tokens_per_second": 59467.86906059732, "loss_main": 2.3229405283927917, "loss_total": 2.3229405283927917}
{"event": "update", "optimizer_step": 26890, "tokens_seen": 881131520, "lr": 0.00024438311059461553, "grad_norm": 0.6606364846229553, "elapsed_seconds": 14816.91963113792, "tokens_per_second": 59467.92868797725, "loss_main": 2.3647425770759583, "loss_total": 2.3647425770759583}
{"event": "update", "optimizer_step": 26900, "tokens_seen": 881459200, "lr": 0.00024389889599070317, "grad_norm": 0.640754222869873, "elapsed_seconds": 14822.414533632924, "tokens_per_second": 59467.99004979368, "loss_main": 2.3470102548599243, "loss_total": 2.3470102548599243}
{"event": "update", "optimizer_step": 26910, "tokens_seen": 881786880, "lr": 0.00024341468138679067, "grad_norm": 0.6720495223999023, "elapsed_seconds": 14827.897739161912, "tokens_per_second": 59468.09827741903, "loss_main": 2.506594717502594, "loss_total": 2.506594717502594}
{"event": "update", "optimizer_step": 26920, "tokens_seen": 882114560, "lr": 0.00024293046678287814, "grad_norm": 0.6781425476074219, "elapsed_seconds": 14833.402260776958, "tokens_per_second": 59468.120967265924, "loss_main": 2.5537108182907104, "loss_total": 2.5537108182907104}
{"event": "update", "optimizer_step": 26930, "tokens_seen": 882442240, "lr": 0.0002424462521789658, "grad_norm": 0.697770357131958, "elapsed_seconds": 14838.908402221918, "tokens_per_second": 59468.13714867778, "loss_main": 2.4814579486846924, "loss_total": 2.4814579486846924}
{"event": "update", "optimizer_step": 26940, "tokens_seen": 882769920, "lr": 0.00024196203757505328, "grad_norm": 0.6822177171707153, "elapsed_seconds": 14844.393731870921, "tokens_per_second": 59468.236692259954, "loss_main": 2.5139496326446533, "loss_total": 2.5139496326446533}
{"event": "update", "optimizer_step": 26950, "tokens_seen": 883097600, "lr": 0.00024147782297114078, "grad_norm": 0.7142003178596497, "elapsed_seconds": 14849.892552491918, "tokens_per_second": 59468.28213594111, "loss_main": 2.4050616025924683, "loss_total": 2.4050616025924683}
{"event": "update", "optimizer_step": 26960, "tokens_seen": 883425280, "lr": 0.00024099360836722842, "grad_norm": 0.7016435265541077, "elapsed_seconds": 14855.385480549943, "tokens_per_second": 59468.35113478966, "loss_main": 2.5143202543258667, "loss_total": 2.5143202543258667}
{"event": "update", "optimizer_step": 26970, "tokens_seen": 883752960, "lr": 0.00024050939376331592, "grad_norm": 0.6682192087173462, "elapsed_seconds": 14860.875457110931, "tokens_per_second": 59468.43189356816, "loss_main": 2.2776939868927, "loss_total": 2.2776939868927}
{"event": "update", "optimizer_step": 26980, "tokens_seen": 884080640, "lr": 0.00024002517915940356, "grad_norm": 0.6876619458198547, "elapsed_seconds": 14866.379458037962, "tokens_per_second": 59468.45649241079, "loss_main": 2.4387682676315308, "loss_total": 2.4387682676315308}
{"event": "update", "optimizer_step": 26990, "tokens_seen": 884408320, "lr": 0.00023954096455549106, "grad_norm": 0.6796741485595703, "elapsed_seconds": 14871.868890981947, "tokens_per_second": 59468.53932637144, "loss_main": 2.697615087032318, "loss_total": 2.697615087032318}
{"event": "update", "optimizer_step": 27000, "tokens_seen": 884736000, "lr": 0.00023905674995157854, "grad_norm": 0.6637156009674072, "elapsed_seconds": 14877.36379962496, "tokens_per_second": 59468.60021143686, "loss_main": 2.1749656796455383, "loss_total": 2.1749656796455383}
{"event": "update", "optimizer_step": 27010, "tokens_seen": 885063680, "lr": 0.0002385725353476662, "grad_norm": 0.6383966207504272, "elapsed_seconds": 14882.834482506965, "tokens_per_second": 59468.757852564246, "loss_main": 2.3474990129470825, "loss_total": 2.3474990129470825}
{"event": "update", "optimizer_step": 27020, "tokens_seen": 885391360, "lr": 0.00023808832074375367, "grad_norm": 0.7156581878662109, "elapsed_seconds": 14888.310511823918, "tokens_per_second": 59468.89402238384, "loss_main": 2.430447041988373, "loss_total": 2.430447041988373}
{"event": "update", "optimizer_step": 27030, "tokens_seen": 885719040, "lr": 0.00023760410613984115, "grad_norm": 0.633082389831543, "elapsed_seconds": 14893.802389464923, "tokens_per_second": 59468.966811759914, "loss_main": 2.2612786889076233, "loss_total": 2.2612786889076233}
{"event": "update", "optimizer_step": 27040, "tokens_seen": 886046720, "lr": 0.0002371198915359288, "grad_norm": 0.7078086733818054, "elapsed_seconds": 14899.271024725924, "tokens_per_second": 59469.13231725034, "loss_main": 2.750167667865753, "loss_total": 2.750167667865753}
{"event": "update", "optimizer_step": 27050, "tokens_seen": 886374400, "lr": 0.00023663567693201631, "grad_norm": 0.6711543202400208, "elapsed_seconds": 14904.756144088926, "tokens_per_second": 59469.23193047523, "loss_main": 2.508316695690155, "loss_total": 2.508316695690155}
{"event": "update", "optimizer_step": 27060, "tokens_seen": 886702080, "lr": 0.0002361514623281038, "grad_norm": 0.7357146739959717, "elapsed_seconds": 14910.231495868939, "tokens_per_second": 59469.37042833115, "loss_main": 2.413313329219818, "loss_total": 2.413313329219818}
{"event": "update", "optimizer_step": 27070, "tokens_seen": 887029760, "lr": 0.00023566724772419143, "grad_norm": 0.6567355394363403, "elapsed_seconds": 14915.713515045936, "tokens_per_second": 59469.48224134407, "loss_main": 2.4629618525505066, "loss_total": 2.4629618525505066}
{"event": "update", "optimizer_step": 27080, "tokens_seen": 887357440, "lr": 0.00023518303312027893, "grad_norm": 0.6639907956123352, "elapsed_seconds": 14921.204772078956, "tokens_per_second": 59469.55715402098, "loss_main": 2.5410847663879395, "loss_total": 2.5410847663879395}
{"event": "update", "optimizer_step": 27090, "tokens_seen": 887685120, "lr": 0.0002346988185163666, "grad_norm": 0.722080409526825, "elapsed_seconds": 14926.701659129933, "tokens_per_second": 59469.60958096503, "loss_main": 2.5049681663513184, "loss_total": 2.5049681663513184}
{"event": "update", "optimizer_step": 27100, "tokens_seen": 888012800, "lr": 0.00023421460391245407, "grad_norm": 0.7590579986572266, "elapsed_seconds": 14932.197078976955, "tokens_per_second": 59469.667812664586, "loss_main": 2.581898868083954, "loss_total": 2.581898868083954}
{"event": "update", "optimizer_step": 27110, "tokens_seen": 888340480, "lr": 0.00023373038930854154, "grad_norm": 0.6803610324859619, "elapsed_seconds": 14937.695771106926, "tokens_per_second": 59469.71297395565, "loss_main": 2.5772207975387573, "loss_total": 2.5772207975387573}
{"event": "update", "optimizer_step": 27120, "tokens_seen": 888668160, "lr": 0.0002332461747046292, "grad_norm": 0.6678749322891235, "elapsed_seconds": 14943.173037005938, "tokens_per_second": 59469.84337257306, "loss_main": 2.565203547477722, "loss_total": 2.565203547477722}
{"event": "update", "optimizer_step": 27130, "tokens_seen": 888995840, "lr": 0.0002327619601007167, "grad_norm": 0.7160943150520325, "elapsed_seconds": 14948.663007075957, "tokens_per_second": 59469.92313487791, "loss_main": 2.5936614871025085, "loss_total": 2.5936614871025085}
{"event": "update", "optimizer_step": 27140, "tokens_seen": 889323520, "lr": 0.00023227774549680418, "grad_norm": 0.6741029024124146, "elapsed_seconds": 14954.16115507693, "tokens_per_second": 59469.970316461055, "loss_main": 2.648930311203003, "loss_total": 2.648930311203003}
{"event": "update", "optimizer_step": 27150, "tokens_seen": 889651200, "lr": 0.00023179353089289182, "grad_norm": 0.6468153595924377, "elapsed_seconds": 14959.645038262941, "tokens_per_second": 59470.07417117853, "loss_main": 2.2705321311950684, "loss_total": 2.2705321311950684}
{"event": "update", "optimizer_step": 27160, "tokens_seen": 889978880, "lr": 0.00023130931628897932, "grad_norm": 0.7170877456665039, "elapsed_seconds": 14965.11436952895, "tokens_per_second": 59470.235777958405, "loss_main": 2.5364208817481995, "loss_total": 2.5364208817481995}
{"event": "update", "optimizer_step": 27170, "tokens_seen": 890306560, "lr": 0.00023082510168506682, "grad_norm": 0.6689907312393188, "elapsed_seconds": 14970.595434482966, "tokens_per_second": 59470.35065481002, "loss_main": 2.407167077064514, "loss_total": 2.407167077064514}
{"event": "update", "optimizer_step": 27180, "tokens_seen": 890634240, "lr": 0.00023034088708115446, "grad_norm": 0.7091525793075562, "elapsed_seconds": 14976.07143757894, "tokens_per_second": 59470.48554837701, "loss_main": 2.538695275783539, "loss_total": 2.538695275783539}
{"event": "update", "optimizer_step": 27190, "tokens_seen": 890961920, "lr": 0.00022985667247724193, "grad_norm": 0.6423023343086243, "elapsed_seconds": 14981.551801810914, "tokens_per_second": 59470.60303140986, "loss_main": 2.3454373478889465, "loss_total": 2.3454373478889465}
{"event": "update", "optimizer_step": 27200, "tokens_seen": 891289600, "lr": 0.00022937245787332943, "grad_norm": 0.6437518000602722, "elapsed_seconds": 14987.03568680596, "tokens_per_second": 59470.70645762583, "loss_main": 2.26218318939209, "loss_total": 2.26218318939209}
{"event": "update", "optimizer_step": 27210, "tokens_seen": 891617280, "lr": 0.0002288882432694171, "grad_norm": 0.6643472909927368, "elapsed_seconds": 14992.526824225963, "tokens_per_second": 59470.781040008755, "loss_main": 2.502201497554779, "loss_total": 2.502201497554779}
{"event": "update", "optimizer_step": 27220, "tokens_seen": 891944960, "lr": 0.00022840402866550457, "grad_norm": 0.6915068030357361, "elapsed_seconds": 14998.018953152932, "tokens_per_second": 59470.85163620843, "loss_main": 2.527727425098419, "loss_total": 2.527727425098419}
{"event": "update", "optimizer_step": 27230, "tokens_seen": 892272640, "lr": 0.0002279198140615922, "grad_norm": 0.6704736351966858, "elapsed_seconds": 15003.500875549915, "tokens_per_second": 59470.96263739819, "loss_main": 2.683695673942566, "loss_total": 2.683695673942566}
{"event": "update", "optimizer_step": 27240, "tokens_seen": 892600320, "lr": 0.0002274355994576797, "grad_norm": 0.6813660264015198, "elapsed_seconds": 15008.992094890913, "tokens_per_second": 59471.03671963707, "loss_main": 2.4829428791999817, "loss_total": 2.4829428791999817}
{"event": "update", "optimizer_step": 27250, "tokens_seen": 892928000, "lr": 0.0002269513848537672, "grad_norm": 0.7130521535873413, "elapsed_seconds": 15014.477357827942, "tokens_per_second": 59471.13434051458, "loss_main": 2.518240749835968, "loss_total": 2.518240749835968}
{"event": "update", "optimizer_step": 27260, "tokens_seen": 893255680, "lr": 0.00022646717024985485, "grad_norm": 0.7504106163978577, "elapsed_seconds": 15019.968461471959, "tokens_per_second": 59471.20876394043, "loss_main": 2.515373408794403, "loss_total": 2.515373408794403}
{"event": "update", "optimizer_step": 27270, "tokens_seen": 893583360, "lr": 0.00022598295564594232, "grad_norm": 0.6649318337440491, "elapsed_seconds": 15025.460079934914, "tokens_per_second": 59471.2810952988, "loss_main": 2.4783619046211243, "loss_total": 2.4783619046211243}
{"event": "update", "optimizer_step": 27280, "tokens_seen": 893911040, "lr": 0.00022549874104202982, "grad_norm": 0.6765567064285278, "elapsed_seconds": 15030.932604414935, "tokens_per_second": 59471.42892101302, "loss_main": 2.510051131248474, "loss_total": 2.510051131248474}
{"event": "update", "optimizer_step": 27290, "tokens_seen": 894238720, "lr": 0.0002250145264381175, "grad_norm": 0.6605100035667419, "elapsed_seconds": 15036.398235719942, "tokens_per_second": 59471.60390283344, "loss_main": 2.5813226103782654, "loss_total": 2.5813226103782654}
{"event": "update", "optimizer_step": 27300, "tokens_seen": 894566400, "lr": 0.00022453031183420496, "grad_norm": 0.6897018551826477, "elapsed_seconds": 15041.879230051942, "tokens_per_second": 59471.718015974984, "loss_main": 2.514181077480316, "loss_total": 2.514181077480316}
{"event": "update", "optimizer_step": 27310, "tokens_seen": 894894080, "lr": 0.00022404609723029244, "grad_norm": 0.6449221968650818, "elapsed_seconds": 15047.36064328195, "tokens_per_second": 59471.830390370465, "loss_main": 2.3401803374290466, "loss_total": 2.3401803374290466}
{"event": "update", "optimizer_step": 27320, "tokens_seen": 895221760, "lr": 0.0002235618826263801, "grad_norm": 0.6625046730041504, "elapsed_seconds": 15052.835455625958, "tokens_per_second": 59471.96876223165, "loss_main": 2.1887038946151733, "loss_total": 2.1887038946151733}
{"event": "update", "optimizer_step": 27330, "tokens_seen": 895549440, "lr": 0.00022307766802246758, "grad_norm": 0.6470759510993958, "elapsed_seconds": 15058.30815700395, "tokens_per_second": 59472.11537064078, "loss_main": 2.515692949295044, "loss_total": 2.515692949295044}
{"event": "update", "optimizer_step": 27340, "tokens_seen": 895877120, "lr": 0.00022259345341855508, "grad_norm": 0.6872966885566711, "elapsed_seconds": 15063.787432482932, "tokens_per_second": 59472.235917785685, "loss_main": 2.454960882663727, "loss_total": 2.454960882663727}
{"event": "update", "optimizer_step": 27350, "tokens_seen": 896204800, "lr": 0.00022210923881464271, "grad_norm": 0.6791653037071228, "elapsed_seconds": 15069.274329507956, "tokens_per_second": 59472.32629809474, "loss_main": 2.404447376728058, "loss_total": 2.404447376728058}
{"event": "update", "optimizer_step": 27360, "tokens_seen": 896532480, "lr": 0.0002216250242107302, "grad_norm": 0.6982539892196655, "elapsed_seconds": 15074.759721295966, "tokens_per_second": 59472.42255101932, "loss_main": 2.5539234280586243, "loss_total": 2.5539234280586243}
{"event": "update", "optimizer_step": 27370, "tokens_seen": 896860160, "lr": 0.00022114080960681785, "grad_norm": 0.7186915874481201, "elapsed_seconds": 15080.284227100958, "tokens_per_second": 59472.364478929514, "loss_main": 2.5195186734199524, "loss_total": 2.5195186734199524}
{"event": "update", "optimizer_step": 27380, "tokens_seen": 897187840, "lr": 0.00022065659500290535, "grad_norm": 0.6981841921806335, "elapsed_seconds": 15085.774933098932, "tokens_per_second": 59472.43969758065, "loss_main": 2.508272409439087, "loss_total": 2.508272409439087}
{"event": "update", "optimizer_step": 27390, "tokens_seen": 897515520, "lr": 0.00022017238039899283, "grad_norm": 0.6656714677810669, "elapsed_seconds": 15091.272049245948, "tokens_per_second": 59472.489600029796, "loss_main": 2.3486952781677246, "loss_total": 2.3486952781677246}
{"event": "update", "optimizer_step": 27400, "tokens_seen": 897843200, "lr": 0.00021968816579508047, "grad_norm": 0.6297775506973267, "elapsed_seconds": 15096.757056824921, "tokens_per_second": 59472.58716693095, "loss_main": 2.277828335762024, "loss_total": 2.277828335762024}
{"event": "update", "optimizer_step": 27410, "tokens_seen": 898170880, "lr": 0.00021920395119116797, "grad_norm": 0.6377665400505066, "elapsed_seconds": 15102.237033171928, "tokens_per_second": 59472.704475977676, "loss_main": 2.538879692554474, "loss_total": 2.538879692554474}
{"event": "update", "optimizer_step": 27420, "tokens_seen": 898498560, "lr": 0.00021871973658725547, "grad_norm": 0.7717714309692383, "elapsed_seconds": 15107.737656451936, "tokens_per_second": 59472.7404216134, "loss_main": 2.5587236285209656, "loss_total": 2.5587236285209656}
{"event": "update", "optimizer_step": 27430, "tokens_seen": 898826240, "lr": 0.0002182355219833431, "grad_norm": 1.806525468826294, "elapsed_seconds": 15113.233106449945, "tokens_per_second": 59472.79669870266, "loss_main": 2.4631147384643555, "loss_total": 2.4631147384643555}
{"event": "update", "optimizer_step": 27440, "tokens_seen": 899153920, "lr": 0.00021775130737943058, "grad_norm": 0.6454952359199524, "elapsed_seconds": 15118.720873718965, "tokens_per_second": 59472.88315660413, "loss_main": 2.4504638016223907, "loss_total": 2.4504638016223907}
{"event": "update", "optimizer_step": 27450, "tokens_seen": 899481600, "lr": 0.00021726709277551808, "grad_norm": 0.7028711438179016, "elapsed_seconds": 15124.21373772592, "tokens_per_second": 59472.94950985308, "loss_main": 2.6373238563537598, "loss_total": 2.6373238563537598}
{"event": "update", "optimizer_step": 27460, "tokens_seen": 899809280, "lr": 0.00021678287817160575, "grad_norm": 0.6864582300186157, "elapsed_seconds": 15129.691629154957, "tokens_per_second": 59473.07467034325, "loss_main": 2.4491963982582092, "loss_total": 2.4491963982582092}
{"event": "update", "optimizer_step": 27470, "tokens_seen": 900136960, "lr": 0.00021629866356769322, "grad_norm": 0.6695818901062012, "elapsed_seconds": 15135.185853517964, "tokens_per_second": 59473.13556052407, "loss_main": 2.432077407836914, "loss_total": 2.432077407836914}
{"event": "update", "optimizer_step": 27480, "tokens_seen": 900464640, "lr": 0.00021581444896378086, "grad_norm": 0.6809630393981934, "elapsed_seconds": 15140.65852435393, "tokens_per_second": 59473.2810697495, "loss_main": 2.5401321053504944, "loss_total": 2.5401321053504944}
{"event": "update", "optimizer_step": 27490, "tokens_seen": 900792320, "lr": 0.00021533023435986836, "grad_norm": 0.6647120714187622, "elapsed_seconds": 15146.166970156948, "tokens_per_second": 59473.28599868629, "loss_main": 2.351934313774109, "loss_total": 2.351934313774109}
{"event": "update", "optimizer_step": 27500, "tokens_seen": 901120000, "lr": 0.00021484601975595586, "grad_norm": 0.6473817825317383, "elapsed_seconds": 15151.66147202492, "tokens_per_second": 59473.345656763224, "loss_main": 2.416790187358856, "loss_total": 2.416790187358856}
{"event": "update", "optimizer_step": 27510, "tokens_seen": 901447680, "lr": 0.0002143618051520435, "grad_norm": 0.7060772180557251, "elapsed_seconds": 15157.156331639912, "tokens_per_second": 59473.40386786582, "loss_main": 2.4390639662742615, "loss_total": 2.4390639662742615}
{"event": "update", "optimizer_step": 27520, "tokens_seen": 901775360, "lr": 0.00021387759054813097, "grad_norm": 0.6938957571983337, "elapsed_seconds": 15162.66846567794, "tokens_per_second": 59473.39428025149, "loss_main": 2.340958893299103, "loss_total": 2.340958893299103}
{"event": "update", "optimizer_step": 27530, "tokens_seen": 902103040, "lr": 0.00021339337594421847, "grad_norm": 0.7016676664352417, "elapsed_seconds": 15168.161672790942, "tokens_per_second": 59473.4589108591, "loss_main": 2.2975246906280518, "loss_total": 2.2975246906280518}
{"event": "update", "optimizer_step": 27540, "tokens_seen": 902430720, "lr": 0.00021290916134030614, "grad_norm": 0.683972954750061, "elapsed_seconds": 15173.647375719913, "tokens_per_second": 59473.552907524594, "loss_main": 2.2347375750541687, "loss_total": 2.2347375750541687}
{"event": "update", "optimizer_step": 27550, "tokens_seen": 902758400, "lr": 0.0002124249467363936, "grad_norm": 0.7311754822731018, "elapsed_seconds": 15179.140726240934, "tokens_per_second": 59473.61687209058, "loss_main": 2.445489764213562, "loss_total": 2.445489764213562}
{"event": "update", "optimizer_step": 27560, "tokens_seen": 903086080, "lr": 0.00021194073213248109, "grad_norm": 0.6886555552482605, "elapsed_seconds": 15184.614731466922, "tokens_per_second": 59473.75656022039, "loss_main": 2.4458253383636475, "loss_total": 2.4458253383636475}
{"event": "update", "optimizer_step": 27570, "tokens_seen": 903413760, "lr": 0.00021145651752856875, "grad_norm": 0.7738357186317444, "elapsed_seconds": 15190.117307027918, "tokens_per_second": 59473.78428618343, "loss_main": 2.5658180713653564, "loss_total": 2.5658180713653564}
{"event": "update", "optimizer_step": 27580, "tokens_seen": 903741440, "lr": 0.00021097230292465625, "grad_norm": 0.6542145609855652, "elapsed_seconds": 15195.624977596919, "tokens_per_second": 59473.79205083017, "loss_main": 2.4174694418907166, "loss_total": 2.4174694418907166}
{"event": "update", "optimizer_step": 27590, "tokens_seen": 904069120, "lr": 0.00021048808832074373, "grad_norm": 0.6579992771148682, "elapsed_seconds": 15201.11552247795, "tokens_per_second": 59473.866813468354, "loss_main": 2.309917688369751, "loss_total": 2.309917688369751}
{"event": "update", "optimizer_step": 27600, "tokens_seen": 904396800, "lr": 0.00021000387371683136, "grad_norm": 0.7023537755012512, "elapsed_seconds": 15206.613077029935, "tokens_per_second": 59473.91410689075, "loss_main": 2.403595983982086, "loss_total": 2.403595983982086}
{"event": "update", "optimizer_step": 27610, "tokens_seen": 904724480, "lr": 0.00020951965911291886, "grad_norm": 0.6998196244239807, "elapsed_seconds": 15212.119647932937, "tokens_per_second": 59473.926115413924, "loss_main": 2.3773378133773804, "loss_total": 2.3773378133773804}
{"event": "update", "optimizer_step": 27620, "tokens_seen": 905052160, "lr": 0.00020903544450900653, "grad_norm": 0.7035098671913147, "elapsed_seconds": 15217.605646926968, "tokens_per_second": 59474.0185150458, "loss_main": 2.552454352378845, "loss_total": 2.552454352378845}
{"event": "update", "optimizer_step": 27630, "tokens_seen": 905379840, "lr": 0.000208551229905094, "grad_norm": 0.7065520286560059, "elapsed_seconds": 15223.099026921962, "tokens_per_second": 59474.082011740255, "loss_main": 2.508214294910431, "loss_total": 2.508214294910431}
{"event": "update", "optimizer_step": 27640, "tokens_seen": 905707520, "lr": 0.00020806701530118148, "grad_norm": 0.6734062433242798, "elapsed_seconds": 15228.584768139932, "tokens_per_second": 59474.17529532037, "loss_main": 2.4877277612686157, "loss_total": 2.4877277612686157}
{"event": "update", "optimizer_step": 27650, "tokens_seen": 906035200, "lr": 0.00020758280069726914, "grad_norm": 0.7027503848075867, "elapsed_seconds": 15234.085400335956, "tokens_per_second": 59474.210376949784, "loss_main": 2.541473627090454, "loss_total": 2.541473627090454}
{"event": "update", "optimizer_step": 27660, "tokens_seen": 906362880, "lr": 0.00020709858609335664, "grad_norm": 0.7119447588920593, "elapsed_seconds": 15239.599473167968, "tokens_per_second": 59474.19297966547, "loss_main": 2.648588478565216, "loss_total": 2.648588478565216}
{"event": "update", "optimizer_step": 27670, "tokens_seen": 906690560, "lr": 0.00020661437148944412, "grad_norm": 0.6858786344528198, "elapsed_seconds": 15245.107369770936, "tokens_per_second": 59474.199689655805, "loss_main": 2.5540738701820374, "loss_total": 2.5540738701820374}
{"event": "update", "optimizer_step": 27680, "tokens_seen": 907018240, "lr": 0.00020613015688553175, "grad_norm": 0.7079225182533264, "elapsed_seconds": 15250.602339083911, "tokens_per_second": 59474.2568085664, "loss_main": 2.6146389842033386, "loss_total": 2.6146389842033386}
{"event": "update", "optimizer_step": 27690, "tokens_seen": 907345920, "lr": 0.00020564594228161923, "grad_norm": 0.6954632997512817, "elapsed_seconds": 15256.100258422957, "tokens_per_second": 59474.302385962, "loss_main": 2.49378365278244, "loss_total": 2.49378365278244}
{"event": "update", "optimizer_step": 27700, "tokens_seen": 907673600, "lr": 0.00020516172767770673, "grad_norm": 0.6581889986991882, "elapsed_seconds": 15261.59839376295, "tokens_per_second": 59474.34708876526, "loss_main": 2.2942768037319183, "loss_total": 2.2942768037319183}
{"event": "update", "optimizer_step": 27710, "tokens_seen": 908001280, "lr": 0.0002046775130737944, "grad_norm": 0.6423416137695312, "elapsed_seconds": 15267.09206509596, "tokens_per_second": 59474.40914932957, "loss_main": 2.4106874465942383, "loss_total": 2.4106874465942383}
{"event": "update", "optimizer_step": 27720, "tokens_seen": 908328960, "lr": 0.00020419329846988187, "grad_norm": 0.7169383764266968, "elapsed_seconds": 15272.581920510915, "tokens_per_second": 59474.48602519027, "loss_main": 2.589709520339966, "loss_total": 2.589709520339966}
{"event": "update", "optimizer_step": 27730, "tokens_seen": 908656640, "lr": 0.0002037090838659695, "grad_norm": 0.6699837446212769, "elapsed_seconds": 15278.067973582947, "tokens_per_second": 59474.577647588885, "loss_main": 2.224924147129059, "loss_total": 2.224924147129059}
{"event": "update", "optimizer_step": 27740, "tokens_seen": 908984320, "lr": 0.000203224869262057, "grad_norm": 0.7111338376998901, "elapsed_seconds": 15283.563033553946, "tokens_per_second": 59474.63415463994, "loss_main": 2.573392629623413, "loss_total": 2.573392629623413}
{"event": "update", "optimizer_step": 27750, "tokens_seen": 909312000, "lr": 0.0002027406546581445, "grad_norm": 0.7227753400802612, "elapsed_seconds": 15289.064251849952, "tokens_per_second": 59474.66666509527, "loss_main": 2.158511906862259, "loss_total": 2.158511906862259}
{"event": "update", "optimizer_step": 27760, "tokens_seen": 909639680, "lr": 0.00020225644005423214, "grad_norm": 0.6885949969291687, "elapsed_seconds": 15294.567814376962, "tokens_per_second": 59474.69003634968, "loss_main": 2.4165367484092712, "loss_total": 2.4165367484092712}
{"event": "update", "optimizer_step": 27770, "tokens_seen": 909967360, "lr": 0.00020177222545031962, "grad_norm": 0.7828197479248047, "elapsed_seconds": 15300.061928144947, "tokens_per_second": 59474.7501201996, "loss_main": 2.5209778547286987, "loss_total": 2.5209778547286987}
{"event": "update", "optimizer_step": 27780, "tokens_seen": 910295040, "lr": 0.00020128801084640712, "grad_norm": 0.739859402179718, "elapsed_seconds": 15305.54698043695, "tokens_per_second": 59474.84537230257, "loss_main": 2.552850902080536, "loss_total": 2.552850902080536}
{"event": "update", "optimizer_step": 27790, "tokens_seen": 910622720, "lr": 0.00020080379624249478, "grad_norm": 0.6845497488975525, "elapsed_seconds": 15311.044022205926, "tokens_per_second": 59474.893983669885, "loss_main": 2.5811991691589355, "loss_total": 2.5811991691589355}
{"event": "update", "optimizer_step": 27800, "tokens_seen": 910950400, "lr": 0.00020031958163858226, "grad_norm": 0.6625511646270752, "elapsed_seconds": 15316.550351990969, "tokens_per_second": 59474.90649430649, "loss_main": 2.2861663699150085, "loss_total": 2.2861663699150085}
{"event": "update", "optimizer_step": 27810, "tokens_seen": 911278080, "lr": 0.00019983536703466973, "grad_norm": 0.6799302697181702, "elapsed_seconds": 15322.052280724922, "tokens_per_second": 59474.93607931257, "loss_main": 2.458160698413849, "loss_total": 2.458160698413849}
{"event": "update", "optimizer_step": 27820, "tokens_seen": 911605760, "lr": 0.0001993511524307574, "grad_norm": 0.7013341188430786, "elapsed_seconds": 15327.53953974595, "tokens_per_second": 59475.02256550105, "loss_main": 2.4431188702583313, "loss_total": 2.4431188702583313}
{"event": "update", "optimizer_step": 27830, "tokens_seen": 911933440, "lr": 0.0001988669378268449, "grad_norm": 0.694212794303894, "elapsed_seconds": 15333.033611477935, "tokens_per_second": 59475.08256404974, "loss_main": 2.440991997718811, "loss_total": 2.440991997718811}
{"event": "update", "optimizer_step": 27840, "tokens_seen": 912261120, "lr": 0.00019838272322293237, "grad_norm": 0.6937994360923767, "elapsed_seconds": 15338.533048838959, "tokens_per_second": 59475.12171439713, "loss_main": 2.4665809273719788, "loss_total": 2.4665809273719788}
{"event": "update", "optimizer_step": 27850, "tokens_seen": 912588800, "lr": 0.00019789850861902, "grad_norm": 0.7112680673599243, "elapsed_seconds": 15344.025105009961, "tokens_per_second": 59475.18944700055, "loss_main": 2.5443016290664673, "loss_total": 2.5443016290664673}
{"event": "update", "optimizer_step": 27860, "tokens_seen": 912916480, "lr": 0.0001974142940151075, "grad_norm": 0.7036606073379517, "elapsed_seconds": 15349.526640423923, "tokens_per_second": 59475.22040163625, "loss_main": 2.542331278324127, "loss_total": 2.542331278324127}
{"event": "update", "optimizer_step": 27870, "tokens_seen": 913244160, "lr": 0.00019693007941119518, "grad_norm": 0.7338034510612488, "elapsed_seconds": 15355.01813129196, "tokens_per_second": 59475.29024006176, "loss_main": 2.7363465428352356, "loss_total": 2.7363465428352356}
{"event": "update", "optimizer_step": 27880, "tokens_seen": 913571840, "lr": 0.00019644586480728265, "grad_norm": 0.742117702960968, "elapsed_seconds": 15360.518553977949, "tokens_per_second": 59475.32544488286, "loss_main": 2.5724955201148987, "loss_total": 2.5724955201148987}
{"event": "update", "optimizer_step": 27890, "tokens_seen": 913899520, "lr": 0.00019596165020337012, "grad_norm": 0.6940770745277405, "elapsed_seconds": 15366.013273878954, "tokens_per_second": 59475.38269757707, "loss_main": 2.503597855567932, "loss_total": 2.503597855567932}
{"event": "update", "optimizer_step": 27900, "tokens_seen": 914227200, "lr": 0.0001954774355994578, "grad_norm": 0.7115984559059143, "elapsed_seconds": 15371.50154049194, "tokens_per_second": 59475.46487841302, "loss_main": 2.6418911814689636, "loss_total": 2.6418911814689636}
{"event": "update", "optimizer_step": 27910, "tokens_seen": 914554880, "lr": 0.0001949932209955453, "grad_norm": 0.7059805989265442, "elapsed_seconds": 15376.99464840896, "tokens_per_second": 59475.52827526203, "loss_main": 2.4868255257606506, "loss_total": 2.4868255257606506}
{"event": "update", "optimizer_step": 27920, "tokens_seen": 914882560, "lr": 0.00019450900639163276, "grad_norm": 0.7039853930473328, "elapsed_seconds": 15382.488064990961, "tokens_per_second": 59475.59043339571, "loss_main": 2.484893798828125, "loss_total": 2.484893798828125}
{"event": "update", "optimizer_step": 27930, "tokens_seen": 915210240, "lr": 0.0001940247917877204, "grad_norm": 0.693973958492279, "elapsed_seconds": 15387.984641460935, "tokens_per_second": 59475.640333957985, "loss_main": 2.392857789993286, "loss_total": 2.392857789993286}
{"event": "update", "optimizer_step": 27940, "tokens_seen": 915537920, "lr": 0.0001935405771838079, "grad_norm": 0.6903825402259827, "elapsed_seconds": 15393.47420181596, "tokens_per_second": 59475.71730701277, "loss_main": 2.3730350732803345, "loss_total": 2.3730350732803345}
{"event": "update", "optimizer_step": 27950, "tokens_seen": 915865600, "lr": 0.0001930563625798954, "grad_norm": 1.174284815788269, "elapsed_seconds": 15398.963851817942, "tokens_per_second": 59475.793878941826, "loss_main": 2.6584577560424805, "loss_total": 2.6584577560424805}
{"event": "update", "optimizer_step": 27960, "tokens_seen": 916193280, "lr": 0.00019257214797598304, "grad_norm": 0.67896968126297, "elapsed_seconds": 15404.460866649926, "tokens_per_second": 59475.84196104673, "loss_main": 2.543138086795807, "loss_total": 2.543138086795807}
{"event": "update", "optimizer_step": 27970, "tokens_seen": 916520960, "lr": 0.00019208793337207052, "grad_norm": 0.7049845457077026, "elapsed_seconds": 15409.95090310392, "tokens_per_second": 59475.916942434356, "loss_main": 2.4677618741989136, "loss_total": 2.4677618741989136}
{"event": "update", "optimizer_step": 27980, "tokens_seen": 916848640, "lr": 0.00019160371876815818, "grad_norm": 0.7239797711372375, "elapsed_seconds": 15415.456799963955, "tokens_per_second": 59475.93067771717, "loss_main": 2.6197882890701294, "loss_total": 2.6197882890701294}
{"event": "update", "optimizer_step": 27990, "tokens_seen": 917176320, "lr": 0.00019111950416424568, "grad_norm": 0.7260107398033142, "elapsed_seconds": 15420.941372757952, "tokens_per_second": 59476.02664648274, "loss_main": 2.4662367701530457, "loss_total": 2.4662367701530457}
{"event": "update", "optimizer_step": 28000, "tokens_seen": 917504000, "lr": 0.00019063528956033316, "grad_norm": 0.7312746644020081, "elapsed_seconds": 15426.426600569917, "tokens_per_second": 59476.120021606526, "loss_main": 2.4507532715797424, "loss_total": 2.4507532715797424}
{"event": "update", "optimizer_step": 28010, "tokens_seen": 917831680, "lr": 0.0001901510749564208, "grad_norm": 0.7295544147491455, "elapsed_seconds": 15431.912453146942, "tokens_per_second": 59476.21092244026, "loss_main": 2.2125343084335327, "loss_total": 2.2125343084335327}
{"event": "update", "optimizer_step": 28020, "tokens_seen": 918159360, "lr": 0.00018966686035250827, "grad_norm": 0.7377748489379883, "elapsed_seconds": 15437.403678213945, "tokens_per_second": 59476.281059862, "loss_main": 2.3298999667167664, "loss_total": 2.3298999667167664}
{"event": "update", "optimizer_step": 28030, "tokens_seen": 918487040, "lr": 0.00018918264574859577, "grad_norm": 0.6946402788162231, "elapsed_seconds": 15442.913006029965, "tokens_per_second": 59476.28142704425, "loss_main": 2.507361948490143, "loss_total": 2.507361948490143}
{"event": "update", "optimizer_step": 28040, "tokens_seen": 918814720, "lr": 0.00018869843114468343, "grad_norm": 0.689801812171936, "elapsed_seconds": 15448.411949088913, "tokens_per_second": 59476.32177520927, "loss_main": 2.5442005395889282, "loss_total": 2.5442005395889282}
{"event": "update", "optimizer_step": 28050, "tokens_seen": 919142400, "lr": 0.0001882142165407709, "grad_norm": 0.714505136013031, "elapsed_seconds": 15453.900003342947, "tokens_per_second": 59476.404001654824, "loss_main": 2.4592674374580383, "loss_total": 2.4592674374580383}
{"event": "update", "optimizer_step": 28060, "tokens_seen": 919470080, "lr": 0.00018773000193685838, "grad_norm": 0.6896847486495972, "elapsed_seconds": 15459.409016908961, "tokens_per_second": 59476.40553363429, "loss_main": 2.364060342311859, "loss_total": 2.364060342311859}
{"event": "update", "optimizer_step": 28070, "tokens_seen": 919797760, "lr": 0.00018724578733294605, "grad_norm": 0.7036638259887695, "elapsed_seconds": 15464.906731478928, "tokens_per_second": 59476.450519274396, "loss_main": 2.5498929619789124, "loss_total": 2.5498929619789124}
{"event": "evaluation", "tokens_seen": 920027136, "elapsed_seconds": 15468.760984999943, "parameters": 71199040, "main_loss": 2.5187708288431168, "perplexity": 12.413329176137994}
{"event": "update", "optimizer_step": 28080, "tokens_seen": 920125440, "lr": 0.00018676157272903355, "grad_norm": 0.692071795463562, "elapsed_seconds": 15472.875771704945, "tokens_per_second": 59466.995895011445, "loss_main": 2.391631245613098, "loss_total": 2.391631245613098}
{"event": "update", "optimizer_step": 28090, "tokens_seen": 920453120, "lr": 0.00018627735812512102, "grad_norm": 0.720670759677887, "elapsed_seconds": 15478.371369885921, "tokens_per_second": 59467.0523147413, "loss_main": 2.489545226097107, "loss_total": 2.489545226097107}
{"event": "update", "optimizer_step": 28100, "tokens_seen": 920780800, "lr": 0.00018579314352120866, "grad_norm": 0.6793553233146667, "elapsed_seconds": 15483.870051835955, "tokens_per_second": 59467.09685094658, "loss_main": 2.359043002128601, "loss_total": 2.359043002128601}
{"event": "update", "optimizer_step": 28110, "tokens_seen": 921108480, "lr": 0.00018530892891729616, "grad_norm": 0.793954074382782, "elapsed_seconds": 15489.356097797921, "tokens_per_second": 59467.18986794754, "loss_main": 2.409610688686371, "loss_total": 2.409610688686371}
{"event": "update", "optimizer_step": 28120, "tokens_seen": 921436160, "lr": 0.00018482471431338382, "grad_norm": 0.6625573039054871, "elapsed_seconds": 15494.857038082962, "tokens_per_second": 59467.22565657185, "loss_main": 2.3827947974205017, "loss_total": 2.3827947974205017}
{"event": "update", "optimizer_step": 28130, "tokens_seen": 921763840, "lr": 0.0001843404997094713, "grad_norm": 0.6881738305091858, "elapsed_seconds": 15500.343723395956, "tokens_per_second": 59467.31610917152, "loss_main": 2.405188262462616, "loss_total": 2.405188262462616}
{"event": "update", "optimizer_step": 28140, "tokens_seen": 922091520, "lr": 0.00018385628510555877, "grad_norm": 0.7080183625221252, "elapsed_seconds": 15505.827311376925, "tokens_per_second": 59467.41837653794, "loss_main": 2.3921375274658203, "loss_total": 2.3921375274658203}
{"event": "update", "optimizer_step": 28150, "tokens_seen": 922419200, "lr": 0.00018337207050164644, "grad_norm": 0.6709765791893005, "elapsed_seconds": 15511.319946463918, "tokens_per_second": 59467.4858866722, "loss_main": 2.4526060223579407, "loss_total": 2.4526060223579407}
{"event": "update", "optimizer_step": 28160, "tokens_seen": 922746880, "lr": 0.00018288785589773394, "grad_norm": 0.703820526599884, "elapsed_seconds": 15516.82104772894, "tokens_per_second": 59467.520902746655, "loss_main": 2.3702999353408813, "loss_total": 2.3702999353408813}
{"event": "update", "optimizer_step": 28170, "tokens_seen": 923074560, "lr": 0.0001824036412938214, "grad_norm": 0.6746121644973755, "elapsed_seconds": 15522.295515237958, "tokens_per_second": 59467.65793073804, "loss_main": 2.2404154539108276, "loss_total": 2.2404154539108276}
{"event": "update", "optimizer_step": 28180, "tokens_seen": 923402240, "lr": 0.00018191942668990905, "grad_norm": 0.6981889605522156, "elapsed_seconds": 15527.791262905928, "tokens_per_second": 59467.71336409575, "loss_main": 2.6102795600891113, "loss_total": 2.6102795600891113}
{"event": "update", "optimizer_step": 28190, "tokens_seen": 923729920, "lr": 0.00018143521208599655, "grad_norm": 0.7027900815010071, "elapsed_seconds": 15533.282976296963, "tokens_per_second": 59467.78420309262, "loss_main": 2.4589324593544006, "loss_total": 2.4589324593544006}
{"event": "update", "optimizer_step": 28200, "tokens_seen": 924057600, "lr": 0.00018095099748208405, "grad_norm": 0.7379215359687805, "elapsed_seconds": 15538.772911041917, "tokens_per_second": 59467.86179900736, "loss_main": 2.421909749507904, "loss_total": 2.421909749507904}
{"event": "update", "optimizer_step": 28210, "tokens_seen": 924385280, "lr": 0.0001804667828781717, "grad_norm": 0.656254231929779, "elapsed_seconds": 15544.268484625965, "tokens_per_second": 59467.91776752067, "loss_main": 2.266205668449402, "loss_total": 2.266205668449402}
{"event": "update", "optimizer_step": 28220, "tokens_seen": 924712960, "lr": 0.00017998256827425916, "grad_norm": 0.7166140079498291, "elapsed_seconds": 15549.755102676922, "tokens_per_second": 59468.00794572056, "loss_main": 2.5715994834899902, "loss_total": 2.5715994834899902}
{"event": "update", "optimizer_step": 28230, "tokens_seen": 925040640, "lr": 0.00017949835367034683, "grad_norm": 0.6582851409912109, "elapsed_seconds": 15555.249108539952, "tokens_per_second": 59468.06981651908, "loss_main": 2.2289202213287354, "loss_total": 2.2289202213287354}
{"event": "update", "optimizer_step": 28240, "tokens_seen": 925368320, "lr": 0.00017901413906643433, "grad_norm": 0.7196899652481079, "elapsed_seconds": 15560.736687062948, "tokens_per_second": 59468.15620685508, "loss_main": 2.3831151127815247, "loss_total": 2.3831151127815247}
{"event": "update", "optimizer_step": 28250, "tokens_seen": 925696000, "lr": 0.0001785299244625218, "grad_norm": 0.7080450057983398, "elapsed_seconds": 15566.224106059934, "tokens_per_second": 59468.24314572385, "loss_main": 2.3682714104652405, "loss_total": 2.3682714104652405}
{"event": "update", "optimizer_step": 28260, "tokens_seen": 926023680, "lr": 0.00017804570985860944, "grad_norm": 0.7171745300292969, "elapsed_seconds": 15571.714979265933, "tokens_per_second": 59468.31683170544, "loss_main": 2.4447381496429443, "loss_total": 2.4447381496429443}
{"event": "update", "optimizer_step": 28270, "tokens_seen": 926351360, "lr": 0.00017756149525469694, "grad_norm": 0.7011637091636658, "elapsed_seconds": 15577.217250068963, "tokens_per_second": 59468.3469536832, "loss_main": 2.3836207389831543, "loss_total": 2.3836207389831543}
{"event": "update", "optimizer_step": 28280, "tokens_seen": 926679040, "lr": 0.00017707728065078442, "grad_norm": 0.7073531150817871, "elapsed_seconds": 15582.715286046965, "tokens_per_second": 59468.393215768025, "loss_main": 2.4725641906261444, "loss_total": 2.4725641906261444}
{"event": "update", "optimizer_step": 28290, "tokens_seen": 927006720, "lr": 0.00017659306604687208, "grad_norm": 0.7318731546401978, "elapsed_seconds": 15588.221133219951, "tokens_per_second": 59468.40964582305, "loss_main": 2.3736599683761597, "loss_total": 2.3736599683761597}
{"event": "update", "optimizer_step": 28300, "tokens_seen": 927334400, "lr": 0.00017610885144295956, "grad_norm": 0.7607986927032471, "elapsed_seconds": 15593.710851247946, "tokens_per_second": 59468.48757464209, "loss_main": 2.5005921721458435, "loss_total": 2.5005921721458435}
{"event": "update", "optimizer_step": 28310, "tokens_seen": 927662080, "lr": 0.00017562463683904706, "grad_norm": 0.6929002404212952, "elapsed_seconds": 15599.205194087932, "tokens_per_second": 59468.547817524835, "loss_main": 2.6506751775741577, "loss_total": 2.6506751775741577}
{"event": "update", "optimizer_step": 28320, "tokens_seen": 927989760, "lr": 0.0001751404222351347, "grad_norm": 0.7129659652709961, "elapsed_seconds": 15604.680296631937, "tokens_per_second": 59468.68134173145, "loss_main": 2.564239799976349, "loss_total": 2.564239799976349}
{"event": "update", "optimizer_step": 28330, "tokens_seen": 928317440, "lr": 0.0001746562076312222, "grad_norm": 0.6939552426338196, "elapsed_seconds": 15610.167273150932, "tokens_per_second": 59468.76953693386, "loss_main": 2.3872594237327576, "loss_total": 2.3872594237327576}
{"event": "update", "optimizer_step": 28340, "tokens_seen": 928645120, "lr": 0.00017417199302730967, "grad_norm": 0.7108014822006226, "elapsed_seconds": 15615.65245619393, "tokens_per_second": 59468.86450022484, "loss_main": 2.4616652131080627, "loss_total": 2.4616652131080627}
{"event": "update", "optimizer_step": 28350, "tokens_seen": 928972800, "lr": 0.00017368777842339733, "grad_norm": 0.7143722176551819, "elapsed_seconds": 15621.14443780994, "tokens_per_second": 59468.93351497879, "loss_main": 2.4199190735816956, "loss_total": 2.4199190735816956}
{"event": "update", "optimizer_step": 28360, "tokens_seen": 929300480, "lr": 0.0001732035638194848, "grad_norm": 0.7325295209884644, "elapsed_seconds": 15626.637405166926, "tokens_per_second": 59468.9987298693, "loss_main": 2.390259265899658, "loss_total": 2.390259265899658}
{"event": "update", "optimizer_step": 28370, "tokens_seen": 929628160, "lr": 0.00017271934921557247, "grad_norm": 0.718985915184021, "elapsed_seconds": 15632.150118576945, "tokens_per_second": 59468.988779428866, "loss_main": 2.503058075904846, "loss_total": 2.503058075904846}
{"event": "update", "optimizer_step": 28380, "tokens_seen": 929955840, "lr": 0.00017223513461165995, "grad_norm": 0.7063242197036743, "elapsed_seconds": 15637.64147287194, "tokens_per_second": 59469.06006339129, "loss_main": 2.3317240476608276, "loss_total": 2.3317240476608276}
{"event": "update", "optimizer_step": 28390, "tokens_seen": 930283520, "lr": 0.00017175092000774745, "grad_norm": 0.677223801612854, "elapsed_seconds": 15643.119570690964, "tokens_per_second": 59469.18169333592, "loss_main": 2.321913421154022, "loss_total": 2.321913421154022}
{"event": "update", "optimizer_step": 28400, "tokens_seen": 930611200, "lr": 0.00017126670540383509, "grad_norm": 0.7120291590690613, "elapsed_seconds": 15648.601920608955, "tokens_per_second": 59469.28707889234, "loss_main": 2.3387126326560974, "loss_total": 2.3387126326560974}
{"event": "update", "optimizer_step": 28410, "tokens_seen": 930938880, "lr": 0.0001707824907999226, "grad_norm": 0.6826518774032593, "elapsed_seconds": 15654.098690539948, "tokens_per_second": 59469.33760949029, "loss_main": 2.408913493156433, "loss_total": 2.408913493156433}
{"event": "update", "optimizer_step": 28420, "tokens_seen": 931266560, "lr": 0.00017029827619601006, "grad_norm": 0.7098640203475952, "elapsed_seconds": 15659.579734382918, "tokens_per_second": 59469.44782657652, "loss_main": 2.350149929523468, "loss_total": 2.350149929523468}
{"event": "update", "optimizer_step": 28430, "tokens_seen": 931594240, "lr": 0.00016981406159209773, "grad_norm": 0.7039589285850525, "elapsed_seconds": 15665.07694762596, "tokens_per_second": 59469.49658240798, "loss_main": 2.539640247821808, "loss_total": 2.539640247821808}
{"event": "update", "optimizer_step": 28440, "tokens_seen": 931921920, "lr": 0.0001693298469881852, "grad_norm": 0.7202845811843872, "elapsed_seconds": 15670.581380634918, "tokens_per_second": 59469.51790516414, "loss_main": 2.358464002609253, "loss_total": 2.358464002609253}
{"event": "update", "optimizer_step": 28450, "tokens_seen": 932249600, "lr": 0.0001688456323842727, "grad_norm": 0.6715611219406128, "elapsed_seconds": 15676.076959950966, "tokens_per_second": 59469.572800752314, "loss_main": 2.5487990379333496, "loss_total": 2.5487990379333496}
{"event": "update", "optimizer_step": 28460, "tokens_seen": 932577280, "lr": 0.00016836141778036034, "grad_norm": 0.7152432799339294, "elapsed_seconds": 15681.563474515919, "tokens_per_second": 59469.66203437111, "loss_main": 2.354974687099457, "loss_total": 2.354974687099457}
{"event": "update", "optimizer_step": 28470, "tokens_seen": 932904960, "lr": 0.00016787720317644784, "grad_norm": 0.8238970041275024, "elapsed_seconds": 15687.055884732923, "tokens_per_second": 59469.72885510843, "loss_main": 2.5944775342941284, "loss_total": 2.5944775342941284}
{"event": "update", "optimizer_step": 28480, "tokens_seen": 933232640, "lr": 0.00016739298857253548, "grad_norm": 0.6840544939041138, "elapsed_seconds": 15692.566811595927, "tokens_per_second": 59469.725456921005, "loss_main": 2.3169273138046265, "loss_total": 2.3169273138046265}
{"event": "update", "optimizer_step": 28490, "tokens_seen": 933560320, "lr": 0.00016690877396862298, "grad_norm": 0.6857681274414062, "elapsed_seconds": 15698.054150227923, "tokens_per_second": 59469.81142159237, "loss_main": 2.2677775025367737, "loss_total": 2.2677775025367737}
{"event": "update", "optimizer_step": 28500, "tokens_seen": 933888000, "lr": 0.00016642455936471045, "grad_norm": 0.7383814454078674, "elapsed_seconds": 15703.541811491945, "tokens_per_second": 59469.89610436642, "loss_main": 2.5735599994659424, "loss_total": 2.5735599994659424}
{"event": "update", "optimizer_step": 28510, "tokens_seen": 934215680, "lr": 0.00016594034476079812, "grad_norm": 0.6579049825668335, "elapsed_seconds": 15709.027448640962, "tokens_per_second": 59469.98839070855, "loss_main": 2.269924581050873, "loss_total": 2.269924581050873}
{"event": "update", "optimizer_step": 28520, "tokens_seen": 934543360, "lr": 0.0001654561301568856, "grad_norm": 0.6929242610931396, "elapsed_seconds": 15714.531526358915, "tokens_per_second": 59470.010826121994, "loss_main": 2.2821996212005615, "loss_total": 2.2821996212005615}
{"event": "update", "optimizer_step": 28530, "tokens_seen": 934871040, "lr": 0.00016497191555297307, "grad_norm": 0.7630320191383362, "elapsed_seconds": 15720.030910013942, "tokens_per_second": 59470.05100381007, "loss_main": 2.4847864508628845, "loss_total": 2.4847864508628845}
{"event": "update", "optimizer_step": 28540, "tokens_seen": 935198720, "lr": 0.00016448770094906073, "grad_norm": 0.7207826972007751, "elapsed_seconds": 15725.517065640946, "tokens_per_second": 59470.14117859042, "loss_main": 2.432665467262268, "loss_total": 2.432665467262268}
{"event": "update", "optimizer_step": 28550, "tokens_seen": 935526400, "lr": 0.0001640034863451482, "grad_norm": 0.7283269166946411, "elapsed_seconds": 15731.012685345951, "tokens_per_second": 59470.19551204603, "loss_main": 2.4617440700531006, "loss_total": 2.4617440700531006}
{"event": "update", "optimizer_step": 28560, "tokens_seen": 935854080, "lr": 0.0001635192717412357, "grad_norm": 0.7004610300064087, "elapsed_seconds": 15736.511275396915, "tokens_per_second": 59470.23858224226, "loss_main": 2.4545769691467285, "loss_total": 2.4545769691467285}
{"event": "update", "optimizer_step": 28570, "tokens_seen": 936181760, "lr": 0.00016303505713732334, "grad_norm": 0.6957599520683289, "elapsed_seconds": 15742.009495699953, "tokens_per_second": 59470.28301918666, "loss_main": 2.460526466369629, "loss_total": 2.460526466369629}
{"event": "update", "optimizer_step": 28580, "tokens_seen": 936509440, "lr": 0.00016255084253341084, "grad_norm": 0.7039130330085754, "elapsed_seconds": 15747.49553416192, "tokens_per_second": 59470.37342975445, "loss_main": 2.551369786262512, "loss_total": 2.551369786262512}
{"event": "update", "optimizer_step": 28590, "tokens_seen": 936837120, "lr": 0.00016206662792949832, "grad_norm": 0.7092279195785522, "elapsed_seconds": 15752.986106341938, "tokens_per_second": 59470.44666171845, "loss_main": 2.429710328578949, "loss_total": 2.429710328578949}
{"event": "update", "optimizer_step": 28600, "tokens_seen": 937164800, "lr": 0.00016158241332558598, "grad_norm": 0.6827342510223389, "elapsed_seconds": 15758.481430720945, "tokens_per_second": 59470.501908452294, "loss_main": 2.369887590408325, "loss_total": 2.369887590408325}
{"event": "update", "optimizer_step": 28610, "tokens_seen": 937492480, "lr": 0.00016109819872167346, "grad_norm": 0.7079818248748779, "elapsed_seconds": 15763.972036981955, "tokens_per_second": 59470.57491605935, "loss_main": 2.2988300919532776, "loss_total": 2.2988300919532776}
{"event": "update", "optimizer_step": 28620, "tokens_seen": 937820160, "lr": 0.00016061398411776112, "grad_norm": 0.7045484185218811, "elapsed_seconds": 15769.470542738913, "tokens_per_second": 59470.6180818367, "loss_main": 2.2878324389457703, "loss_total": 2.2878324389457703}
{"event": "update", "optimizer_step": 28630, "tokens_seen": 938147840, "lr": 0.0001601297695138486, "grad_norm": 0.7208945751190186, "elapsed_seconds": 15774.977657118929, "tokens_per_second": 59470.62876356169, "loss_main": 2.4428294897079468, "loss_total": 2.4428294897079468}
{"event": "update", "optimizer_step": 28640, "tokens_seen": 938475520, "lr": 0.0001596455549099361, "grad_norm": 0.6948074102401733, "elapsed_seconds": 15780.471082054952, "tokens_per_second": 59470.69102817877, "loss_main": 2.3909114599227905, "loss_total": 2.3909114599227905}
{"event": "update", "optimizer_step": 28650, "tokens_seen": 938803200, "lr": 0.00015916134030602373, "grad_norm": 0.7120314836502075, "elapsed_seconds": 15785.979690735927, "tokens_per_second": 59470.696047514924, "loss_main": 2.427448809146881, "loss_total": 2.427448809146881}
{"event": "update", "optimizer_step": 28660, "tokens_seen": 939130880, "lr": 0.00015867712570211124, "grad_norm": 0.7163237929344177, "elapsed_seconds": 15791.477845208952, "tokens_per_second": 59470.74043389341, "loss_main": 2.361092835664749, "loss_total": 2.361092835664749}
{"event": "update", "optimizer_step": 28670, "tokens_seen": 939458560, "lr": 0.0001581929110981987, "grad_norm": 0.703143298625946, "elapsed_seconds": 15796.984964147967, "tokens_per_second": 59470.75104091998, "loss_main": 2.4278899431228638, "loss_total": 2.4278899431228638}
{"event": "update", "optimizer_step": 28680, "tokens_seen": 939786240, "lr": 0.00015770869649428637, "grad_norm": 0.6951629519462585, "elapsed_seconds": 15802.475940451957, "tokens_per_second": 59470.82239146391, "loss_main": 2.2370088696479797, "loss_total": 2.2370088696479797}
{"event": "update", "optimizer_step": 28690, "tokens_seen": 940113920, "lr": 0.00015722448189037385, "grad_norm": 0.7501267194747925, "elapsed_seconds": 15807.966762217926, "tokens_per_second": 59470.89427382487, "loss_main": 2.4414678812026978, "loss_total": 2.4414678812026978}
{"event": "update", "optimizer_step": 28700, "tokens_seen": 940441600, "lr": 0.00015674026728646135, "grad_norm": 0.6852976083755493, "elapsed_seconds": 15813.45903646393, "tokens_per_second": 59470.96064380697, "loss_main": 2.352896988391876, "loss_total": 2.352896988391876}
{"event": "update", "optimizer_step": 28710, "tokens_seen": 940769280, "lr": 0.00015625605268254899, "grad_norm": 0.73263019323349, "elapsed_seconds": 15818.94615779596, "tokens_per_second": 59471.04633998429, "loss_main": 2.426247298717499, "loss_total": 2.426247298717499}
{"event": "update", "optimizer_step": 28720, "tokens_seen": 941096960, "lr": 0.0001557718380786365, "grad_norm": 0.6872378587722778, "elapsed_seconds": 15824.44364910893, "tokens_per_second": 59471.09300446041, "loss_main": 2.427403151988983, "loss_total": 2.427403151988983}
{"event": "update", "optimizer_step": 28730, "tokens_seen": 941424640, "lr": 0.00015528762347472412, "grad_norm": 4.500022888183594, "elapsed_seconds": 15829.952300855948, "tokens_per_second": 59471.09770817792, "loss_main": 2.32233327627182, "loss_total": 2.32233327627182}
{"event": "update", "optimizer_step": 28740, "tokens_seen": 941752320, "lr": 0.00015480340887081163, "grad_norm": 0.7224246859550476, "elapsed_seconds": 15835.44465861196, "tokens_per_second": 59471.16360182768, "loss_main": 2.508833944797516, "loss_total": 2.508833944797516}
{"event": "update", "optimizer_step": 28750, "tokens_seen": 942080000, "lr": 0.0001543191942668991, "grad_norm": 0.7014682292938232, "elapsed_seconds": 15840.940744638967, "tokens_per_second": 59471.21545283396, "loss_main": 2.2981637120246887, "loss_total": 2.2981637120246887}
{"event": "update", "optimizer_step": 28760, "tokens_seen": 942407680, "lr": 0.00015383497966298676, "grad_norm": 0.7156046032905579, "elapsed_seconds": 15846.439003663952, "tokens_per_second": 59471.25911266879, "loss_main": 2.3231611251831055, "loss_total": 2.3231611251831055}
{"event": "update", "optimizer_step": 28770, "tokens_seen": 942735360, "lr": 0.00015335076505907424, "grad_norm": 0.6693218946456909, "elapsed_seconds": 15851.926292856922, "tokens_per_second": 59471.343897480045, "loss_main": 2.2962984144687653, "loss_total": 2.2962984144687653}
{"event": "update", "optimizer_step": 28780, "tokens_seen": 943063040, "lr": 0.00015286655045516174, "grad_norm": 0.7206401824951172, "elapsed_seconds": 15857.413273613958, "tokens_per_second": 59471.4297803675, "loss_main": 2.32219135761261, "loss_total": 2.32219135761261}
{"event": "update", "optimizer_step": 28790, "tokens_seen": 943390720, "lr": 0.00015238233585124938, "grad_norm": 0.7260076999664307, "elapsed_seconds": 15862.906437487924, "tokens_per_second": 59471.492422759125, "loss_main": 2.400159001350403, "loss_total": 2.400159001350403}
{"event": "update", "optimizer_step": 28800, "tokens_seen": 943718400, "lr": 0.00015189812124733688, "grad_norm": 0.7004450559616089, "elapsed_seconds": 15868.393156720966, "tokens_per_second": 59471.579175002575, "loss_main": 2.374017119407654, "loss_total": 2.374017119407654}
{"event": "update", "optimizer_step": 28810, "tokens_seen": 944046080, "lr": 0.00015141390664342435, "grad_norm": 0.6819552779197693, "elapsed_seconds": 15873.878352715925, "tokens_per_second": 59471.671574103966, "loss_main": 2.388573169708252, "loss_total": 2.388573169708252}
{"event": "update", "optimizer_step": 28820, "tokens_seen": 944373760, "lr": 0.00015092969203951202, "grad_norm": 0.6910995244979858, "elapsed_seconds": 15879.366107986949, "tokens_per_second": 59471.75432431161, "loss_main": 2.381483018398285, "loss_total": 2.381483018398285}
{"event": "update", "optimizer_step": 28830, "tokens_seen": 944701440, "lr": 0.0001504454774355995, "grad_norm": 0.7013376355171204, "elapsed_seconds": 15884.843186616956, "tokens_per_second": 59471.876990004836, "loss_main": 2.3335050344467163, "loss_total": 2.3335050344467163}
{"event": "update", "optimizer_step": 28840, "tokens_seen": 945029120, "lr": 0.00014996126283168697, "grad_norm": 4.572836875915527, "elapsed_seconds": 15890.327349761967, "tokens_per_second": 59471.97305624773, "loss_main": 2.4958354830741882, "loss_total": 2.4958354830741882}
{"event": "update", "optimizer_step": 28850, "tokens_seen": 945356800, "lr": 0.00014947704822777463, "grad_norm": 0.6975011229515076, "elapsed_seconds": 15895.81736575492, "tokens_per_second": 59472.047158557885, "loss_main": 2.3813774585723877, "loss_total": 2.3813774585723877}
{"event": "update", "optimizer_step": 28860, "tokens_seen": 945684480, "lr": 0.0001489928336238621, "grad_norm": 0.7059847712516785, "elapsed_seconds": 15901.275389725924, "tokens_per_second": 59472.24086258026, "loss_main": 2.3915794491767883, "loss_total": 2.3915794491767883}
{"event": "update", "optimizer_step": 28870, "tokens_seen": 946012160, "lr": 0.00014850861901994977, "grad_norm": 0.6836090683937073, "elapsed_seconds": 15906.76960096194, "tokens_per_second": 59472.299136261536, "loss_main": 2.3889962434768677, "loss_total": 2.3889962434768677}
{"event": "update", "optimizer_step": 28880, "tokens_seen": 946339840, "lr": 0.00014802440441603724, "grad_norm": 0.7256646156311035, "elapsed_seconds": 15912.253386296914, "tokens_per_second": 59472.39633670963, "loss_main": 2.433274030685425, "loss_total": 2.433274030685425}
{"event": "update", "optimizer_step": 28890, "tokens_seen": 946667520, "lr": 0.00014754018981212474, "grad_norm": 0.7046420574188232, "elapsed_seconds": 15917.74706056295, "tokens_per_second": 59472.456522783825, "loss_main": 2.0806107819080353, "loss_total": 2.0806107819080353}
{"event": "update", "optimizer_step": 28900, "tokens_seen": 946995200, "lr": 0.0001470559752082124, "grad_norm": 0.8200716376304626, "elapsed_seconds": 15923.248284791945, "tokens_per_second": 59472.48846860354, "loss_main": 2.4397783875465393, "loss_total": 2.4397783875465393}
{"event": "update", "optimizer_step": 28910, "tokens_seen": 947322880, "lr": 0.00014657176060429988, "grad_norm": 0.7134072184562683, "elapsed_seconds": 15928.75287828996, "tokens_per_second": 59472.50781265811, "loss_main": 2.3348758220672607, "loss_total": 2.3348758220672607}
{"event": "update", "optimizer_step": 28920, "tokens_seen": 947650560, "lr": 0.00014608754600038736, "grad_norm": 0.7304201722145081, "elapsed_seconds": 15934.259293082927, "tokens_per_second": 59472.52034560375, "loss_main": 2.4252394437789917, "loss_total": 2.4252394437789917}
{"event": "update", "optimizer_step": 28930, "tokens_seen": 947978240, "lr": 0.00014560333139647502, "grad_norm": 0.6883575916290283, "elapsed_seconds": 15939.769574861915, "tokens_per_second": 59472.51844186162, "loss_main": 2.240999221801758, "loss_total": 2.240999221801758}
{"event": "update", "optimizer_step": 28940, "tokens_seen": 948305920, "lr": 0.0001451191167925625, "grad_norm": 0.7057018280029297, "elapsed_seconds": 15945.395846230967, "tokens_per_second": 59472.08392597868, "loss_main": 2.4427993297576904, "loss_total": 2.4427993297576904}
{"event": "update", "optimizer_step": 28950, "tokens_seen": 948633600, "lr": 0.00014463490218865, "grad_norm": 0.7236371040344238, "elapsed_seconds": 15950.998949978966, "tokens_per_second": 59471.736094700886, "loss_main": 2.4078922271728516, "loss_total": 2.4078922271728516}
{"event": "update", "optimizer_step": 28960, "tokens_seen": 948961280, "lr": 0.00014415068758473763, "grad_norm": 0.687891960144043, "elapsed_seconds": 15956.632302033948, "tokens_per_second": 59471.27577032896, "loss_main": 2.359851360321045, "loss_total": 2.359851360321045}
{"event": "update", "optimizer_step": 28970, "tokens_seen": 949288960, "lr": 0.00014366647298082514, "grad_norm": 0.6964623928070068, "elapsed_seconds": 15962.236934618966, "tokens_per_second": 59470.92277155579, "loss_main": 2.339004874229431, "loss_total": 2.339004874229431}
{"event": "update", "optimizer_step": 28980, "tokens_seen": 949616640, "lr": 0.00014318225837691277, "grad_norm": 0.7294386625289917, "elapsed_seconds": 15967.854985817918, "tokens_per_second": 59470.52004439017, "loss_main": 2.337903082370758, "loss_total": 2.337903082370758}
{"event": "update", "optimizer_step": 28990, "tokens_seen": 949944320, "lr": 0.00014269804377300027, "grad_norm": 0.7339546084403992, "elapsed_seconds": 15973.447959437966, "tokens_per_second": 59470.210965862396, "loss_main": 2.5542111992836, "loss_total": 2.5542111992836}
{"event": "update", "optimizer_step": 29000, "tokens_seen": 950272000, "lr": 0.00014221382916908775, "grad_norm": 0.7310948967933655, "elapsed_seconds": 15978.935979095928, "tokens_per_second": 59470.29271806154, "loss_main": 2.360007584095001, "loss_total": 2.360007584095001}
{"event": "update", "optimizer_step": 29010, "tokens_seen": 950599680, "lr": 0.0001417296145651754, "grad_norm": 0.7257593870162964, "elapsed_seconds": 15984.427127387957, "tokens_per_second": 59470.36277397945, "loss_main": 2.296338140964508, "loss_total": 2.296338140964508}
{"event": "update", "optimizer_step": 29020, "tokens_seen": 950927360, "lr": 0.0001412453999612629, "grad_norm": 0.7650991678237915, "elapsed_seconds": 15989.907847293944, "tokens_per_second": 59470.471567535045, "loss_main": 2.4925498962402344, "loss_total": 2.4925498962402344}
{"event": "update", "optimizer_step": 29030, "tokens_seen": 951255040, "lr": 0.0001407611853573504, "grad_norm": 0.7351930141448975, "elapsed_seconds": 15995.389778386918, "tokens_per_second": 59470.57578336368, "loss_main": 2.5935038328170776, "loss_total": 2.5935038328170776}
{"event": "update", "optimizer_step": 29040, "tokens_seen": 951582720, "lr": 0.00014027697075343803, "grad_norm": 0.7236629128456116, "elapsed_seconds": 16000.893710633914, "tokens_per_second": 59470.598155876425, "loss_main": 2.381170928478241, "loss_total": 2.381170928478241}
{"event": "update", "optimizer_step": 29050, "tokens_seen": 951910400, "lr": 0.00013979275614952553, "grad_norm": 0.7072146534919739, "elapsed_seconds": 16006.374938631954, "tokens_per_second": 59470.704869128764, "loss_main": 2.3752984404563904, "loss_total": 2.3752984404563904}
{"event": "update", "optimizer_step": 29060, "tokens_seen": 952238080, "lr": 0.000139308541545613, "grad_norm": 0.6940166354179382, "elapsed_seconds": 16011.872469663911, "tokens_per_second": 59470.75095708575, "loss_main": 2.242579698562622, "loss_total": 2.242579698562622}
{"event": "update", "optimizer_step": 29070, "tokens_seen": 952565760, "lr": 0.00013882432694170067, "grad_norm": 0.7141276597976685, "elapsed_seconds": 16017.343618190964, "tokens_per_second": 59470.89496901141, "loss_main": 2.4563528895378113, "loss_total": 2.4563528895378113}
{"event": "update", "optimizer_step": 29080, "tokens_seen": 952893440, "lr": 0.00013834011233778814, "grad_norm": 0.7007424235343933, "elapsed_seconds": 16022.815564561926, "tokens_per_second": 59471.035921273346, "loss_main": 2.1824325919151306, "loss_total": 2.1824325919151306}
{"event": "update", "optimizer_step": 29090, "tokens_seen": 953221120, "lr": 0.00013785589773387564, "grad_norm": 0.7258614897727966, "elapsed_seconds": 16028.298501031939, "tokens_per_second": 59471.13599978372, "loss_main": 2.3538801670074463, "loss_total": 2.3538801670074463}
{"event": "update", "optimizer_step": 29100, "tokens_seen": 953548800, "lr": 0.00013737168312996328, "grad_norm": 0.7477620244026184, "elapsed_seconds": 16033.796522931952, "tokens_per_second": 59471.18005621499, "loss_main": 2.557811975479126, "loss_total": 2.557811975479126}
{"event": "update", "optimizer_step": 29110, "tokens_seen": 953876480, "lr": 0.00013688746852605078, "grad_norm": 0.7210658192634583, "elapsed_seconds": 16039.28937263292, "tokens_per_second": 59471.24326016303, "loss_main": 2.5158684849739075, "loss_total": 2.5158684849739075}
{"event": "update", "optimizer_step": 29120, "tokens_seen": 954204160, "lr": 0.00013640325392213842, "grad_norm": 0.7174149751663208, "elapsed_seconds": 16044.775847075914, "tokens_per_second": 59471.33005126396, "loss_main": 2.4186424016952515, "loss_total": 2.4186424016952515}
{"event": "update", "optimizer_step": 29130, "tokens_seen": 954531840, "lr": 0.00013591903931822592, "grad_norm": 0.7602999210357666, "elapsed_seconds": 16050.251047230966, "tokens_per_second": 59471.458557944396, "loss_main": 2.4052799344062805, "loss_total": 2.4052799344062805}
{"event": "update", "optimizer_step": 29140, "tokens_seen": 954859520, "lr": 0.0001354348247143134, "grad_norm": 0.7085010409355164, "elapsed_seconds": 16055.736952428939, "tokens_per_second": 59471.54732474284, "loss_main": 2.467199146747589, "loss_total": 2.467199146747589}
{"event": "update", "optimizer_step": 29150, "tokens_seen": 955187200, "lr": 0.00013495061011040106, "grad_norm": 0.7508156895637512, "elapsed_seconds": 16061.214835882944, "tokens_per_second": 59471.665733900874, "loss_main": 2.37986159324646, "loss_total": 2.37986159324646}
{"event": "update", "optimizer_step": 29160, "tokens_seen": 955514880, "lr": 0.00013446639550648853, "grad_norm": 0.7208719849586487, "elapsed_seconds": 16066.697697394935, "tokens_per_second": 59471.76563575524, "loss_main": 2.300810396671295, "loss_total": 2.300810396671295}
{"event": "update", "optimizer_step": 29170, "tokens_seen": 955842560, "lr": 0.00013398218090257603, "grad_norm": 0.7211350202560425, "elapsed_seconds": 16072.172186458949, "tokens_per_second": 59471.89645002136, "loss_main": 2.4816803336143494, "loss_total": 2.4816803336143494}
{"event": "update", "optimizer_step": 29180, "tokens_seen": 956170240, "lr": 0.00013349796629866367, "grad_norm": 0.7220397591590881, "elapsed_seconds": 16077.658775900956, "tokens_per_second": 59471.98241532641, "loss_main": 2.426464021205902, "loss_total": 2.426464021205902}
{"event": "update", "optimizer_step": 29190, "tokens_seen": 956497920, "lr": 0.00013301375169475117, "grad_norm": 0.7118610739707947, "elapsed_seconds": 16083.152047058917, "tokens_per_second": 59472.04361441775, "loss_main": 2.312894880771637, "loss_total": 2.312894880771637}
{"event": "update", "optimizer_step": 29200, "tokens_seen": 956825600, "lr": 0.00013252953709083865, "grad_norm": 0.7683597207069397, "elapsed_seconds": 16088.639761350933, "tokens_per_second": 59472.12531282739, "loss_main": 2.558496117591858, "loss_total": 2.558496117591858}
{"event": "update", "optimizer_step": 29210, "tokens_seen": 957153280, "lr": 0.0001320453224869263, "grad_norm": 0.7181435227394104, "elapsed_seconds": 16094.136751832964, "tokens_per_second": 59472.1726774808, "loss_main": 2.4453471899032593, "loss_total": 2.4453471899032593}
{"event": "update", "optimizer_step": 29220, "tokens_seen": 957480960, "lr": 0.00013156110788301378, "grad_norm": 0.7349693775177002, "elapsed_seconds": 16099.628791148949, "tokens_per_second": 59472.23829945643, "loss_main": 2.3794676065444946, "loss_total": 2.3794676065444946}
{"event": "update", "optimizer_step": 29230, "tokens_seen": 957808640, "lr": 0.00013107689327910145, "grad_norm": 0.738032341003418, "elapsed_seconds": 16105.092890891945, "tokens_per_second": 59472.40705091977, "loss_main": 2.2422454357147217, "loss_total": 2.2422454357147217}
{"event": "update", "optimizer_step": 29240, "tokens_seen": 958136320, "lr": 0.00013059267867518892, "grad_norm": 0.7175378203392029, "elapsed_seconds": 16110.581883424951, "tokens_per_second": 59472.48379562003, "loss_main": 2.3636585474014282, "loss_total": 2.3636585474014282}
{"event": "update", "optimizer_step": 29250, "tokens_seen": 958464000, "lr": 0.0001301084640712764, "grad_norm": 0.7345335483551025, "elapsed_seconds": 16116.054669141944, "tokens_per_second": 59472.62029553731, "loss_main": 2.3182770013809204, "loss_total": 2.3182770013809204}
{"event": "update", "optimizer_step": 29260, "tokens_seen": 958791680, "lr": 0.00012962424946736406, "grad_norm": 0.7210759520530701, "elapsed_seconds": 16121.523232433945, "tokens_per_second": 59472.772279424775, "loss_main": 2.4610254764556885, "loss_total": 2.4610254764556885}
{"event": "update", "optimizer_step": 29270, "tokens_seen": 959119360, "lr": 0.00012914003486345154, "grad_norm": 0.7583839893341064, "elapsed_seconds": 16127.012468801928, "tokens_per_second": 59472.84792241825, "loss_main": 2.193486839532852, "loss_total": 2.193486839532852}
{"event": "update", "optimizer_step": 29280, "tokens_seen": 959447040, "lr": 0.00012865582025953904, "grad_norm": 0.7441943883895874, "elapsed_seconds": 16132.511082595913, "tokens_per_second": 59472.88894380933, "loss_main": 2.355703502893448, "loss_total": 2.355703502893448}
{"event": "update", "optimizer_step": 29290, "tokens_seen": 959774720, "lr": 0.00012817160565562667, "grad_norm": 0.721644937992096, "elapsed_seconds": 16137.996467605932, "tokens_per_second": 59472.97868893277, "loss_main": 2.225353240966797, "loss_total": 2.225353240966797}
{"event": "evaluation", "tokens_seen": 960004096, "elapsed_seconds": 16141.828626224946, "parameters": 71199040, "main_loss": 2.4561434760689735, "perplexity": 11.659758583908925}
{"event": "update", "optimizer_step": 29300, "tokens_seen": 960102400, "lr": 0.00012768739105171418, "grad_norm": 0.741584837436676, "elapsed_seconds": 16145.957668235933, "tokens_per_second": 59463.94879312838, "loss_main": 2.5003268122673035, "loss_total": 2.5003268122673035}
{"event": "update", "optimizer_step": 29310, "tokens_seen": 960430080, "lr": 0.00012720317644780165, "grad_norm": 0.7419548630714417, "elapsed_seconds": 16151.448926907964, "tokens_per_second": 59464.01987501841, "loss_main": 2.2377189993858337, "loss_total": 2.2377189993858337}
{"event": "update", "optimizer_step": 29320, "tokens_seen": 960757760, "lr": 0.00012671896184388931, "grad_norm": 0.751196563243866, "elapsed_seconds": 16156.937449482968, "tokens_per_second": 59464.1009785394, "loss_main": 2.4793125987052917, "loss_total": 2.4793125987052917}
{"event": "update", "optimizer_step": 29330, "tokens_seen": 961085440, "lr": 0.0001262347472399768, "grad_norm": 0.7261801362037659, "elapsed_seconds": 16162.418453620921, "tokens_per_second": 59464.20968853735, "loss_main": 2.4152560234069824, "loss_total": 2.4152560234069824}
{"event": "update", "optimizer_step": 29340, "tokens_seen": 961413120, "lr": 0.0001257505326360643, "grad_norm": 0.7142717838287354, "elapsed_seconds": 16167.885243228928, "tokens_per_second": 59464.37060484689, "loss_main": 2.2913076281547546, "loss_total": 2.2913076281547546}
{"event": "update", "optimizer_step": 29350, "tokens_seen": 961740800, "lr": 0.00012526631803215193, "grad_norm": 0.7088240385055542, "elapsed_seconds": 16173.37652673194, "tokens_per_second": 59464.44135585418, "loss_main": 2.1730019450187683, "loss_total": 2.1730019450187683}
{"event": "update", "optimizer_step": 29360, "tokens_seen": 962068480, "lr": 0.00012478210342823943, "grad_norm": 0.7203202247619629, "elapsed_seconds": 16178.870420802967, "tokens_per_second": 59464.50246384086, "loss_main": 2.4084731340408325, "loss_total": 2.4084731340408325}
{"event": "update", "optimizer_step": 29370, "tokens_seen": 962396160, "lr": 0.00012429788882432707, "grad_norm": 0.7548118829727173, "elapsed_seconds": 16184.35883732693, "tokens_per_second": 59464.58365594129, "loss_main": 2.4731921553611755, "loss_total": 2.4731921553611755}
{"event": "update", "optimizer_step": 29380, "tokens_seen": 962723840, "lr": 0.00012381367422041457, "grad_norm": 0.7244358062744141, "elapsed_seconds": 16189.855071546917, "tokens_per_second": 59464.636078920325, "loss_main": 2.3215945959091187, "loss_total": 2.3215945959091187}
{"event": "update", "optimizer_step": 29390, "tokens_seen": 963051520, "lr": 0.00012332945961650204, "grad_norm": 0.7084727883338928, "elapsed_seconds": 16195.347443795938, "tokens_per_second": 59464.70264637161, "loss_main": 2.4093515276908875, "loss_total": 2.4093515276908875}
{"event": "update", "optimizer_step": 29400, "tokens_seen": 963379200, "lr": 0.0001228452450125897, "grad_norm": 0.7578004598617554, "elapsed_seconds": 16200.840191067953, "tokens_per_second": 59464.7677921755, "loss_main": 2.5801309943199158, "loss_total": 2.5801309943199158}
{"event": "update", "optimizer_step": 29410, "tokens_seen": 963706880, "lr": 0.00012236103040867718, "grad_norm": 0.7144147157669067, "elapsed_seconds": 16206.33243192092, "tokens_per_second": 59464.834751990384, "loss_main": 2.375247597694397, "loss_total": 2.375247597694397}
{"event": "update", "optimizer_step": 29420, "tokens_seen": 964034560, "lr": 0.00012187681580476468, "grad_norm": 0.7584062814712524, "elapsed_seconds": 16211.84501271596, "tokens_per_second": 59464.827059711446, "loss_main": 2.424124836921692, "loss_total": 2.424124836921692}
{"event": "update", "optimizer_step": 29430, "tokens_seen": 964362240, "lr": 0.00012139260120085232, "grad_norm": 0.735298216342926, "elapsed_seconds": 16217.331884951913, "tokens_per_second": 59464.913639390536, "loss_main": 2.362966001033783, "loss_total": 2.362966001033783}
{"event": "update", "optimizer_step": 29440, "tokens_seen": 964689920, "lr": 0.00012090838659693982, "grad_norm": 0.6879070997238159, "elapsed_seconds": 16222.823818968958, "tokens_per_second": 59464.981606470465, "loss_main": 2.2491116523742676, "loss_total": 2.2491116523742676}
{"event": "update", "optimizer_step": 29450, "tokens_seen": 965017600, "lr": 0.0001204241719930273, "grad_norm": 0.7959614992141724, "elapsed_seconds": 16228.327952653926, "tokens_per_second": 59465.00482461499, "loss_main": 2.6763365864753723, "loss_total": 2.6763365864753723}
{"event": "update", "optimizer_step": 29460, "tokens_seen": 965345280, "lr": 0.00011993995738911496, "grad_norm": 0.7388119697570801, "elapsed_seconds": 16233.821875239955, "tokens_per_second": 59465.06543060927, "loss_main": 2.34348601102829, "loss_total": 2.34348601102829}
{"event": "update", "optimizer_step": 29470, "tokens_seen": 965672960, "lr": 0.00011945574278520243, "grad_norm": 0.7095581293106079, "elapsed_seconds": 16239.318071322923, "tokens_per_second": 59465.11767050648, "loss_main": 2.241479754447937, "loss_total": 2.241479754447937}
{"event": "update", "optimizer_step": 29480, "tokens_seen": 966000640, "lr": 0.00011897152818128993, "grad_norm": 0.6983479857444763, "elapsed_seconds": 16244.817245948943, "tokens_per_second": 59465.15897191129, "loss_main": 2.286549746990204, "loss_total": 2.286549746990204}
{"event": "update", "optimizer_step": 29490, "tokens_seen": 966328320, "lr": 0.00011848731357737757, "grad_norm": 0.7615687847137451, "elapsed_seconds": 16250.314437414927, "tokens_per_second": 59465.207502392295, "loss_main": 2.5638315677642822, "loss_total": 2.5638315677642822}
{"event": "update", "optimizer_step": 29500, "tokens_seen": 966656000, "lr": 0.00011800309897346507, "grad_norm": 0.7178133726119995, "elapsed_seconds": 16255.803727601946, "tokens_per_second": 59465.28490367058, "loss_main": 2.4648438096046448, "loss_total": 2.4648438096046448}
{"event": "update", "optimizer_step": 29510, "tokens_seen": 966983680, "lr": 0.00011751888436955271, "grad_norm": 0.8149701356887817, "elapsed_seconds": 16261.273762043915, "tokens_per_second": 59465.432668446614, "loss_main": 2.6937018036842346, "loss_total": 2.6937018036842346}
{"event": "update", "optimizer_step": 29520, "tokens_seen": 967311360, "lr": 0.00011703466976564021, "grad_norm": 0.7079337239265442, "elapsed_seconds": 16266.759342554957, "tokens_per_second": 59465.52350285574, "loss_main": 2.3397907614707947, "loss_total": 2.3397907614707947}
{"event": "update", "optimizer_step": 29530, "tokens_seen": 967639040, "lr": 0.00011655045516172769, "grad_norm": 0.7239874601364136, "elapsed_seconds": 16272.244491530932, "tokens_per_second": 59465.615853032345, "loss_main": 2.3832736015319824, "loss_total": 2.3832736015319824}
{"event": "update", "optimizer_step": 29540, "tokens_seen": 967966720, "lr": 0.00011606624055781535, "grad_norm": 0.7042436599731445, "elapsed_seconds": 16277.732673913939, "tokens_per_second": 59465.69705934696, "loss_main": 2.3926392197608948, "loss_total": 2.3926392197608948}
{"event": "update", "optimizer_step": 29550, "tokens_seen": 968294400, "lr": 0.00011558202595390282, "grad_norm": 0.7466233372688293, "elapsed_seconds": 16283.205980957951, "tokens_per_second": 59465.83253521151, "loss_main": 2.3719927072525024, "loss_total": 2.3719927072525024}
{"event": "update", "optimizer_step": 29560, "tokens_seen": 968622080, "lr": 0.0001150978113499903, "grad_norm": 0.7335612177848816, "elapsed_seconds": 16288.694007379934, "tokens_per_second": 59465.91418324548, "loss_main": 2.425766348838806, "loss_total": 2.425766348838806}
{"event": "update", "optimizer_step": 29570, "tokens_seen": 968949760, "lr": 0.00011461359674607796, "grad_norm": 0.7797234058380127, "elapsed_seconds": 16294.178537198924, "tokens_per_second": 59466.00853721643, "loss_main": 2.4585543870925903, "loss_total": 2.4585543870925903}
{"event": "update", "optimizer_step": 29580, "tokens_seen": 969277440, "lr": 0.00011412938214216544, "grad_norm": 0.7134829163551331, "elapsed_seconds": 16299.666505643923, "tokens_per_second": 59466.09028254523, "loss_main": 2.2649617195129395, "loss_total": 2.2649617195129395}
{"event": "update", "optimizer_step": 29590, "tokens_seen": 969605120, "lr": 0.00011364516753825294, "grad_norm": 0.7245846390724182, "elapsed_seconds": 16305.15393074794, "tokens_per_second": 59466.17395445361, "loss_main": 2.3306905031204224, "loss_total": 2.3306905031204224}
{"event": "update", "optimizer_step": 29600, "tokens_seen": 969932800, "lr": 0.00011316095293434058, "grad_norm": 0.7468950748443604, "elapsed_seconds": 16310.643935690925, "tokens_per_second": 59466.24816434099, "loss_main": 2.4522393345832825, "loss_total": 2.4522393345832825}
{"event": "update", "optimizer_step": 29610, "tokens_seen": 970260480, "lr": 0.00011267673833042808, "grad_norm": 0.7479152679443359, "elapsed_seconds": 16316.146407778957, "tokens_per_second": 59466.27688615336, "loss_main": 2.4511725902557373, "loss_total": 2.4511725902557373}
{"event": "update", "optimizer_step": 29620, "tokens_seen": 970588160, "lr": 0.00011219252372651571, "grad_norm": 0.7377309203147888, "elapsed_seconds": 16321.637380416912, "tokens_per_second": 59466.347485732935, "loss_main": 2.280085861682892, "loss_total": 2.280085861682892}
{"event": "update", "optimizer_step": 29630, "tokens_seen": 970915840, "lr": 0.00011170830912260322, "grad_norm": 0.7490336894989014, "elapsed_seconds": 16327.112416304939, "tokens_per_second": 59466.47608247021, "loss_main": 2.2083558440208435, "loss_total": 2.2083558440208435}
{"event": "update", "optimizer_step": 29640, "tokens_seen": 971243520, "lr": 0.00011122409451869069, "grad_norm": 0.7351789474487305, "elapsed_seconds": 16332.601322177914, "tokens_per_second": 59466.55409271246, "loss_main": 2.330479919910431, "loss_total": 2.330479919910431}
{"event": "update", "optimizer_step": 29650, "tokens_seen": 971571200, "lr": 0.00011073987991477835, "grad_norm": 0.742852509021759, "elapsed_seconds": 16338.081436930923, "tokens_per_second": 59466.66404807123, "loss_main": 2.530988395214081, "loss_total": 2.530988395214081}
{"event": "update", "optimizer_step": 29660, "tokens_seen": 971898880, "lr": 0.00011025566531086583, "grad_norm": 0.7227907180786133, "elapsed_seconds": 16343.580179832934, "tokens_per_second": 59466.70615042284, "loss_main": 2.227819561958313, "loss_total": 2.227819561958313}
{"event": "update", "optimizer_step": 29670, "tokens_seen": 972226560, "lr": 0.00010977145070695333, "grad_norm": 0.7123527526855469, "elapsed_seconds": 16349.063566229946, "tokens_per_second": 59466.80408095037, "loss_main": 2.2133860290050507, "loss_total": 2.2133860290050507}
{"event": "update", "optimizer_step": 29680, "tokens_seen": 972554240, "lr": 0.00010928723610304097, "grad_norm": 0.7037664651870728, "elapsed_seconds": 16354.546424230968, "tokens_per_second": 59466.90386711425, "loss_main": 2.3444984555244446, "loss_total": 2.3444984555244446}
{"event": "update", "optimizer_step": 29690, "tokens_seen": 972881920, "lr": 0.00010880302149912847, "grad_norm": 0.7679471373558044, "elapsed_seconds": 16360.016022680968, "tokens_per_second": 59467.05178352085, "loss_main": 2.3788092136383057, "loss_total": 2.3788092136383057}
{"event": "update", "optimizer_step": 29700, "tokens_seen": 973209600, "lr": 0.00010831880689521594, "grad_norm": 0.7526212930679321, "elapsed_seconds": 16365.49885490496, "tokens_per_second": 59467.15151358286, "loss_main": 2.5239057540893555, "loss_total": 2.5239057540893555}
{"event": "update", "optimizer_step": 29710, "tokens_seen": 973537280, "lr": 0.0001078345922913036, "grad_norm": 0.7465794086456299, "elapsed_seconds": 16370.984361515963, "tokens_per_second": 59467.241462189624, "loss_main": 2.176775097846985, "loss_total": 2.176775097846985}
{"event": "update", "optimizer_step": 29720, "tokens_seen": 973864960, "lr": 0.00010735037768739108, "grad_norm": 0.722209632396698, "elapsed_seconds": 16376.477574070916, "tokens_per_second": 59467.30336821227, "loss_main": 2.1699896454811096, "loss_total": 2.1699896454811096}
{"event": "update", "optimizer_step": 29730, "tokens_seen": 974192640, "lr": 0.00010686616308347858, "grad_norm": 0.7411326766014099, "elapsed_seconds": 16381.96390260593, "tokens_per_second": 59467.390222061964, "loss_main": 2.2877305150032043, "loss_total": 2.2877305150032043}
{"event": "update", "optimizer_step": 29740, "tokens_seen": 974520320, "lr": 0.00010638194847956622, "grad_norm": 0.7198649048805237, "elapsed_seconds": 16387.466815089923, "tokens_per_second": 59467.41683727721, "loss_main": 2.1780619621276855, "loss_total": 2.1780619621276855}
{"event": "update", "optimizer_step": 29750, "tokens_seen": 974848000, "lr": 0.00010589773387565372, "grad_norm": 0.7383982539176941, "elapsed_seconds": 16392.941927531967, "tokens_per_second": 59467.54428274656, "loss_main": 2.286456435918808, "loss_total": 2.286456435918808}
{"event": "update", "optimizer_step": 29760, "tokens_seen": 975175680, "lr": 0.00010541351927174136, "grad_norm": 0.7135764360427856, "elapsed_seconds": 16398.431508281967, "tokens_per_second": 59467.61917488823, "loss_main": 2.3422418236732483, "loss_total": 2.3422418236732483}
{"event": "update", "optimizer_step": 29770, "tokens_seen": 975503360, "lr": 0.00010492930466782886, "grad_norm": 0.7457700967788696, "elapsed_seconds": 16403.93959255796, "tokens_per_second": 59467.626937772955, "loss_main": 2.3019535839557648, "loss_total": 2.3019535839557648}
{"event": "update", "optimizer_step": 29780, "tokens_seen": 975831040, "lr": 0.00010444509006391633, "grad_norm": 0.7601101994514465, "elapsed_seconds": 16409.409808751952, "tokens_per_second": 59467.77192922203, "loss_main": 2.423933267593384, "loss_total": 2.423933267593384}
{"event": "update", "optimizer_step": 29790, "tokens_seen": 976158720, "lr": 0.000103960875460004, "grad_norm": 0.7598884105682373, "elapsed_seconds": 16414.89241367794, "tokens_per_second": 59467.87194210314, "loss_main": 2.423120856285095, "loss_total": 2.423120856285095}
{"event": "update", "optimizer_step": 29800, "tokens_seen": 976486400, "lr": 0.00010347666085609147, "grad_norm": 0.722981333732605, "elapsed_seconds": 16420.377119631914, "tokens_per_second": 59467.96427912304, "loss_main": 2.3308792114257812, "loss_total": 2.3308792114257812}
{"event": "update", "optimizer_step": 29810, "tokens_seen": 976814080, "lr": 0.00010299244625217897, "grad_norm": 0.7408643364906311, "elapsed_seconds": 16425.852990230953, "tokens_per_second": 59468.0885419434, "loss_main": 2.3248586654663086, "loss_total": 2.3248586654663086}
{"event": "update", "optimizer_step": 29820, "tokens_seen": 977141760, "lr": 0.00010250823164826661, "grad_norm": 0.7437847256660461, "elapsed_seconds": 16431.32428680593, "tokens_per_second": 59468.22927623843, "loss_main": 2.3558059334754944, "loss_total": 2.3558059334754944}
{"event": "update", "optimizer_step": 29830, "tokens_seen": 977469440, "lr": 0.00010202401704435411, "grad_norm": 0.7206699848175049, "elapsed_seconds": 16436.80174252094, "tokens_per_second": 59468.34763306477, "loss_main": 2.4431702494621277, "loss_total": 2.4431702494621277}
{"event": "update", "optimizer_step": 29840, "tokens_seen": 977797120, "lr": 0.00010153980244044159, "grad_norm": 0.7781429290771484, "elapsed_seconds": 16442.280393339926, "tokens_per_second": 59468.461588580154, "loss_main": 2.499324679374695, "loss_total": 2.499324679374695}
{"event": "update", "optimizer_step": 29850, "tokens_seen": 978124800, "lr": 0.00010105558783652925, "grad_norm": 0.7782567739486694, "elapsed_seconds": 16447.769979781937, "tokens_per_second": 59468.53592932894, "loss_main": 2.569944977760315, "loss_total": 2.569944977760315}
{"event": "update", "optimizer_step": 29860, "tokens_seen": 978452480, "lr": 0.00010057137323261672, "grad_norm": 0.7476648688316345, "elapsed_seconds": 16453.266791705915, "tokens_per_second": 59468.58410472244, "loss_main": 2.197662800550461, "loss_total": 2.197662800550461}
{"event": "update", "optimizer_step": 29870, "tokens_seen": 978780160, "lr": 0.00010008715862870439, "grad_norm": 0.7533360123634338, "elapsed_seconds": 16458.74861773994, "tokens_per_second": 59468.686394847115, "loss_main": 2.422066807746887, "loss_total": 2.422066807746887}
{"event": "update", "optimizer_step": 29880, "tokens_seen": 979107840, "lr": 9.960294402479186e-05, "grad_norm": 0.7416263222694397, "elapsed_seconds": 16464.231263580965, "tokens_per_second": 59468.7856557139, "loss_main": 2.2405617237091064, "loss_total": 2.2405617237091064}
{"event": "update", "optimizer_step": 29890, "tokens_seen": 979435520, "lr": 9.911872942087934e-05, "grad_norm": 0.7589881420135498, "elapsed_seconds": 16469.70715302293, "tokens_per_second": 59468.909246527175, "loss_main": 2.308459222316742, "loss_total": 2.308459222316742}
{"event": "update", "optimizer_step": 29900, "tokens_seen": 979763200, "lr": 9.8634514816967e-05, "grad_norm": 0.7376484274864197, "elapsed_seconds": 16475.20238333993, "tokens_per_second": 59468.962942194696, "loss_main": 2.3486539721488953, "loss_total": 2.3486539721488953}
{"event": "update", "optimizer_step": 29910, "tokens_seen": 980090880, "lr": 9.815030021305448e-05, "grad_norm": 0.7815998196601868, "elapsed_seconds": 16480.667763595935, "tokens_per_second": 59469.1243133314, "loss_main": 2.3067519068717957, "loss_total": 2.3067519068717957}
{"event": "update", "optimizer_step": 29920, "tokens_seen": 980418560, "lr": 9.766608560914198e-05, "grad_norm": 0.74980229139328, "elapsed_seconds": 16486.166285102954, "tokens_per_second": 59469.16602957687, "loss_main": 2.3476054668426514, "loss_total": 2.3476054668426514}
{"event": "update", "optimizer_step": 29930, "tokens_seen": 980746240, "lr": 9.718187100522961e-05, "grad_norm": 0.7145522236824036, "elapsed_seconds": 16491.673647090967, "tokens_per_second": 59469.1758391058, "loss_main": 2.323232054710388, "loss_total": 2.323232054710388}
{"event": "update", "optimizer_step": 29940, "tokens_seen": 981073920, "lr": 9.669765640131712e-05, "grad_norm": 0.757519006729126, "elapsed_seconds": 16497.177800902922, "tokens_per_second": 59469.197206949175, "loss_main": 2.3145644068717957, "loss_total": 2.3145644068717957}
{"event": "update", "optimizer_step": 29950, "tokens_seen": 981401600, "lr": 9.621344179740459e-05, "grad_norm": 0.7415233254432678, "elapsed_seconds": 16502.67603731196, "tokens_per_second": 59469.239884554845, "loss_main": 2.423098385334015, "loss_total": 2.423098385334015}
{"event": "update", "optimizer_step": 29960, "tokens_seen": 981729280, "lr": 9.572922719349225e-05, "grad_norm": 0.7511290907859802, "elapsed_seconds": 16508.163659627957, "tokens_per_second": 59469.320770116785, "loss_main": 2.462453842163086, "loss_total": 2.462453842163086}
{"event": "update", "optimizer_step": 29970, "tokens_seen": 982056960, "lr": 9.524501258957973e-05, "grad_norm": 0.7502330541610718, "elapsed_seconds": 16513.666260160913, "tokens_per_second": 59469.34766201522, "loss_main": 2.4520634412765503, "loss_total": 2.4520634412765503}
{"event": "update", "optimizer_step": 29980, "tokens_seen": 982384640, "lr": 9.476079798566723e-05, "grad_norm": 0.7434887886047363, "elapsed_seconds": 16519.16093397292, "tokens_per_second": 59469.4030723831, "loss_main": 2.3146632313728333, "loss_total": 2.3146632313728333}
{"event": "update", "optimizer_step": 29990, "tokens_seen": 982712320, "lr": 9.427658338175487e-05, "grad_norm": 0.7949184775352478, "elapsed_seconds": 16524.65481417894, "tokens_per_second": 59469.46130195628, "loss_main": 2.497019410133362, "loss_total": 2.497019410133362}
{"event": "update", "optimizer_step": 30000, "tokens_seen": 983040000, "lr": 9.379236877784237e-05, "grad_norm": 0.7349455952644348, "elapsed_seconds": 16530.157807540963, "tokens_per_second": 59469.48670698974, "loss_main": 2.3006462454795837, "loss_total": 2.3006462454795837}
{"event": "update", "optimizer_step": 30010, "tokens_seen": 983367680, "lr": 9.330815417393e-05, "grad_norm": 0.7166903614997864, "elapsed_seconds": 16535.644141472934, "tokens_per_second": 59469.57200981499, "loss_main": 2.2822906970977783, "loss_total": 2.2822906970977783}
{"event": "update", "optimizer_step": 30020, "tokens_seen": 983695360, "lr": 9.282393957001751e-05, "grad_norm": 0.7548906803131104, "elapsed_seconds": 16541.132913541922, "tokens_per_second": 59469.64849031995, "loss_main": 2.3508506417274475, "loss_total": 2.3508506417274475}
{"event": "update", "optimizer_step": 30030, "tokens_seen": 984023040, "lr": 9.233972496610498e-05, "grad_norm": 0.7548325061798096, "elapsed_seconds": 16546.630235739925, "tokens_per_second": 59469.694190334754, "loss_main": 2.4065927863121033, "loss_total": 2.4065927863121033}
{"event": "update", "optimizer_step": 30040, "tokens_seen": 984350720, "lr": 9.185551036219265e-05, "grad_norm": 0.7391272783279419, "elapsed_seconds": 16552.10812800296, "tokens_per_second": 59469.80966942025, "loss_main": 2.2698336839675903, "loss_total": 2.2698336839675903}
{"event": "update", "optimizer_step": 30050, "tokens_seen": 984678400, "lr": 9.137129575828012e-05, "grad_norm": 0.7797348499298096, "elapsed_seconds": 16557.599311469938, "tokens_per_second": 59469.877334082135, "loss_main": 2.149053156375885, "loss_total": 2.149053156375885}
{"event": "update", "optimizer_step": 30060, "tokens_seen": 985006080, "lr": 9.088708115436762e-05, "grad_norm": 0.7931191921234131, "elapsed_seconds": 16563.084981506923, "tokens_per_second": 59469.96474991118, "loss_main": 2.267356276512146, "loss_total": 2.267356276512146}
{"event": "update", "optimizer_step": 30070, "tokens_seen": 985333760, "lr": 9.040286655045526e-05, "grad_norm": 0.7696912288665771, "elapsed_seconds": 16568.586193845957, "tokens_per_second": 59469.99632147135, "loss_main": 2.475765109062195, "loss_total": 2.475765109062195}
{"event": "update", "optimizer_step": 30080, "tokens_seen": 985661440, "lr": 8.991865194654276e-05, "grad_norm": 0.7282938361167908, "elapsed_seconds": 16574.079284695967, "tokens_per_second": 59470.0570130693, "loss_main": 2.3018022179603577, "loss_total": 2.3018022179603577}
{"event": "update", "optimizer_step": 30090, "tokens_seen": 985989120, "lr": 8.943443734263023e-05, "grad_norm": 0.7154260277748108, "elapsed_seconds": 16579.57702951593, "tokens_per_second": 59470.10097089236, "loss_main": 2.2475136518478394, "loss_total": 2.2475136518478394}
{"event": "update", "optimizer_step": 30100, "tokens_seen": 986316800, "lr": 8.89502227387179e-05, "grad_norm": 0.762658953666687, "elapsed_seconds": 16585.075903540943, "tokens_per_second": 59470.14085051125, "loss_main": 2.3821383714675903, "loss_total": 2.3821383714675903}
{"event": "update", "optimizer_step": 30110, "tokens_seen": 986644480, "lr": 8.846600813480537e-05, "grad_norm": 0.7486459612846375, "elapsed_seconds": 16590.572208130965, "tokens_per_second": 59470.18991403141, "loss_main": 2.5024275183677673, "loss_total": 2.5024275183677673}
{"event": "update", "optimizer_step": 30120, "tokens_seen": 986972160, "lr": 8.798179353089304e-05, "grad_norm": 0.722988486289978, "elapsed_seconds": 16596.06082737993, "tokens_per_second": 59470.26648466534, "loss_main": 2.2471327781677246, "loss_total": 2.2471327781677246}
{"event": "update", "optimizer_step": 30130, "tokens_seen": 987299840, "lr": 8.749757892698051e-05, "grad_norm": 0.7583411335945129, "elapsed_seconds": 16601.540533744963, "tokens_per_second": 59470.37493256571, "loss_main": 2.4084945917129517, "loss_total": 2.4084945917129517}
{"event": "update", "optimizer_step": 30140, "tokens_seen": 987627520, "lr": 8.701336432306801e-05, "grad_norm": 0.7476825714111328, "elapsed_seconds": 16607.038209542923, "tokens_per_second": 59470.4189596239, "loss_main": 2.4995203614234924, "loss_total": 2.4995203614234924}
{"event": "update", "optimizer_step": 30150, "tokens_seen": 987955200, "lr": 8.652914971915565e-05, "grad_norm": 0.7782045602798462, "elapsed_seconds": 16612.528706288955, "tokens_per_second": 59470.48865751502, "loss_main": 2.295238971710205, "loss_total": 2.295238971710205}
{"event": "update", "optimizer_step": 30160, "tokens_seen": 988282880, "lr": 8.604493511524315e-05, "grad_norm": 0.7583223581314087, "elapsed_seconds": 16618.021606037917, "tokens_per_second": 59470.54970977543, "loss_main": 2.2216157615184784, "loss_total": 2.2216157615184784}
{"event": "update", "optimizer_step": 30170, "tokens_seen": 988610560, "lr": 8.556072051133063e-05, "grad_norm": 0.7446538805961609, "elapsed_seconds": 16623.517056276964, "tokens_per_second": 59470.60159731392, "loss_main": 2.437228560447693, "loss_total": 2.437228560447693}
{"event": "update", "optimizer_step": 30180, "tokens_seen": 988938240, "lr": 8.507650590741829e-05, "grad_norm": 0.7220653891563416, "elapsed_seconds": 16629.012009540922, "tokens_per_second": 59470.65522789899, "loss_main": 2.3436293601989746, "loss_total": 2.3436293601989746}
{"event": "update", "optimizer_step": 30190, "tokens_seen": 989265920, "lr": 8.459229130350576e-05, "grad_norm": 0.7398536205291748, "elapsed_seconds": 16634.495164213935, "tokens_per_second": 59470.75100470883, "loss_main": 2.395461678504944, "loss_total": 2.395461678504944}
{"event": "update", "optimizer_step": 30200, "tokens_seen": 989593600, "lr": 8.410807669959324e-05, "grad_norm": 0.7797390222549438, "elapsed_seconds": 16639.98891069193, "tokens_per_second": 59470.80886358899, "loss_main": 2.5010093450546265, "loss_total": 2.5010093450546265}
{"event": "update", "optimizer_step": 30210, "tokens_seen": 989921280, "lr": 8.36238620956809e-05, "grad_norm": 0.714881956577301, "elapsed_seconds": 16645.485985600913, "tokens_per_second": 59470.85479248404, "loss_main": 2.07272607088089, "loss_total": 2.07272607088089}
{"event": "update", "optimizer_step": 30220, "tokens_seen": 990248960, "lr": 8.31396474917684e-05, "grad_norm": 0.7176553606987, "elapsed_seconds": 16650.989096150966, "tokens_per_second": 59470.87913407531, "loss_main": 2.2449713945388794, "loss_total": 2.2449713945388794}
{"event": "update", "optimizer_step": 30230, "tokens_seen": 990576640, "lr": 8.265543288785588e-05, "grad_norm": 0.7437888383865356, "elapsed_seconds": 16656.484572977934, "tokens_per_second": 59470.93071529796, "loss_main": 2.251339852809906, "loss_total": 2.251339852809906}
{"event": "update", "optimizer_step": 30240, "tokens_seen": 990904320, "lr": 8.217121828394354e-05, "grad_norm": 0.738682210445404, "elapsed_seconds": 16661.99453343195, "tokens_per_second": 59470.93056667201, "loss_main": 2.4040239453315735, "loss_total": 2.4040239453315735}
{"event": "update", "optimizer_step": 30250, "tokens_seen": 991232000, "lr": 8.168700368003102e-05, "grad_norm": 0.7941917181015015, "elapsed_seconds": 16667.499206026958, "tokens_per_second": 59470.94928563555, "loss_main": 2.5098952054977417, "loss_total": 2.5098952054977417}
{"event": "update", "optimizer_step": 30260, "tokens_seen": 991559680, "lr": 8.120278907611868e-05, "grad_norm": 0.7913769483566284, "elapsed_seconds": 16672.99333056691, "tokens_per_second": 59471.00561613943, "loss_main": 2.376342535018921, "loss_total": 2.376342535018921}
{"event": "update", "optimizer_step": 30270, "tokens_seen": 991887360, "lr": 8.071857447220616e-05, "grad_norm": 0.7587108612060547, "elapsed_seconds": 16678.477497341926, "tokens_per_second": 59471.097416300654, "loss_main": 2.392388701438904, "loss_total": 2.392388701438904}
{"event": "update", "optimizer_step": 30280, "tokens_seen": 992215040, "lr": 8.023435986829363e-05, "grad_norm": 0.7290192246437073, "elapsed_seconds": 16683.965638455935, "tokens_per_second": 59471.174989295134, "loss_main": 2.246692955493927, "loss_total": 2.246692955493927}
{"event": "update", "optimizer_step": 30290, "tokens_seen": 992542720, "lr": 7.97501452643813e-05, "grad_norm": 0.759184718132019, "elapsed_seconds": 16689.454886617954, "tokens_per_second": 59471.24856641345, "loss_main": 2.269274353981018, "loss_total": 2.269274353981018}
{"event": "update", "optimizer_step": 30300, "tokens_seen": 992870400, "lr": 7.926593066046877e-05, "grad_norm": 0.7599392533302307, "elapsed_seconds": 16694.959179257916, "tokens_per_second": 59471.2685032233, "loss_main": 2.1954880356788635, "loss_total": 2.1954880356788635}
{"event": "update", "optimizer_step": 30310, "tokens_seen": 993198080, "lr": 7.878171605655627e-05, "grad_norm": 0.7465386986732483, "elapsed_seconds": 16700.43995964795, "tokens_per_second": 59471.3721554517, "loss_main": 2.3413814306259155, "loss_total": 2.3413814306259155}
{"event": "update", "optimizer_step": 30320, "tokens_seen": 993525760, "lr": 7.829750145264391e-05, "grad_norm": 0.7608062624931335, "elapsed_seconds": 16705.921390427917, "tokens_per_second": 59471.473424343174, "loss_main": 2.364111542701721, "loss_total": 2.364111542701721}
{"event": "update", "optimizer_step": 30330, "tokens_seen": 993853440, "lr": 7.781328684873141e-05, "grad_norm": 0.7680689096450806, "elapsed_seconds": 16711.406898155925, "tokens_per_second": 59471.56011799761, "loss_main": 2.5088635087013245, "loss_total": 2.5088635087013245}
{"event": "update", "optimizer_step": 30340, "tokens_seen": 994181120, "lr": 7.732907224481888e-05, "grad_norm": 0.7338332533836365, "elapsed_seconds": 16716.904651567922, "tokens_per_second": 59471.6031898138, "loss_main": 2.2820338010787964, "loss_total": 2.2820338010787964}
{"event": "update", "optimizer_step": 30350, "tokens_seen": 994508800, "lr": 7.684485764090655e-05, "grad_norm": 0.7325928211212158, "elapsed_seconds": 16722.392971665948, "tokens_per_second": 59471.67978201886, "loss_main": 2.458195447921753, "loss_total": 2.458195447921753}
{"event": "update", "optimizer_step": 30360, "tokens_seen": 994836480, "lr": 7.636064303699402e-05, "grad_norm": 0.9154492616653442, "elapsed_seconds": 16727.91692949296, "tokens_per_second": 59471.62962329193, "loss_main": 2.233650267124176, "loss_total": 2.233650267124176}
{"event": "update", "optimizer_step": 30370, "tokens_seen": 995164160, "lr": 7.587642843308169e-05, "grad_norm": 0.7436637282371521, "elapsed_seconds": 16733.420461706934, "tokens_per_second": 59471.65209153454, "loss_main": 2.2883760929107666, "loss_total": 2.2883760929107666}
{"event": "update", "optimizer_step": 30380, "tokens_seen": 995491840, "lr": 7.539221382916916e-05, "grad_norm": 0.7559215426445007, "elapsed_seconds": 16738.91222200694, "tokens_per_second": 59471.71636943107, "loss_main": 2.232970952987671, "loss_total": 2.232970952987671}
{"event": "update", "optimizer_step": 30390, "tokens_seen": 995819520, "lr": 7.490799922525666e-05, "grad_norm": 0.7382916808128357, "elapsed_seconds": 16744.398661922954, "tokens_per_second": 59471.799501794616, "loss_main": 2.24697083234787, "loss_total": 2.24697083234787}
{"event": "update", "optimizer_step": 30400, "tokens_seen": 996147200, "lr": 7.44237846213443e-05, "grad_norm": 0.7839252948760986, "elapsed_seconds": 16749.88679714495, "tokens_per_second": 59471.87656037145, "loss_main": 2.210542380809784, "loss_total": 2.210542380809784}
{"event": "update", "optimizer_step": 30410, "tokens_seen": 996474880, "lr": 7.39395700174318e-05, "grad_norm": 0.7885078191757202, "elapsed_seconds": 16755.38611905591, "tokens_per_second": 59471.91386217644, "loss_main": 2.2627697587013245, "loss_total": 2.2627697587013245}
{"event": "update", "optimizer_step": 30420, "tokens_seen": 996802560, "lr": 7.345535541351927e-05, "grad_norm": 0.7653093338012695, "elapsed_seconds": 16760.879318467923, "tokens_per_second": 59471.9728637194, "loss_main": 2.2709243297576904, "loss_total": 2.2709243297576904}
{"event": "update", "optimizer_step": 30430, "tokens_seen": 997130240, "lr": 7.297114080960694e-05, "grad_norm": 0.769310712814331, "elapsed_seconds": 16766.37396518595, "tokens_per_second": 59472.0266928593, "loss_main": 2.2167857885360718, "loss_total": 2.2167857885360718}
{"event": "update", "optimizer_step": 30440, "tokens_seen": 997457920, "lr": 7.248692620569441e-05, "grad_norm": 0.7424681186676025, "elapsed_seconds": 16771.872647044947, "tokens_per_second": 59472.06617835505, "loss_main": 2.2412416636943817, "loss_total": 2.2412416636943817}
{"event": "update", "optimizer_step": 30450, "tokens_seen": 997785600, "lr": 7.200271160178191e-05, "grad_norm": 0.7504152655601501, "elapsed_seconds": 16777.362301977933, "tokens_per_second": 59472.13763646077, "loss_main": 2.40044504404068, "loss_total": 2.40044504404068}
{"event": "update", "optimizer_step": 30460, "tokens_seen": 998113280, "lr": 7.151849699786955e-05, "grad_norm": 0.7615676522254944, "elapsed_seconds": 16782.865014966927, "tokens_per_second": 59472.16277494245, "loss_main": 2.265027642250061, "loss_total": 2.265027642250061}
{"event": "update", "optimizer_step": 30470, "tokens_seen": 998440960, "lr": 7.103428239395705e-05, "grad_norm": 0.7635018229484558, "elapsed_seconds": 16788.365090941952, "tokens_per_second": 59472.19723847333, "loss_main": 2.3079983592033386, "loss_total": 2.3079983592033386}
{"event": "update", "optimizer_step": 30480, "tokens_seen": 998768640, "lr": 7.055006779004453e-05, "grad_norm": 0.8295384049415588, "elapsed_seconds": 16793.85801662295, "tokens_per_second": 59472.25700082706, "loss_main": 2.415225028991699, "loss_total": 2.415225028991699}
{"event": "update", "optimizer_step": 30490, "tokens_seen": 999096320, "lr": 7.006585318613219e-05, "grad_norm": 0.7974662184715271, "elapsed_seconds": 16799.35144936794, "tokens_per_second": 59472.31492901412, "loss_main": 2.345850110054016, "loss_total": 2.345850110054016}
{"event": "update", "optimizer_step": 30500, "tokens_seen": 999424000, "lr": 6.958163858221967e-05, "grad_norm": 0.7660264372825623, "elapsed_seconds": 16804.843645824934, "tokens_per_second": 59472.37719455373, "loss_main": 2.3722251653671265, "loss_total": 2.3722251653671265}
{"event": "update", "optimizer_step": 30510, "tokens_seen": 999751680, "lr": 6.909742397830733e-05, "grad_norm": 0.758590042591095, "elapsed_seconds": 16810.34093881992, "tokens_per_second": 59472.42138862783, "loss_main": 2.404692828655243, "loss_total": 2.404692828655243}
{"event": "evaluation", "tokens_seen": 1000013824, "elapsed_seconds": 16814.738709953963, "parameters": 71199040, "main_loss": 2.383576527237892, "perplexity": 10.843616081498615}
{"event": "update", "optimizer_step": 30520, "tokens_seen": 1000079360, "lr": 6.86132093743948e-05, "grad_norm": 0.8065122961997986, "elapsed_seconds": 16818.30926871294, "tokens_per_second": 59463.7275377285, "loss_main": 2.207213521003723, "loss_total": 2.207213521003723}
{"event": "update", "optimizer_step": 30530, "tokens_seen": 1000407040, "lr": 6.81289947704823e-05, "grad_norm": 0.7298094034194946, "elapsed_seconds": 16823.803894696932, "tokens_per_second": 59463.78394932079, "loss_main": 2.120074212551117, "loss_total": 2.120074212551117}
{"event": "update", "optimizer_step": 30540, "tokens_seen": 1000734720, "lr": 6.764478016656994e-05, "grad_norm": 0.8052064180374146, "elapsed_seconds": 16829.284516535932, "tokens_per_second": 59463.88980569608, "loss_main": 2.3777835369110107, "loss_total": 2.3777835369110107}
{"event": "update", "optimizer_step": 30550, "tokens_seen": 1001062400, "lr": 6.716056556265744e-05, "grad_norm": 0.7494977712631226, "elapsed_seconds": 16834.766602386953, "tokens_per_second": 59463.99042194397, "loss_main": 2.308948338031769, "loss_total": 2.308948338031769}
{"event": "update", "optimizer_step": 30560, "tokens_seen": 1001390080, "lr": 6.667635095874492e-05, "grad_norm": 0.7657201290130615, "elapsed_seconds": 16840.263271709962, "tokens_per_second": 59464.03947747301, "loss_main": 2.371478259563446, "loss_total": 2.371478259563446}
{"event": "update", "optimizer_step": 30570, "tokens_seen": 1001717760, "lr": 6.619213635483258e-05, "grad_norm": 0.7821255326271057, "elapsed_seconds": 16845.748844258953, "tokens_per_second": 59464.12767167584, "loss_main": 2.3255345821380615, "loss_total": 2.3255345821380615}
{"event": "update", "optimizer_step": 30580, "tokens_seen": 1002045440, "lr": 6.570792175092006e-05, "grad_norm": 0.7697869539260864, "elapsed_seconds": 16851.259233743942, "tokens_per_second": 59464.1282352031, "loss_main": 2.4544610381126404, "loss_total": 2.4544610381126404}
{"event": "update", "optimizer_step": 30590, "tokens_seen": 1002373120, "lr": 6.522370714700753e-05, "grad_norm": 0.7710044980049133, "elapsed_seconds": 16856.76189677295, "tokens_per_second": 59464.15605430683, "loss_main": 2.2728004455566406, "loss_total": 2.2728004455566406}
{"event": "update", "optimizer_step": 30600, "tokens_seen": 1002700800, "lr": 6.47394925430952e-05, "grad_norm": 0.7406573295593262, "elapsed_seconds": 16862.25705912296, "tokens_per_second": 59464.210306147026, "loss_main": 2.211852550506592, "loss_total": 2.211852550506592}
{"event": "update", "optimizer_step": 30610, "tokens_seen": 1003028480, "lr": 6.425527793918267e-05, "grad_norm": 0.7314801812171936, "elapsed_seconds": 16867.74365410395, "tokens_per_second": 59464.29472539212, "loss_main": 2.1814982891082764, "loss_total": 2.1814982891082764}
{"event": "update", "optimizer_step": 30620, "tokens_seen": 1003356160, "lr": 6.377106333527033e-05, "grad_norm": 0.8022212982177734, "elapsed_seconds": 16873.225916241936, "tokens_per_second": 59464.394359479484, "loss_main": 2.331189513206482, "loss_total": 2.331189513206482}
{"event": "update", "optimizer_step": 30630, "tokens_seen": 1003683840, "lr": 6.328684873135781e-05, "grad_norm": 0.8015106916427612, "elapsed_seconds": 16878.721288725967, "tokens_per_second": 59464.447740505326, "loss_main": 2.366485893726349, "loss_total": 2.366485893726349}
{"event": "update", "optimizer_step": 30640, "tokens_seen": 1004011520, "lr": 6.280263412744531e-05, "grad_norm": 0.7568582892417908, "elapsed_seconds": 16884.22216511093, "tokens_per_second": 59464.48170260757, "loss_main": 2.350191831588745, "loss_total": 2.350191831588745}
{"event": "update", "optimizer_step": 30650, "tokens_seen": 1004339200, "lr": 6.231841952353295e-05, "grad_norm": 0.8466287851333618, "elapsed_seconds": 16889.717036342947, "tokens_per_second": 59464.536785245335, "loss_main": 2.319104552268982, "loss_total": 2.319104552268982}
{"event": "update", "optimizer_step": 30660, "tokens_seen": 1004666880, "lr": 6.183420491962045e-05, "grad_norm": 0.7551397681236267, "elapsed_seconds": 16895.206889819936, "tokens_per_second": 59464.60949261021, "loss_main": 2.198137879371643, "loss_total": 2.198137879371643}
{"event": "update", "optimizer_step": 30670, "tokens_seen": 1004994560, "lr": 6.134999031570792e-05, "grad_norm": 0.7795781493186951, "elapsed_seconds": 16900.695509074954, "tokens_per_second": 59464.686495319715, "loss_main": 2.4204801321029663, "loss_total": 2.4204801321029663}
{"event": "update", "optimizer_step": 30680, "tokens_seen": 1005322240, "lr": 6.0865775711795586e-05, "grad_norm": 0.7471292018890381, "elapsed_seconds": 16906.199055898935, "tokens_per_second": 59464.7109427723, "loss_main": 2.2537443041801453, "loss_total": 2.2537443041801453}
{"event": "update", "optimizer_step": 30690, "tokens_seen": 1005649920, "lr": 6.038156110788306e-05, "grad_norm": 0.7622867226600647, "elapsed_seconds": 16911.69903402892, "tokens_per_second": 59464.74792251677, "loss_main": 2.327550232410431, "loss_total": 2.327550232410431}
{"event": "update", "optimizer_step": 30700, "tokens_seen": 1005977600, "lr": 5.989734650397056e-05, "grad_norm": 0.7481088638305664, "elapsed_seconds": 16917.188292668958, "tokens_per_second": 59464.82255777333, "loss_main": 2.3364580273628235, "loss_total": 2.3364580273628235}
{"event": "update", "optimizer_step": 30710, "tokens_seen": 1006305280, "lr": 5.94131319000582e-05, "grad_norm": 0.7768418788909912, "elapsed_seconds": 16922.663685678912, "tokens_per_second": 59464.945867334274, "loss_main": 2.404535174369812, "loss_total": 2.404535174369812}
{"event": "update", "optimizer_step": 30720, "tokens_seen": 1006632960, "lr": 5.89289172961457e-05, "grad_norm": 0.7619200944900513, "elapsed_seconds": 16928.15178615495, "tokens_per_second": 59465.02445844656, "loss_main": 2.302296757698059, "loss_total": 2.302296757698059}
{"event": "update", "optimizer_step": 30730, "tokens_seen": 1006960640, "lr": 5.8444702692233175e-05, "grad_norm": 0.7838101387023926, "elapsed_seconds": 16933.637984694913, "tokens_per_second": 59465.10967756123, "loss_main": 2.459673225879669, "loss_total": 2.459673225879669}
{"event": "update", "optimizer_step": 30740, "tokens_seen": 1007288320, "lr": 5.796048808832084e-05, "grad_norm": 0.7267146706581116, "elapsed_seconds": 16939.109206783934, "tokens_per_second": 59465.24741670546, "loss_main": 1.957720696926117, "loss_total": 1.957720696926117}
{"event": "update", "optimizer_step": 30750, "tokens_seen": 1007616000, "lr": 5.7476273484408314e-05, "grad_norm": 1.1511517763137817, "elapsed_seconds": 16944.59947023593, "tokens_per_second": 59465.31824313285, "loss_main": 2.3244630098342896, "loss_total": 2.3244630098342896}
{"event": "update", "optimizer_step": 30760, "tokens_seen": 1007943680, "lr": 5.699205888049598e-05, "grad_norm": 0.7884480953216553, "elapsed_seconds": 16950.076293387916, "tokens_per_second": 59465.43617583541, "loss_main": 2.358171224594116, "loss_total": 2.358171224594116}
{"event": "update", "optimizer_step": 30770, "tokens_seen": 1008271360, "lr": 5.650784427658345e-05, "grad_norm": 0.8012040853500366, "elapsed_seconds": 16955.555464844918, "tokens_per_second": 59465.54579650995, "loss_main": 2.3061898052692413, "loss_total": 2.3061898052692413}
{"event": "update", "optimizer_step": 30780, "tokens_seen": 1008599040, "lr": 5.6023629672670954e-05, "grad_norm": 0.7359520196914673, "elapsed_seconds": 16961.046630660945, "tokens_per_second": 59465.61329397728, "loss_main": 2.1123224794864655, "loss_total": 2.1123224794864655}
{"event": "update", "optimizer_step": 30790, "tokens_seen": 1008926720, "lr": 5.553941506875862e-05, "grad_norm": 0.7701870799064636, "elapsed_seconds": 16966.531840654963, "tokens_per_second": 59465.70162220331, "loss_main": 2.2858203053474426, "loss_total": 2.2858203053474426}
{"event": "update", "optimizer_step": 30800, "tokens_seen": 1009254400, "lr": 5.505520046484609e-05, "grad_norm": 0.7799727320671082, "elapsed_seconds": 16972.027096887934, "tokens_per_second": 59465.7546937962, "loss_main": 2.3944762349128723, "loss_total": 2.3944762349128723}
{"event": "update", "optimizer_step": 30810, "tokens_seen": 1009582080, "lr": 5.4570985860933566e-05, "grad_norm": 0.7744839787483215, "elapsed_seconds": 16977.514720875944, "tokens_per_second": 59465.834463897976, "loss_main": 2.2645050287246704, "loss_total": 2.2645050287246704}
{"event": "update", "optimizer_step": 30820, "tokens_seen": 1009909760, "lr": 5.4086771257021203e-05, "grad_norm": 0.7845743298530579, "elapsed_seconds": 16983.011538187915, "tokens_per_second": 59465.881992079085, "loss_main": 2.3711884021759033, "loss_total": 2.3711884021759033}
{"event": "update", "optimizer_step": 30830, "tokens_seen": 1010237440, "lr": 5.360255665310873e-05, "grad_norm": 0.8050587773323059, "elapsed_seconds": 16988.505127815937, "tokens_per_second": 59465.94078756813, "loss_main": 2.3358244597911835, "loss_total": 2.3358244597911835}
{"event": "update", "optimizer_step": 30840, "tokens_seen": 1010565120, "lr": 5.3118342049196206e-05, "grad_norm": 0.7526779174804688, "elapsed_seconds": 16993.988631029963, "tokens_per_second": 59466.03483980042, "loss_main": 2.1680649518966675, "loss_total": 2.1680649518966675}
{"event": "update", "optimizer_step": 30850, "tokens_seen": 1010892800, "lr": 5.263412744528384e-05, "grad_norm": 0.7679492831230164, "elapsed_seconds": 16999.469749299926, "tokens_per_second": 59466.13717416867, "loss_main": 2.272220551967621, "loss_total": 2.272220551967621}
{"event": "update", "optimizer_step": 30860, "tokens_seen": 1011220480, "lr": 5.214991284137132e-05, "grad_norm": 0.7480922341346741, "elapsed_seconds": 17004.959044026968, "tokens_per_second": 59466.21084954589, "loss_main": 2.378429412841797, "loss_total": 2.378429412841797}
{"event": "update", "optimizer_step": 30870, "tokens_seen": 1011548160, "lr": 5.166569823745901e-05, "grad_norm": 0.7734361290931702, "elapsed_seconds": 17010.45347598195, "tokens_per_second": 59466.266518306744, "loss_main": 2.162857949733734, "loss_total": 2.162857949733734}
{"event": "update", "optimizer_step": 30880, "tokens_seen": 1011875840, "lr": 5.118148363354648e-05, "grad_norm": 0.7817036509513855, "elapsed_seconds": 17015.941458785965, "tokens_per_second": 59466.344689234385, "loss_main": 2.30135977268219, "loss_total": 2.30135977268219}
{"event": "update", "optimizer_step": 30890, "tokens_seen": 1012203520, "lr": 5.069726902963396e-05, "grad_norm": 0.8260087370872498, "elapsed_seconds": 17021.423837096954, "tokens_per_second": 59466.4423897357, "loss_main": 2.2202356159687042, "loss_total": 2.2202356159687042}
{"event": "update", "optimizer_step": 30900, "tokens_seen": 1012531200, "lr": 5.0213054425721595e-05, "grad_norm": 0.7633616924285889, "elapsed_seconds": 17026.927081209957, "tokens_per_second": 59466.46715351107, "loss_main": 2.2713077664375305, "loss_total": 2.2713077664375305}
{"event": "update", "optimizer_step": 30910, "tokens_seen": 1012858880, "lr": 4.972883982180912e-05, "grad_norm": 0.746965765953064, "elapsed_seconds": 17032.434655188932, "tokens_per_second": 59466.47678412977, "loss_main": 2.1503968238830566, "loss_total": 2.1503968238830566}
{"event": "update", "optimizer_step": 30920, "tokens_seen": 1013186560, "lr": 4.92446252178966e-05, "grad_norm": 0.8105261921882629, "elapsed_seconds": 17037.92168020195, "tokens_per_second": 59466.55812940623, "loss_main": 2.4083003997802734, "loss_total": 2.4083003997802734}
{"event": "update", "optimizer_step": 30930, "tokens_seen": 1013514240, "lr": 4.8760410613984235e-05, "grad_norm": 0.7595711350440979, "elapsed_seconds": 17043.416574038914, "tokens_per_second": 59466.61196698189, "loss_main": 2.3586104214191437, "loss_total": 2.3586104214191437}
{"event": "update", "optimizer_step": 30940, "tokens_seen": 1013841920, "lr": 4.827619601007171e-05, "grad_norm": 0.7989906668663025, "elapsed_seconds": 17048.91509383492, "tokens_per_second": 59466.653122497904, "loss_main": 2.2362096309661865, "loss_total": 2.2362096309661865}
{"event": "update", "optimizer_step": 30950, "tokens_seen": 1014169600, "lr": 4.7791981406159183e-05, "grad_norm": 0.8017069697380066, "elapsed_seconds": 17054.402103996952, "tokens_per_second": 59466.734384215924, "loss_main": 2.398585259914398, "loss_total": 2.398585259914398}
{"event": "update", "optimizer_step": 30960, "tokens_seen": 1014497280, "lr": 4.7307766802246875e-05, "grad_norm": 0.7652113437652588, "elapsed_seconds": 17059.91305586096, "tokens_per_second": 59466.73213855963, "loss_main": 2.174022614955902, "loss_total": 2.174022614955902}
{"event": "update", "optimizer_step": 30970, "tokens_seen": 1014824960, "lr": 4.682355219833435e-05, "grad_norm": 0.8020051717758179, "elapsed_seconds": 17065.424502407957, "tokens_per_second": 59466.72817056538, "loss_main": 2.2185733318328857, "loss_total": 2.2185733318328857}
{"event": "update", "optimizer_step": 30980, "tokens_seen": 1015152640, "lr": 4.633933759442182e-05, "grad_norm": 0.7553660273551941, "elapsed_seconds": 17070.919263636926, "tokens_per_second": 59466.78232861162, "loss_main": 1.9643252789974213, "loss_total": 1.9643252789974213}
{"event": "update", "optimizer_step": 30990, "tokens_seen": 1015480320, "lr": 4.585512299050946e-05, "grad_norm": 0.7739505171775818, "elapsed_seconds": 17076.402663215937, "tokens_per_second": 59466.87601759552, "loss_main": 2.2447943687438965, "loss_total": 2.2447943687438965}
{"event": "update", "optimizer_step": 31000, "tokens_seen": 1015808000, "lr": 4.537090838659699e-05, "grad_norm": 0.7650826573371887, "elapsed_seconds": 17081.88892233593, "tokens_per_second": 59466.95969154502, "loss_main": 2.2755208611488342, "loss_total": 2.2755208611488342}
{"event": "update", "optimizer_step": 31010, "tokens_seen": 1016135680, "lr": 4.4886693782684626e-05, "grad_norm": 3.212092638015747, "elapsed_seconds": 17087.38965656096, "tokens_per_second": 59466.99293591864, "loss_main": 2.2582945227622986, "loss_total": 2.2582945227622986}
{"event": "update", "optimizer_step": 31020, "tokens_seen": 1016463360, "lr": 4.44024791787721e-05, "grad_norm": 0.7812023758888245, "elapsed_seconds": 17092.90335227095, "tokens_per_second": 59466.981065270775, "loss_main": 2.241816461086273, "loss_total": 2.241816461086273}
{"event": "update", "optimizer_step": 31030, "tokens_seen": 1016791040, "lr": 4.3918264574859575e-05, "grad_norm": 0.8005978465080261, "elapsed_seconds": 17098.402865071956, "tokens_per_second": 59467.018529377776, "loss_main": 2.3976300954818726, "loss_total": 2.3976300954818726}
{"event": "update", "optimizer_step": 31040, "tokens_seen": 1017118720, "lr": 4.3434049970947266e-05, "grad_norm": 0.7700759768486023, "elapsed_seconds": 17103.908806579944, "tokens_per_second": 59467.0336179944, "loss_main": 2.147208571434021, "loss_total": 2.147208571434021}
{"event": "update", "optimizer_step": 31050, "tokens_seen": 1017446400, "lr": 4.294983536703474e-05, "grad_norm": 0.7857438921928406, "elapsed_seconds": 17109.391791034956, "tokens_per_second": 59467.12848864245, "loss_main": 2.288739502429962, "loss_total": 2.288739502429962}
{"event": "update", "optimizer_step": 31060, "tokens_seen": 1017774080, "lr": 4.2465620763122215e-05, "grad_norm": 0.7873769998550415, "elapsed_seconds": 17114.888740720926, "tokens_per_second": 59467.17477505078, "loss_main": 2.1944259703159332, "loss_total": 2.1944259703159332}
{"event": "update", "optimizer_step": 31070, "tokens_seen": 1018101760, "lr": 4.198140615920985e-05, "grad_norm": 0.7801990509033203, "elapsed_seconds": 17120.384936093935, "tokens_per_second": 59467.223651823035, "loss_main": 2.389931380748749, "loss_total": 2.389931380748749}
{"event": "update", "optimizer_step": 31080, "tokens_seen": 1018429440, "lr": 4.149719155529738e-05, "grad_norm": 0.8041433095932007, "elapsed_seconds": 17125.87246445293, "tokens_per_second": 59467.302592255575, "loss_main": 2.39319509267807, "loss_total": 2.39319509267807}
{"event": "update", "optimizer_step": 31090, "tokens_seen": 1018757120, "lr": 4.1012976951384855e-05, "grad_norm": 0.8065971732139587, "elapsed_seconds": 17131.369992540916, "tokens_per_second": 59467.346770490156, "loss_main": 2.3679078221321106, "loss_total": 2.3679078221321106}
{"event": "update", "optimizer_step": 31100, "tokens_seen": 1019084800, "lr": 4.052876234747249e-05, "grad_norm": 0.7991219758987427, "elapsed_seconds": 17136.879343836918, "tokens_per_second": 59467.34989217872, "loss_main": 2.339727520942688, "loss_total": 2.339727520942688}
{"event": "update", "optimizer_step": 31110, "tokens_seen": 1019412480, "lr": 4.0044547743559966e-05, "grad_norm": 0.7740433216094971, "elapsed_seconds": 17142.368412680924, "tokens_per_second": 59467.42337225107, "loss_main": 2.2358898520469666, "loss_total": 2.2358898520469666}
{"event": "update", "optimizer_step": 31120, "tokens_seen": 1019740160, "lr": 3.956033313964766e-05, "grad_norm": 6.61898946762085, "elapsed_seconds": 17147.860357178957, "tokens_per_second": 59467.48683272811, "loss_main": 2.075994849205017, "loss_total": 2.075994849205017}
{"event": "update", "optimizer_step": 31130, "tokens_seen": 1020067840, "lr": 3.907611853573513e-05, "grad_norm": 0.7529294490814209, "elapsed_seconds": 17153.354520495923, "tokens_per_second": 59467.54256032882, "loss_main": 2.3580965995788574, "loss_total": 2.3580965995788574}
{"event": "update", "optimizer_step": 31140, "tokens_seen": 1020395520, "lr": 3.8591903931822606e-05, "grad_norm": 0.768390417098999, "elapsed_seconds": 17158.846347078914, "tokens_per_second": 59467.60635068628, "loss_main": 2.207184910774231, "loss_total": 2.207184910774231}
{"event": "update", "optimizer_step": 31150, "tokens_seen": 1020723200, "lr": 3.810768932791024e-05, "grad_norm": 0.7777968049049377, "elapsed_seconds": 17164.32699852693, "tokens_per_second": 59467.70881768916, "loss_main": 2.3275527954101562, "loss_total": 2.3275527954101562}
{"event": "update", "optimizer_step": 31160, "tokens_seen": 1021050880, "lr": 3.762347472399777e-05, "grad_norm": 0.766542375087738, "elapsed_seconds": 17169.806124762923, "tokens_per_second": 59467.81650186504, "loss_main": 2.1751476526260376, "loss_total": 2.1751476526260376}
{"event": "update", "optimizer_step": 31170, "tokens_seen": 1021378560, "lr": 3.7139260120085246e-05, "grad_norm": 0.7499322891235352, "elapsed_seconds": 17175.290253845917, "tokens_per_second": 59467.90679542032, "loss_main": 2.0669218003749847, "loss_total": 2.0669218003749847}
{"event": "update", "optimizer_step": 31180, "tokens_seen": 1021706240, "lr": 3.665504551617288e-05, "grad_norm": 0.7914764881134033, "elapsed_seconds": 17180.791810013936, "tokens_per_second": 59467.93671083843, "loss_main": 2.4198808073997498, "loss_total": 2.4198808073997498}
{"event": "update", "optimizer_step": 31190, "tokens_seen": 1022033920, "lr": 3.617083091226036e-05, "grad_norm": 0.768326997756958, "elapsed_seconds": 17186.271850958932, "tokens_per_second": 59468.041054114605, "loss_main": 2.1793012619018555, "loss_total": 2.1793012619018555}
{"event": "update", "optimizer_step": 31200, "tokens_seen": 1022361600, "lr": 3.5686616308347886e-05, "grad_norm": 0.8488432765007019, "elapsed_seconds": 17191.758732052927, "tokens_per_second": 59468.12167005768, "loss_main": 2.2548487782478333, "loss_total": 2.2548487782478333}
{"event": "update", "optimizer_step": 31210, "tokens_seen": 1022689280, "lr": 3.520240170443552e-05, "grad_norm": 0.7717221975326538, "elapsed_seconds": 17197.23806788196, "tokens_per_second": 59468.228326152144, "loss_main": 2.213922619819641, "loss_total": 2.213922619819641}
{"event": "update", "optimizer_step": 31220, "tokens_seen": 1023016960, "lr": 3.4718187100523e-05, "grad_norm": 0.7752843499183655, "elapsed_seconds": 17202.707609539968, "tokens_per_second": 59468.36877194109, "loss_main": 2.2776519060134888, "loss_total": 2.2776519060134888}
{"event": "update", "optimizer_step": 31230, "tokens_seen": 1023344640, "lr": 3.423397249661047e-05, "grad_norm": 0.7899819016456604, "elapsed_seconds": 17208.21488335397, "tokens_per_second": 59468.37873287557, "loss_main": 2.2060320675373077, "loss_total": 2.2060320675373077}
{"event": "update", "optimizer_step": 31240, "tokens_seen": 1023672320, "lr": 3.374975789269816e-05, "grad_norm": 0.8073839545249939, "elapsed_seconds": 17213.694428144954, "tokens_per_second": 59468.48448327642, "loss_main": 2.3442338705062866, "loss_total": 2.3442338705062866}
{"event": "update", "optimizer_step": 31250, "tokens_seen": 1024000000, "lr": 3.326554328878564e-05, "grad_norm": 0.7727895975112915, "elapsed_seconds": 17219.178778501926, "tokens_per_second": 59468.573569748856, "loss_main": 2.1340867280960083, "loss_total": 2.1340867280960083}
{"event": "update", "optimizer_step": 31260, "tokens_seen": 1024327680, "lr": 3.2781328684873274e-05, "grad_norm": 0.7673596739768982, "elapsed_seconds": 17224.670934243943, "tokens_per_second": 59468.63565117865, "loss_main": 2.1734213829040527, "loss_total": 2.1734213829040527}
{"event": "update", "optimizer_step": 31270, "tokens_seen": 1024655360, "lr": 3.229711408096075e-05, "grad_norm": 0.8165360689163208, "elapsed_seconds": 17230.163940512924, "tokens_per_second": 59468.6947574973, "loss_main": 2.4501641392707825, "loss_total": 2.4501641392707825}
{"event": "update", "optimizer_step": 31280, "tokens_seen": 1024983040, "lr": 3.181289947704822e-05, "grad_norm": 0.810169517993927, "elapsed_seconds": 17235.63824276993, "tokens_per_second": 59468.81836127907, "loss_main": 2.361368417739868, "loss_total": 2.361368417739868}
{"event": "update", "optimizer_step": 31290, "tokens_seen": 1025310720, "lr": 3.1328684873135914e-05, "grad_norm": 0.7680341005325317, "elapsed_seconds": 17241.11704433593, "tokens_per_second": 59468.92636732236, "loss_main": 2.1713817715644836, "loss_total": 2.1713817715644836}
{"event": "update", "optimizer_step": 31300, "tokens_seen": 1025638400, "lr": 3.084447026922339e-05, "grad_norm": 0.7840124368667603, "elapsed_seconds": 17246.601314446947, "tokens_per_second": 59469.01544832803, "loss_main": 2.3318015933036804, "loss_total": 2.3318015933036804}
{"event": "update", "optimizer_step": 31310, "tokens_seen": 1025966080, "lr": 3.0360255665310863e-05, "grad_norm": 0.7499549984931946, "elapsed_seconds": 17252.07738442492, "tokens_per_second": 59469.13273912373, "loss_main": 2.1189651489257812, "loss_total": 2.1189651489257812}
{"event": "update", "optimizer_step": 31320, "tokens_seen": 1026293760, "lr": 2.98760410613985e-05, "grad_norm": 0.7703872919082642, "elapsed_seconds": 17257.560771339922, "tokens_per_second": 59469.22474144739, "loss_main": 2.256846934556961, "loss_total": 2.256846934556961}
{"event": "update", "optimizer_step": 31330, "tokens_seen": 1026621440, "lr": 2.939182645748603e-05, "grad_norm": 0.7870652675628662, "elapsed_seconds": 17263.03006161994, "tokens_per_second": 59469.365246744135, "loss_main": 2.2635159492492676, "loss_total": 2.2635159492492676}
{"event": "update", "optimizer_step": 31340, "tokens_seen": 1026949120, "lr": 2.8907611853573503e-05, "grad_norm": 0.8033340573310852, "elapsed_seconds": 17268.523315779923, "tokens_per_second": 59469.423136000114, "loss_main": 2.1910997927188873, "loss_total": 2.1910997927188873}
{"event": "update", "optimizer_step": 31350, "tokens_seen": 1027276800, "lr": 2.842339724966114e-05, "grad_norm": 0.7719574570655823, "elapsed_seconds": 17274.01234310295, "tokens_per_second": 59469.49554022775, "loss_main": 2.3648963570594788, "loss_total": 2.3648963570594788}
{"event": "update", "optimizer_step": 31360, "tokens_seen": 1027604480, "lr": 2.7939182645748614e-05, "grad_norm": 0.7630736827850342, "elapsed_seconds": 17279.48964776995, "tokens_per_second": 59469.60824347148, "loss_main": 2.2154781818389893, "loss_total": 2.2154781818389893}
{"event": "update", "optimizer_step": 31370, "tokens_seen": 1027932160, "lr": 2.7454968041836143e-05, "grad_norm": 0.7502402067184448, "elapsed_seconds": 17284.96560658794, "tokens_per_second": 59469.72550574339, "loss_main": 2.119786262512207, "loss_total": 2.119786262512207}
{"event": "update", "optimizer_step": 31380, "tokens_seen": 1028259840, "lr": 2.697075343792378e-05, "grad_norm": 0.7792024612426758, "elapsed_seconds": 17290.462336999946, "tokens_per_second": 59469.77125068667, "loss_main": 2.2334988713264465, "loss_total": 2.2334988713264465}
{"event": "update", "optimizer_step": 31390, "tokens_seen": 1028587520, "lr": 2.6486538834011254e-05, "grad_norm": 0.7799352407455444, "elapsed_seconds": 17295.947069890914, "tokens_per_second": 59469.8582184368, "loss_main": 2.3464378118515015, "loss_total": 2.3464378118515015}
{"event": "update", "optimizer_step": 31400, "tokens_seen": 1028915200, "lr": 2.600232423009889e-05, "grad_norm": 0.7461403012275696, "elapsed_seconds": 17301.435160454945, "tokens_per_second": 59469.93358977189, "loss_main": 2.1187265515327454, "loss_total": 2.1187265515327454}
{"event": "update", "optimizer_step": 31410, "tokens_seen": 1029242880, "lr": 2.551810962618642e-05, "grad_norm": 0.7912159562110901, "elapsed_seconds": 17306.91715223895, "tokens_per_second": 59470.02986992686, "loss_main": 2.1910306215286255, "loss_total": 2.1910306215286255}
{"event": "update", "optimizer_step": 31420, "tokens_seen": 1029570560, "lr": 2.5033895022273894e-05, "grad_norm": 0.7546387910842896, "elapsed_seconds": 17312.40023410396, "tokens_per_second": 59470.12234455124, "loss_main": 2.2842060923576355, "loss_total": 2.2842060923576355}
{"event": "update", "optimizer_step": 31430, "tokens_seen": 1029898240, "lr": 2.454968041836153e-05, "grad_norm": 0.7893862128257751, "elapsed_seconds": 17317.89014341694, "tokens_per_second": 59470.19131493312, "loss_main": 2.3551653623580933, "loss_total": 2.3551653623580933}
{"event": "update", "optimizer_step": 31440, "tokens_seen": 1030225920, "lr": 2.4065465814449005e-05, "grad_norm": 0.776742160320282, "elapsed_seconds": 17323.36715056392, "tokens_per_second": 59470.3045340965, "loss_main": 2.244937539100647, "loss_total": 2.244937539100647}
{"event": "update", "optimizer_step": 31450, "tokens_seen": 1030553600, "lr": 2.3581251210536534e-05, "grad_norm": 0.7728840708732605, "elapsed_seconds": 17328.846387259953, "tokens_per_second": 59470.41003015964, "loss_main": 2.24295437335968, "loss_total": 2.24295437335968}
{"event": "update", "optimizer_step": 31460, "tokens_seen": 1030881280, "lr": 2.309703660662417e-05, "grad_norm": 0.7851465940475464, "elapsed_seconds": 17334.33984193497, "tokens_per_second": 59470.46668060054, "loss_main": 2.343050479888916, "loss_total": 2.343050479888916}
{"event": "update", "optimizer_step": 31470, "tokens_seen": 1031208960, "lr": 2.2612822002711645e-05, "grad_norm": 0.7359774112701416, "elapsed_seconds": 17339.849604804942, "tokens_per_second": 59470.46736289153, "loss_main": 2.199582666158676, "loss_total": 2.199582666158676}
{"event": "update", "optimizer_step": 31480, "tokens_seen": 1031536640, "lr": 2.212860739879912e-05, "grad_norm": 0.8096295595169067, "elapsed_seconds": 17345.344962920935, "tokens_per_second": 59470.517433069865, "loss_main": 2.0622461140155792, "loss_total": 2.0622461140155792}
{"event": "update", "optimizer_step": 31490, "tokens_seen": 1031864320, "lr": 2.164439279488681e-05, "grad_norm": 0.7854344844818115, "elapsed_seconds": 17350.845290169935, "tokens_per_second": 59470.5504396722, "loss_main": 2.176797091960907, "loss_total": 2.176797091960907}
{"event": "update", "optimizer_step": 31500, "tokens_seen": 1032192000, "lr": 2.1160178190974285e-05, "grad_norm": 0.7795385122299194, "elapsed_seconds": 17356.346260771912, "tokens_per_second": 59470.58122094033, "loss_main": 2.1724264323711395, "loss_total": 2.1724264323711395}
{"event": "update", "optimizer_step": 31510, "tokens_seen": 1032519680, "lr": 2.0675963587061922e-05, "grad_norm": 0.7574504613876343, "elapsed_seconds": 17361.83934674994, "tokens_per_second": 59470.638990406456, "loss_main": 2.207842171192169, "loss_total": 2.207842171192169}
{"event": "update", "optimizer_step": 31520, "tokens_seen": 1032847360, "lr": 2.0191748983149397e-05, "grad_norm": 0.8032602667808533, "elapsed_seconds": 17367.33433130395, "tokens_per_second": 59470.690222064324, "loss_main": 2.2443583607673645, "loss_total": 2.2443583607673645}
{"event": "update", "optimizer_step": 31530, "tokens_seen": 1033175040, "lr": 1.9707534379236925e-05, "grad_norm": 0.7757261395454407, "elapsed_seconds": 17372.82327399496, "tokens_per_second": 59470.76210385099, "loss_main": 2.19140487909317, "loss_total": 2.19140487909317}
{"event": "update", "optimizer_step": 31540, "tokens_seen": 1033502720, "lr": 1.9223319775324562e-05, "grad_norm": 0.7937296628952026, "elapsed_seconds": 17378.332716522913, "tokens_per_second": 59470.76378721704, "loss_main": 2.1934444904327393, "loss_total": 2.1934444904327393}
{"event": "update", "optimizer_step": 31550, "tokens_seen": 1033830400, "lr": 1.8739105171412037e-05, "grad_norm": 0.7724295258522034, "elapsed_seconds": 17383.819083058916, "tokens_per_second": 59470.844413440806, "loss_main": 2.1871817111968994, "loss_total": 2.1871817111968994}
{"event": "update", "optimizer_step": 31560, "tokens_seen": 1034158080, "lr": 1.825489056749951e-05, "grad_norm": 0.8220128417015076, "elapsed_seconds": 17389.333308138943, "tokens_per_second": 59470.82971352158, "loss_main": 2.260662615299225, "loss_total": 2.260662615299225}
{"event": "update", "optimizer_step": 31570, "tokens_seen": 1034485760, "lr": 1.7770675963587202e-05, "grad_norm": 0.8137912154197693, "elapsed_seconds": 17394.83136433497, "tokens_per_second": 59470.87030237215, "loss_main": 2.089137554168701, "loss_total": 2.089137554168701}
{"event": "update", "optimizer_step": 31580, "tokens_seen": 1034813440, "lr": 1.7286461359674677e-05, "grad_norm": 0.783530056476593, "elapsed_seconds": 17400.321424150956, "tokens_per_second": 59470.93819564275, "loss_main": 2.304124891757965, "loss_total": 2.304124891757965}
{"event": "update", "optimizer_step": 31590, "tokens_seen": 1035141120, "lr": 1.680224675576215e-05, "grad_norm": 0.7319778203964233, "elapsed_seconds": 17405.81080731796, "tokens_per_second": 59471.00835801303, "loss_main": 2.181061327457428, "loss_total": 2.181061327457428}
{"event": "update", "optimizer_step": 31600, "tokens_seen": 1035468800, "lr": 1.6318032151849788e-05, "grad_norm": 0.766731858253479, "elapsed_seconds": 17411.316740464943, "tokens_per_second": 59471.02194709424, "loss_main": 2.3790388703346252, "loss_total": 2.3790388703346252}
{"event": "update", "optimizer_step": 31610, "tokens_seen": 1035796480, "lr": 1.5833817547937262e-05, "grad_norm": 0.7759571671485901, "elapsed_seconds": 17416.81518289994, "tokens_per_second": 59471.06110518752, "loss_main": 2.3139206171035767, "loss_total": 2.3139206171035767}
{"event": "update", "optimizer_step": 31620, "tokens_seen": 1036124160, "lr": 1.534960294402479e-05, "grad_norm": 0.8066111207008362, "elapsed_seconds": 17422.31673598592, "tokens_per_second": 59471.089620353305, "loss_main": 2.3495622277259827, "loss_total": 2.3495622277259827}
{"event": "update", "optimizer_step": 31630, "tokens_seen": 1036451840, "lr": 1.4865388340112428e-05, "grad_norm": 0.7676413059234619, "elapsed_seconds": 17427.811754749913, "tokens_per_second": 59471.14041540627, "loss_main": 2.119736671447754, "loss_total": 2.119736671447754}
{"event": "update", "optimizer_step": 31640, "tokens_seen": 1036779520, "lr": 1.4381173736199902e-05, "grad_norm": 0.7897453904151917, "elapsed_seconds": 17433.318327294954, "tokens_per_second": 59471.15176441984, "loss_main": 2.154106706380844, "loss_total": 2.154106706380844}
{"event": "update", "optimizer_step": 31650, "tokens_seen": 1037107200, "lr": 1.389695913228754e-05, "grad_norm": 0.7521012425422668, "elapsed_seconds": 17438.807815180917, "tokens_per_second": 59471.22136968402, "loss_main": 2.210634708404541, "loss_total": 2.210634708404541}
{"event": "update", "optimizer_step": 31660, "tokens_seen": 1037434880, "lr": 1.3412744528375068e-05, "grad_norm": 0.7621404528617859, "elapsed_seconds": 17444.30043298495, "tokens_per_second": 59471.28026059118, "loss_main": 2.1493844091892242, "loss_total": 2.1493844091892242}
{"event": "update", "optimizer_step": 31670, "tokens_seen": 1037762560, "lr": 1.2928529924462542e-05, "grad_norm": 0.7834586501121521, "elapsed_seconds": 17449.80181759695, "tokens_per_second": 59471.30923592991, "loss_main": 2.2776371240615845, "loss_total": 2.2776371240615845}
{"event": "update", "optimizer_step": 31680, "tokens_seen": 1038090240, "lr": 1.244431532055018e-05, "grad_norm": 0.7976963520050049, "elapsed_seconds": 17455.296751346963, "tokens_per_second": 59471.360171513224, "loss_main": 2.299316495656967, "loss_total": 2.299316495656967}
{"event": "update", "optimizer_step": 31690, "tokens_seen": 1038417920, "lr": 1.1960100716637654e-05, "grad_norm": 0.7732106447219849, "elapsed_seconds": 17460.783121152956, "tokens_per_second": 59471.44024382293, "loss_main": 2.2999947667121887, "loss_total": 2.2999947667121887}
{"event": "update", "optimizer_step": 31700, "tokens_seen": 1038745600, "lr": 1.1475886112725182e-05, "grad_norm": 0.7772634625434875, "elapsed_seconds": 17466.28311550396, "tokens_per_second": 59471.473875169046, "loss_main": 2.237492263317108, "loss_total": 2.237492263317108}
{"event": "update", "optimizer_step": 31710, "tokens_seen": 1039073280, "lr": 1.099167150881282e-05, "grad_norm": 0.761897087097168, "elapsed_seconds": 17471.76314942696, "tokens_per_second": 59471.57542792581, "loss_main": 2.0482336282730103, "loss_total": 2.0482336282730103}
{"event": "update", "optimizer_step": 31720, "tokens_seen": 1039400960, "lr": 1.0507456904900294e-05, "grad_norm": 0.764647901058197, "elapsed_seconds": 17477.243759225938, "tokens_per_second": 59471.674957403855, "loss_main": 2.1729758083820343, "loss_total": 2.1729758083820343}
{"event": "update", "optimizer_step": 31730, "tokens_seen": 1039728640, "lr": 1.0023242300987768e-05, "grad_norm": 0.7782413363456726, "elapsed_seconds": 17482.73861287092, "tokens_per_second": 59471.7259705836, "loss_main": 2.259079694747925, "loss_total": 2.259079694747925}
{"event": "evaluation", "tokens_seen": 1040023552, "elapsed_seconds": 17487.682992559916, "parameters": 71199040, "main_loss": 2.31589600071311, "perplexity": 10.133998922344336}
{"event": "update", "optimizer_step": 31740, "tokens_seen": 1040056320, "lr": 9.53902769707546e-06, "grad_norm": 0.7551196813583374, "elapsed_seconds": 17490.67466843495, "tokens_per_second": 59463.47637904258, "loss_main": 2.3127675652503967, "loss_total": 2.3127675652503967}
{"event": "update", "optimizer_step": 31750, "tokens_seen": 1040384000, "lr": 9.054813093162934e-06, "grad_norm": 0.7710142731666565, "elapsed_seconds": 17496.175559054944, "tokens_per_second": 59463.509410292885, "loss_main": 2.237139105796814, "loss_total": 2.237139105796814}
{"event": "update", "optimizer_step": 31760, "tokens_seen": 1040711680, "lr": 8.57059848925057e-06, "grad_norm": 0.7582361698150635, "elapsed_seconds": 17501.680691105954, "tokens_per_second": 59463.52801013398, "loss_main": 2.1538115739822388, "loss_total": 2.1538115739822388}
{"event": "update", "optimizer_step": 31770, "tokens_seen": 1041039360, "lr": 8.086383885338045e-06, "grad_norm": 0.8004969954490662, "elapsed_seconds": 17507.17130613496, "tokens_per_second": 59463.59590570713, "loss_main": 2.257461130619049, "loss_total": 2.257461130619049}
{"event": "update", "optimizer_step": 31780, "tokens_seen": 1041367040, "lr": 7.602169281425574e-06, "grad_norm": 0.8062537312507629, "elapsed_seconds": 17512.658791217953, "tokens_per_second": 59463.67438633663, "loss_main": 2.323556065559387, "loss_total": 2.323556065559387}
{"event": "update", "optimizer_step": 31790, "tokens_seen": 1041694720, "lr": 7.117954677513211e-06, "grad_norm": 0.8143004775047302, "elapsed_seconds": 17518.14950707293, "tokens_per_second": 59463.74185123932, "loss_main": 2.2756347060203552, "loss_total": 2.2756347060203552}
{"event": "update", "optimizer_step": 31800, "tokens_seen": 1042022400, "lr": 6.633740073600685e-06, "grad_norm": 0.7961170673370361, "elapsed_seconds": 17523.654503192927, "tokens_per_second": 59463.76081599512, "loss_main": 2.342082440853119, "loss_total": 2.342082440853119}
{"event": "update", "optimizer_step": 31810, "tokens_seen": 1042350080, "lr": 6.149525469688159e-06, "grad_norm": 0.8003729581832886, "elapsed_seconds": 17529.153788972937, "tokens_per_second": 59463.79913990549, "loss_main": 2.3951098918914795, "loss_total": 2.3951098918914795}
{"event": "update", "optimizer_step": 31820, "tokens_seen": 1042677760, "lr": 5.6653108657758505e-06, "grad_norm": 0.7617387175559998, "elapsed_seconds": 17534.65109276591, "tokens_per_second": 59463.84416112886, "loss_main": 2.140947103500366, "loss_total": 2.140947103500366}
{"event": "update", "optimizer_step": 31830, "tokens_seen": 1043005440, "lr": 5.181096261863325e-06, "grad_norm": 0.7967327237129211, "elapsed_seconds": 17540.129808271944, "tokens_per_second": 59463.95217144388, "loss_main": 2.257851481437683, "loss_total": 2.257851481437683}
{"event": "update", "optimizer_step": 31840, "tokens_seen": 1043333120, "lr": 4.696881657950799e-06, "grad_norm": 0.7736327648162842, "elapsed_seconds": 17545.61191031395, "tokens_per_second": 59464.0486369524, "loss_main": 2.165733218193054, "loss_total": 2.165733218193054}
{"event": "update", "optimizer_step": 31850, "tokens_seen": 1043660800, "lr": 4.212667054038436e-06, "grad_norm": 0.7671347260475159, "elapsed_seconds": 17551.093356569938, "tokens_per_second": 59464.147264040635, "loss_main": 2.1655510663986206, "loss_total": 2.1655510663986206}
{"event": "update", "optimizer_step": 31860, "tokens_seen": 1043988480, "lr": 3.728452450125965e-06, "grad_norm": 0.7685306668281555, "elapsed_seconds": 17556.576049734955, "tokens_per_second": 59464.24160625333, "loss_main": 2.194876730442047, "loss_total": 2.194876730442047}
{"event": "update", "optimizer_step": 31870, "tokens_seen": 1044316160, "lr": 3.2442378462134392e-06, "grad_norm": 0.7801330089569092, "elapsed_seconds": 17562.062207789917, "tokens_per_second": 59464.32415760251, "loss_main": 2.1973332166671753, "loss_total": 2.1973332166671753}
{"event": "update", "optimizer_step": 31880, "tokens_seen": 1044643840, "lr": 2.7600232423010762e-06, "grad_norm": 0.7535383701324463, "elapsed_seconds": 17567.553119332937, "tokens_per_second": 59464.3905673112, "loss_main": 2.217529296875, "loss_total": 2.217529296875}
{"event": "update", "optimizer_step": 31890, "tokens_seen": 1044971520, "lr": 2.2758086383885506e-06, "grad_norm": 0.7736033797264099, "elapsed_seconds": 17573.03902167792, "tokens_per_second": 59464.47388587335, "loss_main": 2.2130839824676514, "loss_total": 2.2130839824676514}
{"event": "update", "optimizer_step": 31900, "tokens_seen": 1045299200, "lr": 1.7915940344762418e-06, "grad_norm": 0.7524029612541199, "elapsed_seconds": 17578.52999584895, "tokens_per_second": 59464.53999548542, "loss_main": 2.138697326183319, "loss_total": 2.138697326183319}
{"event": "update", "optimizer_step": 31910, "tokens_seen": 1045626880, "lr": 1.3073794305637162e-06, "grad_norm": 0.8112526535987854, "elapsed_seconds": 17584.008328611962, "tokens_per_second": 59464.64881380883, "loss_main": 2.257936120033264, "loss_total": 2.257936120033264}
{"event": "update", "optimizer_step": 31920, "tokens_seen": 1045954560, "lr": 8.231648266511906e-07, "grad_norm": 0.7592099905014038, "elapsed_seconds": 17589.490320347948, "tokens_per_second": 59464.74519446504, "loss_main": 2.0577037036418915, "loss_total": 2.0577037036418915}
{"event": "update", "optimizer_step": 31930, "tokens_seen": 1046282240, "lr": 3.3895022273882757e-07, "grad_norm": 0.7940143346786499, "elapsed_seconds": 17594.97201711795, "tokens_per_second": 59464.842511945106, "loss_main": 2.22092604637146, "loss_total": 2.22092604637146}
{"event": "evaluation", "tokens_seen": 1046493440, "elapsed_seconds": 17598.565705365967, "parameters": 71199040, "main_loss": 2.311396338045597, "perplexity": 10.088501783374582}
{"event": "complete", "tokens_seen": 1046493440, "elapsed_seconds": 17598.565705365967, "heldout": {"main_loss": 2.311396338045597, "perplexity": 10.088501783374582}}
