{"event": "model_size", "parameters": null, "dim": 576, "n_layers": 11, "n_heads": 9, "n_kv_heads": 9, "ffn_dim": 1984}
W0812 09:18:43.065000 2994413 torch/_inductor/utils.py:1978] [0/0] Not enough SMs to use max_autotune_gemm mode
{"event": "initial_evaluation", "main_loss": 9.80885362625122, "perplexity": 18194.117858734207}
{"event": "update", "optimizer_step": 10, "tokens_seen": 327680, "lr": 3.1315240083507304e-06, "grad_norm": 7.086343288421631, "elapsed_seconds": 6.746098408009857, "tokens_per_second": 48573.26119211886, "loss_main": 9.776965141296387, "loss_total": 9.776965141296387}
{"event": "update", "optimizer_step": 20, "tokens_seen": 655360, "lr": 6.263048016701461e-06, "grad_norm": 7.20737886428833, "elapsed_seconds": 12.211666953982785, "tokens_per_second": 53666.71089783177, "loss_main": 9.71347427368164, "loss_total": 9.71347427368164}
{"event": "update", "optimizer_step": 30, "tokens_seen": 983040, "lr": 9.394572025052192e-06, "grad_norm": 6.798914432525635, "elapsed_seconds": 17.694981729029678, "tokens_per_second": 55554.733825311836, "loss_main": 9.603466987609863, "loss_total": 9.603466987609863}
{"event": "update", "optimizer_step": 40, "tokens_seen": 1310720, "lr": 1.2526096033402921e-05, "grad_norm": 6.957516670227051, "elapsed_seconds": 23.16891929099802, "tokens_per_second": 56572.34088209126, "loss_main": 9.4047212600708, "loss_total": 9.4047212600708}
{"event": "update", "optimizer_step": 50, "tokens_seen": 1638400, "lr": 1.5657620041753654e-05, "grad_norm": 6.591178894042969, "elapsed_seconds": 28.617794389021583, "tokens_per_second": 57251.09271972848, "loss_main": 9.199328899383545, "loss_total": 9.199328899383545}
{"event": "update", "optimizer_step": 60, "tokens_seen": 1966080, "lr": 1.8789144050104384e-05, "grad_norm": 5.430950164794922, "elapsed_seconds": 34.07890580804087, "tokens_per_second": 57691.99313717714, "loss_main": 8.93433427810669, "loss_total": 8.93433427810669}
{"event": "update", "optimizer_step": 70, "tokens_seen": 2293760, "lr": 2.1920668058455113e-05, "grad_norm": 4.810677528381348, "elapsed_seconds": 39.5374997400213, "tokens_per_second": 58014.79646114729, "loss_main": 8.618106603622437, "loss_total": 8.618106603622437}
{"event": "update", "optimizer_step": 80, "tokens_seen": 2621440, "lr": 2.5052192066805843e-05, "grad_norm": 3.4979565143585205, "elapsed_seconds": 44.98471792601049, "tokens_per_second": 58274.012172570816, "loss_main": 8.39632511138916, "loss_total": 8.39632511138916}
{"event": "update", "optimizer_step": 90, "tokens_seen": 2949120, "lr": 2.8183716075156572e-05, "grad_norm": 2.9239861965179443, "elapsed_seconds": 50.43378371896688, "tokens_per_second": 58475.08916708365, "loss_main": 8.123191595077515, "loss_total": 8.123191595077515}
{"event": "update", "optimizer_step": 100, "tokens_seen": 3276800, "lr": 3.131524008350731e-05, "grad_norm": 2.647942304611206, "elapsed_seconds": 55.89340048201848, "tokens_per_second": 58625.883766978586, "loss_main": 7.981747269630432, "loss_total": 7.981747269630432}
{"event": "update", "optimizer_step": 110, "tokens_seen": 3604480, "lr": 3.444676409185803e-05, "grad_norm": 2.23514461517334, "elapsed_seconds": 61.36550499196164, "tokens_per_second": 58737.88540438405, "loss_main": 7.692995309829712, "loss_total": 7.692995309829712}
{"event": "update", "optimizer_step": 120, "tokens_seen": 3932160, "lr": 3.757828810020877e-05, "grad_norm": 2.2431187629699707, "elapsed_seconds": 66.82181913300883, "tokens_per_second": 58845.44975007393, "loss_main": 7.503209471702576, "loss_total": 7.503209471702576}
{"event": "update", "optimizer_step": 130, "tokens_seen": 4259840, "lr": 4.07098121085595e-05, "grad_norm": 1.9583706855773926, "elapsed_seconds": 72.28016456402838, "tokens_per_second": 58935.11761759313, "loss_main": 7.268789291381836, "loss_total": 7.268789291381836}
{"event": "update", "optimizer_step": 140, "tokens_seen": 4587520, "lr": 4.384133611691023e-05, "grad_norm": 1.8999507427215576, "elapsed_seconds": 77.74749363295268, "tokens_per_second": 59005.374779768004, "loss_main": 7.0151978731155396, "loss_total": 7.0151978731155396}
{"event": "update", "optimizer_step": 150, "tokens_seen": 4915200, "lr": 4.6972860125260956e-05, "grad_norm": 1.9081757068634033, "elapsed_seconds": 83.20049682096578, "tokens_per_second": 59076.57030674622, "loss_main": 6.806110858917236, "loss_total": 6.806110858917236}
{"event": "update", "optimizer_step": 160, "tokens_seen": 5242880, "lr": 5.0104384133611686e-05, "grad_norm": 1.6195321083068848, "elapsed_seconds": 88.68509300495498, "tokens_per_second": 59117.9399192497, "loss_main": 6.689388871192932, "loss_total": 6.689388871192932}
{"event": "update", "optimizer_step": 170, "tokens_seen": 5570560, "lr": 5.3235908141962415e-05, "grad_norm": 1.9684126377105713, "elapsed_seconds": 94.15770277497359, "tokens_per_second": 59162.021118049335, "loss_main": 6.627670645713806, "loss_total": 6.627670645713806}
{"event": "update", "optimizer_step": 180, "tokens_seen": 5898240, "lr": 5.6367432150313145e-05, "grad_norm": 2.0842792987823486, "elapsed_seconds": 99.63966470002197, "tokens_per_second": 59195.70301402971, "loss_main": 6.34474241733551, "loss_total": 6.34474241733551}
{"event": "update", "optimizer_step": 190, "tokens_seen": 6225920, "lr": 5.949895615866388e-05, "grad_norm": 2.040719985961914, "elapsed_seconds": 105.10954537906218, "tokens_per_second": 59232.67936843539, "loss_main": 6.263135075569153, "loss_total": 6.263135075569153}
{"event": "update", "optimizer_step": 200, "tokens_seen": 6553600, "lr": 6.263048016701462e-05, "grad_norm": 1.8133889436721802, "elapsed_seconds": 110.56556120805908, "tokens_per_second": 59273.429523571314, "loss_main": 6.163913011550903, "loss_total": 6.163913011550903}
{"event": "update", "optimizer_step": 210, "tokens_seen": 6881280, "lr": 6.576200417536535e-05, "grad_norm": 2.0862629413604736, "elapsed_seconds": 116.02787933999207, "tokens_per_second": 59307.12548693619, "loss_main": 6.064307689666748, "loss_total": 6.064307689666748}
{"event": "update", "optimizer_step": 220, "tokens_seen": 7208960, "lr": 6.889352818371606e-05, "grad_norm": 1.7655366659164429, "elapsed_seconds": 121.4897068690043, "tokens_per_second": 59338.03106277166, "loss_main": 6.0060166120529175, "loss_total": 6.0060166120529175}
{"event": "update", "optimizer_step": 230, "tokens_seen": 7536640, "lr": 7.202505219206679e-05, "grad_norm": 2.1820220947265625, "elapsed_seconds": 126.96519869903568, "tokens_per_second": 59359.888199483765, "loss_main": 5.951021671295166, "loss_total": 5.951021671295166}
{"event": "update", "optimizer_step": 240, "tokens_seen": 7864320, "lr": 7.515657620041754e-05, "grad_norm": 1.7522852420806885, "elapsed_seconds": 132.42773181397934, "tokens_per_second": 59385.7486817563, "loss_main": 5.771675109863281, "loss_total": 5.771675109863281}
{"event": "update", "optimizer_step": 250, "tokens_seen": 8192000, "lr": 7.828810020876826e-05, "grad_norm": 2.191868543624878, "elapsed_seconds": 137.8938884229865, "tokens_per_second": 59407.99910487127, "loss_main": 5.705812215805054, "loss_total": 5.705812215805054}
{"event": "update", "optimizer_step": 260, "tokens_seen": 8519680, "lr": 8.1419624217119e-05, "grad_norm": 1.951521396636963, "elapsed_seconds": 143.3563960189931, "tokens_per_second": 59430.065463359155, "loss_main": 5.676469683647156, "loss_total": 5.676469683647156}
{"event": "update", "optimizer_step": 270, "tokens_seen": 8847360, "lr": 8.455114822546971e-05, "grad_norm": 2.106846332550049, "elapsed_seconds": 148.8367149590049, "tokens_per_second": 59443.39743346854, "loss_main": 5.602267265319824, "loss_total": 5.602267265319824}
{"event": "update", "optimizer_step": 280, "tokens_seen": 9175040, "lr": 8.768267223382045e-05, "grad_norm": 2.11090350151062, "elapsed_seconds": 154.32065387500916, "tokens_per_second": 59454.38779329729, "loss_main": 5.5681679248809814, "loss_total": 5.5681679248809814}
{"event": "update", "optimizer_step": 290, "tokens_seen": 9502720, "lr": 9.081419624217118e-05, "grad_norm": 2.2291243076324463, "elapsed_seconds": 159.7922456159722, "tokens_per_second": 59469.21869311376, "loss_main": 5.480646371841431, "loss_total": 5.480646371841431}
{"event": "update", "optimizer_step": 300, "tokens_seen": 9830400, "lr": 9.394572025052191e-05, "grad_norm": 2.5871143341064453, "elapsed_seconds": 165.26971180795226, "tokens_per_second": 59480.95323977561, "loss_main": 5.347425103187561, "loss_total": 5.347425103187561}
{"event": "update", "optimizer_step": 310, "tokens_seen": 10158080, "lr": 9.707724425887264e-05, "grad_norm": 2.01688289642334, "elapsed_seconds": 170.74917041906156, "tokens_per_second": 59491.240719176014, "loss_main": 5.185147523880005, "loss_total": 5.185147523880005}
{"event": "update", "optimizer_step": 320, "tokens_seen": 10485760, "lr": 0.00010020876826722337, "grad_norm": 1.9289101362228394, "elapsed_seconds": 176.22714538895525, "tokens_per_second": 59501.389396376035, "loss_main": 5.197455048561096, "loss_total": 5.197455048561096}
{"event": "update", "optimizer_step": 330, "tokens_seen": 10813440, "lr": 0.0001033402922755741, "grad_norm": 2.34482741355896, "elapsed_seconds": 181.7125319200568, "tokens_per_second": 59508.49886763617, "loss_main": 5.229464530944824, "loss_total": 5.229464530944824}
{"event": "update", "optimizer_step": 340, "tokens_seen": 11141120, "lr": 0.00010647181628392483, "grad_norm": 2.229602098464966, "elapsed_seconds": 187.1804198200116, "tokens_per_second": 59520.75548667455, "loss_main": 5.088483572006226, "loss_total": 5.088483572006226}
{"event": "update", "optimizer_step": 350, "tokens_seen": 11468800, "lr": 0.00010960334029227557, "grad_norm": 1.7671704292297363, "elapsed_seconds": 192.65575821103994, "tokens_per_second": 59530.01408572896, "loss_main": 5.3263328075408936, "loss_total": 5.3263328075408936}
{"event": "update", "optimizer_step": 360, "tokens_seen": 11796480, "lr": 0.00011273486430062629, "grad_norm": 2.186197519302368, "elapsed_seconds": 198.12397837999742, "tokens_per_second": 59540.90007911416, "loss_main": 4.99303674697876, "loss_total": 4.99303674697876}
{"event": "update", "optimizer_step": 370, "tokens_seen": 12124160, "lr": 0.00011586638830897702, "grad_norm": 2.1611320972442627, "elapsed_seconds": 203.61902092501987, "tokens_per_second": 59543.35673023675, "loss_main": 4.980125069618225, "loss_total": 4.980125069618225}
{"event": "update", "optimizer_step": 380, "tokens_seen": 12451840, "lr": 0.00011899791231732776, "grad_norm": 1.9717566967010498, "elapsed_seconds": 209.09192821499892, "tokens_per_second": 59551.988000208155, "loss_main": 4.892644643783569, "loss_total": 4.892644643783569}
{"event": "update", "optimizer_step": 390, "tokens_seen": 12779520, "lr": 0.00012212943632567848, "grad_norm": 2.0081944465637207, "elapsed_seconds": 214.55379155802075, "tokens_per_second": 59563.24475647449, "loss_main": 5.0274540185928345, "loss_total": 5.0274540185928345}
{"event": "update", "optimizer_step": 400, "tokens_seen": 13107200, "lr": 0.00012526096033402923, "grad_norm": 2.0928456783294678, "elapsed_seconds": 220.02526329096872, "tokens_per_second": 59571.341053988894, "loss_main": 4.883765339851379, "loss_total": 4.883765339851379}
{"event": "update", "optimizer_step": 410, "tokens_seen": 13434880, "lr": 0.00012839248434237994, "grad_norm": 1.7349644899368286, "elapsed_seconds": 225.4824242820032, "tokens_per_second": 59582.82576914932, "loss_main": 4.861278057098389, "loss_total": 4.861278057098389}
{"event": "update", "optimizer_step": 420, "tokens_seen": 13762560, "lr": 0.0001315240083507307, "grad_norm": 2.170468807220459, "elapsed_seconds": 230.94752575305756, "tokens_per_second": 59591.71874703574, "loss_main": 4.788210511207581, "loss_total": 4.788210511207581}
{"event": "update", "optimizer_step": 430, "tokens_seen": 14090240, "lr": 0.0001346555323590814, "grad_norm": 1.9516862630844116, "elapsed_seconds": 236.4141866719583, "tokens_per_second": 59599.80743266994, "loss_main": 4.736578345298767, "loss_total": 4.736578345298767}
{"event": "update", "optimizer_step": 440, "tokens_seen": 14417920, "lr": 0.00013778705636743213, "grad_norm": 1.7832708358764648, "elapsed_seconds": 241.88771392405033, "tokens_per_second": 59605.83845332071, "loss_main": 4.56052303314209, "loss_total": 4.56052303314209}
{"event": "update", "optimizer_step": 450, "tokens_seen": 14745600, "lr": 0.00014091858037578286, "grad_norm": 1.6374919414520264, "elapsed_seconds": 247.3601231740322, "tokens_per_second": 59611.87199775776, "loss_main": 4.603488922119141, "loss_total": 4.603488922119141}
{"event": "update", "optimizer_step": 460, "tokens_seen": 15073280, "lr": 0.00014405010438413358, "grad_norm": 1.8732690811157227, "elapsed_seconds": 252.82827286003157, "tokens_per_second": 59618.64877487309, "loss_main": 4.5445544719696045, "loss_total": 4.5445544719696045}
{"event": "update", "optimizer_step": 470, "tokens_seen": 15400960, "lr": 0.00014718162839248434, "grad_norm": 1.4445887804031372, "elapsed_seconds": 258.2949648000067, "tokens_per_second": 59625.475130437386, "loss_main": 4.703083276748657, "loss_total": 4.703083276748657}
{"event": "update", "optimizer_step": 480, "tokens_seen": 15728640, "lr": 0.00015031315240083507, "grad_norm": 1.6325362920761108, "elapsed_seconds": 263.75794333894737, "tokens_per_second": 59632.85807012682, "loss_main": 4.414937734603882, "loss_total": 4.414937734603882}
{"event": "update", "optimizer_step": 490, "tokens_seen": 16056320, "lr": 0.0001534446764091858, "grad_norm": 1.7610613107681274, "elapsed_seconds": 269.20933607802726, "tokens_per_second": 59642.50807166011, "loss_main": 4.63818097114563, "loss_total": 4.63818097114563}
{"event": "update", "optimizer_step": 500, "tokens_seen": 16384000, "lr": 0.00015657620041753653, "grad_norm": 1.6270751953125, "elapsed_seconds": 274.67069210798945, "tokens_per_second": 59649.6112281192, "loss_main": 4.400440692901611, "loss_total": 4.400440692901611}
{"event": "update", "optimizer_step": 510, "tokens_seen": 16711680, "lr": 0.00015970772442588726, "grad_norm": 1.6447550058364868, "elapsed_seconds": 280.14321745105553, "tokens_per_second": 59654.05892048676, "loss_main": 4.291692733764648, "loss_total": 4.291692733764648}
{"event": "update", "optimizer_step": 520, "tokens_seen": 17039360, "lr": 0.000162839248434238, "grad_norm": 1.4762606620788574, "elapsed_seconds": 285.6083738770103, "tokens_per_second": 59659.875404555016, "loss_main": 4.303014636039734, "loss_total": 4.303014636039734}
{"event": "update", "optimizer_step": 530, "tokens_seen": 17367040, "lr": 0.0001659707724425887, "grad_norm": 1.4656212329864502, "elapsed_seconds": 291.07482949795667, "tokens_per_second": 59665.207156367724, "loss_main": 4.2552729845047, "loss_total": 4.2552729845047}
{"event": "update", "optimizer_step": 540, "tokens_seen": 17694720, "lr": 0.00016910229645093942, "grad_norm": 1.4875375032424927, "elapsed_seconds": 296.5372874949826, "tokens_per_second": 59671.14675350699, "loss_main": 4.267430067062378, "loss_total": 4.267430067062378}
{"event": "update", "optimizer_step": 550, "tokens_seen": 18022400, "lr": 0.00017223382045929018, "grad_norm": 1.441126823425293, "elapsed_seconds": 302.017621838022, "tokens_per_second": 59673.339225436874, "loss_main": 4.311903238296509, "loss_total": 4.311903238296509}
{"event": "update", "optimizer_step": 560, "tokens_seen": 18350080, "lr": 0.0001753653444676409, "grad_norm": 1.7466888427734375, "elapsed_seconds": 307.4801783800358, "tokens_per_second": 59678.90384569727, "loss_main": 4.145715713500977, "loss_total": 4.145715713500977}
{"event": "update", "optimizer_step": 570, "tokens_seen": 18677760, "lr": 0.00017849686847599164, "grad_norm": 1.420487403869629, "elapsed_seconds": 312.94875424797647, "tokens_per_second": 59683.12621944483, "loss_main": 4.151175022125244, "loss_total": 4.151175022125244}
{"event": "update", "optimizer_step": 580, "tokens_seen": 19005440, "lr": 0.00018162839248434237, "grad_norm": 1.4797098636627197, "elapsed_seconds": 318.4201055909507, "tokens_per_second": 59686.68330389538, "loss_main": 4.09001612663269, "loss_total": 4.09001612663269}
{"event": "update", "optimizer_step": 590, "tokens_seen": 19333120, "lr": 0.0001847599164926931, "grad_norm": 1.411336064338684, "elapsed_seconds": 323.88051389495376, "tokens_per_second": 59692.13697823894, "loss_main": 4.254176497459412, "loss_total": 4.254176497459412}
{"event": "update", "optimizer_step": 600, "tokens_seen": 19660800, "lr": 0.00018789144050104382, "grad_norm": 1.3163515329360962, "elapsed_seconds": 329.3506872210419, "tokens_per_second": 59695.639823592544, "loss_main": 4.089026153087616, "loss_total": 4.089026153087616}
{"event": "update", "optimizer_step": 610, "tokens_seen": 19988480, "lr": 0.00019102296450939458, "grad_norm": 1.256200909614563, "elapsed_seconds": 334.8148945180001, "tokens_per_second": 59700.0919829909, "loss_main": 3.906374216079712, "loss_total": 3.906374216079712}
{"event": "update", "optimizer_step": 620, "tokens_seen": 20316160, "lr": 0.00019415448851774528, "grad_norm": 1.2500269412994385, "elapsed_seconds": 340.2763502970338, "tokens_per_second": 59704.88393408955, "loss_main": 4.196677029132843, "loss_total": 4.196677029132843}
{"event": "update", "optimizer_step": 630, "tokens_seen": 20643840, "lr": 0.000197286012526096, "grad_norm": 1.3142999410629272, "elapsed_seconds": 345.7371941159945, "tokens_per_second": 59709.63017960403, "loss_main": 4.141024351119995, "loss_total": 4.141024351119995}
{"event": "update", "optimizer_step": 640, "tokens_seen": 20971520, "lr": 0.00020041753653444674, "grad_norm": 1.3288593292236328, "elapsed_seconds": 351.2019609679701, "tokens_per_second": 59713.56179845653, "loss_main": 3.9629222750663757, "loss_total": 3.9629222750663757}
{"event": "update", "optimizer_step": 650, "tokens_seen": 21299200, "lr": 0.00020354906054279747, "grad_norm": 1.2621339559555054, "elapsed_seconds": 356.66500670602545, "tokens_per_second": 59717.66110925335, "loss_main": 3.858539879322052, "loss_total": 3.858539879322052}
{"event": "update", "optimizer_step": 660, "tokens_seen": 21626880, "lr": 0.0002066805845511482, "grad_norm": 1.1973515748977661, "elapsed_seconds": 362.1413083609659, "tokens_per_second": 59719.45066935947, "loss_main": 3.8355340361595154, "loss_total": 3.8355340361595154}
{"event": "update", "optimizer_step": 670, "tokens_seen": 21954560, "lr": 0.00020981210855949893, "grad_norm": 1.2979333400726318, "elapsed_seconds": 367.61160062998533, "tokens_per_second": 59722.16318085695, "loss_main": 3.872602343559265, "loss_total": 3.872602343559265}
{"event": "update", "optimizer_step": 680, "tokens_seen": 22282240, "lr": 0.00021294363256784966, "grad_norm": 1.1820379495620728, "elapsed_seconds": 373.08673797000665, "tokens_per_second": 59724.020535383715, "loss_main": 3.8823713660240173, "loss_total": 3.8823713660240173}
{"event": "update", "optimizer_step": 690, "tokens_seen": 22609920, "lr": 0.00021607515657620042, "grad_norm": 1.1820685863494873, "elapsed_seconds": 378.55710228101816, "tokens_per_second": 59726.57721586147, "loss_main": 3.964051902294159, "loss_total": 3.964051902294159}
{"event": "update", "optimizer_step": 700, "tokens_seen": 22937600, "lr": 0.00021920668058455115, "grad_norm": 1.3139477968215942, "elapsed_seconds": 384.026153977029, "tokens_per_second": 59729.26521398342, "loss_main": 3.9049505591392517, "loss_total": 3.9049505591392517}
{"event": "update", "optimizer_step": 710, "tokens_seen": 23265280, "lr": 0.00022233820459290188, "grad_norm": 1.1836642026901245, "elapsed_seconds": 389.49466728500556, "tokens_per_second": 59731.96029145133, "loss_main": 3.7643381357192993, "loss_total": 3.7643381357192993}
{"event": "update", "optimizer_step": 720, "tokens_seen": 23592960, "lr": 0.00022546972860125258, "grad_norm": 1.2995562553405762, "elapsed_seconds": 394.9691025329521, "tokens_per_second": 59733.68511282892, "loss_main": 3.806155741214752, "loss_total": 3.806155741214752}
{"event": "update", "optimizer_step": 730, "tokens_seen": 23920640, "lr": 0.0002286012526096033, "grad_norm": 1.1525617837905884, "elapsed_seconds": 400.43154519202653, "tokens_per_second": 59737.151798390114, "loss_main": 3.780804455280304, "loss_total": 3.780804455280304}
{"event": "update", "optimizer_step": 740, "tokens_seen": 24248320, "lr": 0.00023173277661795404, "grad_norm": 1.1454119682312012, "elapsed_seconds": 405.90634042199235, "tokens_per_second": 59738.70714803499, "loss_main": 3.6481406688690186, "loss_total": 3.6481406688690186}
{"event": "update", "optimizer_step": 750, "tokens_seen": 24576000, "lr": 0.00023486430062630477, "grad_norm": 1.16986882686615, "elapsed_seconds": 411.37710546096787, "tokens_per_second": 59740.806364178694, "loss_main": 3.684428095817566, "loss_total": 3.684428095817566}
{"event": "update", "optimizer_step": 760, "tokens_seen": 24903680, "lr": 0.00023799582463465552, "grad_norm": 1.0997912883758545, "elapsed_seconds": 416.8575178469764, "tokens_per_second": 59741.467848834276, "loss_main": 3.713975191116333, "loss_total": 3.713975191116333}
{"event": "update", "optimizer_step": 770, "tokens_seen": 25231360, "lr": 0.00024112734864300625, "grad_norm": 1.0638725757598877, "elapsed_seconds": 422.33167955395766, "tokens_per_second": 59742.996373485184, "loss_main": 3.7770612835884094, "loss_total": 3.7770612835884094}
{"event": "update", "optimizer_step": 780, "tokens_seen": 25559040, "lr": 0.00024425887265135696, "grad_norm": 0.986039936542511, "elapsed_seconds": 427.80639430403244, "tokens_per_second": 59744.40854625413, "loss_main": 3.9601561427116394, "loss_total": 3.9601561427116394}
{"event": "update", "optimizer_step": 790, "tokens_seen": 25886720, "lr": 0.0002473903966597077, "grad_norm": 0.9826914668083191, "elapsed_seconds": 433.26696297095623, "tokens_per_second": 59747.73572047149, "loss_main": 3.6761950850486755, "loss_total": 3.6761950850486755}
{"event": "update", "optimizer_step": 800, "tokens_seen": 26214400, "lr": 0.00025052192066805847, "grad_norm": 1.0578386783599854, "elapsed_seconds": 438.7132954769768, "tokens_per_second": 59752.918979807175, "loss_main": 3.5351468920707703, "loss_total": 3.5351468920707703}
{"event": "update", "optimizer_step": 810, "tokens_seen": 26542080, "lr": 0.00025365344467640914, "grad_norm": 1.0257128477096558, "elapsed_seconds": 444.18386957398616, "tokens_per_second": 59754.71379781606, "loss_main": 3.610560715198517, "loss_total": 3.610560715198517}
{"event": "update", "optimizer_step": 820, "tokens_seen": 26869760, "lr": 0.0002567849686847599, "grad_norm": 1.1268614530563354, "elapsed_seconds": 449.63529555802234, "tokens_per_second": 59759.009725099844, "loss_main": 3.4763084650039673, "loss_total": 3.4763084650039673}
{"event": "update", "optimizer_step": 830, "tokens_seen": 27197440, "lr": 0.0002599164926931106, "grad_norm": 1.0169169902801514, "elapsed_seconds": 455.10595226695295, "tokens_per_second": 59760.67740825044, "loss_main": 3.8820865154266357, "loss_total": 3.8820865154266357}
{"event": "update", "optimizer_step": 840, "tokens_seen": 27525120, "lr": 0.0002630480167014614, "grad_norm": 1.0604069232940674, "elapsed_seconds": 460.56833302997984, "tokens_per_second": 59763.379342470565, "loss_main": 3.74806672334671, "loss_total": 3.74806672334671}
{"event": "update", "optimizer_step": 850, "tokens_seen": 27852800, "lr": 0.0002661795407098121, "grad_norm": 0.8715044856071472, "elapsed_seconds": 466.0250341759529, "tokens_per_second": 59766.746327803216, "loss_main": 3.7608689665794373, "loss_total": 3.7608689665794373}
{"event": "update", "optimizer_step": 860, "tokens_seen": 28180480, "lr": 0.0002693110647181628, "grad_norm": 0.9236696362495422, "elapsed_seconds": 471.48575015401, "tokens_per_second": 59769.52641897426, "loss_main": 3.5919066071510315, "loss_total": 3.5919066071510315}
{"event": "update", "optimizer_step": 870, "tokens_seen": 28508160, "lr": 0.0002724425887265135, "grad_norm": 0.9864784479141235, "elapsed_seconds": 476.9519939320162, "tokens_per_second": 59771.550098736974, "loss_main": 3.563831090927124, "loss_total": 3.563831090927124}
{"event": "update", "optimizer_step": 880, "tokens_seen": 28835840, "lr": 0.00027557411273486425, "grad_norm": 0.9574248790740967, "elapsed_seconds": 482.41163317800965, "tokens_per_second": 59774.3462570265, "loss_main": 3.566924571990967, "loss_total": 3.566924571990967}
{"event": "update", "optimizer_step": 890, "tokens_seen": 29163520, "lr": 0.000278705636743215, "grad_norm": 1.3634101152420044, "elapsed_seconds": 487.875551754958, "tokens_per_second": 59776.55550702358, "loss_main": 3.5920926332473755, "loss_total": 3.5920926332473755}
{"event": "update", "optimizer_step": 900, "tokens_seen": 29491200, "lr": 0.0002818371607515657, "grad_norm": 0.9005898833274841, "elapsed_seconds": 493.33665072603617, "tokens_per_second": 59779.057478495146, "loss_main": 3.5979039072990417, "loss_total": 3.5979039072990417}
{"event": "update", "optimizer_step": 910, "tokens_seen": 29818880, "lr": 0.00028496868475991644, "grad_norm": 0.969245970249176, "elapsed_seconds": 498.80343853798695, "tokens_per_second": 59780.82285759766, "loss_main": 3.527198314666748, "loss_total": 3.527198314666748}
{"event": "update", "optimizer_step": 920, "tokens_seen": 30146560, "lr": 0.00028810020876826717, "grad_norm": 0.9585853219032288, "elapsed_seconds": 504.28022755798884, "tokens_per_second": 59781.36431401794, "loss_main": 3.642984628677368, "loss_total": 3.642984628677368}
{"event": "update", "optimizer_step": 930, "tokens_seen": 30474240, "lr": 0.0002912317327766179, "grad_norm": 0.9452138543128967, "elapsed_seconds": 509.74405364098493, "tokens_per_second": 59783.414406366275, "loss_main": 3.2658154368400574, "loss_total": 3.2658154368400574}
{"event": "update", "optimizer_step": 940, "tokens_seen": 30801920, "lr": 0.0002943632567849687, "grad_norm": 0.8679038286209106, "elapsed_seconds": 515.2094065189594, "tokens_per_second": 59785.243845051, "loss_main": 3.4077484011650085, "loss_total": 3.4077484011650085}
{"event": "update", "optimizer_step": 950, "tokens_seen": 31129600, "lr": 0.0002974947807933194, "grad_norm": 0.8643394708633423, "elapsed_seconds": 520.6672422880074, "tokens_per_second": 59787.8980502112, "loss_main": 3.4490530490875244, "loss_total": 3.4490530490875244}
{"event": "update", "optimizer_step": 960, "tokens_seen": 31457280, "lr": 0.0002999999993057805, "grad_norm": 0.9101845026016235, "elapsed_seconds": 526.133020251058, "tokens_per_second": 59789.59462568865, "loss_main": 3.484101414680481, "loss_total": 3.484101414680481}
{"event": "update", "optimizer_step": 970, "tokens_seen": 31784960, "lr": 0.00029999991599945707, "grad_norm": 0.8751838803291321, "elapsed_seconds": 531.5826563240262, "tokens_per_second": 59793.071918105394, "loss_main": 3.633639693260193, "loss_total": 3.633639693260193}
{"event": "update", "optimizer_step": 980, "tokens_seen": 32112640, "lr": 0.00029999969384934507, "grad_norm": 0.808570384979248, "elapsed_seconds": 537.0443389579887, "tokens_per_second": 59795.13732945628, "loss_main": 3.5201433897018433, "loss_total": 3.5201433897018433}
{"event": "update", "optimizer_step": 990, "tokens_seen": 32440320, "lr": 0.00029999933285567305, "grad_norm": 0.8332070708274841, "elapsed_seconds": 542.5203890400007, "tokens_per_second": 59795.577558667814, "loss_main": 3.41950923204422, "loss_total": 3.41950923204422}
{"event": "update", "optimizer_step": 1000, "tokens_seen": 32768000, "lr": 0.00029999883301881213, "grad_norm": 0.8833239674568176, "elapsed_seconds": 547.981363301049, "tokens_per_second": 59797.654070943245, "loss_main": 3.441883146762848, "loss_total": 3.441883146762848}
{"event": "update", "optimizer_step": 1010, "tokens_seen": 33095680, "lr": 0.00029999819433927655, "grad_norm": 0.8537176251411438, "elapsed_seconds": 553.4516025939956, "tokens_per_second": 59798.68853009453, "loss_main": 3.4332918524742126, "loss_total": 3.4332918524742126}
{"event": "update", "optimizer_step": 1020, "tokens_seen": 33423360, "lr": 0.000299997416817723, "grad_norm": 0.8546533584594727, "elapsed_seconds": 558.9302351870574, "tokens_per_second": 59798.80474495031, "loss_main": 3.55004745721817, "loss_total": 3.55004745721817}
{"event": "update", "optimizer_step": 1030, "tokens_seen": 33751040, "lr": 0.0002999965004549512, "grad_norm": 0.823908269405365, "elapsed_seconds": 564.3910661740229, "tokens_per_second": 59800.80483696617, "loss_main": 3.450733721256256, "loss_total": 3.450733721256256}
{"event": "update", "optimizer_step": 1040, "tokens_seen": 34078720, "lr": 0.00029999544525190366, "grad_norm": 0.8254773020744324, "elapsed_seconds": 569.8504330839496, "tokens_per_second": 59802.92024272195, "loss_main": 3.4620085954666138, "loss_total": 3.4620085954666138}
{"event": "update", "optimizer_step": 1050, "tokens_seen": 34406400, "lr": 0.0002999942512096655, "grad_norm": 1.2070567607879639, "elapsed_seconds": 575.3010853320593, "tokens_per_second": 59805.90142662584, "loss_main": 3.3745880722999573, "loss_total": 3.3745880722999573}
{"event": "update", "optimizer_step": 1060, "tokens_seen": 34734080, "lr": 0.000299992918329465, "grad_norm": 0.889887273311615, "elapsed_seconds": 580.7721192280296, "tokens_per_second": 59806.727716490626, "loss_main": 3.3255409002304077, "loss_total": 3.3255409002304077}
{"event": "update", "optimizer_step": 1070, "tokens_seen": 35061760, "lr": 0.00029999144661267273, "grad_norm": 0.8390719294548035, "elapsed_seconds": 586.2402867380297, "tokens_per_second": 59807.831009177775, "loss_main": 3.362178325653076, "loss_total": 3.362178325653076}
{"event": "update", "optimizer_step": 1080, "tokens_seen": 35389440, "lr": 0.0002999898360608025, "grad_norm": 0.7903031706809998, "elapsed_seconds": 591.7059870490339, "tokens_per_second": 59809.163291544195, "loss_main": 3.4141693115234375, "loss_total": 3.4141693115234375}
{"event": "update", "optimizer_step": 1090, "tokens_seen": 35717120, "lr": 0.0002999880866755107, "grad_norm": 0.7313997745513916, "elapsed_seconds": 597.1557971540606, "tokens_per_second": 59812.06273173853, "loss_main": 3.3000569343566895, "loss_total": 3.3000569343566895}
{"event": "update", "optimizer_step": 1100, "tokens_seen": 36044800, "lr": 0.00029998619845859626, "grad_norm": 0.7524263262748718, "elapsed_seconds": 602.6257490509888, "tokens_per_second": 59812.91051164528, "loss_main": 3.399176001548767, "loss_total": 3.399176001548767}
{"event": "update", "optimizer_step": 1110, "tokens_seen": 36372480, "lr": 0.00029998417141200156, "grad_norm": 0.7547507286071777, "elapsed_seconds": 608.091703839018, "tokens_per_second": 59814.1362073721, "loss_main": 3.16092187166214, "loss_total": 3.16092187166214}
{"event": "update", "optimizer_step": 1120, "tokens_seen": 36700160, "lr": 0.00029998200553781106, "grad_norm": 0.7523326277732849, "elapsed_seconds": 613.567841009004, "tokens_per_second": 59814.3474072029, "loss_main": 3.2218735814094543, "loss_total": 3.2218735814094543}
{"event": "update", "optimizer_step": 1130, "tokens_seen": 37027840, "lr": 0.00029997970083825247, "grad_norm": 0.9011289477348328, "elapsed_seconds": 619.0424270470394, "tokens_per_second": 59814.704747508935, "loss_main": 3.242034614086151, "loss_total": 3.242034614086151}
{"event": "update", "optimizer_step": 1140, "tokens_seen": 37355520, "lr": 0.0002999772573156961, "grad_norm": 0.8886511921882629, "elapsed_seconds": 624.5209930130513, "tokens_per_second": 59814.6746353158, "loss_main": 3.395246386528015, "loss_total": 3.395246386528015}
{"event": "update", "optimizer_step": 1150, "tokens_seen": 37683200, "lr": 0.00029997467497265497, "grad_norm": 0.732700526714325, "elapsed_seconds": 629.9895338680362, "tokens_per_second": 59815.59688560396, "loss_main": 3.3906286358833313, "loss_total": 3.3906286358833313}
{"event": "update", "optimizer_step": 1160, "tokens_seen": 38010880, "lr": 0.000299971953811785, "grad_norm": 1.0563831329345703, "elapsed_seconds": 635.45487224299, "tokens_per_second": 59816.804717904684, "loss_main": 3.4129480123519897, "loss_total": 3.4129480123519897}
{"event": "update", "optimizer_step": 1170, "tokens_seen": 38338560, "lr": 0.0002999690938358848, "grad_norm": 0.7396669387817383, "elapsed_seconds": 640.9331895690411, "tokens_per_second": 59816.78063165768, "loss_main": 3.178076446056366, "loss_total": 3.178076446056366}
{"event": "update", "optimizer_step": 1180, "tokens_seen": 38666240, "lr": 0.0002999660950478958, "grad_norm": 0.7097659707069397, "elapsed_seconds": 646.3972497700015, "tokens_per_second": 59818.07628939954, "loss_main": 3.0723844170570374, "loss_total": 3.0723844170570374}
{"event": "update", "optimizer_step": 1190, "tokens_seen": 38993920, "lr": 0.00029996295745090217, "grad_norm": 0.6733949780464172, "elapsed_seconds": 651.858577621053, "tokens_per_second": 59819.60096668155, "loss_main": 3.178081214427948, "loss_total": 3.178081214427948}
{"event": "update", "optimizer_step": 1200, "tokens_seen": 39321600, "lr": 0.0002999596810481308, "grad_norm": 0.7067580819129944, "elapsed_seconds": 657.3376009840285, "tokens_per_second": 59819.48992593138, "loss_main": 3.3913477659225464, "loss_total": 3.3913477659225464}
{"event": "update", "optimizer_step": 1210, "tokens_seen": 39649280, "lr": 0.0002999562658429515, "grad_norm": 0.7243866324424744, "elapsed_seconds": 662.8073366000317, "tokens_per_second": 59820.218954405136, "loss_main": 3.248846113681793, "loss_total": 3.248846113681793}
{"event": "update", "optimizer_step": 1220, "tokens_seen": 39976960, "lr": 0.0002999527118388766, "grad_norm": 0.7455902099609375, "elapsed_seconds": 668.2757418550318, "tokens_per_second": 59821.05513665667, "loss_main": 3.1777503490448, "loss_total": 3.1777503490448}
{"event": "evaluation", "tokens_seen": 40009728, "elapsed_seconds": 668.8266974480357, "parameters": 71199040, "main_loss": 3.348025791347027, "perplexity": 28.446518808539537}
{"event": "update", "optimizer_step": 1230, "tokens_seen": 40304640, "lr": 0.00029994901903956136, "grad_norm": 0.7001397013664246, "elapsed_seconds": 676.1339013290126, "tokens_per_second": 59610.440950789445, "loss_main": 3.2242488861083984, "loss_total": 3.2242488861083984}
{"event": "update", "optimizer_step": 1240, "tokens_seen": 40632320, "lr": 0.0002999451874488037, "grad_norm": 0.6796773672103882, "elapsed_seconds": 681.5975414810237, "tokens_per_second": 59613.36056422857, "loss_main": 3.1060261726379395, "loss_total": 3.1060261726379395}
{"event": "update", "optimizer_step": 1250, "tokens_seen": 40960000, "lr": 0.00029994121707054423, "grad_norm": 0.6823863387107849, "elapsed_seconds": 687.0600968740182, "tokens_per_second": 59616.32786761967, "loss_main": 3.207167148590088, "loss_total": 3.207167148590088}
{"event": "update", "optimizer_step": 1260, "tokens_seen": 41287680, "lr": 0.00029993710790886653, "grad_norm": 0.6886522769927979, "elapsed_seconds": 692.530282947002, "tokens_per_second": 59618.59144166793, "loss_main": 3.230566620826721, "loss_total": 3.230566620826721}
{"event": "update", "optimizer_step": 1270, "tokens_seen": 41615360, "lr": 0.0002999328599679967, "grad_norm": 0.7856763005256653, "elapsed_seconds": 698.0069623179734, "tokens_per_second": 59620.264906530174, "loss_main": 3.1646610498428345, "loss_total": 3.1646610498428345}
{"event": "update", "optimizer_step": 1280, "tokens_seen": 41943040, "lr": 0.00029992847325230364, "grad_norm": 0.7023745179176331, "elapsed_seconds": 703.4821722100023, "tokens_per_second": 59622.03685735939, "loss_main": 3.240376055240631, "loss_total": 3.240376055240631}
{"event": "update", "optimizer_step": 1290, "tokens_seen": 42270720, "lr": 0.00029992394776629894, "grad_norm": 0.6703274846076965, "elapsed_seconds": 709.0173263009638, "tokens_per_second": 59618.74051870056, "loss_main": 3.399783492088318, "loss_total": 3.399783492088318}
{"event": "update", "optimizer_step": 1300, "tokens_seen": 42598400, "lr": 0.00029991928351463695, "grad_norm": 0.6583648324012756, "elapsed_seconds": 714.4828204599908, "tokens_per_second": 59621.30758102028, "loss_main": 3.3718150854110718, "loss_total": 3.3718150854110718}
{"event": "update", "optimizer_step": 1310, "tokens_seen": 42926080, "lr": 0.00029991448050211485, "grad_norm": 0.6754229664802551, "elapsed_seconds": 719.9433621360222, "tokens_per_second": 59624.24581933958, "loss_main": 3.0890666246414185, "loss_total": 3.0890666246414185}
{"event": "update", "optimizer_step": 1320, "tokens_seen": 43253760, "lr": 0.00029990953873367215, "grad_norm": 0.6599127054214478, "elapsed_seconds": 725.40704521304, "tokens_per_second": 59626.881604516384, "loss_main": 3.1730201840400696, "loss_total": 3.1730201840400696}
{"event": "update", "optimizer_step": 1330, "tokens_seen": 43581440, "lr": 0.0002999044582143915, "grad_norm": 0.7727077007293701, "elapsed_seconds": 730.8708988820435, "tokens_per_second": 59629.464063575586, "loss_main": 3.2172162532806396, "loss_total": 3.2172162532806396}
{"event": "update", "optimizer_step": 1340, "tokens_seen": 43909120, "lr": 0.00029989923894949806, "grad_norm": 0.6806849241256714, "elapsed_seconds": 736.4932302939706, "tokens_per_second": 59619.17665213802, "loss_main": 3.2030871510505676, "loss_total": 3.2030871510505676}
{"event": "update", "optimizer_step": 1350, "tokens_seen": 44236800, "lr": 0.00029989388094435964, "grad_norm": 0.6339673399925232, "elapsed_seconds": 742.2769083080348, "tokens_per_second": 59596.0880701981, "loss_main": 3.2728995084762573, "loss_total": 3.2728995084762573}
{"event": "update", "optimizer_step": 1360, "tokens_seen": 44564480, "lr": 0.0002998883842044869, "grad_norm": 0.6478592157363892, "elapsed_seconds": 747.7416882460238, "tokens_per_second": 59598.76345069754, "loss_main": 3.2716524600982666, "loss_total": 3.2716524600982666}
{"event": "update", "optimizer_step": 1370, "tokens_seen": 44892160, "lr": 0.000299882748735533, "grad_norm": 0.6720992922782898, "elapsed_seconds": 753.2128890539752, "tokens_per_second": 59600.89192895241, "loss_main": 3.122264564037323, "loss_total": 3.122264564037323}
{"event": "update", "optimizer_step": 1380, "tokens_seen": 45219840, "lr": 0.00029987697454329396, "grad_norm": 0.6853146553039551, "elapsed_seconds": 758.665906024049, "tokens_per_second": 59604.41828338411, "loss_main": 3.338939607143402, "loss_total": 3.338939607143402}
{"event": "update", "optimizer_step": 1390, "tokens_seen": 45547520, "lr": 0.0002998710616337084, "grad_norm": 0.6326311826705933, "elapsed_seconds": 764.1358491620049, "tokens_per_second": 59606.5739487946, "loss_main": 3.113245368003845, "loss_total": 3.113245368003845}
{"event": "update", "optimizer_step": 1400, "tokens_seen": 45875200, "lr": 0.00029986501001285737, "grad_norm": 0.669340193271637, "elapsed_seconds": 769.5830780649558, "tokens_per_second": 59610.45832160041, "loss_main": 3.2978349924087524, "loss_total": 3.2978349924087524}
{"event": "update", "optimizer_step": 1410, "tokens_seen": 46202880, "lr": 0.0002998588196869651, "grad_norm": 0.6633254885673523, "elapsed_seconds": 775.192332754028, "tokens_per_second": 59601.82789199539, "loss_main": 3.1868855953216553, "loss_total": 3.1868855953216553}
{"event": "update", "optimizer_step": 1420, "tokens_seen": 46530560, "lr": 0.00029985249066239795, "grad_norm": 0.6951557993888855, "elapsed_seconds": 780.6550448590424, "tokens_per_second": 59604.50817095752, "loss_main": 3.2362791299819946, "loss_total": 3.2362791299819946}
{"event": "update", "optimizer_step": 1430, "tokens_seen": 46858240, "lr": 0.0002998460229456652, "grad_norm": 0.6337409019470215, "elapsed_seconds": 786.1165829460369, "tokens_per_second": 59607.2402192495, "loss_main": 3.174534857273102, "loss_total": 3.174534857273102}
{"event": "update", "optimizer_step": 1440, "tokens_seen": 47185920, "lr": 0.0002998394165434189, "grad_norm": 0.6471278071403503, "elapsed_seconds": 791.5968408860499, "tokens_per_second": 59608.524899093674, "loss_main": 3.211233615875244, "loss_total": 3.211233615875244}
{"event": "update", "optimizer_step": 1450, "tokens_seen": 47513600, "lr": 0.0002998326714624532, "grad_norm": 0.6631270051002502, "elapsed_seconds": 797.0531251799548, "tokens_per_second": 59611.58484796432, "loss_main": 3.189765989780426, "loss_total": 3.189765989780426}
{"event": "update", "optimizer_step": 1460, "tokens_seen": 47841280, "lr": 0.0002998257877097056, "grad_norm": 0.6820381879806519, "elapsed_seconds": 802.5228368960088, "tokens_per_second": 59613.605744903296, "loss_main": 3.100287616252899, "loss_total": 3.100287616252899}
{"event": "update", "optimizer_step": 1470, "tokens_seen": 48168960, "lr": 0.00029981876529225565, "grad_norm": 0.6496496796607971, "elapsed_seconds": 808.1162108440185, "tokens_per_second": 59606.47658545425, "loss_main": 3.182374894618988, "loss_total": 3.182374894618988}
{"event": "update", "optimizer_step": 1480, "tokens_seen": 48496640, "lr": 0.0002998116042173258, "grad_norm": 0.607542872428894, "elapsed_seconds": 813.5919745810097, "tokens_per_second": 59608.06093862368, "loss_main": 3.253490149974823, "loss_total": 3.253490149974823}
{"event": "update", "optimizer_step": 1490, "tokens_seen": 48824320, "lr": 0.00029980430449228087, "grad_norm": 0.6090940237045288, "elapsed_seconds": 819.0380015979754, "tokens_per_second": 59611.788347722366, "loss_main": 3.119599461555481, "loss_total": 3.119599461555481}
{"event": "update", "optimizer_step": 1500, "tokens_seen": 49152000, "lr": 0.0002997968661246287, "grad_norm": 0.637451708316803, "elapsed_seconds": 824.4954825410387, "tokens_per_second": 59614.638334362855, "loss_main": 2.9668864607810974, "loss_total": 2.9668864607810974}
{"event": "update", "optimizer_step": 1510, "tokens_seen": 49479680, "lr": 0.00029978928912201914, "grad_norm": 0.6964752674102783, "elapsed_seconds": 829.942836301052, "tokens_per_second": 59618.17830794774, "loss_main": 3.1295310854911804, "loss_total": 3.1295310854911804}
{"event": "update", "optimizer_step": 1520, "tokens_seen": 49807360, "lr": 0.0002997815734922453, "grad_norm": 0.6488842964172363, "elapsed_seconds": 835.3975812230492, "tokens_per_second": 59621.14461365857, "loss_main": 3.2050328254699707, "loss_total": 3.2050328254699707}
{"event": "update", "optimizer_step": 1530, "tokens_seen": 50135040, "lr": 0.00029977371924324214, "grad_norm": 0.6769616007804871, "elapsed_seconds": 840.9680656950222, "tokens_per_second": 59615.866577009256, "loss_main": 3.08132141828537, "loss_total": 3.08132141828537}
{"event": "update", "optimizer_step": 1540, "tokens_seen": 50462720, "lr": 0.0002997657263830877, "grad_norm": 0.6083605885505676, "elapsed_seconds": 846.4315173369832, "tokens_per_second": 59618.195880470346, "loss_main": 3.234114110469818, "loss_total": 3.234114110469818}
{"event": "update", "optimizer_step": 1550, "tokens_seen": 50790400, "lr": 0.00029975759492000247, "grad_norm": 0.651452362537384, "elapsed_seconds": 851.8785483039683, "tokens_per_second": 59621.64454207727, "loss_main": 3.1227318048477173, "loss_total": 3.1227318048477173}
{"event": "update", "optimizer_step": 1560, "tokens_seen": 51118080, "lr": 0.00029974932486234935, "grad_norm": 0.6464078426361084, "elapsed_seconds": 857.349274871056, "tokens_per_second": 59623.40145174565, "loss_main": 3.0999404191970825, "loss_total": 3.0999404191970825}
{"event": "update", "optimizer_step": 1570, "tokens_seen": 51445760, "lr": 0.000299740916218634, "grad_norm": 0.6570558547973633, "elapsed_seconds": 862.7999583500205, "tokens_per_second": 59626.52119082451, "loss_main": 3.138926684856415, "loss_total": 3.138926684856415}
{"event": "update", "optimizer_step": 1580, "tokens_seen": 51773440, "lr": 0.00029973236899750436, "grad_norm": 0.6134837865829468, "elapsed_seconds": 868.2698453520425, "tokens_per_second": 59628.28293202825, "loss_main": 2.9972416758537292, "loss_total": 2.9972416758537292}
{"event": "update", "optimizer_step": 1590, "tokens_seen": 52101120, "lr": 0.000299723683207751, "grad_norm": 0.6476312279701233, "elapsed_seconds": 873.8699684620369, "tokens_per_second": 59621.13572994745, "loss_main": 3.234665095806122, "loss_total": 3.234665095806122}
{"event": "update", "optimizer_step": 1600, "tokens_seen": 52428800, "lr": 0.00029971485885830714, "grad_norm": 0.7650892734527588, "elapsed_seconds": 879.3406020629918, "tokens_per_second": 59622.858170086234, "loss_main": 3.1764761805534363, "loss_total": 3.1764761805534363}
{"event": "update", "optimizer_step": 1610, "tokens_seen": 52756480, "lr": 0.0002997058959582484, "grad_norm": 0.6273868083953857, "elapsed_seconds": 884.7993479480501, "tokens_per_second": 59625.36039651052, "loss_main": 3.2670782804489136, "loss_total": 3.2670782804489136}
{"event": "update", "optimizer_step": 1620, "tokens_seen": 53084160, "lr": 0.00029969679451679265, "grad_norm": 0.7397286295890808, "elapsed_seconds": 890.2758808709914, "tokens_per_second": 59626.64061848526, "loss_main": 3.287011742591858, "loss_total": 3.287011742591858}
{"event": "update", "optimizer_step": 1630, "tokens_seen": 53411840, "lr": 0.0002996875545433007, "grad_norm": 0.6329442858695984, "elapsed_seconds": 895.7379309330136, "tokens_per_second": 59628.86928810245, "loss_main": 3.2071855068206787, "loss_total": 3.2071855068206787}
{"event": "update", "optimizer_step": 1640, "tokens_seen": 53739520, "lr": 0.00029967817604727555, "grad_norm": 0.630078136920929, "elapsed_seconds": 901.2090499090264, "tokens_per_second": 59630.47087179695, "loss_main": 2.806739389896393, "loss_total": 2.806739389896393}
{"event": "update", "optimizer_step": 1650, "tokens_seen": 54067200, "lr": 0.00029966865903836273, "grad_norm": 0.6285735964775085, "elapsed_seconds": 906.8310431559803, "tokens_per_second": 59622.131827152414, "loss_main": 2.9846662282943726, "loss_total": 2.9846662282943726}
{"event": "update", "optimizer_step": 1660, "tokens_seen": 54394880, "lr": 0.0002996590035263502, "grad_norm": 0.6612752676010132, "elapsed_seconds": 912.3025983159896, "tokens_per_second": 59623.72583439637, "loss_main": 3.2031514048576355, "loss_total": 3.2031514048576355}
{"event": "update", "optimizer_step": 1670, "tokens_seen": 54722560, "lr": 0.00029964920952116846, "grad_norm": 0.5993573069572449, "elapsed_seconds": 917.7782044849591, "tokens_per_second": 59625.03765352472, "loss_main": 3.18769109249115, "loss_total": 3.18769109249115}
{"event": "update", "optimizer_step": 1680, "tokens_seen": 55050240, "lr": 0.0002996392770328903, "grad_norm": 0.6237643361091614, "elapsed_seconds": 923.2426877740072, "tokens_per_second": 59627.052268054664, "loss_main": 3.0884318947792053, "loss_total": 3.0884318947792053}
{"event": "update", "optimizer_step": 1690, "tokens_seen": 55377920, "lr": 0.0002996292060717311, "grad_norm": 0.615925133228302, "elapsed_seconds": 928.7086970880628, "tokens_per_second": 59628.94519415587, "loss_main": 3.1925345063209534, "loss_total": 3.1925345063209534}
{"event": "update", "optimizer_step": 1700, "tokens_seen": 55705600, "lr": 0.00029961899664804857, "grad_norm": 0.5940922498703003, "elapsed_seconds": 934.1855186020257, "tokens_per_second": 59630.125805590935, "loss_main": 2.975386381149292, "loss_total": 2.975386381149292}
{"event": "update", "optimizer_step": 1710, "tokens_seen": 56033280, "lr": 0.00029960864877234274, "grad_norm": 0.8300254940986633, "elapsed_seconds": 939.7772705570096, "tokens_per_second": 59624.00002161029, "loss_main": 3.082403779029846, "loss_total": 3.082403779029846}
{"event": "update", "optimizer_step": 1720, "tokens_seen": 56360960, "lr": 0.00029959816245525616, "grad_norm": 0.6388886570930481, "elapsed_seconds": 945.2626439300366, "tokens_per_second": 59624.65602752788, "loss_main": 2.91502982378006, "loss_total": 2.91502982378006}
{"event": "update", "optimizer_step": 1730, "tokens_seen": 56688640, "lr": 0.0002995875377075737, "grad_norm": 0.6130584478378296, "elapsed_seconds": 950.7352913150098, "tokens_per_second": 59626.10257329471, "loss_main": 3.0217262506484985, "loss_total": 3.0217262506484985}
{"event": "update", "optimizer_step": 1740, "tokens_seen": 57016320, "lr": 0.00029957677454022283, "grad_norm": 0.5722939372062683, "elapsed_seconds": 956.2069529100554, "tokens_per_second": 59627.59403336317, "loss_main": 3.0993536710739136, "loss_total": 3.0993536710739136}
{"event": "update", "optimizer_step": 1750, "tokens_seen": 57344000, "lr": 0.0002995658729642729, "grad_norm": 0.6244245767593384, "elapsed_seconds": 961.6809433969902, "tokens_per_second": 59628.924118472314, "loss_main": 3.0252296328544617, "loss_total": 3.0252296328544617}
{"event": "update", "optimizer_step": 1760, "tokens_seen": 57671680, "lr": 0.00029955483299093605, "grad_norm": 0.7014124989509583, "elapsed_seconds": 967.1538646209519, "tokens_per_second": 59630.305073125826, "loss_main": 2.8768420815467834, "loss_total": 2.8768420815467834}
{"event": "update", "optimizer_step": 1770, "tokens_seen": 57999360, "lr": 0.0002995436546315665, "grad_norm": 0.700079619884491, "elapsed_seconds": 972.7460574039724, "tokens_per_second": 59624.35885351875, "loss_main": 2.91280996799469, "loss_total": 2.91280996799469}
{"event": "update", "optimizer_step": 1780, "tokens_seen": 58327040, "lr": 0.00029953233789766095, "grad_norm": 0.6613089442253113, "elapsed_seconds": 978.2195475850021, "tokens_per_second": 59625.71504934243, "loss_main": 2.925158202648163, "loss_total": 2.925158202648163}
{"event": "update", "optimizer_step": 1790, "tokens_seen": 58654720, "lr": 0.0002995208828008584, "grad_norm": 0.6184961199760437, "elapsed_seconds": 983.6747548469575, "tokens_per_second": 59628.16440188672, "loss_main": 3.164457321166992, "loss_total": 3.164457321166992}
{"event": "update", "optimizer_step": 1800, "tokens_seen": 58982400, "lr": 0.00029950928935294004, "grad_norm": 0.5402564406394958, "elapsed_seconds": 989.1436891830526, "tokens_per_second": 59629.7591998129, "loss_main": 2.9696252942085266, "loss_total": 2.9696252942085266}
{"event": "update", "optimizer_step": 1810, "tokens_seen": 59310080, "lr": 0.00029949755756582947, "grad_norm": 0.6382736563682556, "elapsed_seconds": 994.6172521000262, "tokens_per_second": 59631.05895737603, "loss_main": 3.1706894636154175, "loss_total": 3.1706894636154175}
{"event": "update", "optimizer_step": 1820, "tokens_seen": 59637760, "lr": 0.00029948568745159234, "grad_norm": 0.6289584040641785, "elapsed_seconds": 1000.0892696740339, "tokens_per_second": 59632.436631820034, "loss_main": 2.8245484828948975, "loss_total": 2.8245484828948975}
{"event": "update", "optimizer_step": 1830, "tokens_seen": 59965440, "lr": 0.000299473679022437, "grad_norm": 0.5641658902168274, "elapsed_seconds": 1005.6853085970506, "tokens_per_second": 59626.4452581622, "loss_main": 2.9505515694618225, "loss_total": 2.9505515694618225}
{"event": "update", "optimizer_step": 1840, "tokens_seen": 60293120, "lr": 0.0002994615322907137, "grad_norm": 0.6178742051124573, "elapsed_seconds": 1011.147138949018, "tokens_per_second": 59628.43356573051, "loss_main": 2.9873850345611572, "loss_total": 2.9873850345611572}
{"event": "update", "optimizer_step": 1850, "tokens_seen": 60620800, "lr": 0.000299449247268915, "grad_norm": 3.7999298572540283, "elapsed_seconds": 1016.6071560049895, "tokens_per_second": 59630.50686975734, "loss_main": 3.0471376180648804, "loss_total": 3.0471376180648804}
{"event": "update", "optimizer_step": 1860, "tokens_seen": 60948480, "lr": 0.00029943682396967573, "grad_norm": 0.7151468992233276, "elapsed_seconds": 1022.0903641340556, "tokens_per_second": 59631.204968493475, "loss_main": 3.096436381340027, "loss_total": 3.096436381340027}
{"event": "update", "optimizer_step": 1870, "tokens_seen": 61276160, "lr": 0.00029942426240577296, "grad_norm": 0.5911479592323303, "elapsed_seconds": 1027.5512428219663, "tokens_per_second": 59633.191461787486, "loss_main": 3.0755414366722107, "loss_total": 3.0755414366722107}
{"event": "update", "optimizer_step": 1880, "tokens_seen": 61603840, "lr": 0.0002994115625901258, "grad_norm": 0.580376386642456, "elapsed_seconds": 1033.0708839760628, "tokens_per_second": 59631.764824210666, "loss_main": 3.030121088027954, "loss_total": 3.030121088027954}
{"event": "update", "optimizer_step": 1890, "tokens_seen": 61931520, "lr": 0.0002993987245357958, "grad_norm": 0.5916292667388916, "elapsed_seconds": 1038.60571204999, "tokens_per_second": 59629.48141095832, "loss_main": 2.989035129547119, "loss_total": 2.989035129547119}
{"event": "update", "optimizer_step": 1900, "tokens_seen": 62259200, "lr": 0.00029938574825598657, "grad_norm": 0.6102110743522644, "elapsed_seconds": 1044.0712775710272, "tokens_per_second": 59631.17781081241, "loss_main": 3.10024094581604, "loss_total": 3.10024094581604}
{"event": "update", "optimizer_step": 1910, "tokens_seen": 62586880, "lr": 0.00029937263376404375, "grad_norm": 0.5988359451293945, "elapsed_seconds": 1049.547553470009, "tokens_per_second": 59632.24800350929, "loss_main": 3.1432105898857117, "loss_total": 3.1432105898857117}
{"event": "update", "optimizer_step": 1920, "tokens_seen": 62914560, "lr": 0.00029935938107345525, "grad_norm": 0.5781155228614807, "elapsed_seconds": 1055.0060641339514, "tokens_per_second": 59634.311250756844, "loss_main": 2.868334710597992, "loss_total": 2.868334710597992}
{"event": "update", "optimizer_step": 1930, "tokens_seen": 63242240, "lr": 0.00029934599019785125, "grad_norm": 0.633750855922699, "elapsed_seconds": 1060.4584643699927, "tokens_per_second": 59636.69688616381, "loss_main": 3.057252049446106, "loss_total": 3.057252049446106}
{"event": "update", "optimizer_step": 1940, "tokens_seen": 63569920, "lr": 0.0002993324611510037, "grad_norm": 0.6009297370910645, "elapsed_seconds": 1066.0369305680506, "tokens_per_second": 59632.00539978104, "loss_main": 3.0203487277030945, "loss_total": 3.0203487277030945}
{"event": "update", "optimizer_step": 1950, "tokens_seen": 63897600, "lr": 0.00029931879394682703, "grad_norm": 0.6546551585197449, "elapsed_seconds": 1071.5106551420176, "tokens_per_second": 59633.1914137905, "loss_main": 2.9143831729888916, "loss_total": 2.9143831729888916}
{"event": "update", "optimizer_step": 1960, "tokens_seen": 64225280, "lr": 0.0002993049885993774, "grad_norm": 0.6431071162223816, "elapsed_seconds": 1076.9876361970091, "tokens_per_second": 59634.1850560033, "loss_main": 2.9736889004707336, "loss_total": 2.9736889004707336}
{"event": "update", "optimizer_step": 1970, "tokens_seen": 64552960, "lr": 0.0002992910451228535, "grad_norm": 0.6475509405136108, "elapsed_seconds": 1082.4490127130412, "tokens_per_second": 59636.028341145604, "loss_main": 3.3097442388534546, "loss_total": 3.3097442388534546}
{"event": "update", "optimizer_step": 1980, "tokens_seen": 64880640, "lr": 0.00029927696353159567, "grad_norm": 0.621215283870697, "elapsed_seconds": 1087.9228253570618, "tokens_per_second": 59637.17139467668, "loss_main": 3.0679469108581543, "loss_total": 3.0679469108581543}
{"event": "update", "optimizer_step": 1990, "tokens_seen": 65208320, "lr": 0.00029926274384008643, "grad_norm": 0.6068239212036133, "elapsed_seconds": 1093.396937225014, "tokens_per_second": 59638.28668250655, "loss_main": 2.792088508605957, "loss_total": 2.792088508605957}
{"event": "update", "optimizer_step": 2000, "tokens_seen": 65536000, "lr": 0.0002992483860629505, "grad_norm": 0.6339605450630188, "elapsed_seconds": 1099.0001743759494, "tokens_per_second": 59632.38362288124, "loss_main": 2.942236840724945, "loss_total": 2.942236840724945}
{"event": "update", "optimizer_step": 2010, "tokens_seen": 65863680, "lr": 0.00029923389021495426, "grad_norm": 0.6393101811408997, "elapsed_seconds": 1104.464809429017, "tokens_per_second": 59634.02313745969, "loss_main": 2.803253173828125, "loss_total": 2.803253173828125}
{"event": "update", "optimizer_step": 2020, "tokens_seen": 66191360, "lr": 0.00029921925631100636, "grad_norm": 0.7075493335723877, "elapsed_seconds": 1109.9339084230596, "tokens_per_second": 59635.40666492609, "loss_main": 3.02156800031662, "loss_total": 3.02156800031662}
{"event": "update", "optimizer_step": 2030, "tokens_seen": 66519040, "lr": 0.0002992044843661575, "grad_norm": 0.6060414910316467, "elapsed_seconds": 1115.3877516649663, "tokens_per_second": 59637.59230877819, "loss_main": 3.081214427947998, "loss_total": 3.081214427947998}
{"event": "update", "optimizer_step": 2040, "tokens_seen": 66846720, "lr": 0.00029918957439560015, "grad_norm": 0.5603692531585693, "elapsed_seconds": 1120.8579505180242, "tokens_per_second": 59638.88641652193, "loss_main": 3.1705658435821533, "loss_total": 3.1705658435821533}
{"event": "update", "optimizer_step": 2050, "tokens_seen": 67174400, "lr": 0.00029917452641466883, "grad_norm": 0.9103049039840698, "elapsed_seconds": 1126.3250765219564, "tokens_per_second": 59640.3306649548, "loss_main": 3.0766769647598267, "loss_total": 3.0766769647598267}
{"event": "update", "optimizer_step": 2060, "tokens_seen": 67502080, "lr": 0.0002991593404388399, "grad_norm": 0.6315956711769104, "elapsed_seconds": 1131.9174076359486, "tokens_per_second": 59635.163789008766, "loss_main": 2.9844777584075928, "loss_total": 2.9844777584075928}
{"event": "update", "optimizer_step": 2070, "tokens_seen": 67829760, "lr": 0.0002991440164837318, "grad_norm": 0.6125314235687256, "elapsed_seconds": 1137.3883514920017, "tokens_per_second": 59636.41170671598, "loss_main": 3.1097253561019897, "loss_total": 3.1097253561019897}
{"event": "update", "optimizer_step": 2080, "tokens_seen": 68157440, "lr": 0.00029912855456510473, "grad_norm": 0.5771328806877136, "elapsed_seconds": 1142.8493924280629, "tokens_per_second": 59638.16444369349, "loss_main": 2.9407519102096558, "loss_total": 2.9407519102096558}
{"event": "update", "optimizer_step": 2090, "tokens_seen": 68485120, "lr": 0.000299112954698861, "grad_norm": 0.6715868711471558, "elapsed_seconds": 1148.3210195510183, "tokens_per_second": 59639.350698968294, "loss_main": 2.831680417060852, "loss_total": 2.831680417060852}
{"event": "update", "optimizer_step": 2100, "tokens_seen": 68812800, "lr": 0.00029909721690104456, "grad_norm": 0.5614752769470215, "elapsed_seconds": 1153.7857312510023, "tokens_per_second": 59640.88316934646, "loss_main": 3.099362552165985, "loss_total": 3.099362552165985}
{"event": "update", "optimizer_step": 2110, "tokens_seen": 69140480, "lr": 0.0002990813411878414, "grad_norm": 0.6374521851539612, "elapsed_seconds": 1159.2551567989867, "tokens_per_second": 59642.15866929188, "loss_main": 2.9247977137565613, "loss_total": 2.9247977137565613}
{"event": "update", "optimizer_step": 2120, "tokens_seen": 69468160, "lr": 0.0002990653275755791, "grad_norm": 0.6512773036956787, "elapsed_seconds": 1164.8261560699902, "tokens_per_second": 59638.22123841964, "loss_main": 3.0311772227287292, "loss_total": 3.0311772227287292}
{"event": "update", "optimizer_step": 2130, "tokens_seen": 69795840, "lr": 0.0002990491760807274, "grad_norm": 0.6026241779327393, "elapsed_seconds": 1170.307153222966, "tokens_per_second": 59638.90745073704, "loss_main": 3.0027480721473694, "loss_total": 3.0027480721473694}
{"event": "update", "optimizer_step": 2140, "tokens_seen": 70123520, "lr": 0.00029903288671989756, "grad_norm": 0.5757227540016174, "elapsed_seconds": 1175.774522694992, "tokens_per_second": 59640.27851128287, "loss_main": 2.885857343673706, "loss_total": 2.885857343673706}
{"event": "update", "optimizer_step": 2150, "tokens_seen": 70451200, "lr": 0.00029901645950984287, "grad_norm": 0.622935950756073, "elapsed_seconds": 1181.2405105859507, "tokens_per_second": 59641.70663690911, "loss_main": 3.090421736240387, "loss_total": 3.090421736240387}
{"event": "update", "optimizer_step": 2160, "tokens_seen": 70778880, "lr": 0.0002989998944674581, "grad_norm": 0.597095251083374, "elapsed_seconds": 1186.719217167003, "tokens_per_second": 59642.48238009238, "loss_main": 2.9557234048843384, "loss_total": 2.9557234048843384}
{"event": "update", "optimizer_step": 2170, "tokens_seen": 71106560, "lr": 0.0002989831916097801, "grad_norm": 0.5627970099449158, "elapsed_seconds": 1192.18011725205, "tokens_per_second": 59644.14182975901, "loss_main": 2.9698206186294556, "loss_total": 2.9698206186294556}
{"event": "update", "optimizer_step": 2180, "tokens_seen": 71434240, "lr": 0.00029896635095398724, "grad_norm": 0.638713002204895, "elapsed_seconds": 1197.787073408952, "tokens_per_second": 59638.513042802486, "loss_main": 2.75256884098053, "loss_total": 2.75256884098053}
{"event": "update", "optimizer_step": 2190, "tokens_seen": 71761920, "lr": 0.0002989493725173997, "grad_norm": 0.8560769557952881, "elapsed_seconds": 1203.2583260410465, "tokens_per_second": 59639.662113214414, "loss_main": 2.9183433055877686, "loss_total": 2.9183433055877686}
{"event": "update", "optimizer_step": 2200, "tokens_seen": 72089600, "lr": 0.0002989322563174794, "grad_norm": 0.578142523765564, "elapsed_seconds": 1208.7294405209832, "tokens_per_second": 59640.807597875784, "loss_main": 2.879390239715576, "loss_total": 2.879390239715576}
{"event": "update", "optimizer_step": 2210, "tokens_seen": 72417280, "lr": 0.0002989150023718298, "grad_norm": 0.630464494228363, "elapsed_seconds": 1214.1979656909825, "tokens_per_second": 59642.069947620425, "loss_main": 2.977373957633972, "loss_total": 2.977373957633972}
{"event": "update", "optimizer_step": 2220, "tokens_seen": 72744960, "lr": 0.00029889761069819623, "grad_norm": 0.5848168134689331, "elapsed_seconds": 1219.668315818999, "tokens_per_second": 59643.231734811656, "loss_main": 2.9083533883094788, "loss_total": 2.9083533883094788}
{"event": "update", "optimizer_step": 2230, "tokens_seen": 73072640, "lr": 0.0002988800813144654, "grad_norm": 0.5741240978240967, "elapsed_seconds": 1225.1574449279578, "tokens_per_second": 59643.468929250026, "loss_main": 2.8673588037490845, "loss_total": 2.8673588037490845}
{"event": "update", "optimizer_step": 2240, "tokens_seen": 73400320, "lr": 0.00029886241423866594, "grad_norm": 0.5990456938743591, "elapsed_seconds": 1230.7538712980459, "tokens_per_second": 59638.504262908784, "loss_main": 2.956007421016693, "loss_total": 2.956007421016693}
{"event": "update", "optimizer_step": 2250, "tokens_seen": 73728000, "lr": 0.0002988446094889679, "grad_norm": 0.7200597524642944, "elapsed_seconds": 1236.2212029979564, "tokens_per_second": 59639.81188900695, "loss_main": 2.928896129131317, "loss_total": 2.928896129131317}
{"event": "update", "optimizer_step": 2260, "tokens_seen": 74055680, "lr": 0.0002988266670836831, "grad_norm": 0.6069492101669312, "elapsed_seconds": 1241.6970676450292, "tokens_per_second": 59640.69814584656, "loss_main": 3.075490117073059, "loss_total": 3.075490117073059}
{"event": "update", "optimizer_step": 2270, "tokens_seen": 74383360, "lr": 0.0002988085870412646, "grad_norm": 1.6934481859207153, "elapsed_seconds": 1247.1564310659887, "tokens_per_second": 59642.365742701506, "loss_main": 2.759807050228119, "loss_total": 2.759807050228119}
{"event": "update", "optimizer_step": 2280, "tokens_seen": 74711040, "lr": 0.00029879036938030743, "grad_norm": 0.5987880825996399, "elapsed_seconds": 1252.6231615929864, "tokens_per_second": 59643.66801663514, "loss_main": 2.9256272315979004, "loss_total": 2.9256272315979004}
{"event": "update", "optimizer_step": 2290, "tokens_seen": 75038720, "lr": 0.00029877201411954797, "grad_norm": 0.5799684524536133, "elapsed_seconds": 1258.0870429989882, "tokens_per_second": 59645.09404780536, "loss_main": 2.976708948612213, "loss_total": 2.976708948612213}
{"event": "update", "optimizer_step": 2300, "tokens_seen": 75366400, "lr": 0.000298753521277864, "grad_norm": 0.6140202879905701, "elapsed_seconds": 1263.6900033990387, "tokens_per_second": 59639.943180116585, "loss_main": 2.9107027649879456, "loss_total": 2.9107027649879456}
{"event": "update", "optimizer_step": 2310, "tokens_seen": 75694080, "lr": 0.0002987348908742749, "grad_norm": 0.5975590944290161, "elapsed_seconds": 1269.1501927500358, "tokens_per_second": 59641.546313745275, "loss_main": 2.924751937389374, "loss_total": 2.924751937389374}
{"event": "update", "optimizer_step": 2320, "tokens_seen": 76021760, "lr": 0.0002987161229279417, "grad_norm": 0.6676062941551208, "elapsed_seconds": 1274.6183234159835, "tokens_per_second": 59642.76411487739, "loss_main": 3.0192946195602417, "loss_total": 3.0192946195602417}
{"event": "update", "optimizer_step": 2330, "tokens_seen": 76349440, "lr": 0.0002986972174581666, "grad_norm": 0.6081351637840271, "elapsed_seconds": 1280.0661561710294, "tokens_per_second": 59644.917281758804, "loss_main": 2.9320054054260254, "loss_total": 2.9320054054260254}
{"event": "update", "optimizer_step": 2340, "tokens_seen": 76677120, "lr": 0.0002986781744843933, "grad_norm": 0.6262943744659424, "elapsed_seconds": 1285.5211481919978, "tokens_per_second": 59646.72001533495, "loss_main": 2.976029098033905, "loss_total": 2.976029098033905}
{"event": "update", "optimizer_step": 2350, "tokens_seen": 77004800, "lr": 0.0002986589940262072, "grad_norm": 0.5782303214073181, "elapsed_seconds": 1291.004678520956, "tokens_per_second": 59647.18895381604, "loss_main": 2.9239200353622437, "loss_total": 2.9239200353622437}
{"event": "update", "optimizer_step": 2360, "tokens_seen": 77332480, "lr": 0.00029863967610333473, "grad_norm": 0.6463595628738403, "elapsed_seconds": 1296.5866225130158, "tokens_per_second": 59643.12654261069, "loss_main": 3.002084195613861, "loss_total": 3.002084195613861}
{"event": "update", "optimizer_step": 2370, "tokens_seen": 77660160, "lr": 0.00029862022073564394, "grad_norm": 0.644670307636261, "elapsed_seconds": 1302.0527370800264, "tokens_per_second": 59644.40439959451, "loss_main": 2.9417726397514343, "loss_total": 2.9417726397514343}
{"event": "update", "optimizer_step": 2380, "tokens_seen": 77987840, "lr": 0.0002986006279431441, "grad_norm": 0.5892899036407471, "elapsed_seconds": 1307.5068672019988, "tokens_per_second": 59646.2182771477, "loss_main": 2.824420392513275, "loss_total": 2.824420392513275}
{"event": "update", "optimizer_step": 2390, "tokens_seen": 78315520, "lr": 0.00029858089774598584, "grad_norm": 0.6026886701583862, "elapsed_seconds": 1312.965546661988, "tokens_per_second": 59647.81040835771, "loss_main": 3.067384660243988, "loss_total": 3.067384660243988}
{"event": "update", "optimizer_step": 2400, "tokens_seen": 78643200, "lr": 0.00029856103016446124, "grad_norm": 0.5641404390335083, "elapsed_seconds": 1318.4398293970153, "tokens_per_second": 59648.68342605157, "loss_main": 2.907201647758484, "loss_total": 2.907201647758484}
{"event": "update", "optimizer_step": 2410, "tokens_seen": 78970880, "lr": 0.00029854102521900347, "grad_norm": 0.6236727833747864, "elapsed_seconds": 1323.9186166210566, "tokens_per_second": 59649.346272924064, "loss_main": 2.769026517868042, "loss_total": 2.769026517868042}
{"event": "update", "optimizer_step": 2420, "tokens_seen": 79298560, "lr": 0.0002985208829301871, "grad_norm": 0.6278814673423767, "elapsed_seconds": 1329.5305836490588, "tokens_per_second": 59644.02848286155, "loss_main": 2.8204883337020874, "loss_total": 2.8204883337020874}
{"event": "update", "optimizer_step": 2430, "tokens_seen": 79626240, "lr": 0.00029850060331872803, "grad_norm": 0.6061030030250549, "elapsed_seconds": 1335.0024060399737, "tokens_per_second": 59645.01609865695, "loss_main": 2.6584463715553284, "loss_total": 2.6584463715553284}
{"event": "update", "optimizer_step": 2440, "tokens_seen": 79953920, "lr": 0.0002984801864054831, "grad_norm": 0.6192967295646667, "elapsed_seconds": 1340.4854659009725, "tokens_per_second": 59645.49563113767, "loss_main": 2.816232740879059, "loss_total": 2.816232740879059}
{"event": "evaluation", "tokens_seen": 80019456, "elapsed_seconds": 1341.5793053039815, "parameters": 71199040, "main_loss": 2.982973337173462, "perplexity": 19.746442275549114}
{"event": "update", "optimizer_step": 2450, "tokens_seen": 80281600, "lr": 0.0002984596322114508, "grad_norm": 0.7509210705757141, "elapsed_seconds": 1348.4770169910043, "tokens_per_second": 59535.01541994435, "loss_main": 3.028124511241913, "loss_total": 3.028124511241913}
{"event": "update", "optimizer_step": 2460, "tokens_seen": 80609280, "lr": 0.00029843894075777034, "grad_norm": 0.5833619832992554, "elapsed_seconds": 1353.9518260289915, "tokens_per_second": 59536.298448977424, "loss_main": 2.8911158442497253, "loss_total": 2.8911158442497253}
{"event": "update", "optimizer_step": 2470, "tokens_seen": 80936960, "lr": 0.0002984181120657224, "grad_norm": 0.6219666600227356, "elapsed_seconds": 1359.4359634269495, "tokens_per_second": 59537.162600854805, "loss_main": 2.954052448272705, "loss_total": 2.954052448272705}
{"event": "update", "optimizer_step": 2480, "tokens_seen": 81264640, "lr": 0.0002983971461567289, "grad_norm": 0.5984782576560974, "elapsed_seconds": 1364.9072418520227, "tokens_per_second": 59538.58072416203, "loss_main": 2.7710785269737244, "loss_total": 2.7710785269737244}
{"event": "update", "optimizer_step": 2490, "tokens_seen": 81592320, "lr": 0.0002983760430523525, "grad_norm": 0.5670919418334961, "elapsed_seconds": 1370.3622186690336, "tokens_per_second": 59540.69580176157, "loss_main": 2.9109244346618652, "loss_total": 2.9109244346618652}
{"event": "update", "optimizer_step": 2500, "tokens_seen": 81920000, "lr": 0.00029835480277429736, "grad_norm": 0.6033961176872253, "elapsed_seconds": 1375.840138545027, "tokens_per_second": 59541.80119111201, "loss_main": 2.8752859234809875, "loss_total": 2.8752859234809875}
{"event": "update", "optimizer_step": 2510, "tokens_seen": 82247680, "lr": 0.00029833342534440826, "grad_norm": 0.5975600481033325, "elapsed_seconds": 1381.3165653389879, "tokens_per_second": 59542.96217378358, "loss_main": 2.99104106426239, "loss_total": 2.99104106426239}
{"event": "update", "optimizer_step": 2520, "tokens_seen": 82575360, "lr": 0.00029831191078467164, "grad_norm": 0.6772213578224182, "elapsed_seconds": 1386.7931890409673, "tokens_per_second": 59544.105532494534, "loss_main": 2.8845226764678955, "loss_total": 2.8845226764678955}
{"event": "update", "optimizer_step": 2530, "tokens_seen": 82903040, "lr": 0.00029829025911721433, "grad_norm": 0.6544600129127502, "elapsed_seconds": 1392.286274468992, "tokens_per_second": 59544.53586179224, "loss_main": 2.8637888431549072, "loss_total": 2.8637888431549072}
{"event": "update", "optimizer_step": 2540, "tokens_seen": 83230720, "lr": 0.00029826847036430466, "grad_norm": 0.6591385006904602, "elapsed_seconds": 1397.7428315220168, "tokens_per_second": 59546.518946814555, "loss_main": 2.6633229851722717, "loss_total": 2.6633229851722717}
{"event": "update", "optimizer_step": 2550, "tokens_seen": 83558400, "lr": 0.0002982465445483519, "grad_norm": 0.6032803058624268, "elapsed_seconds": 1403.2071102909977, "tokens_per_second": 59548.15891908617, "loss_main": 2.806626796722412, "loss_total": 2.806626796722412}
{"event": "update", "optimizer_step": 2560, "tokens_seen": 83886080, "lr": 0.0002982244816919059, "grad_norm": 0.5957455039024353, "elapsed_seconds": 1408.680293658981, "tokens_per_second": 59549.40974016882, "loss_main": 3.0089167952537537, "loss_total": 3.0089167952537537}
{"event": "update", "optimizer_step": 2570, "tokens_seen": 84213760, "lr": 0.0002982022818176579, "grad_norm": 0.5568549036979675, "elapsed_seconds": 1414.134735092055, "tokens_per_second": 59551.440121098494, "loss_main": 2.7507300972938538, "loss_total": 2.7507300972938538}
{"event": "update", "optimizer_step": 2580, "tokens_seen": 84541440, "lr": 0.0002981799449484398, "grad_norm": 0.598486602306366, "elapsed_seconds": 1419.6216720780358, "tokens_per_second": 59552.09170359355, "loss_main": 2.888693690299988, "loss_total": 2.888693690299988}
{"event": "update", "optimizer_step": 2590, "tokens_seen": 84869120, "lr": 0.0002981574711072245, "grad_norm": 0.59912109375, "elapsed_seconds": 1425.0954222660512, "tokens_per_second": 59553.28932644328, "loss_main": 2.8933114409446716, "loss_total": 2.8933114409446716}
{"event": "update", "optimizer_step": 2600, "tokens_seen": 85196800, "lr": 0.0002981348603171256, "grad_norm": 0.5713307857513428, "elapsed_seconds": 1430.5569117560517, "tokens_per_second": 59554.98820065702, "loss_main": 2.8578612208366394, "loss_total": 2.8578612208366394}
{"event": "update", "optimizer_step": 2610, "tokens_seen": 85524480, "lr": 0.00029811211260139794, "grad_norm": 0.6619212031364441, "elapsed_seconds": 1436.0417800820433, "tokens_per_second": 59555.70456669712, "loss_main": 2.9422414302825928, "loss_total": 2.9422414302825928}
{"event": "update", "optimizer_step": 2620, "tokens_seen": 85852160, "lr": 0.0002980892279834368, "grad_norm": 0.6275454759597778, "elapsed_seconds": 1441.5087446670514, "tokens_per_second": 59557.15518037282, "loss_main": 2.6847721934318542, "loss_total": 2.6847721934318542}
{"event": "update", "optimizer_step": 2630, "tokens_seen": 86179840, "lr": 0.00029806620648677835, "grad_norm": 0.5911710858345032, "elapsed_seconds": 1446.9759491219884, "tokens_per_second": 59558.58495940664, "loss_main": 3.053053855895996, "loss_total": 3.053053855895996}
{"event": "update", "optimizer_step": 2640, "tokens_seen": 86507520, "lr": 0.00029804304813509975, "grad_norm": 0.5545018315315247, "elapsed_seconds": 1452.4395687129581, "tokens_per_second": 59560.1509787126, "loss_main": 2.872722566127777, "loss_total": 2.872722566127777}
{"event": "update", "optimizer_step": 2650, "tokens_seen": 86835200, "lr": 0.00029801975295221854, "grad_norm": 0.588197648525238, "elapsed_seconds": 1457.9036732440582, "tokens_per_second": 59561.68544851693, "loss_main": 2.817323386669159, "loss_total": 2.817323386669159}
{"event": "update", "optimizer_step": 2660, "tokens_seen": 87162880, "lr": 0.0002979963209620933, "grad_norm": 0.5710824728012085, "elapsed_seconds": 1463.3857968209777, "tokens_per_second": 59562.47504202271, "loss_main": 2.758935570716858, "loss_total": 2.758935570716858}
{"event": "update", "optimizer_step": 2670, "tokens_seen": 87490560, "lr": 0.00029797275218882314, "grad_norm": 0.5779492259025574, "elapsed_seconds": 1468.8604144810233, "tokens_per_second": 59563.56311155141, "loss_main": 2.9219215512275696, "loss_total": 2.9219215512275696}
{"event": "update", "optimizer_step": 2680, "tokens_seen": 87818240, "lr": 0.0002979490466566481, "grad_norm": 0.6185275912284851, "elapsed_seconds": 1474.3432324520545, "tokens_per_second": 59564.31180136057, "loss_main": 2.7358264923095703, "loss_total": 2.7358264923095703}
{"event": "update", "optimizer_step": 2690, "tokens_seen": 88145920, "lr": 0.0002979252043899484, "grad_norm": 0.5585977435112, "elapsed_seconds": 1479.8049063200597, "tokens_per_second": 59565.90603500496, "loss_main": 2.8521410822868347, "loss_total": 2.8521410822868347}
{"event": "update", "optimizer_step": 2700, "tokens_seen": 88473600, "lr": 0.0002979012254132453, "grad_norm": 0.5520507097244263, "elapsed_seconds": 1485.2689516149694, "tokens_per_second": 59567.39343658971, "loss_main": 2.812799096107483, "loss_total": 2.812799096107483}
{"event": "update", "optimizer_step": 2710, "tokens_seen": 88801280, "lr": 0.00029787710975120063, "grad_norm": 0.5644475221633911, "elapsed_seconds": 1490.7326933379518, "tokens_per_second": 59568.882065074955, "loss_main": 2.7975948452949524, "loss_total": 2.7975948452949524}
{"event": "update", "optimizer_step": 2720, "tokens_seen": 89128960, "lr": 0.00029785285742861653, "grad_norm": 0.5743343830108643, "elapsed_seconds": 1496.204957435024, "tokens_per_second": 59570.02050895198, "loss_main": 2.953567624092102, "loss_total": 2.953567624092102}
{"event": "update", "optimizer_step": 2730, "tokens_seen": 89456640, "lr": 0.00029782846847043604, "grad_norm": 0.5705969929695129, "elapsed_seconds": 1501.6777880269801, "tokens_per_second": 59571.128182920664, "loss_main": 2.7437949776649475, "loss_total": 2.7437949776649475}
{"event": "update", "optimizer_step": 2740, "tokens_seen": 89784320, "lr": 0.0002978039429017424, "grad_norm": 0.5579133033752441, "elapsed_seconds": 1507.130412055063, "tokens_per_second": 59573.02651571716, "loss_main": 2.7977657318115234, "loss_total": 2.7977657318115234}
{"event": "update", "optimizer_step": 2750, "tokens_seen": 90112000, "lr": 0.00029777928074775954, "grad_norm": 0.5456827282905579, "elapsed_seconds": 1512.594652340049, "tokens_per_second": 59574.45364532584, "loss_main": 3.0001872777938843, "loss_total": 3.0001872777938843}
{"event": "update", "optimizer_step": 2760, "tokens_seen": 90439680, "lr": 0.00029775448203385186, "grad_norm": 0.9422988891601562, "elapsed_seconds": 1518.0816240670392, "tokens_per_second": 59574.97842422084, "loss_main": 2.80101078748703, "loss_total": 2.80101078748703}
{"event": "update", "optimizer_step": 2770, "tokens_seen": 90767360, "lr": 0.00029772954678552413, "grad_norm": 0.5634114146232605, "elapsed_seconds": 1523.543748082011, "tokens_per_second": 59576.47104933286, "loss_main": 2.7974284887313843, "loss_total": 2.7974284887313843}
{"event": "update", "optimizer_step": 2780, "tokens_seen": 91095040, "lr": 0.0002977044750284215, "grad_norm": 0.5687287449836731, "elapsed_seconds": 1528.99245638703, "tokens_per_second": 59578.4757599493, "loss_main": 2.876195549964905, "loss_total": 2.876195549964905}
{"event": "update", "optimizer_step": 2790, "tokens_seen": 91422720, "lr": 0.00029767926678832995, "grad_norm": 0.5996173024177551, "elapsed_seconds": 1534.4541994170286, "tokens_per_second": 59579.960115286216, "loss_main": 2.8901440501213074, "loss_total": 2.8901440501213074}
{"event": "update", "optimizer_step": 2800, "tokens_seen": 91750400, "lr": 0.00029765392209117505, "grad_norm": 0.6319559812545776, "elapsed_seconds": 1539.9326017600251, "tokens_per_second": 59580.78937684436, "loss_main": 2.767906069755554, "loss_total": 2.767906069755554}
{"event": "update", "optimizer_step": 2810, "tokens_seen": 92078080, "lr": 0.00029762844096302334, "grad_norm": 0.6252534985542297, "elapsed_seconds": 1545.4041170539567, "tokens_per_second": 59581.878282769685, "loss_main": 2.8759313225746155, "loss_total": 2.8759313225746155}
{"event": "update", "optimizer_step": 2820, "tokens_seen": 92405760, "lr": 0.0002976028234300815, "grad_norm": 0.5768264532089233, "elapsed_seconds": 1550.8643671399914, "tokens_per_second": 59583.39230554959, "loss_main": 2.8662054538726807, "loss_total": 2.8662054538726807}
{"event": "update", "optimizer_step": 2830, "tokens_seen": 92733440, "lr": 0.0002975770695186964, "grad_norm": 0.603122889995575, "elapsed_seconds": 1556.345422232058, "tokens_per_second": 59584.09918217566, "loss_main": 3.068944811820984, "loss_total": 3.068944811820984}
{"event": "update", "optimizer_step": 2840, "tokens_seen": 93061120, "lr": 0.0002975511792553552, "grad_norm": 0.6010392904281616, "elapsed_seconds": 1561.817701966036, "tokens_per_second": 59585.13588548361, "loss_main": 2.9083752036094666, "loss_total": 2.9083752036094666}
{"event": "update", "optimizer_step": 2850, "tokens_seen": 93388800, "lr": 0.0002975251526666855, "grad_norm": 0.5339623689651489, "elapsed_seconds": 1567.2717200230109, "tokens_per_second": 59586.859640795956, "loss_main": 2.770349860191345, "loss_total": 2.770349860191345}
{"event": "update", "optimizer_step": 2860, "tokens_seen": 93716480, "lr": 0.0002974989897794549, "grad_norm": 0.5482711791992188, "elapsed_seconds": 1572.7529608650366, "tokens_per_second": 59587.540021831905, "loss_main": 2.6105417609214783, "loss_total": 2.6105417609214783}
{"event": "update", "optimizer_step": 2870, "tokens_seen": 94044160, "lr": 0.00029747269062057116, "grad_norm": 0.6133160591125488, "elapsed_seconds": 1578.2154686220456, "tokens_per_second": 59588.9229764747, "loss_main": 2.8174718022346497, "loss_total": 2.8174718022346497}
{"event": "update", "optimizer_step": 2880, "tokens_seen": 94371840, "lr": 0.0002974462552170822, "grad_norm": 0.5826088786125183, "elapsed_seconds": 1583.6648987350054, "tokens_per_second": 59590.78847765207, "loss_main": 2.9378886818885803, "loss_total": 2.9378886818885803}
{"event": "update", "optimizer_step": 2890, "tokens_seen": 94699520, "lr": 0.00029741968359617635, "grad_norm": 0.5979347825050354, "elapsed_seconds": 1589.1354873740347, "tokens_per_second": 59591.8477388521, "loss_main": 2.900805413722992, "loss_total": 2.900805413722992}
{"event": "update", "optimizer_step": 2900, "tokens_seen": 95027200, "lr": 0.00029739297578518155, "grad_norm": 0.5485308766365051, "elapsed_seconds": 1594.6019688779488, "tokens_per_second": 59593.05322247059, "loss_main": 2.822444975376129, "loss_total": 2.822444975376129}
{"event": "update", "optimizer_step": 2910, "tokens_seen": 95354880, "lr": 0.0002973661318115663, "grad_norm": 0.5957821011543274, "elapsed_seconds": 1600.054044157965, "tokens_per_second": 59594.78703119737, "loss_main": 2.723503828048706, "loss_total": 2.723503828048706}
{"event": "update", "optimizer_step": 2920, "tokens_seen": 95682560, "lr": 0.0002973391517029387, "grad_norm": 0.596886932849884, "elapsed_seconds": 1605.5222010200378, "tokens_per_second": 59595.91212081024, "loss_main": 2.889177441596985, "loss_total": 2.889177441596985}
{"event": "update", "optimizer_step": 2930, "tokens_seen": 96010240, "lr": 0.0002973120354870472, "grad_norm": 0.5534126162528992, "elapsed_seconds": 1610.9781417930499, "tokens_per_second": 59597.4814985005, "loss_main": 2.734627068042755, "loss_total": 2.734627068042755}
{"event": "update", "optimizer_step": 2940, "tokens_seen": 96337920, "lr": 0.0002972847831917801, "grad_norm": 0.5866813063621521, "elapsed_seconds": 1616.4400394139811, "tokens_per_second": 59598.82064968276, "loss_main": 2.8698848485946655, "loss_total": 2.8698848485946655}
{"event": "update", "optimizer_step": 2950, "tokens_seen": 96665600, "lr": 0.00029725739484516556, "grad_norm": 0.6212402582168579, "elapsed_seconds": 1621.8923584739678, "tokens_per_second": 59600.502767614176, "loss_main": 2.8348897099494934, "loss_total": 2.8348897099494934}
{"event": "update", "optimizer_step": 2960, "tokens_seen": 96993280, "lr": 0.0002972298704753718, "grad_norm": 0.5838028192520142, "elapsed_seconds": 1627.3396659790305, "tokens_per_second": 59602.357164721034, "loss_main": 2.7924144864082336, "loss_total": 2.7924144864082336}
{"event": "update", "optimizer_step": 2970, "tokens_seen": 97320960, "lr": 0.00029720221011070693, "grad_norm": 0.8089349269866943, "elapsed_seconds": 1632.7943688479718, "tokens_per_second": 59603.92922512674, "loss_main": 2.7781856060028076, "loss_total": 2.7781856060028076}
{"event": "update", "optimizer_step": 2980, "tokens_seen": 97648640, "lr": 0.00029717441377961884, "grad_norm": 0.729494571685791, "elapsed_seconds": 1638.2516848109663, "tokens_per_second": 59605.39574312566, "loss_main": 2.865764856338501, "loss_total": 2.865764856338501}
{"event": "update", "optimizer_step": 2990, "tokens_seen": 97976320, "lr": 0.00029714648151069533, "grad_norm": 0.6416081786155701, "elapsed_seconds": 1643.7074435170507, "tokens_per_second": 59606.908994923986, "loss_main": 2.8419695496559143, "loss_total": 2.8419695496559143}
{"event": "update", "optimizer_step": 3000, "tokens_seen": 98304000, "lr": 0.00029711841333266407, "grad_norm": 0.58722323179245, "elapsed_seconds": 1649.1604052199982, "tokens_per_second": 59608.513331294926, "loss_main": 2.8716667890548706, "loss_total": 2.8716667890548706}
{"event": "update", "optimizer_step": 3010, "tokens_seen": 98631680, "lr": 0.0002970902092743924, "grad_norm": 0.5893534421920776, "elapsed_seconds": 1654.6153446229873, "tokens_per_second": 59610.03584339038, "loss_main": 2.853526473045349, "loss_total": 2.853526473045349}
{"event": "update", "optimizer_step": 3020, "tokens_seen": 98959360, "lr": 0.0002970618693648873, "grad_norm": 0.6122437715530396, "elapsed_seconds": 1660.0678401109762, "tokens_per_second": 59611.63610842827, "loss_main": 2.79265820980072, "loss_total": 2.79265820980072}
{"event": "update", "optimizer_step": 3030, "tokens_seen": 99287040, "lr": 0.0002970333936332957, "grad_norm": 0.5682533383369446, "elapsed_seconds": 1665.5179496529745, "tokens_per_second": 59613.31129495623, "loss_main": 2.691599190235138, "loss_total": 2.691599190235138}
{"event": "update", "optimizer_step": 3040, "tokens_seen": 99614720, "lr": 0.00029700478210890413, "grad_norm": 0.6029587388038635, "elapsed_seconds": 1670.979396858951, "tokens_per_second": 59614.57106368414, "loss_main": 2.8241987228393555, "loss_total": 2.8241987228393555}
{"event": "update", "optimizer_step": 3050, "tokens_seen": 99942400, "lr": 0.0002969760348211388, "grad_norm": 0.6350326538085938, "elapsed_seconds": 1676.421107792994, "tokens_per_second": 59616.5244731224, "loss_main": 2.8969162106513977, "loss_total": 2.8969162106513977}
{"event": "update", "optimizer_step": 3060, "tokens_seen": 100270080, "lr": 0.0002969471517995654, "grad_norm": 0.6089949011802673, "elapsed_seconds": 1681.8826286740368, "tokens_per_second": 59617.76302966572, "loss_main": 2.9941855669021606, "loss_total": 2.9941855669021606}
{"event": "update", "optimizer_step": 3070, "tokens_seen": 100597760, "lr": 0.00029691813307388955, "grad_norm": 0.5391415357589722, "elapsed_seconds": 1687.3349452520488, "tokens_per_second": 59619.31878615423, "loss_main": 2.820641279220581, "loss_total": 2.820641279220581}
{"event": "update", "optimizer_step": 3080, "tokens_seen": 100925440, "lr": 0.00029688897867395615, "grad_norm": 0.5726699829101562, "elapsed_seconds": 1692.7966398400022, "tokens_per_second": 59620.534224086805, "loss_main": 2.8954479694366455, "loss_total": 2.8954479694366455}
{"event": "update", "optimizer_step": 3090, "tokens_seen": 101253120, "lr": 0.0002968596886297496, "grad_norm": 0.5556323528289795, "elapsed_seconds": 1698.2592535800068, "tokens_per_second": 59621.70957499797, "loss_main": 2.9056085348129272, "loss_total": 2.9056085348129272}
{"event": "update", "optimizer_step": 3100, "tokens_seen": 101580800, "lr": 0.000296830262971394, "grad_norm": 0.5875184535980225, "elapsed_seconds": 1703.7301019349834, "tokens_per_second": 59622.589214471984, "loss_main": 2.9247409105300903, "loss_total": 2.9247409105300903}
{"event": "update", "optimizer_step": 3110, "tokens_seen": 101908480, "lr": 0.0002968007017291529, "grad_norm": 0.6589539647102356, "elapsed_seconds": 1709.181985764997, "tokens_per_second": 59624.12478527716, "loss_main": 3.004930853843689, "loss_total": 3.004930853843689}
{"event": "update", "optimizer_step": 3120, "tokens_seen": 102236160, "lr": 0.00029677100493342913, "grad_norm": 0.5949297547340393, "elapsed_seconds": 1714.6388711599866, "tokens_per_second": 59625.476664269976, "loss_main": 2.7960676550865173, "loss_total": 2.7960676550865173}
{"event": "update", "optimizer_step": 3130, "tokens_seen": 102563840, "lr": 0.00029674117261476514, "grad_norm": 0.5473576188087463, "elapsed_seconds": 1720.0896974940551, "tokens_per_second": 59627.030002808606, "loss_main": 2.8437037467956543, "loss_total": 2.8437037467956543}
{"event": "update", "optimizer_step": 3140, "tokens_seen": 102891520, "lr": 0.0002967112048038427, "grad_norm": 0.6964027881622314, "elapsed_seconds": 1725.5446805260144, "tokens_per_second": 59628.42988721369, "loss_main": 2.8634491562843323, "loss_total": 2.8634491562843323}
{"event": "update", "optimizer_step": 3150, "tokens_seen": 103219200, "lr": 0.0002966811015314828, "grad_norm": 0.5691484212875366, "elapsed_seconds": 1731.0047015229939, "tokens_per_second": 59629.64740025513, "loss_main": 2.8763515949249268, "loss_total": 2.8763515949249268}
{"event": "update", "optimizer_step": 3160, "tokens_seen": 103546880, "lr": 0.00029665086282864596, "grad_norm": 0.5919292569160461, "elapsed_seconds": 1736.4632752330508, "tokens_per_second": 59630.90695719031, "loss_main": 2.920489251613617, "loss_total": 2.920489251613617}
{"event": "update", "optimizer_step": 3170, "tokens_seen": 103874560, "lr": 0.00029662048872643166, "grad_norm": 0.6216188073158264, "elapsed_seconds": 1741.9297873340547, "tokens_per_second": 59631.886862084924, "loss_main": 2.8652416467666626, "loss_total": 2.8652416467666626}
{"event": "update", "optimizer_step": 3180, "tokens_seen": 104202240, "lr": 0.0002965899792560791, "grad_norm": 0.5822431445121765, "elapsed_seconds": 1747.375492983032, "tokens_per_second": 59633.57069985636, "loss_main": 2.7200682759284973, "loss_total": 2.7200682759284973}
{"event": "update", "optimizer_step": 3190, "tokens_seen": 104529920, "lr": 0.0002965593344489663, "grad_norm": 0.5731450915336609, "elapsed_seconds": 1752.832306504948, "tokens_per_second": 59634.86616037272, "loss_main": 3.025457441806793, "loss_total": 3.025457441806793}
{"event": "update", "optimizer_step": 3200, "tokens_seen": 104857600, "lr": 0.0002965285543366107, "grad_norm": 0.5910671353340149, "elapsed_seconds": 1758.297164160991, "tokens_per_second": 59635.88074717452, "loss_main": 2.8377962708473206, "loss_total": 2.8377962708473206}
{"event": "update", "optimizer_step": 3210, "tokens_seen": 105185280, "lr": 0.0002964976389506688, "grad_norm": 0.5948129296302795, "elapsed_seconds": 1763.7452228349866, "tokens_per_second": 59637.45706476166, "loss_main": 2.526530146598816, "loss_total": 2.526530146598816}
{"event": "update", "optimizer_step": 3220, "tokens_seen": 105512960, "lr": 0.00029646658832293616, "grad_norm": 0.5822968482971191, "elapsed_seconds": 1769.2022499659797, "tokens_per_second": 59638.72135140509, "loss_main": 2.7469459176063538, "loss_total": 2.7469459176063538}
{"event": "update", "optimizer_step": 3230, "tokens_seen": 105840640, "lr": 0.0002964354024853476, "grad_norm": 0.6047515273094177, "elapsed_seconds": 1774.6622848800616, "tokens_per_second": 59639.87678205102, "loss_main": 2.7749990820884705, "loss_total": 2.7749990820884705}
{"event": "update", "optimizer_step": 3240, "tokens_seen": 106168320, "lr": 0.00029640408146997704, "grad_norm": 0.7028218507766724, "elapsed_seconds": 1780.1080061800312, "tokens_per_second": 59641.50469039723, "loss_main": 2.6890048384666443, "loss_total": 2.6890048384666443}
{"event": "update", "optimizer_step": 3250, "tokens_seen": 106496000, "lr": 0.000296372625309037, "grad_norm": 0.5286251902580261, "elapsed_seconds": 1785.5758690190269, "tokens_per_second": 59642.383080875516, "loss_main": 2.6341378688812256, "loss_total": 2.6341378688812256}
{"event": "update", "optimizer_step": 3260, "tokens_seen": 106823680, "lr": 0.0002963410340348796, "grad_norm": 0.577718198299408, "elapsed_seconds": 1791.0330152449897, "tokens_per_second": 59643.61298241503, "loss_main": 2.703341007232666, "loss_total": 2.703341007232666}
{"event": "update", "optimizer_step": 3270, "tokens_seen": 107151360, "lr": 0.00029630930767999533, "grad_norm": 0.568688690662384, "elapsed_seconds": 1796.4972220519558, "tokens_per_second": 59644.60099616069, "loss_main": 2.7961557507514954, "loss_total": 2.7961557507514954}
{"event": "update", "optimizer_step": 3280, "tokens_seen": 107479040, "lr": 0.0002962774462770142, "grad_norm": 0.5497729778289795, "elapsed_seconds": 1801.9739953749813, "tokens_per_second": 59645.167064485955, "loss_main": 2.9333197474479675, "loss_total": 2.9333197474479675}
{"event": "update", "optimizer_step": 3290, "tokens_seen": 107806720, "lr": 0.00029624544985870453, "grad_norm": 0.5638440847396851, "elapsed_seconds": 1807.4386971220374, "tokens_per_second": 59646.128066008176, "loss_main": 2.7649714946746826, "loss_total": 2.7649714946746826}
{"event": "update", "optimizer_step": 3300, "tokens_seen": 108134400, "lr": 0.0002962133184579739, "grad_norm": 0.6341979503631592, "elapsed_seconds": 1812.9027555380017, "tokens_per_second": 59647.10444047494, "loss_main": 2.7525562047958374, "loss_total": 2.7525562047958374}
{"event": "update", "optimizer_step": 3310, "tokens_seen": 108462080, "lr": 0.00029618105210786865, "grad_norm": 0.6060196757316589, "elapsed_seconds": 1818.3520784180146, "tokens_per_second": 59648.5583223042, "loss_main": 2.9477269649505615, "loss_total": 2.9477269649505615}
{"event": "update", "optimizer_step": 3320, "tokens_seen": 108789760, "lr": 0.00029614865084157376, "grad_norm": 0.5743210315704346, "elapsed_seconds": 1823.8045847780304, "tokens_per_second": 59649.89939601477, "loss_main": 2.9761367440223694, "loss_total": 2.9761367440223694}
{"event": "update", "optimizer_step": 3330, "tokens_seen": 109117440, "lr": 0.00029611611469241314, "grad_norm": 0.6097415685653687, "elapsed_seconds": 1829.2569395350292, "tokens_per_second": 59651.23741869531, "loss_main": 2.786038875579834, "loss_total": 2.786038875579834}
{"event": "update", "optimizer_step": 3340, "tokens_seen": 109445120, "lr": 0.0002960834436938493, "grad_norm": 0.5489718317985535, "elapsed_seconds": 1834.7301666269777, "tokens_per_second": 59651.88886669213, "loss_main": 2.777610421180725, "loss_total": 2.777610421180725}
{"event": "update", "optimizer_step": 3350, "tokens_seen": 109772800, "lr": 0.00029605063787948346, "grad_norm": 0.5859241485595703, "elapsed_seconds": 1840.1825602280442, "tokens_per_second": 59653.211791332506, "loss_main": 2.8631123900413513, "loss_total": 2.8631123900413513}
{"event": "update", "optimizer_step": 3360, "tokens_seen": 110100480, "lr": 0.0002960176972830556, "grad_norm": 0.6129217743873596, "elapsed_seconds": 1845.6373365550535, "tokens_per_second": 59654.44988532059, "loss_main": 2.8259689807891846, "loss_total": 2.8259689807891846}
{"event": "update", "optimizer_step": 3370, "tokens_seen": 110428160, "lr": 0.0002959846219384441, "grad_norm": 0.6420310139656067, "elapsed_seconds": 1851.086523437989, "tokens_per_second": 59655.86081568128, "loss_main": 2.7860963344573975, "loss_total": 2.7860963344573975}
{"event": "update", "optimizer_step": 3380, "tokens_seen": 110755840, "lr": 0.00029595141187966614, "grad_norm": 0.5974050760269165, "elapsed_seconds": 1856.535856241011, "tokens_per_second": 59657.25877454959, "loss_main": 2.6953104734420776, "loss_total": 2.6953104734420776}
{"event": "update", "optimizer_step": 3390, "tokens_seen": 111083520, "lr": 0.00029591806714087754, "grad_norm": 0.5816408395767212, "elapsed_seconds": 1862.0048098530388, "tokens_per_second": 59658.019899941835, "loss_main": 2.891542375087738, "loss_total": 2.891542375087738}
{"event": "update", "optimizer_step": 3400, "tokens_seen": 111411200, "lr": 0.00029588458775637217, "grad_norm": 0.5769190788269043, "elapsed_seconds": 1867.4795528419781, "tokens_per_second": 59658.5916190898, "loss_main": 2.718662142753601, "loss_total": 2.718662142753601}
{"event": "update", "optimizer_step": 3410, "tokens_seen": 111738880, "lr": 0.00029585097376058286, "grad_norm": 0.6135697960853577, "elapsed_seconds": 1872.968234191998, "tokens_per_second": 59658.716020992404, "loss_main": 2.7258933186531067, "loss_total": 2.7258933186531067}
{"event": "update", "optimizer_step": 3420, "tokens_seen": 112066560, "lr": 0.0002958172251880807, "grad_norm": 0.670600175857544, "elapsed_seconds": 1878.434252926032, "tokens_per_second": 59659.55945779535, "loss_main": 2.7929967641830444, "loss_total": 2.7929967641830444}
{"event": "update", "optimizer_step": 3430, "tokens_seen": 112394240, "lr": 0.00029578334207357507, "grad_norm": 0.5388335585594177, "elapsed_seconds": 1883.8985234870343, "tokens_per_second": 59660.45336240402, "loss_main": 2.7794357538223267, "loss_total": 2.7794357538223267}
{"event": "update", "optimizer_step": 3440, "tokens_seen": 112721920, "lr": 0.000295749324451914, "grad_norm": 0.7501381635665894, "elapsed_seconds": 1889.358574087033, "tokens_per_second": 59661.47535253807, "loss_main": 2.767663061618805, "loss_total": 2.767663061618805}
{"event": "update", "optimizer_step": 3450, "tokens_seen": 113049600, "lr": 0.00029571517235808364, "grad_norm": 0.615437924861908, "elapsed_seconds": 1894.8278771130135, "tokens_per_second": 59662.20012144004, "loss_main": 2.671388566493988, "loss_total": 2.671388566493988}
{"event": "update", "optimizer_step": 3460, "tokens_seen": 113377280, "lr": 0.00029568088582720845, "grad_norm": 0.5485572814941406, "elapsed_seconds": 1900.301565048052, "tokens_per_second": 59662.78304734916, "loss_main": 2.902069330215454, "loss_total": 2.902069330215454}
{"event": "update", "optimizer_step": 3470, "tokens_seen": 113704960, "lr": 0.00029564646489455124, "grad_norm": 0.5753461718559265, "elapsed_seconds": 1905.767929499969, "tokens_per_second": 59663.591899058585, "loss_main": 2.765875220298767, "loss_total": 2.765875220298767}
{"event": "update", "optimizer_step": 3480, "tokens_seen": 114032640, "lr": 0.00029561190959551305, "grad_norm": 0.5700162649154663, "elapsed_seconds": 1911.2329892920097, "tokens_per_second": 59664.43685248539, "loss_main": 2.8832826614379883, "loss_total": 2.8832826614379883}
{"event": "update", "optimizer_step": 3490, "tokens_seen": 114360320, "lr": 0.00029557721996563305, "grad_norm": 0.6013827919960022, "elapsed_seconds": 1916.7072625879664, "tokens_per_second": 59664.99017987181, "loss_main": 2.7243348956108093, "loss_total": 2.7243348956108093}
{"event": "update", "optimizer_step": 3500, "tokens_seen": 114688000, "lr": 0.00029554239604058855, "grad_norm": 0.5942036509513855, "elapsed_seconds": 1922.1760185130406, "tokens_per_second": 59665.711618190144, "loss_main": 2.741944134235382, "loss_total": 2.741944134235382}
{"event": "update", "optimizer_step": 3510, "tokens_seen": 115015680, "lr": 0.00029550743785619507, "grad_norm": 0.6201288104057312, "elapsed_seconds": 1927.638736090972, "tokens_per_second": 59666.615868717425, "loss_main": 2.788444936275482, "loss_total": 2.788444936275482}
{"event": "update", "optimizer_step": 3520, "tokens_seen": 115343360, "lr": 0.0002954723454484062, "grad_norm": 0.5622084736824036, "elapsed_seconds": 1933.093249773956, "tokens_per_second": 59667.76823285041, "loss_main": 2.9439791440963745, "loss_total": 2.9439791440963745}
{"event": "update", "optimizer_step": 3530, "tokens_seen": 115671040, "lr": 0.00029543711885331343, "grad_norm": 0.5590912699699402, "elapsed_seconds": 1938.5554673890583, "tokens_per_second": 59668.676984410165, "loss_main": 2.7806934118270874, "loss_total": 2.7806934118270874}
{"event": "update", "optimizer_step": 3540, "tokens_seen": 115998720, "lr": 0.00029540175810714644, "grad_norm": 0.6169896125793457, "elapsed_seconds": 1944.0184056949802, "tokens_per_second": 59669.558508388116, "loss_main": 2.810035467147827, "loss_total": 2.810035467147827}
{"event": "update", "optimizer_step": 3550, "tokens_seen": 116326400, "lr": 0.0002953662632462728, "grad_norm": 0.5371138453483582, "elapsed_seconds": 1949.491611007019, "tokens_per_second": 59670.12083725308, "loss_main": 2.6662425994873047, "loss_total": 2.6662425994873047}
{"event": "update", "optimizer_step": 3560, "tokens_seen": 116654080, "lr": 0.00029533063430719814, "grad_norm": 0.5866320729255676, "elapsed_seconds": 1954.9705177620053, "tokens_per_second": 59670.50599491509, "loss_main": 2.7417048811912537, "loss_total": 2.7417048811912537}
{"event": "update", "optimizer_step": 3570, "tokens_seen": 116981760, "lr": 0.00029529487132656557, "grad_norm": 0.5714946389198303, "elapsed_seconds": 1960.4330109820003, "tokens_per_second": 59671.38858848468, "loss_main": 2.791776418685913, "loss_total": 2.791776418685913}
{"event": "update", "optimizer_step": 3580, "tokens_seen": 117309440, "lr": 0.00029525897434115665, "grad_norm": 0.5737845301628113, "elapsed_seconds": 1965.9007585260551, "tokens_per_second": 59672.10678933427, "loss_main": 2.945677936077118, "loss_total": 2.945677936077118}
{"event": "update", "optimizer_step": 3590, "tokens_seen": 117637120, "lr": 0.0002952229433878903, "grad_norm": 0.5444859862327576, "elapsed_seconds": 1971.3808437000262, "tokens_per_second": 59672.447551641206, "loss_main": 2.798679828643799, "loss_total": 2.798679828643799}
{"event": "update", "optimizer_step": 3600, "tokens_seen": 117964800, "lr": 0.0002951867785038235, "grad_norm": 0.6128455400466919, "elapsed_seconds": 1976.8643505650107, "tokens_per_second": 59672.68313897425, "loss_main": 3.028840184211731, "loss_total": 3.028840184211731}
{"event": "update", "optimizer_step": 3610, "tokens_seen": 118292480, "lr": 0.0002951504797261507, "grad_norm": 0.6383326649665833, "elapsed_seconds": 1982.3163796860026, "tokens_per_second": 59673.864985536486, "loss_main": 2.731813430786133, "loss_total": 2.731813430786133}
{"event": "update", "optimizer_step": 3620, "tokens_seen": 118620160, "lr": 0.00029511404709220445, "grad_norm": 0.594543993473053, "elapsed_seconds": 1987.7816718550166, "tokens_per_second": 59674.64218004513, "loss_main": 2.819284439086914, "loss_total": 2.819284439086914}
{"event": "update", "optimizer_step": 3630, "tokens_seen": 118947840, "lr": 0.0002950774806394545, "grad_norm": 0.5833123326301575, "elapsed_seconds": 1993.2573436000384, "tokens_per_second": 59675.10436217299, "loss_main": 2.7939006090164185, "loss_total": 2.7939006090164185}
{"event": "update", "optimizer_step": 3640, "tokens_seen": 119275520, "lr": 0.00029504078040550866, "grad_norm": 0.5694172382354736, "elapsed_seconds": 1998.7198660819558, "tokens_per_second": 59675.95660807286, "loss_main": 2.5897324681282043, "loss_total": 2.5897324681282043}
{"event": "update", "optimizer_step": 3650, "tokens_seen": 119603200, "lr": 0.00029500394642811194, "grad_norm": 0.573077917098999, "elapsed_seconds": 2004.1848273919895, "tokens_per_second": 59676.73158948995, "loss_main": 2.7064075469970703, "loss_total": 2.7064075469970703}
{"event": "update", "optimizer_step": 3660, "tokens_seen": 119930880, "lr": 0.00029496697874514723, "grad_norm": 0.5660004019737244, "elapsed_seconds": 2009.6580147669883, "tokens_per_second": 59677.25808010449, "loss_main": 2.7395771741867065, "loss_total": 2.7395771741867065}
{"event": "evaluation", "tokens_seen": 120029184, "elapsed_seconds": 2011.2935500059975, "parameters": 71199040, "main_loss": 2.8612724766135216, "perplexity": 17.483760464065007}
{"event": "update", "optimizer_step": 3670, "tokens_seen": 120258560, "lr": 0.0002949298773946348, "grad_norm": 0.5588401556015015, "elapsed_seconds": 2017.660916864057, "tokens_per_second": 59602.95855207994, "loss_main": 2.883126437664032, "loss_total": 2.883126437664032}
{"event": "update", "optimizer_step": 3680, "tokens_seen": 120586240, "lr": 0.00029489264241473235, "grad_norm": 0.5398709774017334, "elapsed_seconds": 2023.1228789190063, "tokens_per_second": 59604.01182573327, "loss_main": 2.866558074951172, "loss_total": 2.866558074951172}
{"event": "update", "optimizer_step": 3690, "tokens_seen": 120913920, "lr": 0.000294855273843735, "grad_norm": 0.6225696206092834, "elapsed_seconds": 2028.5969330000225, "tokens_per_second": 59604.70413468709, "loss_main": 2.7317038774490356, "loss_total": 2.7317038774490356}
                                                                                                                                                                                                                                                                                                                                                                                                                                                                                                                                                                                                                                                                                                                                                                                                                                                                                                                                                                                                                                                                                                                                                     {"event": "model_size", "parameters": null, "dim": 576, "n_layers": 11, "n_heads": 9, "n_kv_heads": 9, "ffn_dim": 1984}
{"event": "resumed", "state": {"micro_step": 234432, "optimizer_step": 3663, "tokens_seen": 120029184, "elapsed_seconds": 2011.2935500059975, "next_checkpoint_tokens": 160000000, "initial_evaluation": {"main_loss": 9.80885362625122, "perplexity": 18194.117858734207}, "heldout": {"main_loss": 2.8612724766135216, "perplexity": 17.483760464065007}}}
W0812 10:30:11.016000 61954 torch/_inductor/utils.py:1978] [0/0] Not enough SMs to use max_autotune_gemm mode
{"event": "update", "optimizer_step": 3670, "tokens_seen": 120258560, "lr": 0.0002949298773946348, "grad_norm": 0.5593100190162659, "elapsed_seconds": 2029.2023775129974, "tokens_per_second": 59263.95579498069, "loss_main": 2.883105993270874, "loss_total": 2.883105993270874}
{"event": "update", "optimizer_step": 3680, "tokens_seen": 120586240, "lr": 0.00029489264241473235, "grad_norm": 0.5409651398658752, "elapsed_seconds": 2034.4366277499976, "tokens_per_second": 59272.546686973175, "loss_main": 2.8664363026618958, "loss_total": 2.8664363026618958}
{"event": "update", "optimizer_step": 3690, "tokens_seen": 120913920, "lr": 0.000294855273843735, "grad_norm": 0.6226449012756348, "elapsed_seconds": 2039.6873880239973, "tokens_per_second": 59280.61364204377, "loss_main": 2.7316357493400574, "loss_total": 2.7316357493400574}
{"event": "update", "optimizer_step": 3700, "tokens_seen": 121241600, "lr": 0.0002948177717200755, "grad_norm": 0.5510122179985046, "elapsed_seconds": 2044.9406139859975, "tokens_per_second": 59288.567682988076, "loss_main": 2.807684004306793, "loss_total": 2.807684004306793}
{"event": "update", "optimizer_step": 3710, "tokens_seen": 121569280, "lr": 0.0002947801360823236, "grad_norm": 0.5786128640174866, "elapsed_seconds": 2050.1900911859975, "tokens_per_second": 59296.5893858527, "loss_main": 2.892223536968231, "loss_total": 2.892223536968231}
{"event": "update", "optimizer_step": 3720, "tokens_seen": 121896960, "lr": 0.00029474236696918666, "grad_norm": 0.5499758124351501, "elapsed_seconds": 2055.4609382769972, "tokens_per_second": 59303.953546390854, "loss_main": 2.800439476966858, "loss_total": 2.800439476966858}
{"event": "update", "optimizer_step": 3730, "tokens_seen": 122224640, "lr": 0.00029470446441950916, "grad_norm": 0.5770396590232849, "elapsed_seconds": 2060.7225406909974, "tokens_per_second": 59311.54611382854, "loss_main": 2.8729490637779236, "loss_total": 2.8729490637779236}
{"event": "update", "optimizer_step": 3740, "tokens_seen": 122552320, "lr": 0.0002946664284722727, "grad_norm": 0.5593391060829163, "elapsed_seconds": 2065.9815436749973, "tokens_per_second": 59319.17464373965, "loss_main": 2.807376265525818, "loss_total": 2.807376265525818}
{"event": "update", "optimizer_step": 3750, "tokens_seen": 122880000, "lr": 0.0002946282591665966, "grad_norm": 0.5706475973129272, "elapsed_seconds": 2071.2452373819974, "tokens_per_second": 59326.630078491944, "loss_main": 2.6446664929389954, "loss_total": 2.6446664929389954}
{"event": "update", "optimizer_step": 3760, "tokens_seen": 123207680, "lr": 0.0002945899565417366, "grad_norm": 0.5802600383758545, "elapsed_seconds": 2076.5125254689974, "tokens_per_second": 59333.94501060018, "loss_main": 2.8505358695983887, "loss_total": 2.8505358695983887}
{"event": "update", "optimizer_step": 3770, "tokens_seen": 123535360, "lr": 0.00029455152063708606, "grad_norm": 0.5606371164321899, "elapsed_seconds": 2081.7777982239973, "tokens_per_second": 59341.28037362598, "loss_main": 2.8581826090812683, "loss_total": 2.8581826090812683}
{"event": "update", "optimizer_step": 3780, "tokens_seen": 123863040, "lr": 0.00029451295149217533, "grad_norm": 0.5397115349769592, "elapsed_seconds": 2087.0336312989975, "tokens_per_second": 59348.84715916437, "loss_main": 2.9112290143966675, "loss_total": 2.9112290143966675}
{"event": "update", "optimizer_step": 3790, "tokens_seen": 124190720, "lr": 0.0002944742491466717, "grad_norm": 0.5704854726791382, "elapsed_seconds": 2092.2958478359974, "tokens_per_second": 59356.194836617855, "loss_main": 2.7590182423591614, "loss_total": 2.7590182423591614}
{"event": "update", "optimizer_step": 3800, "tokens_seen": 124518400, "lr": 0.00029443541364037934, "grad_norm": 0.5595953464508057, "elapsed_seconds": 2097.5472551659973, "tokens_per_second": 59363.8115629227, "loss_main": 2.607730448246002, "loss_total": 2.607730448246002}
{"event": "update", "optimizer_step": 3810, "tokens_seen": 124846080, "lr": 0.00029439644501323985, "grad_norm": 0.5875614285469055, "elapsed_seconds": 2102.8120594109973, "tokens_per_second": 59371.01199380114, "loss_main": 2.59302294254303, "loss_total": 2.59302294254303}
{"event": "update", "optimizer_step": 3820, "tokens_seen": 125173760, "lr": 0.0002943573433053311, "grad_norm": 0.5936034917831421, "elapsed_seconds": 2108.0632409439972, "tokens_per_second": 59378.560172581354, "loss_main": 2.9553900957107544, "loss_total": 2.9553900957107544}
{"event": "update", "optimizer_step": 3830, "tokens_seen": 125501440, "lr": 0.00029431810855686837, "grad_norm": 0.5833610892295837, "elapsed_seconds": 2113.3438306099974, "tokens_per_second": 59385.24445583242, "loss_main": 2.751001298427582, "loss_total": 2.751001298427582}
{"event": "update", "optimizer_step": 3840, "tokens_seen": 125829120, "lr": 0.00029427874080820333, "grad_norm": 0.5659706592559814, "elapsed_seconds": 2118.6093179509976, "tokens_per_second": 59392.3187884848, "loss_main": 2.736479341983795, "loss_total": 2.736479341983795}
{"event": "update", "optimizer_step": 3850, "tokens_seen": 126156800, "lr": 0.00029423924009982485, "grad_norm": 0.5931550860404968, "elapsed_seconds": 2123.8909902399973, "tokens_per_second": 59398.905395678725, "loss_main": 2.9541513919830322, "loss_total": 2.9541513919830322}
{"event": "update", "optimizer_step": 3860, "tokens_seen": 126484480, "lr": 0.0002941996064723583, "grad_norm": 0.5923962593078613, "elapsed_seconds": 2129.1739361419973, "tokens_per_second": 59405.42379040497, "loss_main": 2.7879483699798584, "loss_total": 2.7879483699798584}
{"event": "update", "optimizer_step": 3870, "tokens_seen": 126812160, "lr": 0.0002941598399665658, "grad_norm": 0.6017563343048096, "elapsed_seconds": 2134.4492068199975, "tokens_per_second": 59412.123556189326, "loss_main": 2.985776960849762, "loss_total": 2.985776960849762}
{"event": "update", "optimizer_step": 3880, "tokens_seen": 127139840, "lr": 0.00029411994062334605, "grad_norm": 0.6173454523086548, "elapsed_seconds": 2139.7336496229973, "tokens_per_second": 59418.53558381014, "loss_main": 2.778466820716858, "loss_total": 2.778466820716858}
{"event": "update", "optimizer_step": 3890, "tokens_seen": 127467520, "lr": 0.00029407990848373457, "grad_norm": 0.6319429874420166, "elapsed_seconds": 2145.0156424829975, "tokens_per_second": 59424.98389076917, "loss_main": 2.7795292735099792, "loss_total": 2.7795292735099792}
{"event": "update", "optimizer_step": 3900, "tokens_seen": 127795200, "lr": 0.0002940397435889032, "grad_norm": 0.6088488101959229, "elapsed_seconds": 2150.2847149259974, "tokens_per_second": 59431.75762396568, "loss_main": 2.894306242465973, "loss_total": 2.894306242465973}
{"event": "update", "optimizer_step": 3910, "tokens_seen": 128122880, "lr": 0.00029399944598016065, "grad_norm": 0.6149871945381165, "elapsed_seconds": 2155.5428891129973, "tokens_per_second": 59438.798757895456, "loss_main": 2.782019078731537, "loss_total": 2.782019078731537}
{"event": "update", "optimizer_step": 3920, "tokens_seen": 128450560, "lr": 0.0002939590156989517, "grad_norm": 0.6181038618087769, "elapsed_seconds": 2160.8061741819974, "tokens_per_second": 59445.66501834747, "loss_main": 2.760998785495758, "loss_total": 2.760998785495758}
{"event": "update", "optimizer_step": 3930, "tokens_seen": 128778240, "lr": 0.00029391845278685803, "grad_norm": 0.5941578149795532, "elapsed_seconds": 2166.0662302049973, "tokens_per_second": 59452.58653878389, "loss_main": 2.8392255306243896, "loss_total": 2.8392255306243896}
{"event": "update", "optimizer_step": 3940, "tokens_seen": 129105920, "lr": 0.0002938777572855973, "grad_norm": 0.566058337688446, "elapsed_seconds": 2171.3281703129974, "tokens_per_second": 59459.422930707595, "loss_main": 2.707232892513275, "loss_total": 2.707232892513275}
{"event": "update", "optimizer_step": 3950, "tokens_seen": 129433600, "lr": 0.0002938369292370239, "grad_norm": 0.6260286569595337, "elapsed_seconds": 2176.5994479749975, "tokens_per_second": 59465.97115992965, "loss_main": 2.72783225774765, "loss_total": 2.72783225774765}
{"event": "update", "optimizer_step": 3960, "tokens_seen": 129761280, "lr": 0.0002937959686831284, "grad_norm": 0.5965946316719055, "elapsed_seconds": 2181.8768453039975, "tokens_per_second": 59472.32094207433, "loss_main": 2.9173372387886047, "loss_total": 2.9173372387886047}
{"event": "update", "optimizer_step": 3970, "tokens_seen": 130088960, "lr": 0.0002937548756660374, "grad_norm": 0.6053460836410522, "elapsed_seconds": 2187.1516105159976, "tokens_per_second": 59478.711660646666, "loss_main": 2.7457154393196106, "loss_total": 2.7457154393196106}
{"event": "update", "optimizer_step": 3980, "tokens_seen": 130416640, "lr": 0.00029371365022801425, "grad_norm": 0.5531071424484253, "elapsed_seconds": 2192.4280072119973, "tokens_per_second": 59485.027362811525, "loss_main": 2.68727970123291, "loss_total": 2.68727970123291}
{"event": "update", "optimizer_step": 3990, "tokens_seen": 130744320, "lr": 0.00029367229241145803, "grad_norm": 0.5869598984718323, "elapsed_seconds": 2197.703118426997, "tokens_per_second": 59491.3475363224, "loss_main": 2.727555215358734, "loss_total": 2.727555215358734}
{"event": "update", "optimizer_step": 4000, "tokens_seen": 131072000, "lr": 0.0002936308022589042, "grad_norm": 0.5634180307388306, "elapsed_seconds": 2202.9717989839974, "tokens_per_second": 59497.81112061894, "loss_main": 2.63521546125412, "loss_total": 2.63521546125412}
{"event": "update", "optimizer_step": 4010, "tokens_seen": 131399680, "lr": 0.0002935891798130242, "grad_norm": 0.6132422685623169, "elapsed_seconds": 2208.2435605149976, "tokens_per_second": 59504.160840553064, "loss_main": 2.619390606880188, "loss_total": 2.619390606880188}
{"event": "update", "optimizer_step": 4020, "tokens_seen": 131727360, "lr": 0.0002935474251166256, "grad_norm": 0.5537087321281433, "elapsed_seconds": 2213.5268524079975, "tokens_per_second": 59510.17032239734, "loss_main": 2.855094611644745, "loss_total": 2.855094611644745}
{"event": "update", "optimizer_step": 4030, "tokens_seen": 132055040, "lr": 0.0002935055382126522, "grad_norm": 0.6109731793403625, "elapsed_seconds": 2218.7984576229974, "tokens_per_second": 59516.464664154664, "loss_main": 2.8537217378616333, "loss_total": 2.8537217378616333}
{"event": "update", "optimizer_step": 4040, "tokens_seen": 132382720, "lr": 0.00029346351914418325, "grad_norm": 0.565495491027832, "elapsed_seconds": 2224.0646658869973, "tokens_per_second": 59522.87360637663, "loss_main": 2.6697219014167786, "loss_total": 2.6697219014167786}
{"event": "update", "optimizer_step": 4050, "tokens_seen": 132710400, "lr": 0.0002934213679544345, "grad_norm": 0.5776325464248657, "elapsed_seconds": 2229.3437187639975, "tokens_per_second": 59528.90928527517, "loss_main": 2.8845996856689453, "loss_total": 2.8845996856689453}
{"event": "update", "optimizer_step": 4060, "tokens_seen": 133038080, "lr": 0.00029337908468675714, "grad_norm": 0.5927428603172302, "elapsed_seconds": 2234.6249973429976, "tokens_per_second": 59534.85714971606, "loss_main": 2.7118043899536133, "loss_total": 2.7118043899536133}
{"event": "update", "optimizer_step": 4070, "tokens_seen": 133365760, "lr": 0.0002933366693846385, "grad_norm": 0.6303737163543701, "elapsed_seconds": 2239.9003351249976, "tokens_per_second": 59540.93488385389, "loss_main": 2.9824458956718445, "loss_total": 2.9824458956718445}
{"event": "update", "optimizer_step": 4080, "tokens_seen": 133693440, "lr": 0.0002932941220917014, "grad_norm": 0.5394006967544556, "elapsed_seconds": 2245.1838736589975, "tokens_per_second": 59546.76655596966, "loss_main": 2.972916901111603, "loss_total": 2.972916901111603}
{"event": "update", "optimizer_step": 4090, "tokens_seen": 134021120, "lr": 0.00029325144285170476, "grad_norm": 0.7193429470062256, "elapsed_seconds": 2250.4681958359974, "tokens_per_second": 59552.55010845164, "loss_main": 2.8170493841171265, "loss_total": 2.8170493841171265}
{"event": "update", "optimizer_step": 4100, "tokens_seen": 134348800, "lr": 0.0002932086317085429, "grad_norm": 0.5702992677688599, "elapsed_seconds": 2255.7468109719975, "tokens_per_second": 59558.45724640937, "loss_main": 2.7207611203193665, "loss_total": 2.7207611203193665}
{"event": "update", "optimizer_step": 4110, "tokens_seen": 134676480, "lr": 0.0002931656887062461, "grad_norm": 0.5660073161125183, "elapsed_seconds": 2261.0424533979976, "tokens_per_second": 59563.88823995854, "loss_main": 2.7253212332725525, "loss_total": 2.7253212332725525}
{"event": "update", "optimizer_step": 4120, "tokens_seen": 135004160, "lr": 0.00029312261388897995, "grad_norm": 0.5688675045967102, "elapsed_seconds": 2266.3318344099976, "tokens_per_second": 59569.45843067422, "loss_main": 2.8252187967300415, "loss_total": 2.8252187967300415}
{"event": "update", "optimizer_step": 4130, "tokens_seen": 135331840, "lr": 0.00029307940730104577, "grad_norm": 0.5601444840431213, "elapsed_seconds": 2271.6148709729973, "tokens_per_second": 59575.16906993725, "loss_main": 2.8369855284690857, "loss_total": 2.8369855284690857}
{"event": "update", "optimizer_step": 4140, "tokens_seen": 135659520, "lr": 0.0002930360689868803, "grad_norm": 0.842999279499054, "elapsed_seconds": 2276.8953487019976, "tokens_per_second": 59580.92016716367, "loss_main": 2.888339102268219, "loss_total": 2.888339102268219}
{"event": "update", "optimizer_step": 4150, "tokens_seen": 135987200, "lr": 0.00029299259899105603, "grad_norm": 0.5917744040489197, "elapsed_seconds": 2282.1560671369975, "tokens_per_second": 59587.16056198478, "loss_main": 2.8105594515800476, "loss_total": 2.8105594515800476}
{"event": "update", "optimizer_step": 4160, "tokens_seen": 136314880, "lr": 0.0002929489973582806, "grad_norm": 0.6611865162849426, "elapsed_seconds": 2287.4244335489975, "tokens_per_second": 59593.1730030985, "loss_main": 2.709122598171234, "loss_total": 2.709122598171234}
{"event": "update", "optimizer_step": 4170, "tokens_seen": 136642560, "lr": 0.000292905264133397, "grad_norm": 0.6073155403137207, "elapsed_seconds": 2292.6984457829976, "tokens_per_second": 59599.011048020366, "loss_main": 2.909441888332367, "loss_total": 2.909441888332367}
{"event": "update", "optimizer_step": 4180, "tokens_seen": 136970240, "lr": 0.00029286139936138375, "grad_norm": 0.6471719145774841, "elapsed_seconds": 2297.9675490179975, "tokens_per_second": 59604.94962539058, "loss_main": 2.7106642723083496, "loss_total": 2.7106642723083496}
{"event": "update", "optimizer_step": 4190, "tokens_seen": 137297920, "lr": 0.00029281740308735474, "grad_norm": 0.5914507508277893, "elapsed_seconds": 2303.2331010029975, "tokens_per_second": 59610.95294271794, "loss_main": 2.8634033799171448, "loss_total": 2.8634033799171448}
{"event": "update", "optimizer_step": 4200, "tokens_seen": 137625600, "lr": 0.0002927732753565587, "grad_norm": 0.5472875237464905, "elapsed_seconds": 2308.5093923639974, "tokens_per_second": 59616.65153073793, "loss_main": 2.870557129383087, "loss_total": 2.870557129383087}
{"event": "update", "optimizer_step": 4210, "tokens_seen": 137953280, "lr": 0.00029272901621438, "grad_norm": 0.6016463041305542, "elapsed_seconds": 2313.7692021939974, "tokens_per_second": 59622.748833024416, "loss_main": 2.6948633193969727, "loss_total": 2.6948633193969727}
{"event": "update", "optimizer_step": 4220, "tokens_seen": 138280960, "lr": 0.00029268462570633785, "grad_norm": 0.5610628128051758, "elapsed_seconds": 2319.0498655959973, "tokens_per_second": 59628.28227691504, "loss_main": 2.825063467025757, "loss_total": 2.825063467025757}
{"event": "update", "optimizer_step": 4230, "tokens_seen": 138608640, "lr": 0.00029264010387808684, "grad_norm": 0.602298378944397, "elapsed_seconds": 2324.3093159359973, "tokens_per_second": 59634.3348321445, "loss_main": 2.733223617076874, "loss_total": 2.733223617076874}
{"event": "update", "optimizer_step": 4240, "tokens_seen": 138936320, "lr": 0.00029259545077541633, "grad_norm": 2.1320111751556396, "elapsed_seconds": 2329.5740426769976, "tokens_per_second": 59640.224974495024, "loss_main": 2.945777654647827, "loss_total": 2.945777654647827}
{"event": "update", "optimizer_step": 4250, "tokens_seen": 139264000, "lr": 0.00029255066644425095, "grad_norm": 0.5490728616714478, "elapsed_seconds": 2334.8506100979976, "tokens_per_second": 59645.78607200692, "loss_main": 2.8228796124458313, "loss_total": 2.8228796124458313}
{"event": "update", "optimizer_step": 4260, "tokens_seen": 139591680, "lr": 0.0002925057509306501, "grad_norm": 0.5848122239112854, "elapsed_seconds": 2340.1463499739975, "tokens_per_second": 59650.83337695998, "loss_main": 2.9375909566879272, "loss_total": 2.9375909566879272}
{"event": "update", "optimizer_step": 4270, "tokens_seen": 139919360, "lr": 0.0002924607042808083, "grad_norm": 0.5889211893081665, "elapsed_seconds": 2345.4325232799974, "tokens_per_second": 59656.10121425627, "loss_main": 2.7359058260917664, "loss_total": 2.7359058260917664}
{"event": "update", "optimizer_step": 4280, "tokens_seen": 140247040, "lr": 0.00029241552654105465, "grad_norm": 0.5639051795005798, "elapsed_seconds": 2350.7241313539976, "tokens_per_second": 59661.207425143024, "loss_main": 2.8800294399261475, "loss_total": 2.8800294399261475}
{"event": "update", "optimizer_step": 4290, "tokens_seen": 140574720, "lr": 0.00029237021775785333, "grad_norm": 0.6432109475135803, "elapsed_seconds": 2356.0053027499976, "tokens_per_second": 59666.555009836826, "loss_main": 2.5906326174736023, "loss_total": 2.5906326174736023}
{"event": "update", "optimizer_step": 4300, "tokens_seen": 140902400, "lr": 0.0002923247779778032, "grad_norm": 0.57431960105896, "elapsed_seconds": 2361.2705474669974, "tokens_per_second": 59672.28115861185, "loss_main": 2.8770037293434143, "loss_total": 2.8770037293434143}
{"event": "update", "optimizer_step": 4310, "tokens_seen": 141230080, "lr": 0.000292279207247638, "grad_norm": 0.5546970963478088, "elapsed_seconds": 2366.542579472997, "tokens_per_second": 59677.81066988043, "loss_main": 2.7890982627868652, "loss_total": 2.7890982627868652}
{"event": "update", "optimizer_step": 4320, "tokens_seen": 141557760, "lr": 0.00029223350561422576, "grad_norm": 0.5663416981697083, "elapsed_seconds": 2371.8140979959976, "tokens_per_second": 59683.328520395225, "loss_main": 2.8189501762390137, "loss_total": 2.8189501762390137}
{"event": "update", "optimizer_step": 4330, "tokens_seen": 141885440, "lr": 0.0002921876731245695, "grad_norm": 0.6924607157707214, "elapsed_seconds": 2377.0773434169973, "tokens_per_second": 59689.029636723026, "loss_main": 2.739054799079895, "loss_total": 2.739054799079895}
{"event": "update", "optimizer_step": 4340, "tokens_seen": 142213120, "lr": 0.00029214170982580663, "grad_norm": 0.6519670486450195, "elapsed_seconds": 2382.3511100489973, "tokens_per_second": 59694.44193180875, "loss_main": 2.8445621728897095, "loss_total": 2.8445621728897095}
{"event": "update", "optimizer_step": 4350, "tokens_seen": 142540800, "lr": 0.00029209561576520925, "grad_norm": 0.5387988090515137, "elapsed_seconds": 2387.6217122579974, "tokens_per_second": 59699.90944051089, "loss_main": 2.7834962010383606, "loss_total": 2.7834962010383606}
{"event": "update", "optimizer_step": 4360, "tokens_seen": 142868480, "lr": 0.00029204939099018387, "grad_norm": 0.5930558443069458, "elapsed_seconds": 2392.8942869819975, "tokens_per_second": 59705.30364723749, "loss_main": 2.625210762023926, "loss_total": 2.625210762023926}
{"event": "update", "optimizer_step": 4370, "tokens_seen": 143196160, "lr": 0.00029200303554827146, "grad_norm": 0.5526349544525146, "elapsed_seconds": 2398.1610112789976, "tokens_per_second": 59710.819801723825, "loss_main": 2.678552567958832, "loss_total": 2.678552567958832}
{"event": "update", "optimizer_step": 4380, "tokens_seen": 143523840, "lr": 0.0002919565494871472, "grad_norm": 0.5632842779159546, "elapsed_seconds": 2403.4354849809974, "tokens_per_second": 59716.11923718217, "loss_main": 2.883021056652069, "loss_total": 2.883021056652069}
{"event": "update", "optimizer_step": 4390, "tokens_seen": 143851520, "lr": 0.00029190993285462083, "grad_norm": 0.6119419932365417, "elapsed_seconds": 2408.7107917849976, "tokens_per_second": 59721.37480788945, "loss_main": 2.7408764362335205, "loss_total": 2.7408764362335205}
{"event": "update", "optimizer_step": 4400, "tokens_seen": 144179200, "lr": 0.0002918631856986363, "grad_norm": 0.657929539680481, "elapsed_seconds": 2413.9929123919974, "tokens_per_second": 59726.438822529315, "loss_main": 2.5420106053352356, "loss_total": 2.5420106053352356}
{"event": "update", "optimizer_step": 4410, "tokens_seen": 144506880, "lr": 0.00029181630806727197, "grad_norm": 0.5661332607269287, "elapsed_seconds": 2419.2695503059977, "tokens_per_second": 59731.61609119673, "loss_main": 2.834196150302887, "loss_total": 2.834196150302887}
{"event": "update", "optimizer_step": 4420, "tokens_seen": 144834560, "lr": 0.00029176930000873996, "grad_norm": 0.6275114417076111, "elapsed_seconds": 2424.5423406599975, "tokens_per_second": 59736.865622471996, "loss_main": 2.7280226945877075, "loss_total": 2.7280226945877075}
{"event": "update", "optimizer_step": 4430, "tokens_seen": 145162240, "lr": 0.0002917221615713869, "grad_norm": 0.6115961670875549, "elapsed_seconds": 2429.8134274509976, "tokens_per_second": 59742.1342560786, "loss_main": 2.7532429099082947, "loss_total": 2.7532429099082947}
{"event": "update", "optimizer_step": 4440, "tokens_seen": 145489920, "lr": 0.0002916748928036935, "grad_norm": 0.5540501475334167, "elapsed_seconds": 2435.0881711529973, "tokens_per_second": 59747.29035421807, "loss_main": 2.587164342403412, "loss_total": 2.587164342403412}
{"event": "update", "optimizer_step": 4450, "tokens_seen": 145817600, "lr": 0.00029162749375427437, "grad_norm": 0.5949206948280334, "elapsed_seconds": 2440.3704402689973, "tokens_per_second": 59752.239903351234, "loss_main": 2.8466758728027344, "loss_total": 2.8466758728027344}
{"event": "update", "optimizer_step": 4460, "tokens_seen": 146145280, "lr": 0.00029157996447187805, "grad_norm": 0.5939652323722839, "elapsed_seconds": 2445.6454682289973, "tokens_per_second": 59757.34500300668, "loss_main": 2.89323890209198, "loss_total": 2.89323890209198}
{"event": "update", "optimizer_step": 4470, "tokens_seen": 146472960, "lr": 0.0002915323050053873, "grad_norm": 0.6672539114952087, "elapsed_seconds": 2450.9150903389973, "tokens_per_second": 59762.55994235225, "loss_main": 2.711837649345398, "loss_total": 2.711837649345398}
{"event": "update", "optimizer_step": 4480, "tokens_seen": 146800640, "lr": 0.0002914845154038184, "grad_norm": 0.5909510850906372, "elapsed_seconds": 2456.1841434919975, "tokens_per_second": 59767.76634967243, "loss_main": 2.755448818206787, "loss_total": 2.755448818206787}
{"event": "update", "optimizer_step": 4490, "tokens_seen": 147128320, "lr": 0.0002914365957163218, "grad_norm": 0.5870336294174194, "elapsed_seconds": 2461.4524771939973, "tokens_per_second": 59772.96793790758, "loss_main": 2.7087735533714294, "loss_total": 2.7087735533714294}
{"event": "update", "optimizer_step": 4500, "tokens_seen": 147456000, "lr": 0.00029138854599218165, "grad_norm": 0.6059784889221191, "elapsed_seconds": 2466.7152843429976, "tokens_per_second": 59778.28123738021, "loss_main": 2.61290043592453, "loss_total": 2.61290043592453}
{"event": "update", "optimizer_step": 4510, "tokens_seen": 147783680, "lr": 0.00029134036628081575, "grad_norm": 0.5741055011749268, "elapsed_seconds": 2471.9783377969975, "tokens_per_second": 59783.565956206294, "loss_main": 2.848673105239868, "loss_total": 2.848673105239868}
{"event": "update", "optimizer_step": 4520, "tokens_seen": 148111360, "lr": 0.0002912920566317756, "grad_norm": 0.570068359375, "elapsed_seconds": 2477.2531866729973, "tokens_per_second": 59788.54353555869, "loss_main": 2.708631992340088, "loss_total": 2.708631992340088}
{"event": "update", "optimizer_step": 4530, "tokens_seen": 148439040, "lr": 0.00029124361709474645, "grad_norm": 0.598639726638794, "elapsed_seconds": 2482.5411226439974, "tokens_per_second": 59793.18475172205, "loss_main": 2.604671001434326, "loss_total": 2.604671001434326}
{"event": "update", "optimizer_step": 4540, "tokens_seen": 148766720, "lr": 0.000291195047719547, "grad_norm": 0.5667411088943481, "elapsed_seconds": 2487.8409282939974, "tokens_per_second": 59797.52093797039, "loss_main": 2.6894420385360718, "loss_total": 2.6894420385360718}
{"event": "update", "optimizer_step": 4550, "tokens_seen": 149094400, "lr": 0.00029114634855612954, "grad_norm": 0.8331929445266724, "elapsed_seconds": 2493.1326987279976, "tokens_per_second": 59802.03142659367, "loss_main": 2.6147109866142273, "loss_total": 2.6147109866142273}
{"event": "update", "optimizer_step": 4560, "tokens_seen": 149422080, "lr": 0.00029109751965457993, "grad_norm": 0.58542799949646, "elapsed_seconds": 2498.4132242479973, "tokens_per_second": 59806.791986931974, "loss_main": 2.7324241995811462, "loss_total": 2.7324241995811462}
{"event": "update", "optimizer_step": 4570, "tokens_seen": 149749760, "lr": 0.00029104856106511735, "grad_norm": 0.6485633254051208, "elapsed_seconds": 2503.6982719969974, "tokens_per_second": 59811.424433566724, "loss_main": 2.63205224275589, "loss_total": 2.63205224275589}
{"event": "update", "optimizer_step": 4580, "tokens_seen": 150077440, "lr": 0.0002909994728380943, "grad_norm": 0.5943254828453064, "elapsed_seconds": 2508.9858521919973, "tokens_per_second": 59815.97698882341, "loss_main": 2.8566513061523438, "loss_total": 2.8566513061523438}
{"event": "update", "optimizer_step": 4590, "tokens_seen": 150405120, "lr": 0.0002909502550239969, "grad_norm": 0.5653811693191528, "elapsed_seconds": 2514.2582997809973, "tokens_per_second": 59820.87043845135, "loss_main": 2.8565524220466614, "loss_total": 2.8565524220466614}
{"event": "update", "optimizer_step": 4600, "tokens_seen": 150732800, "lr": 0.0002909009076734442, "grad_norm": 0.5870728492736816, "elapsed_seconds": 2519.5372389439976, "tokens_per_second": 59825.589267009986, "loss_main": 2.882416605949402, "loss_total": 2.882416605949402}
{"event": "update", "optimizer_step": 4610, "tokens_seen": 151060480, "lr": 0.0002908514308371887, "grad_norm": 0.569378674030304, "elapsed_seconds": 2524.8327816469973, "tokens_per_second": 59829.8949134605, "loss_main": 2.7556117177009583, "loss_total": 2.7556117177009583}
{"event": "update", "optimizer_step": 4620, "tokens_seen": 151388160, "lr": 0.00029080182456611594, "grad_norm": 0.6270273923873901, "elapsed_seconds": 2530.1300141859974, "tokens_per_second": 59834.14257417327, "loss_main": 2.6355319023132324, "loss_total": 2.6355319023132324}
{"event": "update", "optimizer_step": 4630, "tokens_seen": 151715840, "lr": 0.0002907520889112446, "grad_norm": 0.6852997541427612, "elapsed_seconds": 2535.4089460789974, "tokens_per_second": 59838.80440061873, "loss_main": 2.639487087726593, "loss_total": 2.639487087726593}
{"event": "update", "optimizer_step": 4640, "tokens_seen": 152043520, "lr": 0.00029070222392372667, "grad_norm": 0.5808521509170532, "elapsed_seconds": 2540.6723605709976, "tokens_per_second": 59843.81235439162, "loss_main": 2.5718679428100586, "loss_total": 2.5718679428100586}
{"event": "update", "optimizer_step": 4650, "tokens_seen": 152371200, "lr": 0.00029065222965484665, "grad_norm": 0.6134333610534668, "elapsed_seconds": 2545.9299293239974, "tokens_per_second": 59848.93702100358, "loss_main": 2.900089979171753, "loss_total": 2.900089979171753}
{"event": "update", "optimizer_step": 4660, "tokens_seen": 152698880, "lr": 0.0002906021061560225, "grad_norm": 0.5700074434280396, "elapsed_seconds": 2551.1917637949973, "tokens_per_second": 59853.94048656478, "loss_main": 2.7057332396507263, "loss_total": 2.7057332396507263}
{"event": "update", "optimizer_step": 4670, "tokens_seen": 153026560, "lr": 0.0002905518534788049, "grad_norm": 0.5666956901550293, "elapsed_seconds": 2556.4511410109976, "tokens_per_second": 59858.980891566236, "loss_main": 2.6102917194366455, "loss_total": 2.6102917194366455}
{"event": "update", "optimizer_step": 4680, "tokens_seen": 153354240, "lr": 0.0002905014716748773, "grad_norm": 0.5666764974594116, "elapsed_seconds": 2561.7260164089976, "tokens_per_second": 59863.63842881624, "loss_main": 2.8419670462608337, "loss_total": 2.8419670462608337}
{"event": "update", "optimizer_step": 4690, "tokens_seen": 153681920, "lr": 0.00029045096079605604, "grad_norm": 0.5910467505455017, "elapsed_seconds": 2567.0151127549975, "tokens_per_second": 59867.945161828036, "loss_main": 2.614194869995117, "loss_total": 2.614194869995117}
{"event": "update", "optimizer_step": 4700, "tokens_seen": 154009600, "lr": 0.0002904003208942902, "grad_norm": 0.5558323264122009, "elapsed_seconds": 2572.2873278499974, "tokens_per_second": 59872.627109945104, "loss_main": 2.609731137752533, "loss_total": 2.609731137752533}
{"event": "update", "optimizer_step": 4710, "tokens_seen": 154337280, "lr": 0.00029034955202166164, "grad_norm": 0.5717580318450928, "elapsed_seconds": 2577.5582674979973, "tokens_per_second": 59877.319533813374, "loss_main": 2.706726610660553, "loss_total": 2.706726610660553}
{"event": "update", "optimizer_step": 4720, "tokens_seen": 154664960, "lr": 0.00029029865423038474, "grad_norm": 0.5744947195053101, "elapsed_seconds": 2582.8365633669973, "tokens_per_second": 59881.8222545131, "loss_main": 2.7556995153427124, "loss_total": 2.7556995153427124}
{"event": "update", "optimizer_step": 4730, "tokens_seen": 154992640, "lr": 0.0002902476275728064, "grad_norm": 0.5627998113632202, "elapsed_seconds": 2588.1182316099976, "tokens_per_second": 59886.22857603507, "loss_main": 2.8559500575065613, "loss_total": 2.8559500575065613}
{"event": "update", "optimizer_step": 4740, "tokens_seen": 155320320, "lr": 0.0002901964721014064, "grad_norm": 0.5784664750099182, "elapsed_seconds": 2593.3958052889975, "tokens_per_second": 59890.711507760665, "loss_main": 2.7787253856658936, "loss_total": 2.7787253856658936}
{"event": "update", "optimizer_step": 4750, "tokens_seen": 155648000, "lr": 0.0002901451878687966, "grad_norm": 0.6250929236412048, "elapsed_seconds": 2598.6670465459974, "tokens_per_second": 59895.32218330109, "loss_main": 2.8361563086509705, "loss_total": 2.8361563086509705}
{"event": "update", "optimizer_step": 4760, "tokens_seen": 155975680, "lr": 0.00029009377492772144, "grad_norm": 0.665463387966156, "elapsed_seconds": 2603.9415160899975, "tokens_per_second": 59899.83992966498, "loss_main": 2.7653608918190002, "loss_total": 2.7653608918190002}
{"event": "update", "optimizer_step": 4770, "tokens_seen": 156303360, "lr": 0.00029004223333105783, "grad_norm": 0.5768921375274658, "elapsed_seconds": 2609.2066629579977, "tokens_per_second": 59904.55344874923, "loss_main": 2.809904158115387, "loss_total": 2.809904158115387}
{"event": "update", "optimizer_step": 4780, "tokens_seen": 156631040, "lr": 0.0002899905631318149, "grad_norm": 0.6245880126953125, "elapsed_seconds": 2614.4637817659973, "tokens_per_second": 59909.43194256075, "loss_main": 2.9559553265571594, "loss_total": 2.9559553265571594}
{"event": "update", "optimizer_step": 4790, "tokens_seen": 156958720, "lr": 0.00028993876438313405, "grad_norm": 0.5952415466308594, "elapsed_seconds": 2619.739338723997, "tokens_per_second": 59913.869170071805, "loss_main": 2.8026139736175537, "loss_total": 2.8026139736175537}
{"event": "update", "optimizer_step": 4800, "tokens_seen": 157286400, "lr": 0.00028988683713828886, "grad_norm": 0.5915393829345703, "elapsed_seconds": 2625.0203832979973, "tokens_per_second": 59918.16330294169, "loss_main": 2.675065755844116, "loss_total": 2.675065755844116}
{"event": "update", "optimizer_step": 4810, "tokens_seen": 157614080, "lr": 0.0002898347814506852, "grad_norm": 0.5652081966400146, "elapsed_seconds": 2630.3002231109976, "tokens_per_second": 59922.46763891513, "loss_main": 2.5319624543190002, "loss_total": 2.5319624543190002}
{"event": "update", "optimizer_step": 4820, "tokens_seen": 157941760, "lr": 0.0002897825973738608, "grad_norm": 0.5752602815628052, "elapsed_seconds": 2635.5775339559973, "tokens_per_second": 59926.81223190186, "loss_main": 2.7493305802345276, "loss_total": 2.7493305802345276}
{"event": "update", "optimizer_step": 4830, "tokens_seen": 158269440, "lr": 0.0002897302849614858, "grad_norm": 0.5701101422309875, "elapsed_seconds": 2640.8464916189973, "tokens_per_second": 59931.32902737233, "loss_main": 2.8543124198913574, "loss_total": 2.8543124198913574}
{"event": "update", "optimizer_step": 4840, "tokens_seen": 158597120, "lr": 0.000289677844267362, "grad_norm": 0.5650686025619507, "elapsed_seconds": 2646.1094251159975, "tokens_per_second": 59935.964285773094, "loss_main": 2.726233661174774, "loss_total": 2.726233661174774}
{"event": "update", "optimizer_step": 4850, "tokens_seen": 158924800, "lr": 0.00028962527534542306, "grad_norm": 0.5714759826660156, "elapsed_seconds": 2651.3701150969973, "tokens_per_second": 59940.63186240067, "loss_main": 2.661262631416321, "loss_total": 2.661262631416321}
{"event": "update", "optimizer_step": 4860, "tokens_seen": 159252480, "lr": 0.0002895725782497351, "grad_norm": 0.5943679809570312, "elapsed_seconds": 2656.6203805289974, "tokens_per_second": 59945.5161780732, "loss_main": 2.7878002524375916, "loss_total": 2.7878002524375916}
{"event": "update", "optimizer_step": 4870, "tokens_seen": 159580160, "lr": 0.00028951975303449535, "grad_norm": 0.5782687664031982, "elapsed_seconds": 2661.8814433819975, "tokens_per_second": 59950.138048691144, "loss_main": 2.7141385674476624, "loss_total": 2.7141385674476624}
{"event": "update", "optimizer_step": 4880, "tokens_seen": 159907840, "lr": 0.0002894667997540331, "grad_norm": 0.59528648853302, "elapsed_seconds": 2667.1295418169975, "tokens_per_second": 59955.033114387785, "loss_main": 2.759508788585663, "loss_total": 2.759508788585663}
{"event": "evaluation", "tokens_seen": 160006144, "elapsed_seconds": 2668.7194235189972, "parameters": 71199040, "main_loss": 2.80244417488575, "perplexity": 16.48488952386867}
{"event": "update", "optimizer_step": 4890, "tokens_seen": 160235520, "lr": 0.00028941371846280973, "grad_norm": 0.5755404233932495, "elapsed_seconds": 2679.7271549529974, "tokens_per_second": 59795.46078183118, "loss_main": 2.554448962211609, "loss_total": 2.554448962211609}
{"event": "update", "optimizer_step": 4900, "tokens_seen": 160563200, "lr": 0.00028936050921541756, "grad_norm": 0.581228494644165, "elapsed_seconds": 2685.0117605109976, "tokens_per_second": 59799.8125600174, "loss_main": 2.655094623565674, "loss_total": 2.655094623565674}
{"event": "update", "optimizer_step": 4910, "tokens_seen": 160890880, "lr": 0.00028930717206658097, "grad_norm": 0.6044926643371582, "elapsed_seconds": 2690.3048243599974, "tokens_per_second": 59803.95921799482, "loss_main": 2.830929160118103, "loss_total": 2.830929160118103}
{"event": "update", "optimizer_step": 4920, "tokens_seen": 161218560, "lr": 0.0002892537070711559, "grad_norm": 0.5756324529647827, "elapsed_seconds": 2695.5788523939973, "tokens_per_second": 59808.51194793229, "loss_main": 2.647560238838196, "loss_total": 2.647560238838196}
{"event": "update", "optimizer_step": 4930, "tokens_seen": 161546240, "lr": 0.00028920011428412956, "grad_norm": 0.5790467262268066, "elapsed_seconds": 2700.8581585919974, "tokens_per_second": 59812.93000748205, "loss_main": 2.491306722164154, "loss_total": 2.491306722164154}
{"event": "update", "optimizer_step": 4940, "tokens_seen": 161873920, "lr": 0.0002891463937606207, "grad_norm": 0.6067405343055725, "elapsed_seconds": 2706.1692659239975, "tokens_per_second": 59816.62789475572, "loss_main": 2.807510197162628, "loss_total": 2.807510197162628}
{"event": "update", "optimizer_step": 4950, "tokens_seen": 162201600, "lr": 0.00028909254555587946, "grad_norm": 0.5642759203910828, "elapsed_seconds": 2711.461107528997, "tokens_per_second": 59820.736336438626, "loss_main": 2.590518295764923, "loss_total": 2.590518295764923}
{"event": "update", "optimizer_step": 4960, "tokens_seen": 162529280, "lr": 0.00028903856972528727, "grad_norm": 0.6133512258529663, "elapsed_seconds": 2716.7393745539975, "tokens_per_second": 59825.12769620463, "loss_main": 2.6778966784477234, "loss_total": 2.6778966784477234}
{"event": "update", "optimizer_step": 4970, "tokens_seen": 162856960, "lr": 0.0002889844663243568, "grad_norm": 3.9604620933532715, "elapsed_seconds": 2722.0120825099975, "tokens_per_second": 59829.62421306661, "loss_main": 2.5504422783851624, "loss_total": 2.5504422783851624}
{"event": "update", "optimizer_step": 4980, "tokens_seen": 163184640, "lr": 0.00028893023540873196, "grad_norm": 0.6501533389091492, "elapsed_seconds": 2727.2913106929973, "tokens_per_second": 59833.96029613545, "loss_main": 2.730111837387085, "loss_total": 2.730111837387085}
{"event": "update", "optimizer_step": 4990, "tokens_seen": 163512320, "lr": 0.00028887587703418786, "grad_norm": 0.5958355069160461, "elapsed_seconds": 2732.5639821339973, "tokens_per_second": 59838.42320585115, "loss_main": 2.6774315237998962, "loss_total": 2.6774315237998962}
{"event": "update", "optimizer_step": 5000, "tokens_seen": 163840000, "lr": 0.0002888213912566305, "grad_norm": 0.6613081693649292, "elapsed_seconds": 2737.8431278679973, "tokens_per_second": 59842.72741279551, "loss_main": 2.596245586872101, "loss_total": 2.596245586872101}
{"event": "update", "optimizer_step": 5010, "tokens_seen": 164167680, "lr": 0.00028876677813209704, "grad_norm": 0.5906385779380798, "elapsed_seconds": 2743.1123428639976, "tokens_per_second": 59847.231713666406, "loss_main": 2.726770758628845, "loss_total": 2.726770758628845}
{"event": "update", "optimizer_step": 5020, "tokens_seen": 164495360, "lr": 0.0002887120377167558, "grad_norm": 0.538450300693512, "elapsed_seconds": 2748.3817071949975, "tokens_per_second": 59851.71549110775, "loss_main": 2.6340553760528564, "loss_total": 2.6340553760528564}
{"event": "update", "optimizer_step": 5030, "tokens_seen": 164823040, "lr": 0.00028865717006690565, "grad_norm": 0.6397531628608704, "elapsed_seconds": 2753.6500305759973, "tokens_per_second": 59856.204735473584, "loss_main": 2.6768428087234497, "loss_total": 2.6768428087234497}
{"event": "update", "optimizer_step": 5040, "tokens_seen": 165150720, "lr": 0.00028860217523897654, "grad_norm": 0.5603082180023193, "elapsed_seconds": 2758.9103654179976, "tokens_per_second": 59860.85016392996, "loss_main": 2.629850447177887, "loss_total": 2.629850447177887}
{"event": "update", "optimizer_step": 5050, "tokens_seen": 165478400, "lr": 0.00028854705328952915, "grad_norm": 0.586978554725647, "elapsed_seconds": 2764.1715268209973, "tokens_per_second": 59865.460010114664, "loss_main": 2.7508406043052673, "loss_total": 2.7508406043052673}
{"event": "update", "optimizer_step": 5060, "tokens_seen": 165806080, "lr": 0.000288491804275255, "grad_norm": 0.5598465204238892, "elapsed_seconds": 2769.4498065189973, "tokens_per_second": 59869.6822775808, "loss_main": 2.789881467819214, "loss_total": 2.789881467819214}
{"event": "update", "optimizer_step": 5070, "tokens_seen": 166133760, "lr": 0.00028843642825297615, "grad_norm": 0.5988174080848694, "elapsed_seconds": 2774.7270654349973, "tokens_per_second": 59873.91050800703, "loss_main": 2.5693585872650146, "loss_total": 2.5693585872650146}
{"event": "update", "optimizer_step": 5080, "tokens_seen": 166461440, "lr": 0.0002883809252796453, "grad_norm": 0.581199586391449, "elapsed_seconds": 2780.0018207689973, "tokens_per_second": 59878.176609954106, "loss_main": 2.696227550506592, "loss_total": 2.696227550506592}
{"event": "update", "optimizer_step": 5090, "tokens_seen": 166789120, "lr": 0.0002883252954123459, "grad_norm": 0.574463963508606, "elapsed_seconds": 2785.2634322669974, "tokens_per_second": 59882.70914261279, "loss_main": 2.702890455722809, "loss_total": 2.702890455722809}
{"event": "update", "optimizer_step": 5100, "tokens_seen": 167116800, "lr": 0.0002882695387082917, "grad_norm": 0.57899409532547, "elapsed_seconds": 2790.542727091997, "tokens_per_second": 59886.84508484524, "loss_main": 2.653627872467041, "loss_total": 2.653627872467041}
{"event": "update", "optimizer_step": 5110, "tokens_seen": 167444480, "lr": 0.00028821365522482703, "grad_norm": 0.5823149085044861, "elapsed_seconds": 2795.8084911869973, "tokens_per_second": 59891.25525865659, "loss_main": 2.734402656555176, "loss_total": 2.734402656555176}
{"event": "update", "optimizer_step": 5120, "tokens_seen": 167772160, "lr": 0.0002881576450194265, "grad_norm": 0.5651929974555969, "elapsed_seconds": 2801.0858296509973, "tokens_per_second": 59895.40135616039, "loss_main": 2.687568247318268, "loss_total": 2.687568247318268}
{"event": "update", "optimizer_step": 5130, "tokens_seen": 168099840, "lr": 0.0002881015081496951, "grad_norm": 0.553132951259613, "elapsed_seconds": 2806.3583709289974, "tokens_per_second": 59899.6342524684, "loss_main": 2.7312888503074646, "loss_total": 2.7312888503074646}
{"event": "update", "optimizer_step": 5140, "tokens_seen": 168427520, "lr": 0.00028804524467336806, "grad_norm": 0.6614580750465393, "elapsed_seconds": 2811.6282174419975, "tokens_per_second": 59903.90868719988, "loss_main": 2.6976082921028137, "loss_total": 2.6976082921028137}
{"event": "update", "optimizer_step": 5150, "tokens_seen": 168755200, "lr": 0.00028798885464831087, "grad_norm": 0.5882357954978943, "elapsed_seconds": 2816.9051362289974, "tokens_per_second": 59908.01672004947, "loss_main": 2.9859774708747864, "loss_total": 2.9859774708747864}
{"event": "update", "optimizer_step": 5160, "tokens_seen": 169082880, "lr": 0.00028793233813251935, "grad_norm": 0.6175381541252136, "elapsed_seconds": 2822.186401085997, "tokens_per_second": 59912.01712790329, "loss_main": 2.7586119174957275, "loss_total": 2.7586119174957275}
{"event": "update", "optimizer_step": 5170, "tokens_seen": 169410560, "lr": 0.000287875695184119, "grad_norm": 0.5805421471595764, "elapsed_seconds": 2827.4545637119973, "tokens_per_second": 59916.28023814852, "loss_main": 2.853504776954651, "loss_total": 2.853504776954651}
{"event": "update", "optimizer_step": 5180, "tokens_seen": 169738240, "lr": 0.00028781892586136556, "grad_norm": 0.6433241963386536, "elapsed_seconds": 2832.7329375309973, "tokens_per_second": 59920.3114953517, "loss_main": 2.659563899040222, "loss_total": 2.659563899040222}
{"event": "update", "optimizer_step": 5190, "tokens_seen": 170065920, "lr": 0.0002877620302226448, "grad_norm": 0.8489922285079956, "elapsed_seconds": 2838.0140003049974, "tokens_per_second": 59924.27098024297, "loss_main": 2.770989239215851, "loss_total": 2.770989239215851}
{"event": "update", "optimizer_step": 5200, "tokens_seen": 170393600, "lr": 0.0002877050083264724, "grad_norm": 0.5905472040176392, "elapsed_seconds": 2843.289027845997, "tokens_per_second": 59928.342961702285, "loss_main": 2.594580590724945, "loss_total": 2.594580590724945}
{"event": "update", "optimizer_step": 5210, "tokens_seen": 170721280, "lr": 0.0002876478602314938, "grad_norm": 0.5756409764289856, "elapsed_seconds": 2848.5629011949973, "tokens_per_second": 59932.42414565636, "loss_main": 2.6652733087539673, "loss_total": 2.6652733087539673}
{"event": "update", "optimizer_step": 5220, "tokens_seen": 171048960, "lr": 0.0002875905859964844, "grad_norm": 0.5941051840782166, "elapsed_seconds": 2853.8382313289976, "tokens_per_second": 59936.45965011289, "loss_main": 2.8892712593078613, "loss_total": 2.8892712593078613}
{"event": "update", "optimizer_step": 5230, "tokens_seen": 171376640, "lr": 0.000287533185680349, "grad_norm": 0.5534602403640747, "elapsed_seconds": 2859.1114952909975, "tokens_per_second": 59940.52357953164, "loss_main": 2.745820701122284, "loss_total": 2.745820701122284}
{"event": "update", "optimizer_step": 5240, "tokens_seen": 171704320, "lr": 0.0002874756593421225, "grad_norm": 0.606566309928894, "elapsed_seconds": 2864.3955524409976, "tokens_per_second": 59944.34667156077, "loss_main": 2.6319401264190674, "loss_total": 2.6319401264190674}
{"event": "update", "optimizer_step": 5250, "tokens_seen": 172032000, "lr": 0.00028741800704096916, "grad_norm": 0.6046856641769409, "elapsed_seconds": 2869.6723450389973, "tokens_per_second": 59948.30744262623, "loss_main": 2.6718560457229614, "loss_total": 2.6718560457229614}
{"event": "update", "optimizer_step": 5260, "tokens_seen": 172359680, "lr": 0.0002873602288361826, "grad_norm": 0.5644239187240601, "elapsed_seconds": 2874.9552222839975, "tokens_per_second": 59952.12678932422, "loss_main": 2.7418190836906433, "loss_total": 2.7418190836906433}
{"event": "update", "optimizer_step": 5270, "tokens_seen": 172687360, "lr": 0.0002873023247871864, "grad_norm": 0.6361618041992188, "elapsed_seconds": 2880.2246996899976, "tokens_per_second": 59956.21106179201, "loss_main": 2.8867493867874146, "loss_total": 2.8867493867874146}
{"event": "update", "optimizer_step": 5280, "tokens_seen": 173015040, "lr": 0.00028724429495353325, "grad_norm": 0.6553375720977783, "elapsed_seconds": 2885.5104972309973, "tokens_per_second": 59959.94128804218, "loss_main": 2.8407077193260193, "loss_total": 2.8407077193260193}
{"event": "update", "optimizer_step": 5290, "tokens_seen": 173342720, "lr": 0.00028718613939490516, "grad_norm": 0.551171064376831, "elapsed_seconds": 2890.7770081559975, "tokens_per_second": 59964.05793699524, "loss_main": 2.7093740701675415, "loss_total": 2.7093740701675415}
{"event": "update", "optimizer_step": 5300, "tokens_seen": 173670400, "lr": 0.0002871278581711138, "grad_norm": 0.5862445831298828, "elapsed_seconds": 2896.0590442889975, "tokens_per_second": 59967.838135923535, "loss_main": 2.5660167932510376, "loss_total": 2.5660167932510376}
{"event": "update", "optimizer_step": 5310, "tokens_seen": 173998080, "lr": 0.0002870694513420996, "grad_norm": 0.5776557326316833, "elapsed_seconds": 2901.3346327319973, "tokens_per_second": 59971.737846784454, "loss_main": 2.766035497188568, "loss_total": 2.766035497188568}
{"event": "update", "optimizer_step": 5320, "tokens_seen": 174325760, "lr": 0.00028701091896793254, "grad_norm": 0.5901128053665161, "elapsed_seconds": 2906.6130296269976, "tokens_per_second": 59975.56545130159, "loss_main": 2.4679929614067078, "loss_total": 2.4679929614067078}
{"event": "update", "optimizer_step": 5330, "tokens_seen": 174653440, "lr": 0.0002869522611088116, "grad_norm": 0.5740581154823303, "elapsed_seconds": 2911.8885974879972, "tokens_per_second": 59979.4374519233, "loss_main": 2.603026032447815, "loss_total": 2.603026032447815}
{"event": "update", "optimizer_step": 5340, "tokens_seen": 174981120, "lr": 0.00028689347782506476, "grad_norm": 0.5738537311553955, "elapsed_seconds": 2917.1565322259976, "tokens_per_second": 59983.452402013194, "loss_main": 2.889525830745697, "loss_total": 2.889525830745697}
{"event": "update", "optimizer_step": 5350, "tokens_seen": 175308800, "lr": 0.0002868345691771491, "grad_norm": 0.5426871180534363, "elapsed_seconds": 2922.4320611629973, "tokens_per_second": 59987.29699476228, "loss_main": 2.6446487307548523, "loss_total": 2.6446487307548523}
{"event": "update", "optimizer_step": 5360, "tokens_seen": 175636480, "lr": 0.00028677553522565055, "grad_norm": 0.5994669198989868, "elapsed_seconds": 2927.7130915789976, "tokens_per_second": 59991.01500252346, "loss_main": 2.688439726829529, "loss_total": 2.688439726829529}
{"event": "update", "optimizer_step": 5370, "tokens_seen": 175964160, "lr": 0.0002867163760312839, "grad_norm": 0.5824357867240906, "elapsed_seconds": 2932.9914350479976, "tokens_per_second": 59994.77458314514, "loss_main": 2.7986520528793335, "loss_total": 2.7986520528793335}
{"event": "update", "optimizer_step": 5380, "tokens_seen": 176291840, "lr": 0.00028665709165489293, "grad_norm": 0.552183210849762, "elapsed_seconds": 2938.2694077169976, "tokens_per_second": 59998.52822787165, "loss_main": 2.4779654145240784, "loss_total": 2.4779654145240784}
{"event": "update", "optimizer_step": 5390, "tokens_seen": 176619520, "lr": 0.00028659768215744987, "grad_norm": 0.6192311644554138, "elapsed_seconds": 2943.5416094469974, "tokens_per_second": 60002.38604854696, "loss_main": 2.8242366313934326, "loss_total": 2.8242366313934326}
{"event": "update", "optimizer_step": 5400, "tokens_seen": 176947200, "lr": 0.0002865381476000559, "grad_norm": 0.6113906502723694, "elapsed_seconds": 2948.8130377239972, "tokens_per_second": 60006.245813595015, "loss_main": 2.7636611461639404, "loss_total": 2.7636611461639404}
{"event": "update", "optimizer_step": 5410, "tokens_seen": 177274880, "lr": 0.0002864784880439406, "grad_norm": 0.5617532730102539, "elapsed_seconds": 2954.0979720879973, "tokens_per_second": 60009.817438349775, "loss_main": 2.714764356613159, "loss_total": 2.714764356613159}
{"event": "update", "optimizer_step": 5420, "tokens_seen": 177602560, "lr": 0.00028641870355046244, "grad_norm": 0.6357038617134094, "elapsed_seconds": 2959.3714306759975, "tokens_per_second": 60013.60902488369, "loss_main": 2.7214751839637756, "loss_total": 2.7214751839637756}
{"event": "update", "optimizer_step": 5430, "tokens_seen": 177930240, "lr": 0.00028635879418110793, "grad_norm": 0.6332346796989441, "elapsed_seconds": 2964.636439854997, "tokens_per_second": 60017.55817610564, "loss_main": 2.6464706659317017, "loss_total": 2.6464706659317017}
{"event": "update", "optimizer_step": 5440, "tokens_seen": 178257920, "lr": 0.0002862987599974924, "grad_norm": 0.5971595048904419, "elapsed_seconds": 2969.9101122979973, "tokens_per_second": 60021.318241874724, "loss_main": 2.8283310532569885, "loss_total": 2.8283310532569885}
{"event": "update", "optimizer_step": 5450, "tokens_seen": 178585600, "lr": 0.0002862386010613594, "grad_norm": 0.6068037748336792, "elapsed_seconds": 2975.1732556729976, "tokens_per_second": 60025.27740509792, "loss_main": 2.7811917662620544, "loss_total": 2.7811917662620544}
{"event": "update", "optimizer_step": 5460, "tokens_seen": 178913280, "lr": 0.00028617831743458057, "grad_norm": 0.5853719115257263, "elapsed_seconds": 2980.4403569929973, "tokens_per_second": 60029.1428681726, "loss_main": 2.6080175638198853, "loss_total": 2.6080175638198853}
{"event": "update", "optimizer_step": 5470, "tokens_seen": 179240960, "lr": 0.00028611790917915624, "grad_norm": 0.6040478944778442, "elapsed_seconds": 2985.7114354589976, "tokens_per_second": 60032.91472554683, "loss_main": 2.766611099243164, "loss_total": 2.766611099243164}
{"event": "update", "optimizer_step": 5480, "tokens_seen": 179568640, "lr": 0.00028605737635721453, "grad_norm": 0.567271888256073, "elapsed_seconds": 2990.9714928939975, "tokens_per_second": 60036.89450956732, "loss_main": 2.6680323481559753, "loss_total": 2.6680323481559753}
{"event": "update", "optimizer_step": 5490, "tokens_seen": 179896320, "lr": 0.000285996719031012, "grad_norm": 0.6511235237121582, "elapsed_seconds": 2996.2352829989973, "tokens_per_second": 60040.78552200275, "loss_main": 2.729625880718231, "loss_total": 2.729625880718231}
{"event": "update", "optimizer_step": 5500, "tokens_seen": 180224000, "lr": 0.0002859359372629329, "grad_norm": 0.5733978748321533, "elapsed_seconds": 3001.5114001959973, "tokens_per_second": 60044.416285819025, "loss_main": 2.67049640417099, "loss_total": 2.67049640417099}
{"event": "update", "optimizer_step": 5510, "tokens_seen": 180551680, "lr": 0.00028587503111548974, "grad_norm": 0.549176812171936, "elapsed_seconds": 3006.8047017929975, "tokens_per_second": 60047.69112285032, "loss_main": 2.5041873455047607, "loss_total": 2.5041873455047607}
{"event": "update", "optimizer_step": 5520, "tokens_seen": 180879360, "lr": 0.00028581400065132276, "grad_norm": 0.5770860910415649, "elapsed_seconds": 3012.1161735479973, "tokens_per_second": 60050.59220107725, "loss_main": 2.698954463005066, "loss_total": 2.698954463005066}
{"event": "update", "optimizer_step": 5530, "tokens_seen": 181207040, "lr": 0.00028575284593320024, "grad_norm": 0.5876560807228088, "elapsed_seconds": 3017.4327267419976, "tokens_per_second": 60053.381934269026, "loss_main": 2.596468210220337, "loss_total": 2.596468210220337}
{"event": "update", "optimizer_step": 5540, "tokens_seen": 181534720, "lr": 0.00028569156702401815, "grad_norm": 0.6225370168685913, "elapsed_seconds": 3022.7206076069974, "tokens_per_second": 60056.731522969276, "loss_main": 2.6493995785713196, "loss_total": 2.6493995785713196}
{"event": "update", "optimizer_step": 5550, "tokens_seen": 181862400, "lr": 0.0002856301639868002, "grad_norm": 0.6067944765090942, "elapsed_seconds": 3027.9891915109974, "tokens_per_second": 60060.45216735031, "loss_main": 2.7089826464653015, "loss_total": 2.7089826464653015}
{"event": "update", "optimizer_step": 5560, "tokens_seen": 182190080, "lr": 0.0002855686368846978, "grad_norm": 0.6276209950447083, "elapsed_seconds": 3033.2639588259976, "tokens_per_second": 60064.03744384822, "loss_main": 2.670304298400879, "loss_total": 2.670304298400879}
{"event": "update", "optimizer_step": 5570, "tokens_seen": 182517760, "lr": 0.00028550698578098986, "grad_norm": 0.5848104953765869, "elapsed_seconds": 3038.5346908949973, "tokens_per_second": 60067.69004379528, "loss_main": 2.5253878831863403, "loss_total": 2.5253878831863403}
{"event": "update", "optimizer_step": 5580, "tokens_seen": 182845440, "lr": 0.0002854452107390829, "grad_norm": 0.5737128257751465, "elapsed_seconds": 3043.8111386479973, "tokens_per_second": 60071.217191621305, "loss_main": 2.7775471806526184, "loss_total": 2.7775471806526184}
{"event": "update", "optimizer_step": 5590, "tokens_seen": 183173120, "lr": 0.000285383311822511, "grad_norm": 0.590991735458374, "elapsed_seconds": 3049.0901781239972, "tokens_per_second": 60074.68106853444, "loss_main": 2.8477954268455505, "loss_total": 2.8477954268455505}
{"event": "update", "optimizer_step": 5600, "tokens_seen": 183500800, "lr": 0.00028532128909493533, "grad_norm": 0.5553925037384033, "elapsed_seconds": 3054.3628320879975, "tokens_per_second": 60078.25857236377, "loss_main": 2.6762678027153015, "loss_total": 2.6762678027153015}
{"event": "update", "optimizer_step": 5610, "tokens_seen": 183828480, "lr": 0.0002852591426201448, "grad_norm": 0.6132403612136841, "elapsed_seconds": 3059.6338289849973, "tokens_per_second": 60081.85628571876, "loss_main": 2.672935664653778, "loss_total": 2.672935664653778}
{"event": "update", "optimizer_step": 5620, "tokens_seen": 184156160, "lr": 0.0002851968724620552, "grad_norm": 0.6520335078239441, "elapsed_seconds": 3064.9093919079974, "tokens_per_second": 60085.352110640146, "loss_main": 2.573918640613556, "loss_total": 2.573918640613556}
{"event": "update", "optimizer_step": 5630, "tokens_seen": 184483840, "lr": 0.00028513447868470986, "grad_norm": 0.5823946595191956, "elapsed_seconds": 3070.1839364359976, "tokens_per_second": 60088.855853423825, "loss_main": 2.778433620929718, "loss_total": 2.778433620929718}
{"event": "update", "optimizer_step": 5640, "tokens_seen": 184811520, "lr": 0.00028507196135227906, "grad_norm": 0.5770647525787354, "elapsed_seconds": 3075.4599481189975, "tokens_per_second": 60092.31891087829, "loss_main": 2.758695602416992, "loss_total": 2.758695602416992}
{"event": "update", "optimizer_step": 5650, "tokens_seen": 185139200, "lr": 0.00028500932052906024, "grad_norm": 0.5596065521240234, "elapsed_seconds": 3080.7309475919974, "tokens_per_second": 60095.867879897465, "loss_main": 2.731904923915863, "loss_total": 2.731904923915863}
{"event": "update", "optimizer_step": 5660, "tokens_seen": 185466880, "lr": 0.0002849465562794777, "grad_norm": 0.5894457101821899, "elapsed_seconds": 3085.9985018589973, "tokens_per_second": 60099.47182031204, "loss_main": 2.7116675972938538, "loss_total": 2.7116675972938538}
{"event": "update", "optimizer_step": 5670, "tokens_seen": 185794560, "lr": 0.0002848836686680828, "grad_norm": 0.6049782633781433, "elapsed_seconds": 3091.2698084669973, "tokens_per_second": 60102.990522246924, "loss_main": 2.5670000314712524, "loss_total": 2.5670000314712524}
{"event": "update", "optimizer_step": 5680, "tokens_seen": 186122240, "lr": 0.00028482065775955383, "grad_norm": 0.5624521970748901, "elapsed_seconds": 3096.5474895559973, "tokens_per_second": 60106.373510418016, "loss_main": 2.6526293754577637, "loss_total": 2.6526293754577637}
{"event": "update", "optimizer_step": 5690, "tokens_seen": 186449920, "lr": 0.0002847575236186959, "grad_norm": 0.5752764344215393, "elapsed_seconds": 3101.8291811439976, "tokens_per_second": 60109.667267761884, "loss_main": 2.5046857595443726, "loss_total": 2.5046857595443726}
{"event": "update", "optimizer_step": 5700, "tokens_seen": 186777600, "lr": 0.00028469426631044055, "grad_norm": 0.6033319234848022, "elapsed_seconds": 3107.1074281249976, "tokens_per_second": 60113.016469698334, "loss_main": 2.6357375383377075, "loss_total": 2.6357375383377075}
{"event": "update", "optimizer_step": 5710, "tokens_seen": 187105280, "lr": 0.00028463088589984634, "grad_norm": 0.5662007927894592, "elapsed_seconds": 3112.3903607919974, "tokens_per_second": 60116.26380708494, "loss_main": 2.6649999022483826, "loss_total": 2.6649999022483826}
{"event": "update", "optimizer_step": 5720, "tokens_seen": 187432960, "lr": 0.0002845673824520984, "grad_norm": 0.5773411989212036, "elapsed_seconds": 3117.6711665819976, "tokens_per_second": 60119.54115272803, "loss_main": 2.687853217124939, "loss_total": 2.687853217124939}
{"event": "update", "optimizer_step": 5730, "tokens_seen": 187760640, "lr": 0.00028450375603250827, "grad_norm": 0.5883967876434326, "elapsed_seconds": 3122.9540765279976, "tokens_per_second": 60122.76690560445, "loss_main": 2.6126811504364014, "loss_total": 2.6126811504364014}
{"event": "update", "optimizer_step": 5740, "tokens_seen": 188088320, "lr": 0.0002844400067065139, "grad_norm": 0.5696166753768921, "elapsed_seconds": 3128.2311458749973, "tokens_per_second": 60126.094022182566, "loss_main": 2.7686325907707214, "loss_total": 2.7686325907707214}
{"event": "update", "optimizer_step": 5750, "tokens_seen": 188416000, "lr": 0.0002843761345396799, "grad_norm": 0.5689491629600525, "elapsed_seconds": 3133.5088467259975, "tokens_per_second": 60129.3978144864, "loss_main": 2.668627917766571, "loss_total": 2.668627917766571}
{"event": "update", "optimizer_step": 5760, "tokens_seen": 188743680, "lr": 0.000284312139597697, "grad_norm": 0.5427637100219727, "elapsed_seconds": 3138.7748805759975, "tokens_per_second": 60132.91401305072, "loss_main": 2.765751838684082, "loss_total": 2.765751838684082}
{"event": "update", "optimizer_step": 5770, "tokens_seen": 189071360, "lr": 0.0002842480219463823, "grad_norm": 0.5669209957122803, "elapsed_seconds": 3144.0419596439974, "tokens_per_second": 60136.39844088109, "loss_main": 2.8280035257339478, "loss_total": 2.8280035257339478}
{"event": "update", "optimizer_step": 5780, "tokens_seen": 189399040, "lr": 0.0002841837816516792, "grad_norm": 0.5541031360626221, "elapsed_seconds": 3149.3275448309973, "tokens_per_second": 60139.51781892656, "loss_main": 2.8100765347480774, "loss_total": 2.8100765347480774}
{"event": "update", "optimizer_step": 5790, "tokens_seen": 189726720, "lr": 0.0002841194187796569, "grad_norm": 0.5885354280471802, "elapsed_seconds": 3154.5999528639973, "tokens_per_second": 60142.87796706234, "loss_main": 2.6849573850631714, "loss_total": 2.6849573850631714}
{"event": "update", "optimizer_step": 5800, "tokens_seen": 190054400, "lr": 0.00028405493339651096, "grad_norm": 0.5498993992805481, "elapsed_seconds": 3159.8639591099973, "tokens_per_second": 60146.38682531461, "loss_main": 2.7091201543807983, "loss_total": 2.7091201543807983}
{"event": "update", "optimizer_step": 5810, "tokens_seen": 190382080, "lr": 0.000283990325568563, "grad_norm": 0.5993912816047668, "elapsed_seconds": 3165.1386530909976, "tokens_per_second": 60149.68090389262, "loss_main": 2.5675491094589233, "loss_total": 2.5675491094589233}
{"event": "update", "optimizer_step": 5820, "tokens_seen": 190709760, "lr": 0.00028392559536226023, "grad_norm": 0.5614679455757141, "elapsed_seconds": 3170.4245883879976, "tokens_per_second": 60152.750738337665, "loss_main": 2.687514543533325, "loss_total": 2.687514543533325}
{"event": "update", "optimizer_step": 5830, "tokens_seen": 191037440, "lr": 0.0002838607428441762, "grad_norm": 0.5698024034500122, "elapsed_seconds": 3175.7094338719976, "tokens_per_second": 60155.83099713149, "loss_main": 2.681729793548584, "loss_total": 2.681729793548584}
{"event": "update", "optimizer_step": 5840, "tokens_seen": 191365120, "lr": 0.0002837957680810097, "grad_norm": 0.6243458986282349, "elapsed_seconds": 3180.9872125979973, "tokens_per_second": 60159.03466763923, "loss_main": 2.7403597831726074, "loss_total": 2.7403597831726074}
{"event": "update", "optimizer_step": 5850, "tokens_seen": 191692800, "lr": 0.0002837306711395857, "grad_norm": 0.5908125638961792, "elapsed_seconds": 3186.2710482369976, "tokens_per_second": 60162.11336008779, "loss_main": 2.69961017370224, "loss_total": 2.69961017370224}
{"event": "update", "optimizer_step": 5860, "tokens_seen": 192020480, "lr": 0.0002836654520868545, "grad_norm": 0.5752177238464355, "elapsed_seconds": 3191.5503492109974, "tokens_per_second": 60165.26734333693, "loss_main": 2.76797354221344, "loss_total": 2.76797354221344}
{"event": "update", "optimizer_step": 5870, "tokens_seen": 192348160, "lr": 0.00028360011098989225, "grad_norm": 0.5969429612159729, "elapsed_seconds": 3196.8269206669975, "tokens_per_second": 60168.46228255228, "loss_main": 2.7346333861351013, "loss_total": 2.7346333861351013}
{"event": "update", "optimizer_step": 5880, "tokens_seen": 192675840, "lr": 0.0002835346479159006, "grad_norm": 0.6076410412788391, "elapsed_seconds": 3202.0961589539975, "tokens_per_second": 60171.78449223706, "loss_main": 2.7411948442459106, "loss_total": 2.7411948442459106}
{"event": "update", "optimizer_step": 5890, "tokens_seen": 193003520, "lr": 0.0002834690629322065, "grad_norm": 0.5739684700965881, "elapsed_seconds": 3207.3843689969976, "tokens_per_second": 60174.7398489553, "loss_main": 2.749761164188385, "loss_total": 2.749761164188385}
{"event": "update", "optimizer_step": 5900, "tokens_seen": 193331200, "lr": 0.0002834033561062622, "grad_norm": 0.5698448419570923, "elapsed_seconds": 3212.6701190619974, "tokens_per_second": 60177.73155509874, "loss_main": 2.7131606936454773, "loss_total": 2.7131606936454773}
{"event": "update", "optimizer_step": 5910, "tokens_seen": 193658880, "lr": 0.00028333752750564565, "grad_norm": 0.598527729511261, "elapsed_seconds": 3217.950857762997, "tokens_per_second": 60180.80715335244, "loss_main": 2.687596559524536, "loss_total": 2.687596559524536}
{"event": "update", "optimizer_step": 5920, "tokens_seen": 193986560, "lr": 0.0002832715771980596, "grad_norm": 0.5793285965919495, "elapsed_seconds": 3223.2277941549974, "tokens_per_second": 60183.9436703094, "loss_main": 2.7283440828323364, "loss_total": 2.7283440828323364}
{"event": "update", "optimizer_step": 5930, "tokens_seen": 194314240, "lr": 0.0002832055052513322, "grad_norm": 0.5442724823951721, "elapsed_seconds": 3228.5048157039973, "tokens_per_second": 60187.068346567874, "loss_main": 2.6611533164978027, "loss_total": 2.6611533164978027}
{"event": "update", "optimizer_step": 5940, "tokens_seen": 194641920, "lr": 0.0002831393117334168, "grad_norm": 0.6100042462348938, "elapsed_seconds": 3233.7683404529976, "tokens_per_second": 60190.43404102777, "loss_main": 2.4025352597236633, "loss_total": 2.4025352597236633}
{"event": "update", "optimizer_step": 5950, "tokens_seen": 194969600, "lr": 0.00028307299671239165, "grad_norm": 0.5888836979866028, "elapsed_seconds": 3239.0512610899973, "tokens_per_second": 60193.42834802476, "loss_main": 2.73434978723526, "loss_total": 2.73434978723526}
{"event": "update", "optimizer_step": 5960, "tokens_seen": 195297280, "lr": 0.00028300656025645975, "grad_norm": 0.5564252734184265, "elapsed_seconds": 3244.3092550969973, "tokens_per_second": 60196.875403655395, "loss_main": 2.5865718722343445, "loss_total": 2.5865718722343445}
{"event": "update", "optimizer_step": 5970, "tokens_seen": 195624960, "lr": 0.0002829400024339494, "grad_norm": 0.6629679203033447, "elapsed_seconds": 3249.5538834139975, "tokens_per_second": 60200.558913174704, "loss_main": 2.7740002274513245, "loss_total": 2.7740002274513245}
{"event": "update", "optimizer_step": 5980, "tokens_seen": 195952640, "lr": 0.0002828733233133134, "grad_norm": 0.5668111443519592, "elapsed_seconds": 3254.8196233429976, "tokens_per_second": 60203.84005143078, "loss_main": 2.4948062896728516, "loss_total": 2.4948062896728516}
{"event": "update", "optimizer_step": 5990, "tokens_seen": 196280320, "lr": 0.00028280652296312964, "grad_norm": 0.6314609050750732, "elapsed_seconds": 3260.0835010949972, "tokens_per_second": 60207.14498081824, "loss_main": 2.767214834690094, "loss_total": 2.767214834690094}
{"event": "update", "optimizer_step": 6000, "tokens_seen": 196608000, "lr": 0.0002827396014521003, "grad_norm": 0.5631937384605408, "elapsed_seconds": 3265.3390304289974, "tokens_per_second": 60210.59319349446, "loss_main": 2.7154515981674194, "loss_total": 2.7154515981674194}
{"event": "update", "optimizer_step": 6010, "tokens_seen": 196935680, "lr": 0.0002826725588490525, "grad_norm": 0.5952799320220947, "elapsed_seconds": 3270.590806278997, "tokens_per_second": 60214.09942873802, "loss_main": 2.7627909183502197, "loss_total": 2.7627909183502197}
{"event": "update", "optimizer_step": 6020, "tokens_seen": 197263360, "lr": 0.0002826053952229376, "grad_norm": 0.6541191935539246, "elapsed_seconds": 3275.8458024709976, "tokens_per_second": 60217.535224399944, "loss_main": 2.7259525060653687, "loss_total": 2.7259525060653687}
{"event": "update", "optimizer_step": 6030, "tokens_seen": 197591040, "lr": 0.00028253811064283174, "grad_norm": 0.5974883437156677, "elapsed_seconds": 3281.1068840399976, "tokens_per_second": 60220.84832442518, "loss_main": 2.6581627130508423, "loss_total": 2.6581627130508423}
{"event": "update", "optimizer_step": 6040, "tokens_seen": 197918720, "lr": 0.0002824707051779352, "grad_norm": 0.5850047469139099, "elapsed_seconds": 3286.3751079129975, "tokens_per_second": 60224.01993109292, "loss_main": 2.788391411304474, "loss_total": 2.788391411304474}
{"event": "update", "optimizer_step": 6050, "tokens_seen": 198246400, "lr": 0.0002824031788975727, "grad_norm": 0.573436439037323, "elapsed_seconds": 3291.6371880539973, "tokens_per_second": 60227.293797589664, "loss_main": 2.7052472829818726, "loss_total": 2.7052472829818726}
{"event": "update", "optimizer_step": 6060, "tokens_seen": 198574080, "lr": 0.00028233553187119323, "grad_norm": 0.5791058540344238, "elapsed_seconds": 3296.9005134729973, "tokens_per_second": 60230.534463661905, "loss_main": 2.643455743789673, "loss_total": 2.643455743789673}
{"event": "update", "optimizer_step": 6070, "tokens_seen": 198901760, "lr": 0.00028226776416836997, "grad_norm": 0.6200635433197021, "elapsed_seconds": 3302.1576662029975, "tokens_per_second": 60233.87739347655, "loss_main": 2.7258927822113037, "loss_total": 2.7258927822113037}
{"event": "update", "optimizer_step": 6080, "tokens_seen": 199229440, "lr": 0.0002821998758588001, "grad_norm": 0.5876161456108093, "elapsed_seconds": 3307.4098157619974, "tokens_per_second": 60237.300817860494, "loss_main": 2.656859517097473, "loss_total": 2.656859517097473}
{"event": "update", "optimizer_step": 6090, "tokens_seen": 199557120, "lr": 0.0002821318670123051, "grad_norm": 0.7563502788543701, "elapsed_seconds": 3312.6708264889976, "tokens_per_second": 60240.552246932646, "loss_main": 2.606045186519623, "loss_total": 2.606045186519623}
{"event": "update", "optimizer_step": 6100, "tokens_seen": 199884800, "lr": 0.0002820637376988299, "grad_norm": 0.5998517870903015, "elapsed_seconds": 3317.9255909609974, "tokens_per_second": 60243.90677854405, "loss_main": 2.657562553882599, "loss_total": 2.657562553882599}
{"event": "evaluation", "tokens_seen": 200015872, "elapsed_seconds": 3320.0304822609974, "parameters": 71199040, "main_loss": 2.760903537273407, "perplexity": 15.814125146555739}
{"event": "update", "optimizer_step": 6110, "tokens_seen": 200212480, "lr": 0.0002819954879884441, "grad_norm": 0.5993595719337463, "elapsed_seconds": 3325.5419064649973, "tokens_per_second": 60204.467611963715, "loss_main": 2.658875584602356, "loss_total": 2.658875584602356}
{"event": "update", "optimizer_step": 6120, "tokens_seen": 200540160, "lr": 0.0002819271179513404, "grad_norm": 0.6032060384750366, "elapsed_seconds": 3330.7975437609975, "tokens_per_second": 60207.850331713176, "loss_main": 2.8736022114753723, "loss_total": 2.8736022114753723}
{"event": "update", "optimizer_step": 6130, "tokens_seen": 200867840, "lr": 0.0002818586276578356, "grad_norm": 0.6098613739013672, "elapsed_seconds": 3336.0443853069974, "tokens_per_second": 60211.38114489303, "loss_main": 2.8162224292755127, "loss_total": 2.8162224292755127}
{"event": "update", "optimizer_step": 6140, "tokens_seen": 201195520, "lr": 0.00028179001717837013, "grad_norm": 0.5932440161705017, "elapsed_seconds": 3341.2943760849976, "tokens_per_second": 60214.84411551348, "loss_main": 2.559280812740326, "loss_total": 2.559280812740326}
{"event": "update", "optimizer_step": 6150, "tokens_seen": 201523200, "lr": 0.0002817212865835081, "grad_norm": 0.5795891284942627, "elapsed_seconds": 3346.5539789609975, "tokens_per_second": 60218.123259606524, "loss_main": 2.7840981483459473, "loss_total": 2.7840981483459473}
{"event": "update", "optimizer_step": 6160, "tokens_seen": 201850880, "lr": 0.00028165243594393706, "grad_norm": 0.5617629289627075, "elapsed_seconds": 3351.8028218549975, "tokens_per_second": 60221.58543571161, "loss_main": 2.526038348674774, "loss_total": 2.526038348674774}
{"event": "update", "optimizer_step": 6170, "tokens_seen": 202178560, "lr": 0.000281583465330468, "grad_norm": 0.5714408755302429, "elapsed_seconds": 3357.0584532219973, "tokens_per_second": 60224.91500139221, "loss_main": 2.462420403957367, "loss_total": 2.462420403957367}
{"event": "update", "optimizer_step": 6180, "tokens_seen": 202506240, "lr": 0.00028151437481403535, "grad_norm": 0.5808508992195129, "elapsed_seconds": 3362.3374429109977, "tokens_per_second": 60227.8157497116, "loss_main": 2.794680655002594, "loss_total": 2.794680655002594}
{"event": "update", "optimizer_step": 6190, "tokens_seen": 202833920, "lr": 0.00028144516446569677, "grad_norm": 0.620991587638855, "elapsed_seconds": 3367.5950982939976, "tokens_per_second": 60231.08897585532, "loss_main": 2.5185112357139587, "loss_total": 2.5185112357139587}
{"event": "update", "optimizer_step": 6200, "tokens_seen": 203161600, "lr": 0.00028137583435663353, "grad_norm": 0.5641127824783325, "elapsed_seconds": 3372.8555987369973, "tokens_per_second": 60234.3011886059, "loss_main": 2.6922597885131836, "loss_total": 2.6922597885131836}
{"event": "update", "optimizer_step": 6210, "tokens_seen": 203489280, "lr": 0.00028130638455814937, "grad_norm": 0.5851713418960571, "elapsed_seconds": 3378.1173577499976, "tokens_per_second": 60237.48095463873, "loss_main": 2.645520031452179, "loss_total": 2.645520031452179}
{"event": "update", "optimizer_step": 6220, "tokens_seen": 203816960, "lr": 0.00028123681514167196, "grad_norm": 0.6059066653251648, "elapsed_seconds": 3383.3812183699974, "tokens_per_second": 60240.61341163097, "loss_main": 2.722645938396454, "loss_total": 2.722645938396454}
{"event": "update", "optimizer_step": 6230, "tokens_seen": 204144640, "lr": 0.0002811671261787513, "grad_norm": 0.6259487271308899, "elapsed_seconds": 3388.6418648679974, "tokens_per_second": 60243.79327791618, "loss_main": 2.5633397698402405, "loss_total": 2.5633397698402405}
{"event": "update", "optimizer_step": 6240, "tokens_seen": 204472320, "lr": 0.0002810973177410607, "grad_norm": 0.619930624961853, "elapsed_seconds": 3393.894617255997, "tokens_per_second": 60247.10341929185, "loss_main": 2.8418229818344116, "loss_total": 2.8418229818344116}
{"event": "update", "optimizer_step": 6250, "tokens_seen": 204800000, "lr": 0.00028102738990039625, "grad_norm": 0.5791037082672119, "elapsed_seconds": 3399.1612416389976, "tokens_per_second": 60250.15744803272, "loss_main": 2.8392186164855957, "loss_total": 2.8392186164855957}
{"event": "update", "optimizer_step": 6260, "tokens_seen": 205127680, "lr": 0.0002809573427286769, "grad_norm": 0.5585066080093384, "elapsed_seconds": 3404.422776338997, "tokens_per_second": 60253.2921074472, "loss_main": 2.631688416004181, "loss_total": 2.631688416004181}
{"event": "update", "optimizer_step": 6270, "tokens_seen": 205455360, "lr": 0.0002808871762979442, "grad_norm": 0.583464503288269, "elapsed_seconds": 3409.6763921479974, "tokens_per_second": 60256.557036654456, "loss_main": 2.731674075126648, "loss_total": 2.731674075126648}
{"event": "update", "optimizer_step": 6280, "tokens_seen": 205783040, "lr": 0.0002808168906803625, "grad_norm": 0.771352231502533, "elapsed_seconds": 3414.9482427749977, "tokens_per_second": 60259.49015050959, "loss_main": 2.621039390563965, "loss_total": 2.621039390563965}
{"event": "update", "optimizer_step": 6290, "tokens_seen": 206110720, "lr": 0.00028074648594821874, "grad_norm": 0.5595309138298035, "elapsed_seconds": 3420.2079187619975, "tokens_per_second": 60262.628733578655, "loss_main": 2.552959382534027, "loss_total": 2.552959382534027}
{"event": "update", "optimizer_step": 6300, "tokens_seen": 206438400, "lr": 0.0002806759621739222, "grad_norm": 0.59022456407547, "elapsed_seconds": 3425.4708480549975, "tokens_per_second": 60265.70044150775, "loss_main": 2.5392860770225525, "loss_total": 2.5392860770225525}
{"event": "update", "optimizer_step": 6310, "tokens_seen": 206766080, "lr": 0.00028060531943000465, "grad_norm": 0.626903235912323, "elapsed_seconds": 3430.7370605749975, "tokens_per_second": 60268.705047697724, "loss_main": 2.7210211157798767, "loss_total": 2.7210211157798767}
{"event": "update", "optimizer_step": 6320, "tokens_seen": 207093760, "lr": 0.0002805345577891204, "grad_norm": 0.5454298257827759, "elapsed_seconds": 3436.0094846969973, "tokens_per_second": 60271.59148492934, "loss_main": 2.5009440779685974, "loss_total": 2.5009440779685974}
{"event": "update", "optimizer_step": 6330, "tokens_seen": 207421440, "lr": 0.0002804636773240457, "grad_norm": 0.5812586545944214, "elapsed_seconds": 3441.2820619589975, "tokens_per_second": 60274.4663952139, "loss_main": 2.775022804737091, "loss_total": 2.775022804737091}
{"event": "update", "optimizer_step": 6340, "tokens_seen": 207749120, "lr": 0.00028039267810767935, "grad_norm": 0.5649784803390503, "elapsed_seconds": 3446.5682470789975, "tokens_per_second": 60277.09452034485, "loss_main": 2.5652049779891968, "loss_total": 2.5652049779891968}
{"event": "update", "optimizer_step": 6350, "tokens_seen": 208076800, "lr": 0.0002803215602130421, "grad_norm": 0.5791599154472351, "elapsed_seconds": 3451.8740673019975, "tokens_per_second": 60279.37171028777, "loss_main": 2.6562163829803467, "loss_total": 2.6562163829803467}
{"event": "update", "optimizer_step": 6360, "tokens_seen": 208404480, "lr": 0.0002802503237132769, "grad_norm": 0.5670140981674194, "elapsed_seconds": 3457.3503503149973, "tokens_per_second": 60278.66975674374, "loss_main": 2.683302879333496, "loss_total": 2.683302879333496}
{"event": "update", "optimizer_step": 6370, "tokens_seen": 208732160, "lr": 0.0002801789686816484, "grad_norm": 0.5556859374046326, "elapsed_seconds": 3462.6472115949973, "tokens_per_second": 60281.09340767979, "loss_main": 2.546116352081299, "loss_total": 2.546116352081299}
{"event": "update", "optimizer_step": 6380, "tokens_seen": 209059840, "lr": 0.0002801074951915434, "grad_norm": 0.5637671947479248, "elapsed_seconds": 3468.1338632099973, "tokens_per_second": 60280.210697086724, "loss_main": 2.648377239704132, "loss_total": 2.648377239704132}
{"event": "update", "optimizer_step": 6390, "tokens_seen": 209387520, "lr": 0.00028003590331647055, "grad_norm": 0.5861880779266357, "elapsed_seconds": 3473.4596904719974, "tokens_per_second": 60282.12176302728, "loss_main": 2.824227511882782, "loss_total": 2.824227511882782}
{"event": "update", "optimizer_step": 6400, "tokens_seen": 209715200, "lr": 0.00027996419313006007, "grad_norm": 0.5925722718238831, "elapsed_seconds": 3478.9411787969975, "tokens_per_second": 60281.32964079565, "loss_main": 2.677496373653412, "loss_total": 2.677496373653412}
{"event": "update", "optimizer_step": 6410, "tokens_seen": 210042880, "lr": 0.00027989236470606397, "grad_norm": 0.5757858753204346, "elapsed_seconds": 3484.2096924489974, "tokens_per_second": 60284.22469956568, "loss_main": 2.5508812069892883, "loss_total": 2.5508812069892883}
{"event": "update", "optimizer_step": 6420, "tokens_seen": 210370560, "lr": 0.00027982041811835576, "grad_norm": 0.6086294651031494, "elapsed_seconds": 3489.4707943879976, "tokens_per_second": 60287.239067405906, "loss_main": 2.5760916471481323, "loss_total": 2.5760916471481323}
{"event": "update", "optimizer_step": 6430, "tokens_seen": 210698240, "lr": 0.00027974835344093084, "grad_norm": 0.5861098766326904, "elapsed_seconds": 3494.7202085429976, "tokens_per_second": 60290.44599477202, "loss_main": 2.7223016023635864, "loss_total": 2.7223016023635864}
{"event": "update", "optimizer_step": 6440, "tokens_seen": 211025920, "lr": 0.0002796761707479056, "grad_norm": 0.6039568781852722, "elapsed_seconds": 3499.980662343997, "tokens_per_second": 60293.45312401593, "loss_main": 2.631963849067688, "loss_total": 2.631963849067688}
{"event": "update", "optimizer_step": 6450, "tokens_seen": 211353600, "lr": 0.00027960387011351803, "grad_norm": 0.5939996838569641, "elapsed_seconds": 3505.2438617799976, "tokens_per_second": 60296.40399760162, "loss_main": 2.6774908900260925, "loss_total": 2.6774908900260925}
{"event": "update", "optimizer_step": 6460, "tokens_seen": 211681280, "lr": 0.00027953145161212743, "grad_norm": 0.5696275234222412, "elapsed_seconds": 3510.5065044609973, "tokens_per_second": 60299.35558615394, "loss_main": 2.605612337589264, "loss_total": 2.605612337589264}
{"event": "update", "optimizer_step": 6470, "tokens_seen": 212008960, "lr": 0.00027945891531821424, "grad_norm": 0.5878570675849915, "elapsed_seconds": 3515.7668498799976, "tokens_per_second": 60302.33774097859, "loss_main": 2.948024809360504, "loss_total": 2.948024809360504}
{"event": "update", "optimizer_step": 6480, "tokens_seen": 212336640, "lr": 0.00027938626130638003, "grad_norm": 0.5874122977256775, "elapsed_seconds": 3521.0264456509976, "tokens_per_second": 60305.32382461029, "loss_main": 2.6214007139205933, "loss_total": 2.6214007139205933}
{"event": "update", "optimizer_step": 6490, "tokens_seen": 212664320, "lr": 0.0002793134896513477, "grad_norm": 0.5731234550476074, "elapsed_seconds": 3526.2925280559975, "tokens_per_second": 60308.19006307434, "loss_main": 2.8036601543426514, "loss_total": 2.8036601543426514}
{"event": "update", "optimizer_step": 6500, "tokens_seen": 212992000, "lr": 0.00027924060042796076, "grad_norm": 0.6176291704177856, "elapsed_seconds": 3531.5510552479973, "tokens_per_second": 60311.17677981382, "loss_main": 2.6624231338500977, "loss_total": 2.6624231338500977}
{"event": "update", "optimizer_step": 6510, "tokens_seen": 213319680, "lr": 0.00027916759371118393, "grad_norm": 0.6071082353591919, "elapsed_seconds": 3536.8231620489973, "tokens_per_second": 60313.92303945921, "loss_main": 2.589525580406189, "loss_total": 2.589525580406189}
{"event": "update", "optimizer_step": 6520, "tokens_seen": 213647360, "lr": 0.0002790944695761025, "grad_norm": 0.6031488180160522, "elapsed_seconds": 3542.0778869609976, "tokens_per_second": 60316.95711335794, "loss_main": 2.748495042324066, "loss_total": 2.748495042324066}
{"event": "update", "optimizer_step": 6530, "tokens_seen": 213975040, "lr": 0.0002790212280979229, "grad_norm": 0.6050844788551331, "elapsed_seconds": 3547.3328821589976, "tokens_per_second": 60319.97760237526, "loss_main": 2.7636271715164185, "loss_total": 2.7636271715164185}
{"event": "update", "optimizer_step": 6540, "tokens_seen": 214302720, "lr": 0.0002789478693519719, "grad_norm": 0.6123346090316772, "elapsed_seconds": 3552.5805513299974, "tokens_per_second": 60323.11355185751, "loss_main": 2.852685868740082, "loss_total": 2.852685868740082}
{"event": "update", "optimizer_step": 6550, "tokens_seen": 214630400, "lr": 0.00027887439341369705, "grad_norm": 0.5566508769989014, "elapsed_seconds": 3557.8354219529974, "tokens_per_second": 60326.11814353775, "loss_main": 2.6681987047195435, "loss_total": 2.6681987047195435}
{"event": "update", "optimizer_step": 6560, "tokens_seen": 214958080, "lr": 0.0002788008003586662, "grad_norm": 0.6060731410980225, "elapsed_seconds": 3563.0922520429976, "tokens_per_second": 60329.080695777055, "loss_main": 2.6046926975250244, "loss_total": 2.6046926975250244}
{"event": "update", "optimizer_step": 6570, "tokens_seen": 215285760, "lr": 0.00027872709026256813, "grad_norm": 0.7096162438392639, "elapsed_seconds": 3568.3529506999976, "tokens_per_second": 60331.96911134246, "loss_main": 2.665347099304199, "loss_total": 2.665347099304199}
{"event": "update", "optimizer_step": 6580, "tokens_seen": 215613440, "lr": 0.0002786532632012115, "grad_norm": 0.5865289568901062, "elapsed_seconds": 3573.6101371279974, "tokens_per_second": 60334.908321387855, "loss_main": 2.695468783378601, "loss_total": 2.695468783378601}
{"event": "update", "optimizer_step": 6590, "tokens_seen": 215941120, "lr": 0.0002785793192505255, "grad_norm": 0.5369694232940674, "elapsed_seconds": 3578.8691403219973, "tokens_per_second": 60337.80826659993, "loss_main": 2.691069543361664, "loss_total": 2.691069543361664}
{"event": "update", "optimizer_step": 6600, "tokens_seen": 216268800, "lr": 0.0002785052584865594, "grad_norm": 0.6075250506401062, "elapsed_seconds": 3584.1307569019973, "tokens_per_second": 60340.655703905046, "loss_main": 2.511791169643402, "loss_total": 2.511791169643402}
{"event": "update", "optimizer_step": 6610, "tokens_seen": 216596480, "lr": 0.00027843108098548285, "grad_norm": 0.5816230773925781, "elapsed_seconds": 3589.3812817099974, "tokens_per_second": 60343.68126442462, "loss_main": 2.6172595024108887, "loss_total": 2.6172595024108887}
{"event": "update", "optimizer_step": 6620, "tokens_seen": 216924160, "lr": 0.00027835678682358546, "grad_norm": 0.5929877758026123, "elapsed_seconds": 3594.6344345449975, "tokens_per_second": 60346.65386703165, "loss_main": 2.660433292388916, "loss_total": 2.660433292388916}
{"event": "update", "optimizer_step": 6630, "tokens_seen": 217251840, "lr": 0.00027828237607727656, "grad_norm": 0.6034504771232605, "elapsed_seconds": 3599.8977549719975, "tokens_per_second": 60349.447341925945, "loss_main": 2.639006555080414, "loss_total": 2.639006555080414}
{"event": "update", "optimizer_step": 6640, "tokens_seen": 217579520, "lr": 0.00027820784882308575, "grad_norm": 0.5693290829658508, "elapsed_seconds": 3605.1563120079973, "tokens_per_second": 60352.31240190324, "loss_main": 2.781137704849243, "loss_total": 2.781137704849243}
{"event": "update", "optimizer_step": 6650, "tokens_seen": 217907200, "lr": 0.00027813320513766246, "grad_norm": 0.575799822807312, "elapsed_seconds": 3610.4150333849975, "tokens_per_second": 60355.16636869804, "loss_main": 2.597936749458313, "loss_total": 2.597936749458313}
{"event": "update", "optimizer_step": 6660, "tokens_seen": 218234880, "lr": 0.00027805844509777545, "grad_norm": 0.5813106894493103, "elapsed_seconds": 3615.6767350789974, "tokens_per_second": 60357.962282054476, "loss_main": 2.772681415081024, "loss_total": 2.772681415081024}
{"event": "update", "optimizer_step": 6670, "tokens_seen": 218562560, "lr": 0.0002779835687803134, "grad_norm": 0.6501970887184143, "elapsed_seconds": 3620.9381140599976, "tokens_per_second": 60360.75544934831, "loss_main": 2.709404230117798, "loss_total": 2.709404230117798}
{"event": "update", "optimizer_step": 6680, "tokens_seen": 218890240, "lr": 0.00027790857626228485, "grad_norm": 0.5661172866821289, "elapsed_seconds": 3626.1905582559975, "tokens_per_second": 60363.6892445262, "loss_main": 2.633422613143921, "loss_total": 2.633422613143921}
{"event": "update", "optimizer_step": 6690, "tokens_seen": 219217920, "lr": 0.0002778334676208174, "grad_norm": 0.5858213305473328, "elapsed_seconds": 3631.4500338469975, "tokens_per_second": 60366.49766808721, "loss_main": 2.798802137374878, "loss_total": 2.798802137374878}
{"event": "update", "optimizer_step": 6700, "tokens_seen": 219545600, "lr": 0.0002777582429331583, "grad_norm": 0.7100743651390076, "elapsed_seconds": 3636.7177309249973, "tokens_per_second": 60369.16149226646, "loss_main": 2.507589280605316, "loss_total": 2.507589280605316}
{"event": "update", "optimizer_step": 6710, "tokens_seen": 219873280, "lr": 0.0002776829022766743, "grad_norm": 0.5845525860786438, "elapsed_seconds": 3641.9915871919975, "tokens_per_second": 60371.715512260125, "loss_main": 2.6675981879234314, "loss_total": 2.6675981879234314}
{"event": "update", "optimizer_step": 6720, "tokens_seen": 220200960, "lr": 0.0002776074457288509, "grad_norm": 0.6181268692016602, "elapsed_seconds": 3647.2537613419972, "tokens_per_second": 60374.45552430595, "loss_main": 2.7377411127090454, "loss_total": 2.7377411127090454}
{"event": "update", "optimizer_step": 6730, "tokens_seen": 220528640, "lr": 0.00027753187336729333, "grad_norm": 0.5924952030181885, "elapsed_seconds": 3652.5065800389975, "tokens_per_second": 60377.342290139124, "loss_main": 2.83388614654541, "loss_total": 2.83388614654541}
{"event": "update", "optimizer_step": 6740, "tokens_seen": 220856320, "lr": 0.0002774561852697258, "grad_norm": 0.5746732354164124, "elapsed_seconds": 3657.767465553997, "tokens_per_second": 60380.08760257525, "loss_main": 2.732465088367462, "loss_total": 2.732465088367462}
{"event": "update", "optimizer_step": 6750, "tokens_seen": 221184000, "lr": 0.00027738038151399133, "grad_norm": 0.560893177986145, "elapsed_seconds": 3663.0263816429974, "tokens_per_second": 60382.85749413334, "loss_main": 2.537994682788849, "loss_total": 2.537994682788849}
{"event": "update", "optimizer_step": 6760, "tokens_seen": 221511680, "lr": 0.00027730446217805226, "grad_norm": 0.6273264288902283, "elapsed_seconds": 3668.2844378879972, "tokens_per_second": 60385.63359812267, "loss_main": 2.717118978500366, "loss_total": 2.717118978500366}
{"event": "update", "optimizer_step": 6770, "tokens_seen": 221839360, "lr": 0.00027722842733998926, "grad_norm": 0.640367329120636, "elapsed_seconds": 3673.5337888569975, "tokens_per_second": 60388.54485915162, "loss_main": 2.725277841091156, "loss_total": 2.725277841091156}
{"event": "update", "optimizer_step": 6780, "tokens_seen": 222167040, "lr": 0.0002771522770780025, "grad_norm": 0.6393998861312866, "elapsed_seconds": 3678.7864603549974, "tokens_per_second": 60391.3933016273, "loss_main": 2.3981769680976868, "loss_total": 2.3981769680976868}
{"event": "update", "optimizer_step": 6790, "tokens_seen": 222494720, "lr": 0.00027707601147041014, "grad_norm": 0.6084650158882141, "elapsed_seconds": 3684.0381548749974, "tokens_per_second": 60394.249637609806, "loss_main": 2.5985936522483826, "loss_total": 2.5985936522483826}
{"event": "update", "optimizer_step": 6800, "tokens_seen": 222822400, "lr": 0.0002769996305956496, "grad_norm": 0.6053196787834167, "elapsed_seconds": 3689.305493678997, "tokens_per_second": 60396.84173126042, "loss_main": 2.6851428747177124, "loss_total": 2.6851428747177124}
{"event": "update", "optimizer_step": 6810, "tokens_seen": 223150080, "lr": 0.00027692313453227626, "grad_norm": 0.560703456401825, "elapsed_seconds": 3694.565338467997, "tokens_per_second": 60399.54894735527, "loss_main": 2.683959424495697, "loss_total": 2.683959424495697}
{"event": "update", "optimizer_step": 6820, "tokens_seen": 223477760, "lr": 0.00027684652335896454, "grad_norm": 0.5727113485336304, "elapsed_seconds": 3699.8315836659976, "tokens_per_second": 60402.14397504166, "loss_main": 2.6487884521484375, "loss_total": 2.6487884521484375}
{"event": "update", "optimizer_step": 6830, "tokens_seen": 223805440, "lr": 0.00027676979715450685, "grad_norm": 0.6446139216423035, "elapsed_seconds": 3705.1027147019972, "tokens_per_second": 60404.65197143684, "loss_main": 2.70513916015625, "loss_total": 2.70513916015625}
{"event": "update", "optimizer_step": 6840, "tokens_seen": 224133120, "lr": 0.00027669295599781405, "grad_norm": 0.6390100717544556, "elapsed_seconds": 3710.3681229829976, "tokens_per_second": 60407.24601196857, "loss_main": 2.5260302424430847, "loss_total": 2.5260302424430847}
{"event": "update", "optimizer_step": 6850, "tokens_seen": 224460800, "lr": 0.00027661599996791513, "grad_norm": 0.6065147519111633, "elapsed_seconds": 3715.621209986997, "tokens_per_second": 60410.03302400287, "loss_main": 2.80483216047287, "loss_total": 2.80483216047287}
{"event": "update", "optimizer_step": 6860, "tokens_seen": 224788480, "lr": 0.0002765389291439574, "grad_norm": 0.5995196104049683, "elapsed_seconds": 3720.8817368689975, "tokens_per_second": 60412.691371683395, "loss_main": 2.6246461868286133, "loss_total": 2.6246461868286133}
{"event": "update", "optimizer_step": 6870, "tokens_seen": 225116160, "lr": 0.00027646174360520615, "grad_norm": 0.5582088232040405, "elapsed_seconds": 3726.1289435979975, "tokens_per_second": 60415.558185870235, "loss_main": 2.7147216796875, "loss_total": 2.7147216796875}
{"event": "update", "optimizer_step": 6880, "tokens_seen": 225443840, "lr": 0.00027638444343104456, "grad_norm": 0.5646878480911255, "elapsed_seconds": 3731.3851875769974, "tokens_per_second": 60418.27060646977, "loss_main": 2.64612740278244, "loss_total": 2.64612740278244}
{"event": "update", "optimizer_step": 6890, "tokens_seen": 225771520, "lr": 0.0002763070287009737, "grad_norm": 0.6181530356407166, "elapsed_seconds": 3736.6466325779975, "tokens_per_second": 60420.89129638547, "loss_main": 2.5057626366615295, "loss_total": 2.5057626366615295}
{"event": "update", "optimizer_step": 6900, "tokens_seen": 226099200, "lr": 0.0002762294994946128, "grad_norm": 0.5523333549499512, "elapsed_seconds": 3741.9119434709974, "tokens_per_second": 60423.442190964655, "loss_main": 2.5318639278411865, "loss_total": 2.5318639278411865}
{"event": "update", "optimizer_step": 6910, "tokens_seen": 226426880, "lr": 0.0002761518558916984, "grad_norm": 0.5807206630706787, "elapsed_seconds": 3747.1727073039974, "tokens_per_second": 60426.059241584524, "loss_main": 2.775957942008972, "loss_total": 2.775957942008972}
{"event": "update", "optimizer_step": 6920, "tokens_seen": 226754560, "lr": 0.00027607409797208483, "grad_norm": 0.5622461438179016, "elapsed_seconds": 3752.4221537479975, "tokens_per_second": 60428.85120841556, "loss_main": 2.571624994277954, "loss_total": 2.571624994277954}
{"event": "update", "optimizer_step": 6930, "tokens_seen": 227082240, "lr": 0.00027599622581574407, "grad_norm": 0.5997609496116638, "elapsed_seconds": 3757.6769490869974, "tokens_per_second": 60431.54935263239, "loss_main": 2.7608925104141235, "loss_total": 2.7608925104141235}
{"event": "update", "optimizer_step": 6940, "tokens_seen": 227409920, "lr": 0.0002759182395027656, "grad_norm": 0.6113356351852417, "elapsed_seconds": 3762.9419591299975, "tokens_per_second": 60434.07590920637, "loss_main": 2.6045119762420654, "loss_total": 2.6045119762420654}
{"event": "update", "optimizer_step": 6950, "tokens_seen": 227737600, "lr": 0.0002758401391133561, "grad_norm": 0.6201773881912231, "elapsed_seconds": 3768.1994439009973, "tokens_per_second": 60436.716100206344, "loss_main": 2.5857383012771606, "loss_total": 2.5857383012771606}
{"event": "update", "optimizer_step": 6960, "tokens_seen": 228065280, "lr": 0.0002757619247278399, "grad_norm": 0.5876799821853638, "elapsed_seconds": 3773.4592307769976, "tokens_per_second": 60439.31206142614, "loss_main": 2.6183992624282837, "loss_total": 2.6183992624282837}
{"event": "update", "optimizer_step": 6970, "tokens_seen": 228392960, "lr": 0.00027568359642665826, "grad_norm": 0.5820598006248474, "elapsed_seconds": 3778.7164932949972, "tokens_per_second": 60441.941173746, "loss_main": 2.6010513305664062, "loss_total": 2.6010513305664062}
{"event": "update", "optimizer_step": 6980, "tokens_seen": 228720640, "lr": 0.0002756051542903698, "grad_norm": 0.6090365648269653, "elapsed_seconds": 3783.9778195129975, "tokens_per_second": 60444.49806775998, "loss_main": 2.63868248462677, "loss_total": 2.63868248462677}
{"event": "update", "optimizer_step": 6990, "tokens_seen": 229048320, "lr": 0.00027552659839965015, "grad_norm": 0.5761145949363708, "elapsed_seconds": 3789.2287136369973, "tokens_per_second": 60447.214277586754, "loss_main": 2.7237818837165833, "loss_total": 2.7237818837165833}
{"event": "update", "optimizer_step": 7000, "tokens_seen": 229376000, "lr": 0.00027544792883529184, "grad_norm": 0.6274620890617371, "elapsed_seconds": 3794.4884117519973, "tokens_per_second": 60449.78271368396, "loss_main": 2.570954740047455, "loss_total": 2.570954740047455}
{"event": "update", "optimizer_step": 7010, "tokens_seen": 229703680, "lr": 0.00027536914567820455, "grad_norm": 0.5637513995170593, "elapsed_seconds": 3799.7581094699976, "tokens_per_second": 60452.18495027827, "loss_main": 2.6288519501686096, "loss_total": 2.6288519501686096}
{"event": "update", "optimizer_step": 7020, "tokens_seen": 230031360, "lr": 0.0002752902490094146, "grad_norm": 0.6459332704544067, "elapsed_seconds": 3805.0161319139975, "tokens_per_second": 60454.766031251944, "loss_main": 2.7332041263580322, "loss_total": 2.7332041263580322}
{"event": "update", "optimizer_step": 7030, "tokens_seen": 230359040, "lr": 0.00027521123891006505, "grad_norm": 0.6244387626647949, "elapsed_seconds": 3810.2823885439975, "tokens_per_second": 60457.20933771154, "loss_main": 2.6827104091644287, "loss_total": 2.6827104091644287}
{"event": "update", "optimizer_step": 7040, "tokens_seen": 230686720, "lr": 0.0002751321154614157, "grad_norm": 0.6440746784210205, "elapsed_seconds": 3815.5425899959973, "tokens_per_second": 60459.74184768358, "loss_main": 2.614513576030731, "loss_total": 2.614513576030731}
{"event": "update", "optimizer_step": 7050, "tokens_seen": 231014400, "lr": 0.00027505287874484286, "grad_norm": 0.5998553037643433, "elapsed_seconds": 3820.8029129869974, "tokens_per_second": 60462.26546121411, "loss_main": 2.7532580494880676, "loss_total": 2.7532580494880676}
{"event": "update", "optimizer_step": 7060, "tokens_seen": 231342080, "lr": 0.0002749735288418393, "grad_norm": 0.5732932686805725, "elapsed_seconds": 3826.0560979079974, "tokens_per_second": 60464.894941423554, "loss_main": 2.6800663471221924, "loss_total": 2.6800663471221924}
{"event": "update", "optimizer_step": 7070, "tokens_seen": 231669760, "lr": 0.0002748940658340145, "grad_norm": 0.5489023327827454, "elapsed_seconds": 3831.3202393109973, "tokens_per_second": 60467.344291131914, "loss_main": 2.66850608587265, "loss_total": 2.66850608587265}
{"event": "update", "optimizer_step": 7080, "tokens_seen": 231997440, "lr": 0.0002748144898030939, "grad_norm": 0.5720100402832031, "elapsed_seconds": 3836.5794802699975, "tokens_per_second": 60469.86415714064, "loss_main": 2.7294432520866394, "loss_total": 2.7294432520866394}
{"event": "update", "optimizer_step": 7090, "tokens_seen": 232325120, "lr": 0.00027473480083091905, "grad_norm": 0.5712476372718811, "elapsed_seconds": 3841.8278803869975, "tokens_per_second": 60472.54776458056, "loss_main": 2.5819653272628784, "loss_total": 2.5819653272628784}
{"event": "update", "optimizer_step": 7100, "tokens_seen": 232652800, "lr": 0.0002746549989994483, "grad_norm": 0.5970678329467773, "elapsed_seconds": 3847.0848613469975, "tokens_per_second": 60475.08916102781, "loss_main": 2.5057337284088135, "loss_total": 2.5057337284088135}
{"event": "update", "optimizer_step": 7110, "tokens_seen": 232980480, "lr": 0.00027457508439075555, "grad_norm": 0.5655322670936584, "elapsed_seconds": 3852.3288786089975, "tokens_per_second": 60477.82713819719, "loss_main": 2.6819978952407837, "loss_total": 2.6819978952407837}
{"event": "update", "optimizer_step": 7120, "tokens_seen": 233308160, "lr": 0.0002744950570870309, "grad_norm": 0.5729734897613525, "elapsed_seconds": 3857.5949557739973, "tokens_per_second": 60480.211809378125, "loss_main": 2.656214475631714, "loss_total": 2.656214475631714}
{"event": "update", "optimizer_step": 7130, "tokens_seen": 233635840, "lr": 0.0002744149171705802, "grad_norm": 0.623682975769043, "elapsed_seconds": 3862.8407507849975, "tokens_per_second": 60482.90754738493, "loss_main": 2.7149967551231384, "loss_total": 2.7149967551231384}
{"event": "update", "optimizer_step": 7140, "tokens_seen": 233963520, "lr": 0.00027433466472382513, "grad_norm": 0.6141183972358704, "elapsed_seconds": 3868.0867207789975, "tokens_per_second": 60485.593237393055, "loss_main": 2.845139741897583, "loss_total": 2.845139741897583}
{"event": "update", "optimizer_step": 7150, "tokens_seen": 234291200, "lr": 0.00027425429982930324, "grad_norm": 0.6032789945602417, "elapsed_seconds": 3873.3436971909973, "tokens_per_second": 60488.09977020919, "loss_main": 2.528249680995941, "loss_total": 2.528249680995941}
{"event": "update", "optimizer_step": 7160, "tokens_seen": 234618880, "lr": 0.0002741738225696677, "grad_norm": 0.5618752837181091, "elapsed_seconds": 3878.5940442069973, "tokens_per_second": 60490.70290055821, "loss_main": 2.560683012008667, "loss_total": 2.560683012008667}
{"event": "update", "optimizer_step": 7170, "tokens_seen": 234946560, "lr": 0.0002740932330276873, "grad_norm": 0.8608599901199341, "elapsed_seconds": 3883.8359867289973, "tokens_per_second": 60493.429898381, "loss_main": 2.4625797271728516, "loss_total": 2.4625797271728516}
{"event": "update", "optimizer_step": 7180, "tokens_seen": 235274240, "lr": 0.000274012531286246, "grad_norm": 0.618914783000946, "elapsed_seconds": 3889.0796570279977, "tokens_per_second": 60496.12266872276, "loss_main": 2.6043352484703064, "loss_total": 2.6043352484703064}
{"event": "update", "optimizer_step": 7190, "tokens_seen": 235601920, "lr": 0.00027393171742834356, "grad_norm": 0.5692338943481445, "elapsed_seconds": 3894.3222627469972, "tokens_per_second": 60498.824725874096, "loss_main": 2.7540950179100037, "loss_total": 2.7540950179100037}
{"event": "update", "optimizer_step": 7200, "tokens_seen": 235929600, "lr": 0.00027385079153709473, "grad_norm": 0.5840579271316528, "elapsed_seconds": 3899.5795107139975, "tokens_per_second": 60501.2923449283, "loss_main": 2.608648955821991, "loss_total": 2.608648955821991}
{"event": "update", "optimizer_step": 7210, "tokens_seen": 236257280, "lr": 0.00027376975369572973, "grad_norm": 0.5668140649795532, "elapsed_seconds": 3904.8386868899975, "tokens_per_second": 60503.72344271326, "loss_main": 2.646913707256317, "loss_total": 2.646913707256317}
{"event": "update", "optimizer_step": 7220, "tokens_seen": 236584960, "lr": 0.00027368860398759373, "grad_norm": 0.5649394989013672, "elapsed_seconds": 3910.0843614859973, "tokens_per_second": 60506.356929365, "loss_main": 2.676062762737274, "loss_total": 2.676062762737274}
{"event": "update", "optimizer_step": 7230, "tokens_seen": 236912640, "lr": 0.00027360734249614704, "grad_norm": 0.5828726887702942, "elapsed_seconds": 3915.3407193839976, "tokens_per_second": 60508.81825612193, "loss_main": 2.6967554688453674, "loss_total": 2.6967554688453674}
{"event": "update", "optimizer_step": 7240, "tokens_seen": 237240320, "lr": 0.0002735259693049649, "grad_norm": 0.6364086270332336, "elapsed_seconds": 3920.5887818929978, "tokens_per_second": 60511.40101601068, "loss_main": 2.6324374675750732, "loss_total": 2.6324374675750732}
{"event": "update", "optimizer_step": 7250, "tokens_seen": 237568000, "lr": 0.0002734444844977376, "grad_norm": 0.6120787858963013, "elapsed_seconds": 3925.839396178997, "tokens_per_second": 60513.937536829435, "loss_main": 2.706383168697357, "loss_total": 2.706383168697357}
{"event": "update", "optimizer_step": 7260, "tokens_seen": 237895680, "lr": 0.0002733628881582699, "grad_norm": 0.5857720971107483, "elapsed_seconds": 3931.0861582949974, "tokens_per_second": 60516.52658337584, "loss_main": 2.861078143119812, "loss_total": 2.861078143119812}
{"event": "update", "optimizer_step": 7270, "tokens_seen": 238223360, "lr": 0.00027328118037048146, "grad_norm": 0.6604218482971191, "elapsed_seconds": 3936.3274845339974, "tokens_per_second": 60519.19230195912, "loss_main": 2.65340518951416, "loss_total": 2.65340518951416}
{"event": "update", "optimizer_step": 7280, "tokens_seen": 238551040, "lr": 0.0002731993612184066, "grad_norm": 0.6564934253692627, "elapsed_seconds": 3941.582288081998, "tokens_per_second": 60521.64399086557, "loss_main": 2.6443679332733154, "loss_total": 2.6443679332733154}
{"event": "update", "optimizer_step": 7290, "tokens_seen": 238878720, "lr": 0.00027311743078619406, "grad_norm": 0.6126207709312439, "elapsed_seconds": 3946.838715777997, "tokens_per_second": 60524.064245405185, "loss_main": 2.513575255870819, "loss_total": 2.513575255870819}
{"event": "update", "optimizer_step": 7300, "tokens_seen": 239206400, "lr": 0.00027303538915810725, "grad_norm": 0.579727292060852, "elapsed_seconds": 3952.0929135239976, "tokens_per_second": 60526.512213677874, "loss_main": 2.746972143650055, "loss_total": 2.746972143650055}
{"event": "update", "optimizer_step": 7310, "tokens_seen": 239534080, "lr": 0.0002729532364185236, "grad_norm": 0.5958433151245117, "elapsed_seconds": 3957.3675078049973, "tokens_per_second": 60528.64171133313, "loss_main": 2.6378531455993652, "loss_total": 2.6378531455993652}
{"event": "update", "optimizer_step": 7320, "tokens_seen": 239861760, "lr": 0.00027287097265193516, "grad_norm": 0.5972398519515991, "elapsed_seconds": 3962.6245206979975, "tokens_per_second": 60531.03410306195, "loss_main": 2.669679045677185, "loss_total": 2.669679045677185}
{"event": "evaluation", "tokens_seen": 240025600, "elapsed_seconds": 3965.252172442997, "parameters": 71199040, "main_loss": 2.725244827568531, "perplexity": 15.260149574861522}
{"event": "update", "optimizer_step": 7330, "tokens_seen": 240189440, "lr": 0.0002727885979429478, "grad_norm": 0.5942493677139282, "elapsed_seconds": 3970.224060485997, "tokens_per_second": 60497.703993713214, "loss_main": 2.8232258558273315, "loss_total": 2.8232258558273315}
{"event": "update", "optimizer_step": 7340, "tokens_seen": 240517120, "lr": 0.00027270611237628184, "grad_norm": 0.6050713062286377, "elapsed_seconds": 3975.4853161939973, "tokens_per_second": 60500.06499087347, "loss_main": 2.651748299598694, "loss_total": 2.651748299598694}
{"event": "update", "optimizer_step": 7350, "tokens_seen": 240844800, "lr": 0.0002726235160367714, "grad_norm": 0.5912395715713501, "elapsed_seconds": 3980.7494242859975, "tokens_per_second": 60502.37639441444, "loss_main": 2.548003315925598, "loss_total": 2.548003315925598}
{"event": "update", "optimizer_step": 7360, "tokens_seen": 241172480, "lr": 0.00027254080900936475, "grad_norm": 0.5758058428764343, "elapsed_seconds": 3986.013581045998, "tokens_per_second": 60504.68095412566, "loss_main": 2.5311200618743896, "loss_total": 2.5311200618743896}
{"event": "update", "optimizer_step": 7370, "tokens_seen": 241500160, "lr": 0.00027245799137912363, "grad_norm": 0.6392439603805542, "elapsed_seconds": 3991.279297795997, "tokens_per_second": 60506.9557856694, "loss_main": 2.764792501926422, "loss_total": 2.764792501926422}
{"event": "update", "optimizer_step": 7380, "tokens_seen": 241827840, "lr": 0.0002723750632312239, "grad_norm": 0.5879558324813843, "elapsed_seconds": 3996.5385034759975, "tokens_per_second": 60509.32320298422, "loss_main": 2.6518399119377136, "loss_total": 2.6518399119377136}
{"event": "update", "optimizer_step": 7390, "tokens_seen": 242155520, "lr": 0.0002722920246509548, "grad_norm": 0.5792948603630066, "elapsed_seconds": 4001.796368547997, "tokens_per_second": 60511.70466923662, "loss_main": 2.791594982147217, "loss_total": 2.791594982147217}
{"event": "update", "optimizer_step": 7400, "tokens_seen": 242483200, "lr": 0.00027220887572371947, "grad_norm": 0.5815204977989197, "elapsed_seconds": 4007.0645669769974, "tokens_per_second": 60513.923833010194, "loss_main": 2.683588683605194, "loss_total": 2.683588683605194}
{"event": "update", "optimizer_step": 7410, "tokens_seen": 242810880, "lr": 0.00027212561653503425, "grad_norm": 0.553907573223114, "elapsed_seconds": 4012.3252014329973, "tokens_per_second": 60516.2512533332, "loss_main": 2.5511924028396606, "loss_total": 2.5511924028396606}
{"event": "update", "optimizer_step": 7420, "tokens_seen": 243138560, "lr": 0.0002720422471705289, "grad_norm": 0.7177128195762634, "elapsed_seconds": 4017.590773228997, "tokens_per_second": 60518.498205477, "loss_main": 2.505478262901306, "loss_total": 2.505478262901306}
{"event": "update", "optimizer_step": 7430, "tokens_seen": 243466240, "lr": 0.0002719587677159467, "grad_norm": 0.6151015758514404, "elapsed_seconds": 4022.8588472759975, "tokens_per_second": 60520.70163109465, "loss_main": 2.9403454065322876, "loss_total": 2.9403454065322876}
{"event": "update", "optimizer_step": 7440, "tokens_seen": 243793920, "lr": 0.00027187517825714394, "grad_norm": 0.5771308541297913, "elapsed_seconds": 4028.123085082997, "tokens_per_second": 60522.95693317345, "loss_main": 2.597442388534546, "loss_total": 2.597442388534546}
{"event": "update", "optimizer_step": 7450, "tokens_seen": 244121600, "lr": 0.00027179147888009016, "grad_norm": 0.5856813192367554, "elapsed_seconds": 4033.3888859009976, "tokens_per_second": 60525.182893557496, "loss_main": 2.8584591150283813, "loss_total": 2.8584591150283813}
{"event": "update", "optimizer_step": 7460, "tokens_seen": 244449280, "lr": 0.00027170766967086796, "grad_norm": 0.6263677477836609, "elapsed_seconds": 4038.6536480999976, "tokens_per_second": 60527.41861511255, "loss_main": 2.8528684973716736, "loss_total": 2.8528684973716736}
{"event": "update", "optimizer_step": 7470, "tokens_seen": 244776960, "lr": 0.0002716237507156728, "grad_norm": 0.584367573261261, "elapsed_seconds": 4043.9172638879973, "tokens_per_second": 60529.66567487606, "loss_main": 2.497283160686493, "loss_total": 2.497283160686493}
{"event": "update", "optimizer_step": 7480, "tokens_seen": 245104640, "lr": 0.0002715397221008132, "grad_norm": 0.6100598573684692, "elapsed_seconds": 4049.174624864997, "tokens_per_second": 60532.000397036965, "loss_main": 2.6795841455459595, "loss_total": 2.6795841455459595}
{"event": "update", "optimizer_step": 7490, "tokens_seen": 245432320, "lr": 0.00027145558391271016, "grad_norm": 0.6146093606948853, "elapsed_seconds": 4054.445266462997, "tokens_per_second": 60534.13077989567, "loss_main": 2.563007116317749, "loss_total": 2.563007116317749}
{"event": "update", "optimizer_step": 7500, "tokens_seen": 245760000, "lr": 0.0002713713362378976, "grad_norm": 0.6257944703102112, "elapsed_seconds": 4059.7009626479976, "tokens_per_second": 60536.47848971111, "loss_main": 2.8812480568885803, "loss_total": 2.8812480568885803}
{"event": "update", "optimizer_step": 7510, "tokens_seen": 246087680, "lr": 0.00027128697916302196, "grad_norm": 0.5943792462348938, "elapsed_seconds": 4064.9652118979975, "tokens_per_second": 60538.69274937724, "loss_main": 2.861552596092224, "loss_total": 2.861552596092224}
{"event": "update", "optimizer_step": 7520, "tokens_seen": 246415360, "lr": 0.0002712025127748424, "grad_norm": 0.6310567855834961, "elapsed_seconds": 4070.2286671309976, "tokens_per_second": 60540.91309166962, "loss_main": 2.6869922876358032, "loss_total": 2.6869922876358032}
{"event": "update", "optimizer_step": 7530, "tokens_seen": 246743040, "lr": 0.00027111793716023014, "grad_norm": 0.6383328437805176, "elapsed_seconds": 4075.4969589219972, "tokens_per_second": 60543.0558498725, "loss_main": 2.6369675397872925, "loss_total": 2.6369675397872925}
{"event": "update", "optimizer_step": 7540, "tokens_seen": 247070720, "lr": 0.00027103325240616905, "grad_norm": 0.6004056334495544, "elapsed_seconds": 4080.7726082319978, "tokens_per_second": 60545.08391415709, "loss_main": 2.6990591287612915, "loss_total": 2.6990591287612915}
{"event": "update", "optimizer_step": 7550, "tokens_seen": 247398400, "lr": 0.0002709484585997551, "grad_norm": 0.6392073631286621, "elapsed_seconds": 4086.0414703989973, "tokens_per_second": 60547.20731354737, "loss_main": 2.7306500673294067, "loss_total": 2.7306500673294067}
{"event": "update", "optimizer_step": 7560, "tokens_seen": 247726080, "lr": 0.0002708635558281964, "grad_norm": 0.5847325921058655, "elapsed_seconds": 4091.3103822369976, "tokens_per_second": 60549.32450872899, "loss_main": 2.6534220576286316, "loss_total": 2.6534220576286316}
{"event": "update", "optimizer_step": 7570, "tokens_seen": 248053760, "lr": 0.0002707785441788131, "grad_norm": 0.582484245300293, "elapsed_seconds": 4096.574004768998, "tokens_per_second": 60551.51443895068, "loss_main": 2.5978742241859436, "loss_total": 2.5978742241859436}
{"event": "update", "optimizer_step": 7580, "tokens_seen": 248381440, "lr": 0.0002706934237390376, "grad_norm": 0.6185829639434814, "elapsed_seconds": 4101.835439459997, "tokens_per_second": 60553.73104697227, "loss_main": 2.521751582622528, "loss_total": 2.521751582622528}
{"event": "update", "optimizer_step": 7590, "tokens_seen": 248709120, "lr": 0.00027060819459641383, "grad_norm": 0.6117005348205566, "elapsed_seconds": 4107.092428187997, "tokens_per_second": 60556.00752811099, "loss_main": 2.4329288601875305, "loss_total": 2.4329288601875305}
{"event": "update", "optimizer_step": 7600, "tokens_seen": 249036800, "lr": 0.0002705228568385977, "grad_norm": 0.6173911094665527, "elapsed_seconds": 4112.355007262998, "tokens_per_second": 60558.19586591283, "loss_main": 2.621866524219513, "loss_total": 2.621866524219513}
{"event": "update", "optimizer_step": 7610, "tokens_seen": 249364480, "lr": 0.00027043741055335694, "grad_norm": 0.5517642498016357, "elapsed_seconds": 4117.636342049997, "tokens_per_second": 60560.102759305824, "loss_main": 2.6007421612739563, "loss_total": 2.6007421612739563}
{"event": "update", "optimizer_step": 7620, "tokens_seen": 249692160, "lr": 0.0002703518558285705, "grad_norm": 0.5712683200836182, "elapsed_seconds": 4122.897371159997, "tokens_per_second": 60562.30304121004, "loss_main": 2.786548137664795, "loss_total": 2.786548137664795}
{"event": "update", "optimizer_step": 7630, "tokens_seen": 250019840, "lr": 0.00027026619275222934, "grad_norm": 0.5606876015663147, "elapsed_seconds": 4128.150881005998, "tokens_per_second": 60564.608030768526, "loss_main": 2.38872629404068, "loss_total": 2.38872629404068}
{"event": "update", "optimizer_step": 7640, "tokens_seen": 250347520, "lr": 0.00027018042141243556, "grad_norm": 0.6385197639465332, "elapsed_seconds": 4133.4181238309975, "tokens_per_second": 60566.705931982775, "loss_main": 2.51168555021286, "loss_total": 2.51168555021286}
{"event": "update", "optimizer_step": 7650, "tokens_seen": 250675200, "lr": 0.0002700945418974026, "grad_norm": 0.5841066837310791, "elapsed_seconds": 4138.685269976997, "tokens_per_second": 60568.79990813925, "loss_main": 2.6361952424049377, "loss_total": 2.6361952424049377}
{"event": "update", "optimizer_step": 7660, "tokens_seen": 251002880, "lr": 0.0002700085542954554, "grad_norm": 0.5956699252128601, "elapsed_seconds": 4143.938066704997, "tokens_per_second": 60571.09830301637, "loss_main": 2.540924847126007, "loss_total": 2.540924847126007}
{"event": "update", "optimizer_step": 7670, "tokens_seen": 251330560, "lr": 0.0002699224586950298, "grad_norm": 0.6057785153388977, "elapsed_seconds": 4149.207029775997, "tokens_per_second": 60573.15486944226, "loss_main": 2.7960160970687866, "loss_total": 2.7960160970687866}
{"event": "update", "optimizer_step": 7680, "tokens_seen": 251658240, "lr": 0.00026983625518467273, "grad_norm": 0.6057526469230652, "elapsed_seconds": 4154.4799207709975, "tokens_per_second": 60575.148947475645, "loss_main": 2.714391767978668, "loss_total": 2.714391767978668}
{"event": "update", "optimizer_step": 7690, "tokens_seen": 251985920, "lr": 0.0002697499438530424, "grad_norm": 0.5759264230728149, "elapsed_seconds": 4159.7358971509975, "tokens_per_second": 60577.38429321561, "loss_main": 2.6927709579467773, "loss_total": 2.6927709579467773}
{"event": "update", "optimizer_step": 7700, "tokens_seen": 252313600, "lr": 0.0002696635247889075, "grad_norm": 0.6686009168624878, "elapsed_seconds": 4165.008259140997, "tokens_per_second": 60579.37567020283, "loss_main": 2.6449254155158997, "loss_total": 2.6449254155158997}
{"event": "update", "optimizer_step": 7710, "tokens_seen": 252641280, "lr": 0.0002695769980811478, "grad_norm": 0.6126537322998047, "elapsed_seconds": 4170.278281797998, "tokens_per_second": 60581.395995251136, "loss_main": 2.825653314590454, "loss_total": 2.825653314590454}
{"event": "update", "optimizer_step": 7720, "tokens_seen": 252968960, "lr": 0.0002694903638187537, "grad_norm": 0.5661078095436096, "elapsed_seconds": 4175.536062226997, "tokens_per_second": 60583.58884465735, "loss_main": 2.7020962238311768, "loss_total": 2.7020962238311768}
{"event": "update", "optimizer_step": 7730, "tokens_seen": 253296640, "lr": 0.0002694036220908262, "grad_norm": 0.618973970413208, "elapsed_seconds": 4180.811610397997, "tokens_per_second": 60585.51869929559, "loss_main": 2.6747967004776, "loss_total": 2.6747967004776}
{"event": "update", "optimizer_step": 7740, "tokens_seen": 253624320, "lr": 0.00026931677298657684, "grad_norm": 0.6832279562950134, "elapsed_seconds": 4186.077412170997, "tokens_per_second": 60587.58475478467, "loss_main": 2.5796439051628113, "loss_total": 2.5796439051628113}
{"event": "update", "optimizer_step": 7750, "tokens_seen": 253952000, "lr": 0.00026922981659532755, "grad_norm": 0.5762910842895508, "elapsed_seconds": 4191.350434850998, "tokens_per_second": 60589.54123434634, "loss_main": 2.655476212501526, "loss_total": 2.655476212501526}
{"event": "update", "optimizer_step": 7760, "tokens_seen": 254279680, "lr": 0.00026914275300651076, "grad_norm": 0.6070548295974731, "elapsed_seconds": 4196.6173077509975, "tokens_per_second": 60591.58158890371, "loss_main": 2.436196506023407, "loss_total": 2.436196506023407}
{"event": "update", "optimizer_step": 7770, "tokens_seen": 254607360, "lr": 0.00026905558230966894, "grad_norm": 0.5620755553245544, "elapsed_seconds": 4201.8783940899975, "tokens_per_second": 60593.70027416998, "loss_main": 2.4511359333992004, "loss_total": 2.4511359333992004}
{"event": "update", "optimizer_step": 7780, "tokens_seen": 254935040, "lr": 0.00026896830459445476, "grad_norm": 0.5941962599754333, "elapsed_seconds": 4207.145776440997, "tokens_per_second": 60595.72297864619, "loss_main": 2.6140071153640747, "loss_total": 2.6140071153640747}
{"event": "update", "optimizer_step": 7790, "tokens_seen": 255262720, "lr": 0.00026888091995063107, "grad_norm": 0.5727115273475647, "elapsed_seconds": 4212.407050287998, "tokens_per_second": 60597.82849868413, "loss_main": 2.7117342352867126, "loss_total": 2.7117342352867126}
{"event": "update", "optimizer_step": 7800, "tokens_seen": 255590400, "lr": 0.00026879342846807073, "grad_norm": 0.600580632686615, "elapsed_seconds": 4217.671238661997, "tokens_per_second": 60599.886889496585, "loss_main": 2.722863733768463, "loss_total": 2.722863733768463}
{"event": "update", "optimizer_step": 7810, "tokens_seen": 255918080, "lr": 0.00026870583023675624, "grad_norm": 0.6155508756637573, "elapsed_seconds": 4222.930195194997, "tokens_per_second": 60602.01522895, "loss_main": 2.478372097015381, "loss_total": 2.478372097015381}
{"event": "update", "optimizer_step": 7820, "tokens_seen": 256245760, "lr": 0.00026861812534678003, "grad_norm": 0.6617407202720642, "elapsed_seconds": 4228.201816463998, "tokens_per_second": 60603.95674639195, "loss_main": 2.5115122199058533, "loss_total": 2.5115122199058533}
{"event": "update", "optimizer_step": 7830, "tokens_seen": 256573440, "lr": 0.00026853031388834436, "grad_norm": 0.6707046627998352, "elapsed_seconds": 4233.469623212997, "tokens_per_second": 60605.94803684294, "loss_main": 2.85075706243515, "loss_total": 2.85075706243515}
{"event": "update", "optimizer_step": 7840, "tokens_seen": 256901120, "lr": 0.0002684423959517608, "grad_norm": 0.5984419584274292, "elapsed_seconds": 4238.726934115997, "tokens_per_second": 60608.08445391817, "loss_main": 2.6046591997146606, "loss_total": 2.6046591997146606}
{"event": "update", "optimizer_step": 7850, "tokens_seen": 257228800, "lr": 0.00026835437162745065, "grad_norm": 0.6065411567687988, "elapsed_seconds": 4243.991741162998, "tokens_per_second": 60610.10852238619, "loss_main": 2.458828091621399, "loss_total": 2.458828091621399}
{"event": "update", "optimizer_step": 7860, "tokens_seen": 257556480, "lr": 0.00026826624100594455, "grad_norm": 0.5860093832015991, "elapsed_seconds": 4249.255491332998, "tokens_per_second": 60612.14265071271, "loss_main": 2.6925804018974304, "loss_total": 2.6925804018974304}
{"event": "update", "optimizer_step": 7870, "tokens_seen": 257884160, "lr": 0.00026817800417788253, "grad_norm": 0.6112415790557861, "elapsed_seconds": 4254.518865636997, "tokens_per_second": 60614.1771007023, "loss_main": 2.4052513241767883, "loss_total": 2.4052513241767883}
{"event": "update", "optimizer_step": 7880, "tokens_seen": 258211840, "lr": 0.0002680896612340137, "grad_norm": 0.5649659037590027, "elapsed_seconds": 4259.788138126997, "tokens_per_second": 60616.12259278561, "loss_main": 2.7118260860443115, "loss_total": 2.7118260860443115}
{"event": "update", "optimizer_step": 7890, "tokens_seen": 258539520, "lr": 0.00026800121226519655, "grad_norm": 0.5588217973709106, "elapsed_seconds": 4265.063329003998, "tokens_per_second": 60617.97916149012, "loss_main": 2.6395979523658752, "loss_total": 2.6395979523658752}
{"event": "update", "optimizer_step": 7900, "tokens_seen": 258867200, "lr": 0.0002679126573623984, "grad_norm": 0.5830297470092773, "elapsed_seconds": 4270.326025513998, "tokens_per_second": 60620.008508329636, "loss_main": 2.6935995221138, "loss_total": 2.6935995221138}
{"event": "update", "optimizer_step": 7910, "tokens_seen": 259194880, "lr": 0.00026782399661669546, "grad_norm": 0.5740299224853516, "elapsed_seconds": 4275.584992988997, "tokens_per_second": 60622.08573213294, "loss_main": 2.65584796667099, "loss_total": 2.65584796667099}
{"event": "update", "optimizer_step": 7920, "tokens_seen": 259522560, "lr": 0.00026773523011927315, "grad_norm": 0.5800743103027344, "elapsed_seconds": 4280.8343982319975, "tokens_per_second": 60624.29327029887, "loss_main": 2.583029329776764, "loss_total": 2.583029329776764}
{"event": "update", "optimizer_step": 7930, "tokens_seen": 259850240, "lr": 0.0002676463579614252, "grad_norm": 0.6005707383155823, "elapsed_seconds": 4286.088219632998, "tokens_per_second": 60626.432934749544, "loss_main": 2.639452576637268, "loss_total": 2.639452576637268}
{"event": "update", "optimizer_step": 7940, "tokens_seen": 260177920, "lr": 0.0002675573802345545, "grad_norm": 0.5876237154006958, "elapsed_seconds": 4291.338916130998, "tokens_per_second": 60628.61150910267, "loss_main": 2.516677439212799, "loss_total": 2.516677439212799}
{"event": "update", "optimizer_step": 7950, "tokens_seen": 260505600, "lr": 0.00026746829703017203, "grad_norm": 0.634304404258728, "elapsed_seconds": 4296.592284559997, "tokens_per_second": 60630.74705415706, "loss_main": 2.7569918632507324, "loss_total": 2.7569918632507324}
{"event": "update", "optimizer_step": 7960, "tokens_seen": 260833280, "lr": 0.00026737910843989757, "grad_norm": 0.6379317045211792, "elapsed_seconds": 4301.835870725998, "tokens_per_second": 60633.01526098916, "loss_main": 2.4637157320976257, "loss_total": 2.4637157320976257}
{"event": "update", "optimizer_step": 7970, "tokens_seen": 261160960, "lr": 0.0002672898145554592, "grad_norm": 0.5934287905693054, "elapsed_seconds": 4307.088992234997, "tokens_per_second": 60635.14370630188, "loss_main": 2.4907954931259155, "loss_total": 2.4907954931259155}
{"event": "update", "optimizer_step": 7980, "tokens_seen": 261488640, "lr": 0.00026720041546869324, "grad_norm": 0.6248586177825928, "elapsed_seconds": 4312.339843196997, "tokens_per_second": 60637.298892970066, "loss_main": 2.777474343776703, "loss_total": 2.777474343776703}
{"event": "update", "optimizer_step": 7990, "tokens_seen": 261816320, "lr": 0.00026711091127154426, "grad_norm": 0.6244686841964722, "elapsed_seconds": 4317.598575496997, "tokens_per_second": 60639.33814640524, "loss_main": 2.6720048785209656, "loss_total": 2.6720048785209656}
{"event": "update", "optimizer_step": 8000, "tokens_seen": 262144000, "lr": 0.00026702130205606494, "grad_norm": 0.6269975304603577, "elapsed_seconds": 4322.853082814998, "tokens_per_second": 60641.43170678715, "loss_main": 2.7154614329338074, "loss_total": 2.7154614329338074}
{"event": "update", "optimizer_step": 8010, "tokens_seen": 262471680, "lr": 0.0002669315879144159, "grad_norm": 0.5649188160896301, "elapsed_seconds": 4328.106880882998, "tokens_per_second": 60643.530121523225, "loss_main": 2.6225594878196716, "loss_total": 2.6225594878196716}
{"event": "update", "optimizer_step": 8020, "tokens_seen": 262799360, "lr": 0.0002668417689388658, "grad_norm": 0.6018301844596863, "elapsed_seconds": 4333.363033826998, "tokens_per_second": 60645.59049139012, "loss_main": 2.7468618154525757, "loss_total": 2.7468618154525757}
{"event": "update", "optimizer_step": 8030, "tokens_seen": 263127040, "lr": 0.00026675184522179107, "grad_norm": 0.5924224853515625, "elapsed_seconds": 4338.606956853998, "tokens_per_second": 60647.81682616352, "loss_main": 2.6097310185432434, "loss_total": 2.6097310185432434}
{"event": "update", "optimizer_step": 8040, "tokens_seen": 263454720, "lr": 0.0002666618168556757, "grad_norm": 0.5938705205917358, "elapsed_seconds": 4343.866981717997, "tokens_per_second": 60649.81296821474, "loss_main": 2.5080511569976807, "loss_total": 2.5080511569976807}
{"event": "update", "optimizer_step": 8050, "tokens_seen": 263782400, "lr": 0.0002665716839331116, "grad_norm": 0.6362489461898804, "elapsed_seconds": 4349.1193916409975, "tokens_per_second": 60651.91047801297, "loss_main": 2.5862134099006653, "loss_total": 2.5862134099006653}
{"event": "update", "optimizer_step": 8060, "tokens_seen": 264110080, "lr": 0.00026648144654679796, "grad_norm": 0.5727594494819641, "elapsed_seconds": 4354.369063148997, "tokens_per_second": 60654.04107225597, "loss_main": 2.498575806617737, "loss_total": 2.498575806617737}
{"event": "update", "optimizer_step": 8070, "tokens_seen": 264437760, "lr": 0.00026639110478954156, "grad_norm": 0.6467195749282837, "elapsed_seconds": 4359.612835201998, "tokens_per_second": 60656.24861565203, "loss_main": 2.821229577064514, "loss_total": 2.821229577064514}
{"event": "update", "optimizer_step": 8080, "tokens_seen": 264765440, "lr": 0.0002663006587542564, "grad_norm": 0.5736947059631348, "elapsed_seconds": 4364.865653883998, "tokens_per_second": 60658.32513410881, "loss_main": 2.391893684864044, "loss_total": 2.391893684864044}
{"event": "update", "optimizer_step": 8090, "tokens_seen": 265093120, "lr": 0.0002662101085339639, "grad_norm": 0.6383352279663086, "elapsed_seconds": 4370.104200293998, "tokens_per_second": 60660.59477075305, "loss_main": 2.6131221652030945, "loss_total": 2.6131221652030945}
{"event": "update", "optimizer_step": 8100, "tokens_seen": 265420800, "lr": 0.00026611945422179244, "grad_norm": 0.614992082118988, "elapsed_seconds": 4375.358976912998, "tokens_per_second": 60662.63394627009, "loss_main": 2.608007848262787, "loss_total": 2.608007848262787}
{"event": "update", "optimizer_step": 8110, "tokens_seen": 265748480, "lr": 0.0002660286959109776, "grad_norm": 0.6162447333335876, "elapsed_seconds": 4380.601911861997, "tokens_per_second": 60664.832218694406, "loss_main": 2.602215588092804, "loss_total": 2.602215588092804}
{"event": "update", "optimizer_step": 8120, "tokens_seen": 266076160, "lr": 0.00026593783369486184, "grad_norm": 0.5931648015975952, "elapsed_seconds": 4385.851652643997, "tokens_per_second": 60666.93109412326, "loss_main": 2.5039177536964417, "loss_total": 2.5039177536964417}
{"event": "update", "optimizer_step": 8130, "tokens_seen": 266403840, "lr": 0.0002658468676668945, "grad_norm": 0.5964418649673462, "elapsed_seconds": 4391.100113757998, "tokens_per_second": 60669.04263132499, "loss_main": 2.7018429040908813, "loss_total": 2.7018429040908813}
{"event": "update", "optimizer_step": 8140, "tokens_seen": 266731520, "lr": 0.0002657557979206318, "grad_norm": 0.6280629634857178, "elapsed_seconds": 4396.351548644998, "tokens_per_second": 60671.108087843764, "loss_main": 2.737954616546631, "loss_total": 2.737954616546631}
{"event": "update", "optimizer_step": 8150, "tokens_seen": 267059200, "lr": 0.00026566462454973635, "grad_norm": 0.6052080392837524, "elapsed_seconds": 4401.598949922997, "tokens_per_second": 60673.22421654795, "loss_main": 2.8012397289276123, "loss_total": 2.8012397289276123}
{"event": "update", "optimizer_step": 8160, "tokens_seen": 267386880, "lr": 0.00026557334764797764, "grad_norm": 0.5908277630805969, "elapsed_seconds": 4406.842089735997, "tokens_per_second": 60675.39397946035, "loss_main": 2.5769529342651367, "loss_total": 2.5769529342651367}
{"event": "update", "optimizer_step": 8170, "tokens_seen": 267714560, "lr": 0.0002654819673092315, "grad_norm": 0.5987371206283569, "elapsed_seconds": 4412.081719081997, "tokens_per_second": 60677.606863479, "loss_main": 2.678162157535553, "loss_total": 2.678162157535553}
{"event": "update", "optimizer_step": 8180, "tokens_seen": 268042240, "lr": 0.00026539048362748014, "grad_norm": 0.6009793877601624, "elapsed_seconds": 4417.327779652997, "tokens_per_second": 60679.726153592346, "loss_main": 2.7549411058425903, "loss_total": 2.7549411058425903}
{"event": "update", "optimizer_step": 8190, "tokens_seen": 268369920, "lr": 0.00026529889669681204, "grad_norm": 0.5840254426002502, "elapsed_seconds": 4422.5755649839975, "tokens_per_second": 60681.81675059091, "loss_main": 2.673010766506195, "loss_total": 2.673010766506195}
{"event": "update", "optimizer_step": 8200, "tokens_seen": 268697600, "lr": 0.0002652072066114219, "grad_norm": 0.6296555995941162, "elapsed_seconds": 4427.823212124998, "tokens_per_second": 60683.90428601752, "loss_main": 2.623125433921814, "loss_total": 2.623125433921814}
{"event": "update", "optimizer_step": 8210, "tokens_seen": 269025280, "lr": 0.0002651154134656106, "grad_norm": 0.5933794975280762, "elapsed_seconds": 4433.084682529998, "tokens_per_second": 60685.797647895386, "loss_main": 2.554833948612213, "loss_total": 2.554833948612213}
{"event": "update", "optimizer_step": 8220, "tokens_seen": 269352960, "lr": 0.00026502351735378484, "grad_norm": 0.6718126535415649, "elapsed_seconds": 4438.336847196997, "tokens_per_second": 60687.813762965765, "loss_main": 2.4928638339042664, "loss_total": 2.4928638339042664}
{"event": "update", "optimizer_step": 8230, "tokens_seen": 269680640, "lr": 0.00026493151837045733, "grad_norm": 0.6342632174491882, "elapsed_seconds": 4443.594115856998, "tokens_per_second": 60689.755402646406, "loss_main": 2.6582103967666626, "loss_total": 2.6582103967666626}
{"event": "update", "optimizer_step": 8240, "tokens_seen": 270008320, "lr": 0.0002648394166102465, "grad_norm": 0.5962821245193481, "elapsed_seconds": 4448.831068437998, "tokens_per_second": 60691.96960872713, "loss_main": 2.6896573901176453, "loss_total": 2.6896573901176453}
{"event": "update", "optimizer_step": 8250, "tokens_seen": 270336000, "lr": 0.00026474721216787666, "grad_norm": 0.5975440144538879, "elapsed_seconds": 4454.085491451998, "tokens_per_second": 60693.94054487996, "loss_main": 2.7130159735679626, "loss_total": 2.7130159735679626}
{"event": "update", "optimizer_step": 8260, "tokens_seen": 270663680, "lr": 0.00026465490513817753, "grad_norm": 0.612456738948822, "elapsed_seconds": 4459.3319101829975, "tokens_per_second": 60696.01578252846, "loss_main": 2.768298864364624, "loss_total": 2.768298864364624}
{"event": "update", "optimizer_step": 8270, "tokens_seen": 270991360, "lr": 0.00026456249561608434, "grad_norm": 0.5819085836410522, "elapsed_seconds": 4464.586868744997, "tokens_per_second": 60697.97003998628, "loss_main": 2.585093080997467, "loss_total": 2.585093080997467}
{"event": "update", "optimizer_step": 8280, "tokens_seen": 271319040, "lr": 0.0002644699836966379, "grad_norm": 0.6160078644752502, "elapsed_seconds": 4469.836326019998, "tokens_per_second": 60699.99440932239, "loss_main": 2.509999930858612, "loss_total": 2.509999930858612}
{"event": "update", "optimizer_step": 8290, "tokens_seen": 271646720, "lr": 0.00026437736947498424, "grad_norm": 0.5870988965034485, "elapsed_seconds": 4475.106519574997, "tokens_per_second": 60701.73275468724, "loss_main": 2.7033376693725586, "loss_total": 2.7033376693725586}
{"event": "update", "optimizer_step": 8300, "tokens_seen": 271974400, "lr": 0.00026428465304637456, "grad_norm": 0.5903416275978088, "elapsed_seconds": 4480.375558304998, "tokens_per_second": 60703.48265690757, "loss_main": 2.499062180519104, "loss_total": 2.499062180519104}
{"event": "update", "optimizer_step": 8310, "tokens_seen": 272302080, "lr": 0.0002641918345061652, "grad_norm": 0.6242312788963318, "elapsed_seconds": 4485.648572304997, "tokens_per_second": 60705.174649933564, "loss_main": 2.56629741191864, "loss_total": 2.56629741191864}
{"event": "update", "optimizer_step": 8320, "tokens_seen": 272629760, "lr": 0.00026409891394981757, "grad_norm": 0.5800279974937439, "elapsed_seconds": 4490.906111914997, "tokens_per_second": 60707.07184830148, "loss_main": 2.496329128742218, "loss_total": 2.496329128742218}
{"event": "update", "optimizer_step": 8330, "tokens_seen": 272957440, "lr": 0.00026400589147289793, "grad_norm": 0.5929042100906372, "elapsed_seconds": 4496.166562460998, "tokens_per_second": 60708.9253051594, "loss_main": 2.717534124851227, "loss_total": 2.717534124851227}
{"event": "update", "optimizer_step": 8340, "tokens_seen": 273285120, "lr": 0.00026391276717107747, "grad_norm": 0.6099842190742493, "elapsed_seconds": 4501.4335266929975, "tokens_per_second": 60710.68658005273, "loss_main": 2.5406553745269775, "loss_total": 2.5406553745269775}
{"event": "update", "optimizer_step": 8350, "tokens_seen": 273612800, "lr": 0.000263819541140132, "grad_norm": 0.5846917629241943, "elapsed_seconds": 4506.692942395997, "tokens_per_second": 60712.545429050886, "loss_main": 2.735149562358856, "loss_total": 2.735149562358856}
{"event": "update", "optimizer_step": 8360, "tokens_seen": 273940480, "lr": 0.00026372621347594194, "grad_norm": 0.5800881385803223, "elapsed_seconds": 4511.948058550997, "tokens_per_second": 60714.457800734395, "loss_main": 2.499533176422119, "loss_total": 2.499533176422119}
{"event": "update", "optimizer_step": 8370, "tokens_seen": 274268160, "lr": 0.0002636327842744923, "grad_norm": 0.6004041433334351, "elapsed_seconds": 4517.211691590997, "tokens_per_second": 60716.251246441054, "loss_main": 2.5394446849823, "loss_total": 2.5394446849823}
{"event": "update", "optimizer_step": 8380, "tokens_seen": 274595840, "lr": 0.00026353925363187264, "grad_norm": 0.631709635257721, "elapsed_seconds": 4522.467223358997, "tokens_per_second": 60718.14928402022, "loss_main": 2.598010778427124, "loss_total": 2.598010778427124}
{"event": "update", "optimizer_step": 8390, "tokens_seen": 274923520, "lr": 0.00026344562164427654, "grad_norm": 0.6300796866416931, "elapsed_seconds": 4527.7434040069975, "tokens_per_second": 60719.76600014392, "loss_main": 2.712375581264496, "loss_total": 2.712375581264496}
{"event": "update", "optimizer_step": 8400, "tokens_seen": 275251200, "lr": 0.0002633518884080021, "grad_norm": 0.628986120223999, "elapsed_seconds": 4533.005391826998, "tokens_per_second": 60721.56907121212, "loss_main": 2.644771933555603, "loss_total": 2.644771933555603}
{"event": "update", "optimizer_step": 8410, "tokens_seen": 275578880, "lr": 0.0002632580540194513, "grad_norm": 0.6035569310188293, "elapsed_seconds": 4538.269920597997, "tokens_per_second": 60723.33396240293, "loss_main": 2.7366268038749695, "loss_total": 2.7366268038749695}
{"event": "update", "optimizer_step": 8420, "tokens_seen": 275906560, "lr": 0.00026316411857513043, "grad_norm": 0.5839252471923828, "elapsed_seconds": 4543.522395891998, "tokens_per_second": 60725.25586084036, "loss_main": 2.546221375465393, "loss_total": 2.546221375465393}
{"event": "update", "optimizer_step": 8430, "tokens_seen": 276234240, "lr": 0.0002630700821716495, "grad_norm": 0.596657931804657, "elapsed_seconds": 4548.792088538998, "tokens_per_second": 60726.943466154815, "loss_main": 2.765104115009308, "loss_total": 2.765104115009308}
{"event": "update", "optimizer_step": 8440, "tokens_seen": 276561920, "lr": 0.0002629759449057225, "grad_norm": 0.5776029229164124, "elapsed_seconds": 4554.046635685997, "tokens_per_second": 60728.8291324975, "loss_main": 2.645577371120453, "loss_total": 2.645577371120453}
{"event": "update", "optimizer_step": 8450, "tokens_seen": 276889600, "lr": 0.000262881706874167, "grad_norm": 0.6346611976623535, "elapsed_seconds": 4559.301401396998, "tokens_per_second": 60730.707541106916, "loss_main": 2.6305981874465942, "loss_total": 2.6305981874465942}
{"event": "update", "optimizer_step": 8460, "tokens_seen": 277217280, "lr": 0.00026278736817390434, "grad_norm": 0.7151160836219788, "elapsed_seconds": 4564.563337635997, "tokens_per_second": 60732.48621927804, "loss_main": 2.5997164249420166, "loss_total": 2.5997164249420166}
{"event": "update", "optimizer_step": 8470, "tokens_seen": 277544960, "lr": 0.0002626929289019593, "grad_norm": 0.6095777153968811, "elapsed_seconds": 4569.8296818149975, "tokens_per_second": 60734.20221861914, "loss_main": 2.560439944267273, "loss_total": 2.560439944267273}
{"event": "update", "optimizer_step": 8480, "tokens_seen": 277872640, "lr": 0.0002625983891554601, "grad_norm": 0.6189377307891846, "elapsed_seconds": 4575.103023009998, "tokens_per_second": 60735.82137986159, "loss_main": 2.600096881389618, "loss_total": 2.600096881389618}
{"event": "update", "optimizer_step": 8490, "tokens_seen": 278200320, "lr": 0.00026250374903163834, "grad_norm": 0.6390602588653564, "elapsed_seconds": 4580.3672535669975, "tokens_per_second": 60737.557623430584, "loss_main": 2.482713460922241, "loss_total": 2.482713460922241}
{"event": "update", "optimizer_step": 8500, "tokens_seen": 278528000, "lr": 0.000262409008627829, "grad_norm": 0.6408376097679138, "elapsed_seconds": 4585.632862711997, "tokens_per_second": 60739.2716204662, "loss_main": 2.6470033526420593, "loss_total": 2.6470033526420593}
{"event": "update", "optimizer_step": 8510, "tokens_seen": 278855680, "lr": 0.0002623141680414699, "grad_norm": 0.6057558655738831, "elapsed_seconds": 4590.901242772998, "tokens_per_second": 60740.94502446006, "loss_main": 2.5309963822364807, "loss_total": 2.5309963822364807}
{"event": "update", "optimizer_step": 8520, "tokens_seen": 279183360, "lr": 0.00026221922737010197, "grad_norm": 0.5940374135971069, "elapsed_seconds": 4596.164423904997, "tokens_per_second": 60742.68330087286, "loss_main": 2.7022642493247986, "loss_total": 2.7022642493247986}
{"event": "update", "optimizer_step": 8530, "tokens_seen": 279511040, "lr": 0.0002621241867113692, "grad_norm": 0.6223289370536804, "elapsed_seconds": 4601.419159442998, "tokens_per_second": 60744.529093027646, "loss_main": 2.6387171149253845, "loss_total": 2.6387171149253845}
{"event": "update", "optimizer_step": 8540, "tokens_seen": 279838720, "lr": 0.0002620290461630186, "grad_norm": 0.5979377031326294, "elapsed_seconds": 4606.677703240997, "tokens_per_second": 60746.32045630658, "loss_main": 2.5720054507255554, "loss_total": 2.5720054507255554}
{"event": "evaluation", "tokens_seen": 280002560, "elapsed_seconds": 4609.305746249997, "parameters": 71199040, "main_loss": 2.6917559392750263, "perplexity": 14.757566573332932}
{"event": "update", "optimizer_step": 8550, "tokens_seen": 280166400, "lr": 0.0002619338058228993, "grad_norm": 0.5917462110519409, "elapsed_seconds": 4614.270296384997, "tokens_per_second": 60717.37934803982, "loss_main": 2.5834173560142517, "loss_total": 2.5834173560142517}
{"event": "update", "optimizer_step": 8560, "tokens_seen": 280494080, "lr": 0.00026183846578896363, "grad_norm": 0.6340487599372864, "elapsed_seconds": 4619.526491129997, "tokens_per_second": 60719.22750926523, "loss_main": 2.5502922534942627, "loss_total": 2.5502922534942627}
{"event": "update", "optimizer_step": 8570, "tokens_seen": 280821760, "lr": 0.0002617430261592662, "grad_norm": 0.5597081184387207, "elapsed_seconds": 4624.785860995998, "tokens_per_second": 60721.02978180313, "loss_main": 2.543290674686432, "loss_total": 2.543290674686432}
{"event": "update", "optimizer_step": 8580, "tokens_seen": 281149440, "lr": 0.0002616474870319641, "grad_norm": 0.6528891921043396, "elapsed_seconds": 4630.032252507997, "tokens_per_second": 60722.99817084576, "loss_main": 2.562497556209564, "loss_total": 2.562497556209564}
{"event": "update", "optimizer_step": 8590, "tokens_seen": 281477120, "lr": 0.0002615518485053168, "grad_norm": 0.5836970806121826, "elapsed_seconds": 4635.2845771859975, "tokens_per_second": 60724.8843761131, "loss_main": 2.654349684715271, "loss_total": 2.654349684715271}
{"event": "update", "optimizer_step": 8600, "tokens_seen": 281804800, "lr": 0.00026145611067768595, "grad_norm": 0.6438946723937988, "elapsed_seconds": 4640.533834226997, "tokens_per_second": 60726.80645521939, "loss_main": 2.6239593625068665, "loss_total": 2.6239593625068665}
{"event": "update", "optimizer_step": 8610, "tokens_seen": 282132480, "lr": 0.0002613602736475353, "grad_norm": 0.5807622671127319, "elapsed_seconds": 4645.793160632998, "tokens_per_second": 60728.5925664325, "loss_main": 2.583845794200897, "loss_total": 2.583845794200897}
{"event": "update", "optimizer_step": 8620, "tokens_seen": 282460160, "lr": 0.0002612643375134307, "grad_norm": 0.6225398778915405, "elapsed_seconds": 4651.057800207997, "tokens_per_second": 60730.30526246486, "loss_main": 2.4620953798294067, "loss_total": 2.4620953798294067}
{"event": "update", "optimizer_step": 8630, "tokens_seen": 282787840, "lr": 0.00026116830237403986, "grad_norm": 0.6009827852249146, "elapsed_seconds": 4656.312253357997, "tokens_per_second": 60732.14694655875, "loss_main": 2.654231548309326, "loss_total": 2.654231548309326}
{"event": "update", "optimizer_step": 8640, "tokens_seen": 283115520, "lr": 0.00026107216832813235, "grad_norm": 0.5904668569564819, "elapsed_seconds": 4661.557124500998, "tokens_per_second": 60734.1093198137, "loss_main": 2.5243213772773743, "loss_total": 2.5243213772773743}
{"event": "update", "optimizer_step": 8650, "tokens_seen": 283443200, "lr": 0.0002609759354745794, "grad_norm": 0.6735461354255676, "elapsed_seconds": 4666.810663908997, "tokens_per_second": 60735.95446929559, "loss_main": 2.524085223674774, "loss_total": 2.524085223674774}
{"event": "update", "optimizer_step": 8660, "tokens_seen": 283770880, "lr": 0.00026087960391235404, "grad_norm": 0.6100767254829407, "elapsed_seconds": 4672.065734939997, "tokens_per_second": 60737.775557784276, "loss_main": 2.4540072083473206, "loss_total": 2.4540072083473206}
{"event": "update", "optimizer_step": 8670, "tokens_seen": 284098560, "lr": 0.00026078317374053064, "grad_norm": 0.5905828475952148, "elapsed_seconds": 4677.324458111997, "tokens_per_second": 60739.54512761692, "loss_main": 2.5781721472740173, "loss_total": 2.5781721472740173}
{"event": "update", "optimizer_step": 8680, "tokens_seen": 284426240, "lr": 0.000260686645058285, "grad_norm": 0.6230431199073792, "elapsed_seconds": 4682.569403155998, "tokens_per_second": 60741.48944985204, "loss_main": 2.6740922927856445, "loss_total": 2.6740922927856445}
{"event": "update", "optimizer_step": 8690, "tokens_seen": 284753920, "lr": 0.0002605900179648943, "grad_norm": 0.6368342041969299, "elapsed_seconds": 4687.8169909459975, "tokens_per_second": 60743.39517732259, "loss_main": 2.5087494254112244, "loss_total": 2.5087494254112244}
{"event": "update", "optimizer_step": 8700, "tokens_seen": 285081600, "lr": 0.00026049329255973695, "grad_norm": 0.6296389698982239, "elapsed_seconds": 4693.055767059997, "tokens_per_second": 60745.410698281914, "loss_main": 2.5623292326927185, "loss_total": 2.5623292326927185}
{"event": "update", "optimizer_step": 8710, "tokens_seen": 285409280, "lr": 0.00026039646894229237, "grad_norm": 0.6378424763679504, "elapsed_seconds": 4698.311064960997, "tokens_per_second": 60747.20810389112, "loss_main": 2.684119164943695, "loss_total": 2.684119164943695}
{"event": "update", "optimizer_step": 8720, "tokens_seen": 285736960, "lr": 0.0002602995472121411, "grad_norm": 0.6015554666519165, "elapsed_seconds": 4703.559660349997, "tokens_per_second": 60749.08805956083, "loss_main": 2.6529306173324585, "loss_total": 2.6529306173324585}
{"event": "update", "optimizer_step": 8730, "tokens_seen": 286064640, "lr": 0.0002602025274689645, "grad_norm": 0.5957601070404053, "elapsed_seconds": 4708.800957800998, "tokens_per_second": 60751.05797922529, "loss_main": 2.61618834733963, "loss_total": 2.61618834733963}
{"event": "update", "optimizer_step": 8740, "tokens_seen": 286392320, "lr": 0.0002601054098125448, "grad_norm": 0.6033227443695068, "elapsed_seconds": 4714.054937748998, "tokens_per_second": 60752.86007098484, "loss_main": 2.715680718421936, "loss_total": 2.715680718421936}
{"event": "update", "optimizer_step": 8750, "tokens_seen": 286720000, "lr": 0.00026000819434276486, "grad_norm": 0.6513743996620178, "elapsed_seconds": 4719.300181995997, "tokens_per_second": 60754.77061065729, "loss_main": 2.7337528467178345, "loss_total": 2.7337528467178345}
{"event": "update", "optimizer_step": 8760, "tokens_seen": 287047680, "lr": 0.00025991088115960825, "grad_norm": 0.6521867513656616, "elapsed_seconds": 4724.552576855997, "tokens_per_second": 60756.58495285894, "loss_main": 2.7121620774269104, "loss_total": 2.7121620774269104}
{"event": "update", "optimizer_step": 8770, "tokens_seen": 287375360, "lr": 0.0002598134703631589, "grad_norm": 0.6022481322288513, "elapsed_seconds": 4729.820348658997, "tokens_per_second": 60758.197736088834, "loss_main": 2.6515265703201294, "loss_total": 2.6515265703201294}
{"event": "update", "optimizer_step": 8780, "tokens_seen": 287703040, "lr": 0.0002597159620536012, "grad_norm": 0.6072378158569336, "elapsed_seconds": 4735.086354113997, "tokens_per_second": 60759.82959635662, "loss_main": 2.5595823526382446, "loss_total": 2.5595823526382446}
{"event": "update", "optimizer_step": 8790, "tokens_seen": 288030720, "lr": 0.00025961835633121994, "grad_norm": 0.6406251788139343, "elapsed_seconds": 4740.347070018997, "tokens_per_second": 60761.52563209801, "loss_main": 2.597057342529297, "loss_total": 2.597057342529297}
{"event": "update", "optimizer_step": 8800, "tokens_seen": 288358400, "lr": 0.0002595206532963998, "grad_norm": 0.5995017886161804, "elapsed_seconds": 4745.6175022029975, "tokens_per_second": 60763.09349966344, "loss_main": 2.7774030566215515, "loss_total": 2.7774030566215515}
{"event": "update", "optimizer_step": 8810, "tokens_seen": 288686080, "lr": 0.0002594228530496259, "grad_norm": 0.6472139358520508, "elapsed_seconds": 4750.876877537998, "tokens_per_second": 60764.79930787074, "loss_main": 2.662121593952179, "loss_total": 2.662121593952179}
{"event": "update", "optimizer_step": 8820, "tokens_seen": 289013760, "lr": 0.000259324955691483, "grad_norm": 0.597034215927124, "elapsed_seconds": 4756.132008891997, "tokens_per_second": 60766.5555665116, "loss_main": 2.5566567182540894, "loss_total": 2.5566567182540894}
{"event": "update", "optimizer_step": 8830, "tokens_seen": 289341440, "lr": 0.00025922696132265607, "grad_norm": 0.6136531829833984, "elapsed_seconds": 4761.391767180998, "tokens_per_second": 60768.24889612178, "loss_main": 2.501024544239044, "loss_total": 2.501024544239044}
{"event": "update", "optimizer_step": 8840, "tokens_seen": 289669120, "lr": 0.0002591288700439296, "grad_norm": 0.6017710566520691, "elapsed_seconds": 4766.654974635998, "tokens_per_second": 60769.894515413376, "loss_main": 2.5302975177764893, "loss_total": 2.5302975177764893}
{"event": "update", "optimizer_step": 8850, "tokens_seen": 289996800, "lr": 0.00025903068195618786, "grad_norm": 0.6099412441253662, "elapsed_seconds": 4771.924907534997, "tokens_per_second": 60771.450854578055, "loss_main": 2.509198307991028, "loss_total": 2.509198307991028}
{"event": "update", "optimizer_step": 8860, "tokens_seen": 290324480, "lr": 0.0002589323971604146, "grad_norm": 0.6131713390350342, "elapsed_seconds": 4777.190805533997, "tokens_per_second": 60773.0550899667, "loss_main": 2.627910315990448, "loss_total": 2.627910315990448}
{"event": "update", "optimizer_step": 8870, "tokens_seen": 290652160, "lr": 0.0002588340157576932, "grad_norm": 0.5846078395843506, "elapsed_seconds": 4782.448714911998, "tokens_per_second": 60774.757310774075, "loss_main": 2.5427529215812683, "loss_total": 2.5427529215812683}
{"event": "update", "optimizer_step": 8880, "tokens_seen": 290979840, "lr": 0.00025873553784920626, "grad_norm": 0.6140652894973755, "elapsed_seconds": 4787.716365374998, "tokens_per_second": 60776.332137045676, "loss_main": 2.525722861289978, "loss_total": 2.525722861289978}
{"event": "update", "optimizer_step": 8890, "tokens_seen": 291307520, "lr": 0.0002586369635362355, "grad_norm": 0.6167365908622742, "elapsed_seconds": 4792.973925232997, "tokens_per_second": 60778.03145691824, "loss_main": 2.6138636469841003, "loss_total": 2.6138636469841003}
{"event": "update", "optimizer_step": 8900, "tokens_seen": 291635200, "lr": 0.0002585382929201623, "grad_norm": 0.5784621238708496, "elapsed_seconds": 4798.234160438998, "tokens_per_second": 60779.69316389466, "loss_main": 2.580768346786499, "loss_total": 2.580768346786499}
{"event": "update", "optimizer_step": 8910, "tokens_seen": 291962880, "lr": 0.00025843952610246634, "grad_norm": 0.6098977327346802, "elapsed_seconds": 4803.499910934997, "tokens_per_second": 60781.28144342354, "loss_main": 2.5513630509376526, "loss_total": 2.5513630509376526}
{"event": "update", "optimizer_step": 8920, "tokens_seen": 292290560, "lr": 0.000258340663184727, "grad_norm": 0.5894834399223328, "elapsed_seconds": 4808.757064863998, "tokens_per_second": 60782.97490544298, "loss_main": 2.733018934726715, "loss_total": 2.733018934726715}
{"event": "update", "optimizer_step": 8930, "tokens_seen": 292618240, "lr": 0.0002582417042686218, "grad_norm": 0.6186235547065735, "elapsed_seconds": 4814.006629349998, "tokens_per_second": 60784.76049782886, "loss_main": 2.5386878848075867, "loss_total": 2.5386878848075867}
{"event": "update", "optimizer_step": 8940, "tokens_seen": 292945920, "lr": 0.0002581426494559276, "grad_norm": 0.7254143357276917, "elapsed_seconds": 4819.273298102998, "tokens_per_second": 60786.32646032169, "loss_main": 2.7818440794944763, "loss_total": 2.7818440794944763}
{"event": "update", "optimizer_step": 8950, "tokens_seen": 293273600, "lr": 0.0002580434988485196, "grad_norm": 0.6369988918304443, "elapsed_seconds": 4824.530033398997, "tokens_per_second": 60788.01416298402, "loss_main": 2.7549997568130493, "loss_total": 2.7549997568130493}
{"event": "update", "optimizer_step": 8960, "tokens_seen": 293601280, "lr": 0.0002579442525483713, "grad_norm": 0.5614024996757507, "elapsed_seconds": 4829.798482328997, "tokens_per_second": 60789.55075956322, "loss_main": 2.4860944151878357, "loss_total": 2.4860944151878357}
{"event": "update", "optimizer_step": 8970, "tokens_seen": 293928960, "lr": 0.000257844910657555, "grad_norm": 0.5964426398277283, "elapsed_seconds": 4835.053413644998, "tokens_per_second": 60791.253964331285, "loss_main": 2.7250980734825134, "loss_total": 2.7250980734825134}
{"event": "update", "optimizer_step": 8980, "tokens_seen": 294256640, "lr": 0.00025774547327824123, "grad_norm": 0.6507563591003418, "elapsed_seconds": 4840.319935565997, "tokens_per_second": 60792.80789640436, "loss_main": 2.580627739429474, "loss_total": 2.580627739429474}
{"event": "update", "optimizer_step": 8990, "tokens_seen": 294584320, "lr": 0.0002576459405126986, "grad_norm": 0.5899528861045837, "elapsed_seconds": 4845.582287731997, "tokens_per_second": 60794.410765828085, "loss_main": 2.5308103561401367, "loss_total": 2.5308103561401367}
{"event": "update", "optimizer_step": 9000, "tokens_seen": 294912000, "lr": 0.00025754631246329394, "grad_norm": 0.668410062789917, "elapsed_seconds": 4850.841401930998, "tokens_per_second": 60796.05073928061, "loss_main": 2.678365468978882, "loss_total": 2.678365468978882}
{"event": "update", "optimizer_step": 9010, "tokens_seen": 295239680, "lr": 0.00025744658923249183, "grad_norm": 0.6161649227142334, "elapsed_seconds": 4856.106399258997, "tokens_per_second": 60797.61350473112, "loss_main": 2.805663049221039, "loss_total": 2.805663049221039}
{"event": "update", "optimizer_step": 9020, "tokens_seen": 295567360, "lr": 0.00025734677092285527, "grad_norm": 0.6127265095710754, "elapsed_seconds": 4861.366299030998, "tokens_per_second": 60799.23663825016, "loss_main": 2.818281888961792, "loss_total": 2.818281888961792}
{"event": "update", "optimizer_step": 9030, "tokens_seen": 295895040, "lr": 0.0002572468576370444, "grad_norm": 0.606780469417572, "elapsed_seconds": 4866.638786059997, "tokens_per_second": 60800.699005556344, "loss_main": 2.4489782452583313, "loss_total": 2.4489782452583313}
{"event": "update", "optimizer_step": 9040, "tokens_seen": 296222720, "lr": 0.0002571468494778175, "grad_norm": 0.6250687837600708, "elapsed_seconds": 4871.9023570169975, "tokens_per_second": 60802.26948172527, "loss_main": 2.6885809898376465, "loss_total": 2.6885809898376465}
{"event": "update", "optimizer_step": 9050, "tokens_seen": 296550400, "lr": 0.00025704674654803024, "grad_norm": 0.5949867963790894, "elapsed_seconds": 4877.170183151998, "tokens_per_second": 60803.78351865233, "loss_main": 2.5331791639328003, "loss_total": 2.5331791639328003}
{"event": "update", "optimizer_step": 9060, "tokens_seen": 296878080, "lr": 0.0002569465489506358, "grad_norm": 0.6174724698066711, "elapsed_seconds": 4882.424974292998, "tokens_per_second": 60805.45662516598, "loss_main": 2.4704198241233826, "loss_total": 2.4704198241233826}
{"event": "update", "optimizer_step": 9070, "tokens_seen": 297205760, "lr": 0.00025684625678868474, "grad_norm": 0.6071022748947144, "elapsed_seconds": 4887.689034896997, "tokens_per_second": 60807.01081390774, "loss_main": 2.589448928833008, "loss_total": 2.589448928833008}
{"event": "update", "optimizer_step": 9080, "tokens_seen": 297533440, "lr": 0.00025674587016532484, "grad_norm": 0.6198011636734009, "elapsed_seconds": 4892.941497713998, "tokens_per_second": 60808.70579364352, "loss_main": 2.581321060657501, "loss_total": 2.581321060657501}
{"event": "update", "optimizer_step": 9090, "tokens_seen": 297861120, "lr": 0.0002566453891838011, "grad_norm": 0.611197829246521, "elapsed_seconds": 4898.200407619997, "tokens_per_second": 60810.317098627806, "loss_main": 2.574395179748535, "loss_total": 2.574395179748535}
{"event": "update", "optimizer_step": 9100, "tokens_seen": 298188800, "lr": 0.0002565448139474554, "grad_norm": 0.6912621259689331, "elapsed_seconds": 4903.455433558997, "tokens_per_second": 60811.97311577692, "loss_main": 2.791664242744446, "loss_total": 2.791664242744446}
{"event": "update", "optimizer_step": 9110, "tokens_seen": 298516480, "lr": 0.0002564441445597267, "grad_norm": 0.6248722672462463, "elapsed_seconds": 4908.711502557998, "tokens_per_second": 60813.612664838605, "loss_main": 2.6967050433158875, "loss_total": 2.6967050433158875}
{"event": "update", "optimizer_step": 9120, "tokens_seen": 298844160, "lr": 0.0002563433811241508, "grad_norm": 0.6069856882095337, "elapsed_seconds": 4913.977770643997, "tokens_per_second": 60815.122482907616, "loss_main": 2.477918267250061, "loss_total": 2.477918267250061}
{"event": "update", "optimizer_step": 9130, "tokens_seen": 299171840, "lr": 0.0002562425237443602, "grad_norm": 0.5784503817558289, "elapsed_seconds": 4919.235227158997, "tokens_per_second": 60816.73800599703, "loss_main": 2.627759039402008, "loss_total": 2.627759039402008}
{"event": "update", "optimizer_step": 9140, "tokens_seen": 299499520, "lr": 0.000256141572524084, "grad_norm": 0.5926007032394409, "elapsed_seconds": 4924.493156581997, "tokens_per_second": 60818.34423908049, "loss_main": 2.6183785796165466, "loss_total": 2.6183785796165466}
{"event": "update", "optimizer_step": 9150, "tokens_seen": 299827200, "lr": 0.00025604052756714776, "grad_norm": 0.593962550163269, "elapsed_seconds": 4929.7488191449975, "tokens_per_second": 60819.97501284482, "loss_main": 2.5975507497787476, "loss_total": 2.5975507497787476}
{"event": "update", "optimizer_step": 9160, "tokens_seen": 300154880, "lr": 0.0002559393889774736, "grad_norm": 0.6226872801780701, "elapsed_seconds": 4935.015979573997, "tokens_per_second": 60821.46060769394, "loss_main": 2.49395614862442, "loss_total": 2.49395614862442}
{"event": "update", "optimizer_step": 9170, "tokens_seen": 300482560, "lr": 0.00025583815685907975, "grad_norm": 0.6058729290962219, "elapsed_seconds": 4940.270505311997, "tokens_per_second": 60823.098588813686, "loss_main": 2.6733385920524597, "loss_total": 2.6733385920524597}
{"event": "update", "optimizer_step": 9180, "tokens_seen": 300810240, "lr": 0.00025573683131608076, "grad_norm": 0.6996985077857971, "elapsed_seconds": 4945.539733096997, "tokens_per_second": 60824.552270177905, "loss_main": 2.6818408370018005, "loss_total": 2.6818408370018005}
{"event": "update", "optimizer_step": 9190, "tokens_seen": 301137920, "lr": 0.00025563541245268733, "grad_norm": 0.6473926901817322, "elapsed_seconds": 4950.806529171998, "tokens_per_second": 60826.03273337043, "loss_main": 2.4583370089530945, "loss_total": 2.4583370089530945}
{"event": "update", "optimizer_step": 9200, "tokens_seen": 301465600, "lr": 0.00025553390037320585, "grad_norm": 0.7163628935813904, "elapsed_seconds": 4956.062838620997, "tokens_per_second": 60827.63875606579, "loss_main": 2.789867639541626, "loss_total": 2.789867639541626}
{"event": "update", "optimizer_step": 9210, "tokens_seen": 301793280, "lr": 0.00025543229518203885, "grad_norm": 0.6106539368629456, "elapsed_seconds": 4961.313793225998, "tokens_per_second": 60829.30702993587, "loss_main": 2.714618980884552, "loss_total": 2.714618980884552}
{"event": "update", "optimizer_step": 9220, "tokens_seen": 302120960, "lr": 0.0002553305969836846, "grad_norm": 0.6725465655326843, "elapsed_seconds": 4966.566350909998, "tokens_per_second": 60830.952141542206, "loss_main": 2.653523325920105, "loss_total": 2.653523325920105}
{"event": "update", "optimizer_step": 9230, "tokens_seen": 302448640, "lr": 0.000255228805882737, "grad_norm": 0.6180999875068665, "elapsed_seconds": 4971.813524156997, "tokens_per_second": 60832.65965838534, "loss_main": 2.484803557395935, "loss_total": 2.484803557395935}
{"event": "update", "optimizer_step": 9240, "tokens_seen": 302776320, "lr": 0.00025512692198388523, "grad_norm": 0.5889383554458618, "elapsed_seconds": 4977.067313876997, "tokens_per_second": 60834.28270214526, "loss_main": 2.4816774129867554, "loss_total": 2.4816774129867554}
{"event": "update", "optimizer_step": 9250, "tokens_seen": 303104000, "lr": 0.0002550249453919144, "grad_norm": 0.5991612076759338, "elapsed_seconds": 4982.323706277997, "tokens_per_second": 60835.87054331146, "loss_main": 2.5131386518478394, "loss_total": 2.5131386518478394}
{"event": "update", "optimizer_step": 9260, "tokens_seen": 303431680, "lr": 0.0002549228762117046, "grad_norm": 0.6464763283729553, "elapsed_seconds": 4987.576398446998, "tokens_per_second": 60837.50017232433, "loss_main": 2.6323360800743103, "loss_total": 2.6323360800743103}
{"event": "update", "optimizer_step": 9270, "tokens_seen": 303759360, "lr": 0.00025482071454823113, "grad_norm": 0.5925700068473816, "elapsed_seconds": 4992.832478701997, "tokens_per_second": 60839.08508762331, "loss_main": 2.5768362283706665, "loss_total": 2.5768362283706665}
{"event": "update", "optimizer_step": 9280, "tokens_seen": 304087040, "lr": 0.00025471846050656476, "grad_norm": 0.5955734252929688, "elapsed_seconds": 4998.088532905997, "tokens_per_second": 60840.6669865844, "loss_main": 2.479765772819519, "loss_total": 2.479765772819519}
{"event": "update", "optimizer_step": 9290, "tokens_seen": 304414720, "lr": 0.00025461611419187074, "grad_norm": 0.6009373664855957, "elapsed_seconds": 5003.341866336998, "tokens_per_second": 60842.27864742439, "loss_main": 2.527283191680908, "loss_total": 2.527283191680908}
{"event": "update", "optimizer_step": 9300, "tokens_seen": 304742400, "lr": 0.0002545136757094098, "grad_norm": 0.6626626253128052, "elapsed_seconds": 5008.585615868998, "tokens_per_second": 60844.00335185779, "loss_main": 2.6350423097610474, "loss_total": 2.6350423097610474}
{"event": "update", "optimizer_step": 9310, "tokens_seen": 305070080, "lr": 0.0002544111451645369, "grad_norm": 0.6182652711868286, "elapsed_seconds": 5013.830815997997, "tokens_per_second": 60845.706844872104, "loss_main": 2.6367974281311035, "loss_total": 2.6367974281311035}
{"event": "update", "optimizer_step": 9320, "tokens_seen": 305397760, "lr": 0.0002543085226627022, "grad_norm": 0.617128849029541, "elapsed_seconds": 5019.091066951997, "tokens_per_second": 60847.2243133581, "loss_main": 2.727945327758789, "loss_total": 2.727945327758789}
{"event": "update", "optimizer_step": 9330, "tokens_seen": 305725440, "lr": 0.00025420580830944994, "grad_norm": 0.6090178489685059, "elapsed_seconds": 5024.340734457997, "tokens_per_second": 60848.866778335694, "loss_main": 2.7244229912757874, "loss_total": 2.7244229912757874}
{"event": "update", "optimizer_step": 9340, "tokens_seen": 306053120, "lr": 0.00025410300221041934, "grad_norm": 0.6048561930656433, "elapsed_seconds": 5029.596257136997, "tokens_per_second": 60850.43497591096, "loss_main": 2.529153048992157, "loss_total": 2.529153048992157}
{"event": "update", "optimizer_step": 9350, "tokens_seen": 306380800, "lr": 0.00025400010447134346, "grad_norm": 0.6143761277198792, "elapsed_seconds": 5034.844898115997, "tokens_per_second": 60852.08307303478, "loss_main": 2.6877947449684143, "loss_total": 2.6877947449684143}
{"event": "update", "optimizer_step": 9360, "tokens_seen": 306708480, "lr": 0.00025389711519805, "grad_norm": 0.5701382756233215, "elapsed_seconds": 5040.091701747998, "tokens_per_second": 60853.74992157936, "loss_main": 2.4412407875061035, "loss_total": 2.4412407875061035}
{"event": "update", "optimizer_step": 9370, "tokens_seen": 307036160, "lr": 0.00025379403449646065, "grad_norm": 0.6263546943664551, "elapsed_seconds": 5045.340441088997, "tokens_per_second": 60855.389955356244, "loss_main": 2.5256528854370117, "loss_total": 2.5256528854370117}
{"event": "update", "optimizer_step": 9380, "tokens_seen": 307363840, "lr": 0.00025369086247259117, "grad_norm": 0.6563751697540283, "elapsed_seconds": 5050.580846445998, "tokens_per_second": 60857.127000805536, "loss_main": 2.5128525495529175, "loss_total": 2.5128525495529175}
{"event": "update", "optimizer_step": 9390, "tokens_seen": 307691520, "lr": 0.00025358759923255105, "grad_norm": 0.6188936233520508, "elapsed_seconds": 5055.830129924997, "tokens_per_second": 60858.75357615399, "loss_main": 2.7092865109443665, "loss_total": 2.7092865109443665}
{"event": "update", "optimizer_step": 9400, "tokens_seen": 308019200, "lr": 0.00025348424488254404, "grad_norm": 0.6585758328437805, "elapsed_seconds": 5061.077039535998, "tokens_per_second": 60860.40532357503, "loss_main": 2.4575107097625732, "loss_total": 2.4575107097625732}
{"event": "update", "optimizer_step": 9410, "tokens_seen": 308346880, "lr": 0.00025338079952886704, "grad_norm": 0.61380934715271, "elapsed_seconds": 5066.336500839998, "tokens_per_second": 60861.9028658827, "loss_main": 2.613713026046753, "loss_total": 2.613713026046753}
{"event": "update", "optimizer_step": 9420, "tokens_seen": 308674560, "lr": 0.00025327726327791097, "grad_norm": 0.6502582430839539, "elapsed_seconds": 5071.580299396997, "tokens_per_second": 60863.585268816685, "loss_main": 2.499274730682373, "loss_total": 2.499274730682373}
{"event": "update", "optimizer_step": 9430, "tokens_seen": 309002240, "lr": 0.0002531736362361601, "grad_norm": 0.6430166959762573, "elapsed_seconds": 5076.827656461997, "tokens_per_second": 60865.221533902004, "loss_main": 2.759653627872467, "loss_total": 2.759653627872467}
{"event": "update", "optimizer_step": 9440, "tokens_seen": 309329920, "lr": 0.0002530699185101919, "grad_norm": 0.5992515087127686, "elapsed_seconds": 5082.071170028998, "tokens_per_second": 60866.90045276068, "loss_main": 2.373938500881195, "loss_total": 2.373938500881195}
{"event": "update", "optimizer_step": 9450, "tokens_seen": 309657600, "lr": 0.0002529661102066775, "grad_norm": 0.6576035022735596, "elapsed_seconds": 5087.322280221997, "tokens_per_second": 60868.48501889827, "loss_main": 2.6155232191085815, "loss_total": 2.6155232191085815}
{"event": "update", "optimizer_step": 9460, "tokens_seen": 309985280, "lr": 0.00025286221143238074, "grad_norm": 0.6140091419219971, "elapsed_seconds": 5092.553231971998, "tokens_per_second": 60870.30726627552, "loss_main": 2.6152315735816956, "loss_total": 2.6152315735816956}
{"event": "update", "optimizer_step": 9470, "tokens_seen": 310312960, "lr": 0.00025275822229415884, "grad_norm": 0.5893846154212952, "elapsed_seconds": 5097.805726933997, "tokens_per_second": 60871.86852972393, "loss_main": 2.4409380555152893, "loss_total": 2.4409380555152893}
{"event": "update", "optimizer_step": 9480, "tokens_seen": 310640640, "lr": 0.0002526541428989618, "grad_norm": 0.5770108103752136, "elapsed_seconds": 5103.057592865997, "tokens_per_second": 60873.434082788175, "loss_main": 2.418865919113159, "loss_total": 2.418865919113159}
{"event": "update", "optimizer_step": 9490, "tokens_seen": 310968320, "lr": 0.00025254997335383245, "grad_norm": 0.5752935409545898, "elapsed_seconds": 5108.304624942997, "tokens_per_second": 60875.05402117049, "loss_main": 2.583643078804016, "loss_total": 2.583643078804016}
{"event": "update", "optimizer_step": 9500, "tokens_seen": 311296000, "lr": 0.00025244571376590647, "grad_norm": 0.6367154121398926, "elapsed_seconds": 5113.555717951997, "tokens_per_second": 60876.62228987611, "loss_main": 2.6327733397483826, "loss_total": 2.6327733397483826}
{"event": "update", "optimizer_step": 9510, "tokens_seen": 311623680, "lr": 0.00025234136424241195, "grad_norm": 0.6112000346183777, "elapsed_seconds": 5118.796876049997, "tokens_per_second": 60878.3054975351, "loss_main": 2.606374680995941, "loss_total": 2.606374680995941}
{"event": "update", "optimizer_step": 9520, "tokens_seen": 311951360, "lr": 0.00025223692489066967, "grad_norm": 0.641270101070404, "elapsed_seconds": 5124.047132479997, "tokens_per_second": 60879.877162452656, "loss_main": 2.441948711872101, "loss_total": 2.441948711872101}
{"event": "update", "optimizer_step": 9530, "tokens_seen": 312279040, "lr": 0.00025213239581809257, "grad_norm": 0.6355935335159302, "elapsed_seconds": 5129.300071039997, "tokens_per_second": 60881.41377478107, "loss_main": 2.6804595589637756, "loss_total": 2.6804595589637756}
{"event": "update", "optimizer_step": 9540, "tokens_seen": 312606720, "lr": 0.00025202777713218607, "grad_norm": 0.617280125617981, "elapsed_seconds": 5134.556666970998, "tokens_per_second": 60882.90387579157, "loss_main": 2.7929206490516663, "loss_total": 2.7929206490516663}
{"event": "update", "optimizer_step": 9550, "tokens_seen": 312934400, "lr": 0.0002519230689405477, "grad_norm": 0.5772642493247986, "elapsed_seconds": 5139.818255705997, "tokens_per_second": 60884.33178597204, "loss_main": 2.51118540763855, "loss_total": 2.51118540763855}
{"event": "update", "optimizer_step": 9560, "tokens_seen": 313262080, "lr": 0.0002518182713508669, "grad_norm": 0.6842693090438843, "elapsed_seconds": 5145.055473303997, "tokens_per_second": 60886.045179768036, "loss_main": 2.5519694089889526, "loss_total": 2.5519694089889526}
{"event": "update", "optimizer_step": 9570, "tokens_seen": 313589760, "lr": 0.00025171338447092535, "grad_norm": 0.6213828325271606, "elapsed_seconds": 5150.299437358997, "tokens_per_second": 60887.67533112687, "loss_main": 2.4935194849967957, "loss_total": 2.4935194849967957}
{"event": "update", "optimizer_step": 9580, "tokens_seen": 313917440, "lr": 0.00025160840840859634, "grad_norm": 0.5975932478904724, "elapsed_seconds": 5155.551256102997, "tokens_per_second": 60889.20939897423, "loss_main": 2.6250163316726685, "loss_total": 2.6250163316726685}
{"event": "update", "optimizer_step": 9590, "tokens_seen": 314245120, "lr": 0.0002515033432718449, "grad_norm": 0.6055166125297546, "elapsed_seconds": 5160.809187910997, "tokens_per_second": 60890.66821848548, "loss_main": 2.609093725681305, "loss_total": 2.609093725681305}
{"event": "update", "optimizer_step": 9600, "tokens_seen": 314572800, "lr": 0.00025139818916872757, "grad_norm": 0.6385727524757385, "elapsed_seconds": 5166.056178925997, "tokens_per_second": 60892.25302722094, "loss_main": 2.6462429761886597, "loss_total": 2.6462429761886597}
{"event": "update", "optimizer_step": 9610, "tokens_seen": 314900480, "lr": 0.0002512929462073928, "grad_norm": 0.6204081177711487, "elapsed_seconds": 5171.310799899998, "tokens_per_second": 60893.74477474638, "loss_main": 2.71987521648407, "loss_total": 2.71987521648407}
{"event": "update", "optimizer_step": 9620, "tokens_seen": 315228160, "lr": 0.00025118761449607993, "grad_norm": 0.6095814108848572, "elapsed_seconds": 5176.568755718998, "tokens_per_second": 60895.19426391092, "loss_main": 2.460909426212311, "loss_total": 2.460909426212311}
{"event": "update", "optimizer_step": 9630, "tokens_seen": 315555840, "lr": 0.00025108219414311995, "grad_norm": 0.5903721451759338, "elapsed_seconds": 5181.819824699997, "tokens_per_second": 60896.72174548623, "loss_main": 2.4476479291915894, "loss_total": 2.4476479291915894}
{"event": "update", "optimizer_step": 9640, "tokens_seen": 315883520, "lr": 0.0002509766852569347, "grad_norm": 0.6188161969184875, "elapsed_seconds": 5187.072633111998, "tokens_per_second": 60898.22571281113, "loss_main": 2.5017998814582825, "loss_total": 2.5017998814582825}
{"event": "update", "optimizer_step": 9650, "tokens_seen": 316211200, "lr": 0.00025087108794603734, "grad_norm": 0.6492924690246582, "elapsed_seconds": 5192.330689762997, "tokens_per_second": 60899.665081700216, "loss_main": 2.6723599433898926, "loss_total": 2.6723599433898926}
{"event": "update", "optimizer_step": 9660, "tokens_seen": 316538880, "lr": 0.00025076540231903184, "grad_norm": 0.6859471201896667, "elapsed_seconds": 5197.584792101998, "tokens_per_second": 60901.14787179565, "loss_main": 2.501822531223297, "loss_total": 2.501822531223297}
{"event": "update", "optimizer_step": 9670, "tokens_seen": 316866560, "lr": 0.00025065962848461307, "grad_norm": 0.598057746887207, "elapsed_seconds": 5202.856561546997, "tokens_per_second": 60902.42086277776, "loss_main": 2.6221529245376587, "loss_total": 2.6221529245376587}
{"event": "update", "optimizer_step": 9680, "tokens_seen": 317194240, "lr": 0.0002505537665515665, "grad_norm": 0.6366897821426392, "elapsed_seconds": 5208.0985151589975, "tokens_per_second": 60904.03994409012, "loss_main": 2.5903870463371277, "loss_total": 2.5903870463371277}
{"event": "update", "optimizer_step": 9690, "tokens_seen": 317521920, "lr": 0.0002504478166287684, "grad_norm": 0.6360884308815002, "elapsed_seconds": 5213.358395467997, "tokens_per_second": 60905.44633877918, "loss_main": 2.7171701192855835, "loss_total": 2.7171701192855835}
{"event": "update", "optimizer_step": 9700, "tokens_seen": 317849600, "lr": 0.0002503417788251853, "grad_norm": 0.6457222104072571, "elapsed_seconds": 5218.606539921998, "tokens_per_second": 60906.98686871129, "loss_main": 2.416975736618042, "loss_total": 2.416975736618042}
{"event": "update", "optimizer_step": 9710, "tokens_seen": 318177280, "lr": 0.00025023565324987424, "grad_norm": 0.6803208589553833, "elapsed_seconds": 5223.847654615997, "tokens_per_second": 60908.6062681874, "loss_main": 2.6886337399482727, "loss_total": 2.6886337399482727}
{"event": "update", "optimizer_step": 9720, "tokens_seen": 318504960, "lr": 0.00025012944001198266, "grad_norm": 0.6726641058921814, "elapsed_seconds": 5229.088951807998, "tokens_per_second": 60910.22029561659, "loss_main": 2.7606586813926697, "loss_total": 2.7606586813926697}
{"event": "update", "optimizer_step": 9730, "tokens_seen": 318832640, "lr": 0.00025002313922074793, "grad_norm": 0.5823417901992798, "elapsed_seconds": 5234.336836368998, "tokens_per_second": 60911.75443366589, "loss_main": 2.437144637107849, "loss_total": 2.437144637107849}
{"event": "update", "optimizer_step": 9740, "tokens_seen": 319160320, "lr": 0.0002499167509854975, "grad_norm": 0.6500049829483032, "elapsed_seconds": 5239.582628233998, "tokens_per_second": 60913.30982742285, "loss_main": 2.5716561675071716, "loss_total": 2.5716561675071716}
{"event": "update", "optimizer_step": 9750, "tokens_seen": 319488000, "lr": 0.00024981027541564894, "grad_norm": 0.6948319673538208, "elapsed_seconds": 5244.838145490998, "tokens_per_second": 60914.74915668556, "loss_main": 2.7261876463890076, "loss_total": 2.7261876463890076}
{"event": "update", "optimizer_step": 9760, "tokens_seen": 319815680, "lr": 0.00024970371262070945, "grad_norm": 0.5961877107620239, "elapsed_seconds": 5250.089467128997, "tokens_per_second": 60916.23428560174, "loss_main": 2.494246780872345, "loss_total": 2.494246780872345}
{"event": "evaluation", "tokens_seen": 320012288, "elapsed_seconds": 5253.245046092998, "parameters": 71199040, "main_loss": 2.6733373627066612, "perplexity": 14.488241113121266}
{"event": "update", "optimizer_step": 9770, "tokens_seen": 320143360, "lr": 0.00024959706271027594, "grad_norm": 0.638331413269043, "elapsed_seconds": 5257.918227662997, "tokens_per_second": 60887.85449641637, "loss_main": 2.648652732372284, "loss_total": 2.648652732372284}
{"event": "update", "optimizer_step": 9780, "tokens_seen": 320471040, "lr": 0.0002494903257940351, "grad_norm": 0.6357850432395935, "elapsed_seconds": 5263.177381714998, "tokens_per_second": 60889.27215589588, "loss_main": 2.7409905195236206, "loss_total": 2.7409905195236206}
{"event": "update", "optimizer_step": 9790, "tokens_seen": 320798720, "lr": 0.00024938350198176285, "grad_norm": 0.6354939937591553, "elapsed_seconds": 5268.432160924997, "tokens_per_second": 60890.73754793803, "loss_main": 2.7827118039131165, "loss_total": 2.7827118039131165}
{"event": "update", "optimizer_step": 9800, "tokens_seen": 321126400, "lr": 0.0002492765913833248, "grad_norm": 0.6270626187324524, "elapsed_seconds": 5273.684149255997, "tokens_per_second": 60892.23224437967, "loss_main": 2.5671797394752502, "loss_total": 2.5671797394752502}
{"event": "update", "optimizer_step": 9810, "tokens_seen": 321454080, "lr": 0.0002491695941086755, "grad_norm": 0.613075315952301, "elapsed_seconds": 5278.946851106997, "tokens_per_second": 60893.60038405974, "loss_main": 2.586273968219757, "loss_total": 2.586273968219757}
{"event": "update", "optimizer_step": 9820, "tokens_seen": 321781760, "lr": 0.0002490625102678587, "grad_norm": 0.6017813086509705, "elapsed_seconds": 5284.185998011997, "tokens_per_second": 60895.23724582366, "loss_main": 2.4941826462745667, "loss_total": 2.4941826462745667}
{"event": "update", "optimizer_step": 9830, "tokens_seen": 322109440, "lr": 0.00024895533997100743, "grad_norm": 0.6436012983322144, "elapsed_seconds": 5289.444209802998, "tokens_per_second": 60896.651372752975, "loss_main": 2.5392079949378967, "loss_total": 2.5392079949378967}
{"event": "update", "optimizer_step": 9840, "tokens_seen": 322437120, "lr": 0.00024884808332834333, "grad_norm": 0.6513325572013855, "elapsed_seconds": 5294.695668685998, "tokens_per_second": 60898.14036092093, "loss_main": 2.5648860931396484, "loss_total": 2.5648860931396484}
{"event": "update", "optimizer_step": 9850, "tokens_seen": 322764800, "lr": 0.00024874074045017704, "grad_norm": 0.5878192186355591, "elapsed_seconds": 5299.9455117459975, "tokens_per_second": 60899.644965155385, "loss_main": 2.6841596961021423, "loss_total": 2.6841596961021423}
{"event": "update", "optimizer_step": 9860, "tokens_seen": 323092480, "lr": 0.0002486333114469078, "grad_norm": 0.5951291918754578, "elapsed_seconds": 5305.200130174998, "tokens_per_second": 60901.09177263826, "loss_main": 2.6043397784233093, "loss_total": 2.6043397784233093}
{"event": "update", "optimizer_step": 9870, "tokens_seen": 323420160, "lr": 0.00024852579642902346, "grad_norm": 0.6067501306533813, "elapsed_seconds": 5310.456164787997, "tokens_per_second": 60902.519475539535, "loss_main": 2.5022376775741577, "loss_total": 2.5022376775741577}
{"event": "update", "optimizer_step": 9880, "tokens_seen": 323747840, "lr": 0.0002484181955071004, "grad_norm": 0.6182190179824829, "elapsed_seconds": 5315.710193151997, "tokens_per_second": 60903.96734138564, "loss_main": 2.621566414833069, "loss_total": 2.621566414833069}
{"event": "update", "optimizer_step": 9890, "tokens_seen": 324075520, "lr": 0.00024831050879180314, "grad_norm": 0.6331772208213806, "elapsed_seconds": 5320.949861551998, "tokens_per_second": 60905.57671698765, "loss_main": 2.635477066040039, "loss_total": 2.635477066040039}
{"event": "update", "optimizer_step": 9900, "tokens_seen": 324403200, "lr": 0.00024820273639388467, "grad_norm": 0.6014391183853149, "elapsed_seconds": 5326.198146484998, "tokens_per_second": 60907.08439266169, "loss_main": 2.6055204272270203, "loss_total": 2.6055204272270203}
{"event": "update", "optimizer_step": 9910, "tokens_seen": 324730880, "lr": 0.00024809487842418607, "grad_norm": 0.6040554046630859, "elapsed_seconds": 5331.448652590998, "tokens_per_second": 60908.56372445527, "loss_main": 2.4596790075302124, "loss_total": 2.4596790075302124}
{"event": "update", "optimizer_step": 9920, "tokens_seen": 325058560, "lr": 0.0002479869349936362, "grad_norm": 0.5861409902572632, "elapsed_seconds": 5336.693242114998, "tokens_per_second": 60910.107673937666, "loss_main": 2.5065645575523376, "loss_total": 2.5065645575523376}
{"event": "update", "optimizer_step": 9930, "tokens_seen": 325386240, "lr": 0.00024787890621325205, "grad_norm": 0.6358014941215515, "elapsed_seconds": 5341.942675434997, "tokens_per_second": 60911.59336027574, "loss_main": 2.6830859780311584, "loss_total": 2.6830859780311584}
{"event": "update", "optimizer_step": 9940, "tokens_seen": 325713920, "lr": 0.0002477707921941384, "grad_norm": 0.6282917261123657, "elapsed_seconds": 5347.202760232997, "tokens_per_second": 60912.95479242449, "loss_main": 2.4769372940063477, "loss_total": 2.4769372940063477}
{"event": "update", "optimizer_step": 9950, "tokens_seen": 326041600, "lr": 0.0002476625930474875, "grad_norm": 0.6019513010978699, "elapsed_seconds": 5352.449068556997, "tokens_per_second": 60914.47033383911, "loss_main": 2.606546401977539, "loss_total": 2.606546401977539}
{"event": "update", "optimizer_step": 9960, "tokens_seen": 326369280, "lr": 0.00024755430888457935, "grad_norm": 0.6477192640304565, "elapsed_seconds": 5357.692844965997, "tokens_per_second": 60916.011694595625, "loss_main": 2.6242889165878296, "loss_total": 2.6242889165878296}
{"event": "update", "optimizer_step": 9970, "tokens_seen": 326696960, "lr": 0.00024744593981678126, "grad_norm": 0.5933974385261536, "elapsed_seconds": 5362.944006646998, "tokens_per_second": 60917.46615200191, "loss_main": 2.4736672937870026, "loss_total": 2.4736672937870026}
{"event": "update", "optimizer_step": 9980, "tokens_seen": 327024640, "lr": 0.0002473374859555479, "grad_norm": 0.6590567231178284, "elapsed_seconds": 5368.192264301997, "tokens_per_second": 60918.95071916199, "loss_main": 2.6464174389839172, "loss_total": 2.6464174389839172}
{"event": "update", "optimizer_step": 9990, "tokens_seen": 327352320, "lr": 0.00024722894741242114, "grad_norm": 0.6055386662483215, "elapsed_seconds": 5373.4373037709975, "tokens_per_second": 60920.468871995414, "loss_main": 2.7071367502212524, "loss_total": 2.7071367502212524}
{"event": "update", "optimizer_step": 10000, "tokens_seen": 327680000, "lr": 0.0002471203242990301, "grad_norm": 0.6175822615623474, "elapsed_seconds": 5378.706522011998, "tokens_per_second": 60921.710202813905, "loss_main": 2.457965910434723, "loss_total": 2.457965910434723}
{"event": "update", "optimizer_step": 10010, "tokens_seen": 328007680, "lr": 0.0002470116167270905, "grad_norm": 0.6226515769958496, "elapsed_seconds": 5383.958219706998, "tokens_per_second": 60923.14736013138, "loss_main": 2.375285029411316, "loss_total": 2.375285029411316}
{"event": "update", "optimizer_step": 10020, "tokens_seen": 328335360, "lr": 0.0002469028248084054, "grad_norm": 0.6363322138786316, "elapsed_seconds": 5389.2008877049975, "tokens_per_second": 60924.68379664027, "loss_main": 2.5225462913513184, "loss_total": 2.5225462913513184}
{"event": "update", "optimizer_step": 10030, "tokens_seen": 328663040, "lr": 0.00024679394865486417, "grad_norm": 0.6336450576782227, "elapsed_seconds": 5394.447925593998, "tokens_per_second": 60926.16789211289, "loss_main": 2.603386104106903, "loss_total": 2.603386104106903}
{"event": "update", "optimizer_step": 10040, "tokens_seen": 328990720, "lr": 0.00024668498837844305, "grad_norm": 0.6337537169456482, "elapsed_seconds": 5399.704880539997, "tokens_per_second": 60927.53720405166, "loss_main": 2.7632810473442078, "loss_total": 2.7632810473442078}
{"event": "update", "optimizer_step": 10050, "tokens_seen": 329318400, "lr": 0.00024657594409120486, "grad_norm": 0.5925542116165161, "elapsed_seconds": 5404.959319567997, "tokens_per_second": 60928.93221374356, "loss_main": 2.6418208479881287, "loss_total": 2.6418208479881287}
{"event": "update", "optimizer_step": 10060, "tokens_seen": 329646080, "lr": 0.0002464668159052987, "grad_norm": 0.69704669713974, "elapsed_seconds": 5410.217522568997, "tokens_per_second": 60930.28212356798, "loss_main": 2.559349775314331, "loss_total": 2.559349775314331}
{"event": "update", "optimizer_step": 10070, "tokens_seen": 329973760, "lr": 0.0002463576039329599, "grad_norm": 0.6291012167930603, "elapsed_seconds": 5415.476571048997, "tokens_per_second": 60931.619899166675, "loss_main": 2.4569557309150696, "loss_total": 2.4569557309150696}
{"event": "update", "optimizer_step": 10080, "tokens_seen": 330301440, "lr": 0.00024624830828651005, "grad_norm": 0.5962392687797546, "elapsed_seconds": 5420.718363642997, "tokens_per_second": 60933.14904816798, "loss_main": 2.4693139791488647, "loss_total": 2.4693139791488647}
{"event": "update", "optimizer_step": 10090, "tokens_seen": 330629120, "lr": 0.0002461389290783568, "grad_norm": 0.6008167862892151, "elapsed_seconds": 5425.973426001998, "tokens_per_second": 60934.52622078475, "loss_main": 2.583787202835083, "loss_total": 2.583787202835083}
{"event": "update", "optimizer_step": 10100, "tokens_seen": 330956800, "lr": 0.00024602946642099377, "grad_norm": 0.6462544202804565, "elapsed_seconds": 5431.229289014997, "tokens_per_second": 60935.8917454251, "loss_main": 2.4645612239837646, "loss_total": 2.4645612239837646}
{"event": "update", "optimizer_step": 10110, "tokens_seen": 331284480, "lr": 0.0002459199204270004, "grad_norm": 0.6454374194145203, "elapsed_seconds": 5436.483339115997, "tokens_per_second": 60937.27495058758, "loss_main": 2.769004762172699, "loss_total": 2.769004762172699}
{"event": "update", "optimizer_step": 10120, "tokens_seen": 331612160, "lr": 0.00024581029120904164, "grad_norm": 0.6063945889472961, "elapsed_seconds": 5441.732636709998, "tokens_per_second": 60938.70870519072, "loss_main": 2.4587766528129578, "loss_total": 2.4587766528129578}
{"event": "update", "optimizer_step": 10130, "tokens_seen": 331939840, "lr": 0.00024570057887986837, "grad_norm": 0.6527050137519836, "elapsed_seconds": 5446.993139776998, "tokens_per_second": 60940.01433120765, "loss_main": 2.505716919898987, "loss_total": 2.505716919898987}
{"event": "update", "optimizer_step": 10140, "tokens_seen": 332267520, "lr": 0.00024559078355231674, "grad_norm": 0.596824586391449, "elapsed_seconds": 5452.247218171998, "tokens_per_second": 60941.38924819352, "loss_main": 2.583233594894409, "loss_total": 2.583233594894409}
{"event": "update", "optimizer_step": 10150, "tokens_seen": 332595200, "lr": 0.00024548090533930815, "grad_norm": 0.6097890734672546, "elapsed_seconds": 5457.497971239997, "tokens_per_second": 60942.79865108793, "loss_main": 2.7669440507888794, "loss_total": 2.7669440507888794}
{"event": "update", "optimizer_step": 10160, "tokens_seen": 332922880, "lr": 0.0002453709443538496, "grad_norm": 0.6222730875015259, "elapsed_seconds": 5462.758292224998, "tokens_per_second": 60944.098601953614, "loss_main": 2.4823527932167053, "loss_total": 2.4823527932167053}
{"event": "update", "optimizer_step": 10170, "tokens_seen": 333250560, "lr": 0.0002452609007090328, "grad_norm": 0.611320436000824, "elapsed_seconds": 5468.020288243997, "tokens_per_second": 60945.37738209824, "loss_main": 2.644161641597748, "loss_total": 2.644161641597748}
{"event": "update", "optimizer_step": 10180, "tokens_seen": 333578240, "lr": 0.00024515077451803485, "grad_norm": 0.6266170144081116, "elapsed_seconds": 5473.277840309997, "tokens_per_second": 60946.70318821357, "loss_main": 2.506632089614868, "loss_total": 2.506632089614868}
{"event": "update", "optimizer_step": 10190, "tokens_seen": 333905920, "lr": 0.00024504056589411756, "grad_norm": 0.6408904194831848, "elapsed_seconds": 5478.538383402997, "tokens_per_second": 60947.99317488658, "loss_main": 2.401099145412445, "loss_total": 2.401099145412445}
{"event": "update", "optimizer_step": 10200, "tokens_seen": 334233600, "lr": 0.0002449302749506275, "grad_norm": 0.6593934297561646, "elapsed_seconds": 5483.783033743997, "tokens_per_second": 60949.45732595941, "loss_main": 2.726524233818054, "loss_total": 2.726524233818054}
{"event": "update", "optimizer_step": 10210, "tokens_seen": 334561280, "lr": 0.0002448199018009959, "grad_norm": 0.6145840287208557, "elapsed_seconds": 5489.050978724998, "tokens_per_second": 60950.66001331113, "loss_main": 2.6055551767349243, "loss_total": 2.6055551767349243}
{"event": "update", "optimizer_step": 10220, "tokens_seen": 334888960, "lr": 0.00024470944655873874, "grad_norm": 0.6249430179595947, "elapsed_seconds": 5494.309753801997, "tokens_per_second": 60951.96212195004, "loss_main": 2.585324764251709, "loss_total": 2.585324764251709}
{"event": "update", "optimizer_step": 10230, "tokens_seen": 335216640, "lr": 0.0002445989093374561, "grad_norm": 0.5901343822479248, "elapsed_seconds": 5499.557576666997, "tokens_per_second": 60953.38312707652, "loss_main": 2.5397045612335205, "loss_total": 2.5397045612335205}
{"event": "update", "optimizer_step": 10240, "tokens_seen": 335544320, "lr": 0.00024448829025083255, "grad_norm": 0.6356856822967529, "elapsed_seconds": 5504.809608905997, "tokens_per_second": 60954.75481243477, "loss_main": 2.597329020500183, "loss_total": 2.597329020500183}
{"event": "update", "optimizer_step": 10250, "tokens_seen": 335872000, "lr": 0.00024437758941263697, "grad_norm": 0.6060290932655334, "elapsed_seconds": 5510.067615376997, "tokens_per_second": 60956.057791864274, "loss_main": 2.6175872087478638, "loss_total": 2.6175872087478638}
{"event": "update", "optimizer_step": 10260, "tokens_seen": 336199680, "lr": 0.0002442668069367221, "grad_norm": 0.6290756464004517, "elapsed_seconds": 5515.335802578998, "tokens_per_second": 60957.2457660314, "loss_main": 2.6534435153007507, "loss_total": 2.6534435153007507}
{"event": "update", "optimizer_step": 10270, "tokens_seen": 336527360, "lr": 0.0002441559429370248, "grad_norm": 0.6548855900764465, "elapsed_seconds": 5520.599328545997, "tokens_per_second": 60958.482942219576, "loss_main": 2.53802227973938, "loss_total": 2.53802227973938}
{"event": "update", "optimizer_step": 10280, "tokens_seen": 336855040, "lr": 0.00024404499752756569, "grad_norm": 0.5990030169487, "elapsed_seconds": 5525.8598092839975, "tokens_per_second": 60959.75135562611, "loss_main": 2.516703963279724, "loss_total": 2.516703963279724}
{"event": "update", "optimizer_step": 10290, "tokens_seen": 337182720, "lr": 0.00024393397082244915, "grad_norm": 0.6162145137786865, "elapsed_seconds": 5531.123033091997, "tokens_per_second": 60960.98712371415, "loss_main": 2.544740855693817, "loss_total": 2.544740855693817}
{"event": "update", "optimizer_step": 10300, "tokens_seen": 337510400, "lr": 0.00024382286293586316, "grad_norm": 0.6849991083145142, "elapsed_seconds": 5536.3837569419975, "tokens_per_second": 60962.24806974412, "loss_main": 2.5990613102912903, "loss_total": 2.5990613102912903}
{"event": "update", "optimizer_step": 10310, "tokens_seen": 337838080, "lr": 0.00024371167398207924, "grad_norm": 0.6133512258529663, "elapsed_seconds": 5541.643850922997, "tokens_per_second": 60963.51355089895, "loss_main": 2.644739091396332, "loss_total": 2.644739091396332}
{"event": "update", "optimizer_step": 10320, "tokens_seen": 338165760, "lr": 0.00024360040407545215, "grad_norm": 0.6339508891105652, "elapsed_seconds": 5546.899800748997, "tokens_per_second": 60964.822179469964, "loss_main": 2.5567233562469482, "loss_total": 2.5567233562469482}
{"event": "update", "optimizer_step": 10330, "tokens_seen": 338493440, "lr": 0.00024348905333042008, "grad_norm": 0.6037251353263855, "elapsed_seconds": 5552.157446988997, "tokens_per_second": 60966.10970273711, "loss_main": 2.3158112168312073, "loss_total": 2.3158112168312073}
{"event": "update", "optimizer_step": 10340, "tokens_seen": 338821120, "lr": 0.00024337762186150426, "grad_norm": 0.6633670926094055, "elapsed_seconds": 5557.407416582997, "tokens_per_second": 60967.479006303634, "loss_main": 2.657656252384186, "loss_total": 2.657656252384186}
{"event": "update", "optimizer_step": 10350, "tokens_seen": 339148800, "lr": 0.00024326610978330892, "grad_norm": 0.6205028891563416, "elapsed_seconds": 5562.666644946998, "tokens_per_second": 60968.74424572524, "loss_main": 2.504555344581604, "loss_total": 2.504555344581604}
{"event": "update", "optimizer_step": 10360, "tokens_seen": 339476480, "lr": 0.0002431545172105213, "grad_norm": 0.6352402567863464, "elapsed_seconds": 5567.926725643997, "tokens_per_second": 60969.99776173159, "loss_main": 2.434118390083313, "loss_total": 2.434118390083313}
{"event": "update", "optimizer_step": 10370, "tokens_seen": 339804160, "lr": 0.0002430428442579114, "grad_norm": 0.6126681566238403, "elapsed_seconds": 5573.190029262997, "tokens_per_second": 60971.21365246826, "loss_main": 2.6113476157188416, "loss_total": 2.6113476157188416}
{"event": "update", "optimizer_step": 10380, "tokens_seen": 340131840, "lr": 0.00024293109104033174, "grad_norm": 0.5740767121315002, "elapsed_seconds": 5578.451110199998, "tokens_per_second": 60972.451542701725, "loss_main": 2.6297541856765747, "loss_total": 2.6297541856765747}
{"event": "update", "optimizer_step": 10390, "tokens_seen": 340459520, "lr": 0.00024281925767271755, "grad_norm": 0.6312158703804016, "elapsed_seconds": 5583.711057339998, "tokens_per_second": 60973.69948118164, "loss_main": 2.69260972738266, "loss_total": 2.69260972738266}
{"event": "update", "optimizer_step": 10400, "tokens_seen": 340787200, "lr": 0.0002427073442700865, "grad_norm": 0.6343356370925903, "elapsed_seconds": 5588.966341066997, "tokens_per_second": 60974.995947987736, "loss_main": 2.4656739830970764, "loss_total": 2.4656739830970764}
{"event": "update", "optimizer_step": 10410, "tokens_seen": 341114880, "lr": 0.0002425953509475384, "grad_norm": 0.6464175581932068, "elapsed_seconds": 5594.224033254997, "tokens_per_second": 60976.2637270575, "loss_main": 2.567245304584503, "loss_total": 2.567245304584503}
{"event": "update", "optimizer_step": 10420, "tokens_seen": 341442560, "lr": 0.00024248327782025553, "grad_norm": 0.6396137475967407, "elapsed_seconds": 5599.477173777997, "tokens_per_second": 60977.57869233832, "loss_main": 2.5816048979759216, "loss_total": 2.5816048979759216}
{"event": "update", "optimizer_step": 10430, "tokens_seen": 341770240, "lr": 0.000242371125003502, "grad_norm": 0.5852077007293701, "elapsed_seconds": 5604.732549146997, "tokens_per_second": 60978.866877780834, "loss_main": 2.496387541294098, "loss_total": 2.496387541294098}
{"event": "update", "optimizer_step": 10440, "tokens_seen": 342097920, "lr": 0.00024225889261262395, "grad_norm": 0.6370982527732849, "elapsed_seconds": 5609.994356448998, "tokens_per_second": 60980.08273515277, "loss_main": 2.4221341609954834, "loss_total": 2.4221341609954834}
{"event": "update", "optimizer_step": 10450, "tokens_seen": 342425600, "lr": 0.00024214658076304946, "grad_norm": 0.6453391909599304, "elapsed_seconds": 5615.249759923998, "tokens_per_second": 60981.36585907351, "loss_main": 2.7747297286987305, "loss_total": 2.7747297286987305}
{"event": "update", "optimizer_step": 10460, "tokens_seen": 342753280, "lr": 0.00024203418957028812, "grad_norm": 0.618769109249115, "elapsed_seconds": 5620.514280882998, "tokens_per_second": 60982.547658637486, "loss_main": 2.606785774230957, "loss_total": 2.606785774230957}
{"event": "update", "optimizer_step": 10470, "tokens_seen": 343080960, "lr": 0.00024192171914993142, "grad_norm": 0.623131275177002, "elapsed_seconds": 5625.773990453998, "tokens_per_second": 60983.7794021145, "loss_main": 2.5458000898361206, "loss_total": 2.5458000898361206}
{"event": "update", "optimizer_step": 10480, "tokens_seen": 343408640, "lr": 0.00024180916961765207, "grad_norm": 0.6171345710754395, "elapsed_seconds": 5631.028776957997, "tokens_per_second": 60985.06216221412, "loss_main": 2.573713719844818, "loss_total": 2.573713719844818}
{"event": "update", "optimizer_step": 10490, "tokens_seen": 343736320, "lr": 0.0002416965410892042, "grad_norm": 0.6494528651237488, "elapsed_seconds": 5636.295500350998, "tokens_per_second": 60986.21336986217, "loss_main": 2.6634313464164734, "loss_total": 2.6634313464164734}
{"event": "update", "optimizer_step": 10500, "tokens_seen": 344064000, "lr": 0.00024158383368042336, "grad_norm": 0.6139212250709534, "elapsed_seconds": 5641.553311704997, "tokens_per_second": 60987.45877064424, "loss_main": 2.473677635192871, "loss_total": 2.473677635192871}
{"event": "update", "optimizer_step": 10510, "tokens_seen": 344391680, "lr": 0.00024147104750722596, "grad_norm": 0.6562261581420898, "elapsed_seconds": 5646.812440019998, "tokens_per_second": 60988.687628303865, "loss_main": 2.51428759098053, "loss_total": 2.51428759098053}
{"event": "update", "optimizer_step": 10520, "tokens_seen": 344719360, "lr": 0.00024135818268560967, "grad_norm": 0.6594046950340271, "elapsed_seconds": 5652.064905490997, "tokens_per_second": 60989.98609607334, "loss_main": 2.588005542755127, "loss_total": 2.588005542755127}
{"event": "update", "optimizer_step": 10530, "tokens_seen": 345047040, "lr": 0.00024124523933165284, "grad_norm": 0.6479841470718384, "elapsed_seconds": 5657.321687135997, "tokens_per_second": 60991.235620309766, "loss_main": 2.6619162559509277, "loss_total": 2.6619162559509277}
{"event": "update", "optimizer_step": 10540, "tokens_seen": 345374720, "lr": 0.00024113221756151467, "grad_norm": 0.6072733402252197, "elapsed_seconds": 5662.590558938998, "tokens_per_second": 60992.35259995789, "loss_main": 2.560996890068054, "loss_total": 2.560996890068054}
{"event": "update", "optimizer_step": 10550, "tokens_seen": 345702400, "lr": 0.0002410191174914351, "grad_norm": 0.6050100922584534, "elapsed_seconds": 5667.8532265569975, "tokens_per_second": 60993.53426800025, "loss_main": 2.6894761323928833, "loss_total": 2.6894761323928833}
{"event": "update", "optimizer_step": 10560, "tokens_seen": 346030080, "lr": 0.0002409059392377344, "grad_norm": 0.6326128244400024, "elapsed_seconds": 5673.094032895998, "tokens_per_second": 60994.94878694242, "loss_main": 2.547057330608368, "loss_total": 2.547057330608368}
{"event": "update", "optimizer_step": 10570, "tokens_seen": 346357760, "lr": 0.0002407926829168135, "grad_norm": 0.5860044956207275, "elapsed_seconds": 5678.341918254998, "tokens_per_second": 60996.284652481554, "loss_main": 2.377057731151581, "loss_total": 2.377057731151581}
{"event": "update", "optimizer_step": 10580, "tokens_seen": 346685440, "lr": 0.00024067934864515337, "grad_norm": 0.6804351210594177, "elapsed_seconds": 5683.5937474409975, "tokens_per_second": 60997.575725058276, "loss_main": 2.508311927318573, "loss_total": 2.508311927318573}
{"event": "update", "optimizer_step": 10590, "tokens_seen": 347013120, "lr": 0.00024056593653931532, "grad_norm": 0.6452032327651978, "elapsed_seconds": 5688.844965555997, "tokens_per_second": 60998.870966082795, "loss_main": 2.5197724103927612, "loss_total": 2.5197724103927612}
{"event": "update", "optimizer_step": 10600, "tokens_seen": 347340800, "lr": 0.00024045244671594063, "grad_norm": 0.6296552419662476, "elapsed_seconds": 5694.0915505879975, "tokens_per_second": 61000.213451807256, "loss_main": 2.5962594151496887, "loss_total": 2.5962594151496887}
{"event": "update", "optimizer_step": 10610, "tokens_seen": 347668480, "lr": 0.0002403388792917506, "grad_norm": 0.5935454964637756, "elapsed_seconds": 5699.346632552997, "tokens_per_second": 61001.46252102295, "loss_main": 2.548185169696808, "loss_total": 2.548185169696808}
{"event": "update", "optimizer_step": 10620, "tokens_seen": 347996160, "lr": 0.00024022523438354615, "grad_norm": 0.6064451336860657, "elapsed_seconds": 5704.592215082997, "tokens_per_second": 61002.81087224688, "loss_main": 2.5525879859924316, "loss_total": 2.5525879859924316}
{"event": "update", "optimizer_step": 10630, "tokens_seen": 348323840, "lr": 0.00024011151210820818, "grad_norm": 0.6353085041046143, "elapsed_seconds": 5709.8407327669975, "tokens_per_second": 61004.125386734166, "loss_main": 2.551077961921692, "loss_total": 2.551077961921692}
{"event": "update", "optimizer_step": 10640, "tokens_seen": 348651520, "lr": 0.00023999771258269686, "grad_norm": 0.6296775937080383, "elapsed_seconds": 5715.086830355997, "tokens_per_second": 61005.46332001787, "loss_main": 2.467935621738434, "loss_total": 2.467935621738434}
{"event": "update", "optimizer_step": 10650, "tokens_seen": 348979200, "lr": 0.000239883835924052, "grad_norm": 0.6094362735748291, "elapsed_seconds": 5720.334796520998, "tokens_per_second": 61006.77887109732, "loss_main": 2.648684799671173, "loss_total": 2.648684799671173}
{"event": "update", "optimizer_step": 10660, "tokens_seen": 349306880, "lr": 0.0002397698822493927, "grad_norm": 0.6766563057899475, "elapsed_seconds": 5725.5876264109975, "tokens_per_second": 61008.04018590455, "loss_main": 2.534668743610382, "loss_total": 2.534668743610382}
{"event": "update", "optimizer_step": 10670, "tokens_seen": 349634560, "lr": 0.00023965585167591718, "grad_norm": 0.6328523755073547, "elapsed_seconds": 5730.834644274997, "tokens_per_second": 61009.361062141055, "loss_main": 2.7474365830421448, "loss_total": 2.7474365830421448}
{"event": "update", "optimizer_step": 10680, "tokens_seen": 349962240, "lr": 0.00023954174432090294, "grad_norm": 0.6235818266868591, "elapsed_seconds": 5736.0734451459975, "tokens_per_second": 61010.76692038286, "loss_main": 2.600883960723877, "loss_total": 2.600883960723877}
{"event": "update", "optimizer_step": 10690, "tokens_seen": 350289920, "lr": 0.00023942756030170627, "grad_norm": 0.6286314129829407, "elapsed_seconds": 5741.318989127997, "tokens_per_second": 61012.098554935495, "loss_main": 2.586417019367218, "loss_total": 2.586417019367218}
{"event": "update", "optimizer_step": 10700, "tokens_seen": 350617600, "lr": 0.00023931329973576234, "grad_norm": 0.6175344586372375, "elapsed_seconds": 5746.588140069997, "tokens_per_second": 61013.17711551349, "loss_main": 2.5310500264167786, "loss_total": 2.5310500264167786}
{"event": "update", "optimizer_step": 10710, "tokens_seen": 350945280, "lr": 0.00023919896274058512, "grad_norm": 0.6627159118652344, "elapsed_seconds": 5751.848742531997, "tokens_per_second": 61014.34438025779, "loss_main": 2.5719874501228333, "loss_total": 2.5719874501228333}
{"event": "update", "optimizer_step": 10720, "tokens_seen": 351272960, "lr": 0.0002390845494337671, "grad_norm": 0.6687450408935547, "elapsed_seconds": 5757.093355273997, "tokens_per_second": 61015.67897595468, "loss_main": 2.487269341945648, "loss_total": 2.487269341945648}
{"event": "update", "optimizer_step": 10730, "tokens_seen": 351600640, "lr": 0.0002389700599329793, "grad_norm": 0.6131973266601562, "elapsed_seconds": 5762.348820790998, "tokens_per_second": 61016.89622318556, "loss_main": 2.502685248851776, "loss_total": 2.502685248851776}
{"event": "update", "optimizer_step": 10740, "tokens_seen": 351928320, "lr": 0.00023885549435597117, "grad_norm": 0.6308957934379578, "elapsed_seconds": 5767.597499037997, "tokens_per_second": 61018.18305779827, "loss_main": 2.736487030982971, "loss_total": 2.736487030982971}
{"event": "update", "optimizer_step": 10750, "tokens_seen": 352256000, "lr": 0.00023874085282057025, "grad_norm": 0.6215124130249023, "elapsed_seconds": 5772.858366655997, "tokens_per_second": 61019.338710027776, "loss_main": 2.4159207344055176, "loss_total": 2.4159207344055176}
{"event": "update", "optimizer_step": 10760, "tokens_seen": 352583680, "lr": 0.0002386261354446823, "grad_norm": 0.6289451122283936, "elapsed_seconds": 5778.107408540997, "tokens_per_second": 61020.617145126635, "loss_main": 2.683156371116638, "loss_total": 2.683156371116638}
{"event": "update", "optimizer_step": 10770, "tokens_seen": 352911360, "lr": 0.00023851134234629105, "grad_norm": 0.6259480714797974, "elapsed_seconds": 5783.370735998998, "tokens_per_second": 61021.74252867423, "loss_main": 2.5762144327163696, "loss_total": 2.5762144327163696}
{"event": "update", "optimizer_step": 10780, "tokens_seen": 353239040, "lr": 0.0002383964736434581, "grad_norm": 0.6372607350349426, "elapsed_seconds": 5788.619346386998, "tokens_per_second": 61023.02101112873, "loss_main": 2.554012954235077, "loss_total": 2.554012954235077}
{"event": "update", "optimizer_step": 10790, "tokens_seen": 353566720, "lr": 0.0002382815294543229, "grad_norm": 0.5989810228347778, "elapsed_seconds": 5793.869799969997, "tokens_per_second": 61024.27776368584, "loss_main": 2.46938019990921, "loss_total": 2.46938019990921}
{"event": "update", "optimizer_step": 10800, "tokens_seen": 353894400, "lr": 0.00023816650989710243, "grad_norm": 0.6217582821846008, "elapsed_seconds": 5799.112232444997, "tokens_per_second": 61025.61664870427, "loss_main": 2.449231207370758, "loss_total": 2.449231207370758}
{"event": "update", "optimizer_step": 10810, "tokens_seen": 354222080, "lr": 0.00023805141509009118, "grad_norm": 0.6114863753318787, "elapsed_seconds": 5804.367805577997, "tokens_per_second": 61026.81495469542, "loss_main": 2.5561023354530334, "loss_total": 2.5561023354530334}
{"event": "update", "optimizer_step": 10820, "tokens_seen": 354549760, "lr": 0.00023793624515166113, "grad_norm": 0.6369818449020386, "elapsed_seconds": 5809.636632362997, "tokens_per_second": 61027.87186808813, "loss_main": 2.3844807147979736, "loss_total": 2.3844807147979736}
{"event": "update", "optimizer_step": 10830, "tokens_seen": 354877440, "lr": 0.0002378210002002614, "grad_norm": 0.6329612135887146, "elapsed_seconds": 5814.887304215998, "tokens_per_second": 61029.11740743477, "loss_main": 2.6652196645736694, "loss_total": 2.6652196645736694}
{"event": "update", "optimizer_step": 10840, "tokens_seen": 355205120, "lr": 0.00023770568035441837, "grad_norm": 0.6219131350517273, "elapsed_seconds": 5820.142320347997, "tokens_per_second": 61030.315145070475, "loss_main": 2.678345739841461, "loss_total": 2.678345739841461}
{"event": "update", "optimizer_step": 10850, "tokens_seen": 355532800, "lr": 0.00023759028573273539, "grad_norm": 0.6185298562049866, "elapsed_seconds": 5825.407813564997, "tokens_per_second": 61031.40095567374, "loss_main": 2.4960370659828186, "loss_total": 2.4960370659828186}
{"event": "update", "optimizer_step": 10860, "tokens_seen": 355860480, "lr": 0.00023747481645389277, "grad_norm": 0.6323504447937012, "elapsed_seconds": 5830.672969173997, "tokens_per_second": 61032.488339062686, "loss_main": 2.7232550382614136, "loss_total": 2.7232550382614136}
{"event": "update", "optimizer_step": 10870, "tokens_seen": 356188160, "lr": 0.00023735927263664753, "grad_norm": 0.6581398844718933, "elapsed_seconds": 5835.922499862997, "tokens_per_second": 61033.737169806795, "loss_main": 2.571671962738037, "loss_total": 2.571671962738037}
{"event": "update", "optimizer_step": 10880, "tokens_seen": 356515840, "lr": 0.00023724365439983336, "grad_norm": 0.6324718594551086, "elapsed_seconds": 5841.161125616997, "tokens_per_second": 61035.09770282899, "loss_main": 2.632234752178192, "loss_total": 2.632234752178192}
{"event": "update", "optimizer_step": 10890, "tokens_seen": 356843520, "lr": 0.00023712796186236052, "grad_norm": 0.6293392181396484, "elapsed_seconds": 5846.416997407998, "tokens_per_second": 61036.275749438704, "loss_main": 2.553014576435089, "loss_total": 2.553014576435089}
{"event": "update", "optimizer_step": 10900, "tokens_seen": 357171200, "lr": 0.0002370121951432157, "grad_norm": 0.5957982540130615, "elapsed_seconds": 5851.6788182229975, "tokens_per_second": 61037.389627010256, "loss_main": 2.3793912529945374, "loss_total": 2.3793912529945374}
{"event": "update", "optimizer_step": 10910, "tokens_seen": 357498880, "lr": 0.00023689635436146186, "grad_norm": 0.6140696406364441, "elapsed_seconds": 5856.940344713998, "tokens_per_second": 61038.50457050492, "loss_main": 2.6148287057876587, "loss_total": 2.6148287057876587}
{"event": "update", "optimizer_step": 10920, "tokens_seen": 357826560, "lr": 0.0002367804396362381, "grad_norm": 0.6189295649528503, "elapsed_seconds": 5862.193915770998, "tokens_per_second": 61039.700347909515, "loss_main": 2.545556902885437, "loss_total": 2.545556902885437}
{"event": "update", "optimizer_step": 10930, "tokens_seen": 358154240, "lr": 0.0002366644510867597, "grad_norm": 0.6405278444290161, "elapsed_seconds": 5867.446018421997, "tokens_per_second": 61040.909260264954, "loss_main": 2.4948655366897583, "loss_total": 2.4948655366897583}
{"event": "update", "optimizer_step": 10940, "tokens_seen": 358481920, "lr": 0.00023654838883231766, "grad_norm": 0.6136365532875061, "elapsed_seconds": 5872.703232657997, "tokens_per_second": 61042.06287940594, "loss_main": 2.4934701919555664, "loss_total": 2.4934701919555664}
{"event": "update", "optimizer_step": 10950, "tokens_seen": 358809600, "lr": 0.00023643225299227897, "grad_norm": 0.6491262912750244, "elapsed_seconds": 5877.951130111997, "tokens_per_second": 61043.311190844026, "loss_main": 2.500953495502472, "loss_total": 2.500953495502472}
{"event": "update", "optimizer_step": 10960, "tokens_seen": 359137280, "lr": 0.00023631604368608614, "grad_norm": 0.693567156791687, "elapsed_seconds": 5883.211654199998, "tokens_per_second": 61044.42626054658, "loss_main": 2.5148136615753174, "loss_total": 2.5148136615753174}
{"event": "update", "optimizer_step": 10970, "tokens_seen": 359464960, "lr": 0.00023619976103325736, "grad_norm": 0.6278253793716431, "elapsed_seconds": 5888.468679621998, "tokens_per_second": 61045.575608474726, "loss_main": 2.4542333483695984, "loss_total": 2.4542333483695984}
{"event": "update", "optimizer_step": 10980, "tokens_seen": 359792640, "lr": 0.00023608340515338626, "grad_norm": 0.6687536835670471, "elapsed_seconds": 5893.729819811997, "tokens_per_second": 61046.68028563904, "loss_main": 2.64373242855072, "loss_total": 2.64373242855072}
{"event": "evaluation", "tokens_seen": 360022016, "elapsed_seconds": 5897.414114277997, "parameters": 71199040, "main_loss": 2.6481646075844765, "perplexity": 14.128084255727979}
{"event": "update", "optimizer_step": 10990, "tokens_seen": 360120320, "lr": 0.00023596697616614165, "grad_norm": 0.7383743524551392, "elapsed_seconds": 5901.349287698998, "tokens_per_second": 61023.38676184594, "loss_main": 2.6753385066986084, "loss_total": 2.6753385066986084}
{"event": "update", "optimizer_step": 11000, "tokens_seen": 360448000, "lr": 0.0002358504741912677, "grad_norm": 0.6280733346939087, "elapsed_seconds": 5906.605296155997, "tokens_per_second": 61024.561812955166, "loss_main": 2.5150437355041504, "loss_total": 2.5150437355041504}
{"event": "update", "optimizer_step": 11010, "tokens_seen": 360775680, "lr": 0.00023573389934858352, "grad_norm": 0.6695913076400757, "elapsed_seconds": 5911.863769809997, "tokens_per_second": 61025.709327465614, "loss_main": 2.498807966709137, "loss_total": 2.498807966709137}
{"event": "update", "optimizer_step": 11020, "tokens_seen": 361103360, "lr": 0.00023561725175798323, "grad_norm": 0.6242417693138123, "elapsed_seconds": 5917.129155569997, "tokens_per_second": 61026.783513772214, "loss_main": 2.37063866853714, "loss_total": 2.37063866853714}
{"event": "update", "optimizer_step": 11030, "tokens_seen": 361431040, "lr": 0.0002355005315394357, "grad_norm": 0.6655864119529724, "elapsed_seconds": 5922.387809810997, "tokens_per_second": 61027.92515567035, "loss_main": 2.581165134906769, "loss_total": 2.581165134906769}
{"event": "update", "optimizer_step": 11040, "tokens_seen": 361758720, "lr": 0.0002353837388129846, "grad_norm": 0.6125121712684631, "elapsed_seconds": 5927.651234888997, "tokens_per_second": 61029.015653073315, "loss_main": 2.3671228289604187, "loss_total": 2.3671228289604187}
{"event": "update", "optimizer_step": 11050, "tokens_seen": 362086400, "lr": 0.0002352668736987481, "grad_norm": 0.6405490040779114, "elapsed_seconds": 5932.908396401997, "tokens_per_second": 61030.16864706468, "loss_main": 2.601962924003601, "loss_total": 2.601962924003601}
{"event": "update", "optimizer_step": 11060, "tokens_seen": 362414080, "lr": 0.00023514993631691875, "grad_norm": 0.610655665397644, "elapsed_seconds": 5938.171685909997, "tokens_per_second": 61031.25661723971, "loss_main": 2.4271209239959717, "loss_total": 2.4271209239959717}
{"event": "update", "optimizer_step": 11070, "tokens_seen": 362741760, "lr": 0.00023503292678776362, "grad_norm": 0.6168534755706787, "elapsed_seconds": 5943.435226241997, "tokens_per_second": 61032.340084803065, "loss_main": 2.4871512055397034, "loss_total": 2.4871512055397034}
{"event": "update", "optimizer_step": 11080, "tokens_seen": 363069440, "lr": 0.00023491584523162385, "grad_norm": 0.6280677318572998, "elapsed_seconds": 5948.702794739997, "tokens_per_second": 61033.38030621327, "loss_main": 2.476056754589081, "loss_total": 2.476056754589081}
{"event": "update", "optimizer_step": 11090, "tokens_seen": 363397120, "lr": 0.00023479869176891457, "grad_norm": 0.6533532738685608, "elapsed_seconds": 5953.967826261997, "tokens_per_second": 61034.44469369041, "loss_main": 2.54377543926239, "loss_total": 2.54377543926239}
{"event": "update", "optimizer_step": 11100, "tokens_seen": 363724800, "lr": 0.0002346814665201251, "grad_norm": 3.4367117881774902, "elapsed_seconds": 5959.231329933998, "tokens_per_second": 61035.522848888715, "loss_main": 2.658139944076538, "loss_total": 2.658139944076538}
{"event": "update", "optimizer_step": 11110, "tokens_seen": 364052480, "lr": 0.0002345641696058184, "grad_norm": 0.6450113654136658, "elapsed_seconds": 5964.4810237349975, "tokens_per_second": 61036.74042239268, "loss_main": 2.571801006793976, "loss_total": 2.571801006793976}
{"event": "update", "optimizer_step": 11120, "tokens_seen": 364380160, "lr": 0.0002344468011466312, "grad_norm": 0.6341367959976196, "elapsed_seconds": 5969.735892041997, "tokens_per_second": 61037.902947388306, "loss_main": 2.6603073477745056, "loss_total": 2.6603073477745056}
{"event": "update", "optimizer_step": 11130, "tokens_seen": 364707840, "lr": 0.00023432936126327382, "grad_norm": 0.6425647139549255, "elapsed_seconds": 5974.990142262997, "tokens_per_second": 61039.069741773455, "loss_main": 2.5159274339675903, "loss_total": 2.5159274339675903}
{"event": "update", "optimizer_step": 11140, "tokens_seen": 365035520, "lr": 0.00023421185007653, "grad_norm": 0.6263904571533203, "elapsed_seconds": 5980.241044565997, "tokens_per_second": 61040.26865801555, "loss_main": 2.4787734746932983, "loss_total": 2.4787734746932983}
{"event": "update", "optimizer_step": 11150, "tokens_seen": 365363200, "lr": 0.0002340942677072569, "grad_norm": 0.6871800422668457, "elapsed_seconds": 5985.512456797997, "tokens_per_second": 61041.25630630702, "loss_main": 2.577985405921936, "loss_total": 2.577985405921936}
{"event": "update", "optimizer_step": 11160, "tokens_seen": 365690880, "lr": 0.00023397661427638477, "grad_norm": 0.6587963104248047, "elapsed_seconds": 5990.780964810998, "tokens_per_second": 61042.271808636746, "loss_main": 2.4599324464797974, "loss_total": 2.4599324464797974}
{"event": "update", "optimizer_step": 11170, "tokens_seen": 366018560, "lr": 0.00023385888990491702, "grad_norm": 0.64406818151474, "elapsed_seconds": 5996.033302276997, "tokens_per_second": 61043.450152453996, "loss_main": 2.640133321285248, "loss_total": 2.640133321285248}
{"event": "update", "optimizer_step": 11180, "tokens_seen": 366346240, "lr": 0.00023374109471393001, "grad_norm": 0.6082624793052673, "elapsed_seconds": 6001.280126525998, "tokens_per_second": 61044.682513773834, "loss_main": 2.4121736884117126, "loss_total": 2.4121736884117126}
{"event": "update", "optimizer_step": 11190, "tokens_seen": 366673920, "lr": 0.00023362322882457295, "grad_norm": 0.6304207444190979, "elapsed_seconds": 6006.534666091998, "tokens_per_second": 61045.834309413425, "loss_main": 2.4673341512680054, "loss_total": 2.4673341512680054}
{"event": "update", "optimizer_step": 11200, "tokens_seen": 367001600, "lr": 0.00023350529235806772, "grad_norm": 0.6833173632621765, "elapsed_seconds": 6011.791923104997, "tokens_per_second": 61046.95649719849, "loss_main": 2.639664649963379, "loss_total": 2.639664649963379}
{"event": "update", "optimizer_step": 11210, "tokens_seen": 367329280, "lr": 0.00023338728543570875, "grad_norm": 0.6522391438484192, "elapsed_seconds": 6017.058020942997, "tokens_per_second": 61047.98702646246, "loss_main": 2.6433653831481934, "loss_total": 2.6433653831481934}
{"event": "update", "optimizer_step": 11220, "tokens_seen": 367656960, "lr": 0.00023326920817886315, "grad_norm": 0.6241481304168701, "elapsed_seconds": 6022.317055975997, "tokens_per_second": 61049.087350054215, "loss_main": 2.506687045097351, "loss_total": 2.506687045097351}
{"event": "update", "optimizer_step": 11230, "tokens_seen": 367984640, "lr": 0.00023315106070897007, "grad_norm": 0.6809499859809875, "elapsed_seconds": 6027.571347156997, "tokens_per_second": 61050.23380163986, "loss_main": 2.612305164337158, "loss_total": 2.612305164337158}
{"event": "update", "optimizer_step": 11240, "tokens_seen": 368312320, "lr": 0.000233032843147541, "grad_norm": 0.6089232563972473, "elapsed_seconds": 6032.826103507998, "tokens_per_second": 61051.37354876381, "loss_main": 2.579543709754944, "loss_total": 2.579543709754944}
{"event": "update", "optimizer_step": 11250, "tokens_seen": 368640000, "lr": 0.00023291455561615966, "grad_norm": 0.6071445941925049, "elapsed_seconds": 6038.073336063997, "tokens_per_second": 61052.58738713882, "loss_main": 2.655470609664917, "loss_total": 2.655470609664917}
{"event": "update", "optimizer_step": 11260, "tokens_seen": 368967680, "lr": 0.0002327961982364815, "grad_norm": 0.6428743600845337, "elapsed_seconds": 6043.3341480519975, "tokens_per_second": 61053.661929141, "loss_main": 2.5620608925819397, "loss_total": 2.5620608925819397}
{"event": "update", "optimizer_step": 11270, "tokens_seen": 369295360, "lr": 0.00023267777113023392, "grad_norm": 0.6053162217140198, "elapsed_seconds": 6048.592971556997, "tokens_per_second": 61054.75467378621, "loss_main": 2.3996457755565643, "loss_total": 2.3996457755565643}
{"event": "update", "optimizer_step": 11280, "tokens_seen": 369623040, "lr": 0.00023255927441921597, "grad_norm": 0.6805499196052551, "elapsed_seconds": 6053.846751252998, "tokens_per_second": 61055.89638910121, "loss_main": 2.6078706979751587, "loss_total": 2.6078706979751587}
{"event": "update", "optimizer_step": 11290, "tokens_seen": 369950720, "lr": 0.00023244070822529847, "grad_norm": 0.6328881978988647, "elapsed_seconds": 6059.096051970997, "tokens_per_second": 61057.08125878887, "loss_main": 2.6529992818832397, "loss_total": 2.6529992818832397}
{"event": "update", "optimizer_step": 11300, "tokens_seen": 370278400, "lr": 0.00023232207267042345, "grad_norm": 0.6445916891098022, "elapsed_seconds": 6064.348209091997, "tokens_per_second": 61058.23531782999, "loss_main": 2.6807645559310913, "loss_total": 2.6807645559310913}
{"event": "update", "optimizer_step": 11310, "tokens_seen": 370606080, "lr": 0.00023220336787660442, "grad_norm": 0.6457890868186951, "elapsed_seconds": 6069.611745741998, "tokens_per_second": 61059.27290324468, "loss_main": 2.712854027748108, "loss_total": 2.712854027748108}
{"event": "update", "optimizer_step": 11320, "tokens_seen": 370933760, "lr": 0.00023208459396592608, "grad_norm": 0.6503467559814453, "elapsed_seconds": 6074.876479441998, "tokens_per_second": 61060.29665875145, "loss_main": 2.5255634784698486, "loss_total": 2.5255634784698486}
{"event": "update", "optimizer_step": 11330, "tokens_seen": 371261440, "lr": 0.0002319657510605442, "grad_norm": 0.6270347237586975, "elapsed_seconds": 6080.146027234998, "tokens_per_second": 61061.270294660106, "loss_main": 2.5464502573013306, "loss_total": 2.5464502573013306}
{"event": "update", "optimizer_step": 11340, "tokens_seen": 371589120, "lr": 0.0002318468392826856, "grad_norm": 0.6752033829689026, "elapsed_seconds": 6085.411540980997, "tokens_per_second": 61062.28272280465, "loss_main": 2.461923658847809, "loss_total": 2.461923658847809}
{"event": "update", "optimizer_step": 11350, "tokens_seen": 371916800, "lr": 0.0002317278587546477, "grad_norm": 0.634708046913147, "elapsed_seconds": 6090.687328043998, "tokens_per_second": 61063.19040341211, "loss_main": 2.521026372909546, "loss_total": 2.521026372909546}
{"event": "update", "optimizer_step": 11360, "tokens_seen": 372244480, "lr": 0.00023160880959879887, "grad_norm": 0.6322864294052124, "elapsed_seconds": 6095.950215747997, "tokens_per_second": 61064.225727821846, "loss_main": 2.6647191643714905, "loss_total": 2.6647191643714905}
{"event": "update", "optimizer_step": 11370, "tokens_seen": 372572160, "lr": 0.000231489691937578, "grad_norm": 0.694279134273529, "elapsed_seconds": 6101.202709506997, "tokens_per_second": 61065.36329623203, "loss_main": 2.6255573630332947, "loss_total": 2.6255573630332947}
{"event": "update", "optimizer_step": 11380, "tokens_seen": 372899840, "lr": 0.0002313705058934943, "grad_norm": 0.678180992603302, "elapsed_seconds": 6106.463655110997, "tokens_per_second": 61066.41438664582, "loss_main": 2.6849952340126038, "loss_total": 2.6849952340126038}
{"event": "update", "optimizer_step": 11390, "tokens_seen": 373227520, "lr": 0.0002312512515891275, "grad_norm": 0.8605707883834839, "elapsed_seconds": 6111.739550566997, "tokens_per_second": 61067.314291129274, "loss_main": 2.6908016204833984, "loss_total": 2.6908016204833984}
{"event": "update", "optimizer_step": 11400, "tokens_seen": 373555200, "lr": 0.00023113192914712744, "grad_norm": 0.6445306539535522, "elapsed_seconds": 6117.014592480998, "tokens_per_second": 61068.2211644831, "loss_main": 2.62536758184433, "loss_total": 2.62536758184433}
{"event": "update", "optimizer_step": 11410, "tokens_seen": 373882880, "lr": 0.00023101253869021405, "grad_norm": 0.6693913340568542, "elapsed_seconds": 6122.274458443997, "tokens_per_second": 61069.2778538099, "loss_main": 2.846506357192993, "loss_total": 2.846506357192993}
{"event": "update", "optimizer_step": 11420, "tokens_seen": 374210560, "lr": 0.00023089308034117712, "grad_norm": 0.6420950293540955, "elapsed_seconds": 6127.549205019997, "tokens_per_second": 61070.184421110454, "loss_main": 2.445036232471466, "loss_total": 2.445036232471466}
{"event": "update", "optimizer_step": 11430, "tokens_seen": 374538240, "lr": 0.0002307735542228765, "grad_norm": 0.6447274088859558, "elapsed_seconds": 6132.803147829997, "tokens_per_second": 61071.29659502032, "loss_main": 2.5786656737327576, "loss_total": 2.5786656737327576}
{"event": "update", "optimizer_step": 11440, "tokens_seen": 374865920, "lr": 0.0002306539604582415, "grad_norm": 0.6190732717514038, "elapsed_seconds": 6138.066841850998, "tokens_per_second": 61072.309842581526, "loss_main": 2.6482759714126587, "loss_total": 2.6482759714126587}
{"event": "update", "optimizer_step": 11450, "tokens_seen": 375193600, "lr": 0.0002305342991702711, "grad_norm": 0.6354818940162659, "elapsed_seconds": 6143.336421629998, "tokens_per_second": 61073.2628411795, "loss_main": 2.4278404116630554, "loss_total": 2.4278404116630554}
{"event": "update", "optimizer_step": 11460, "tokens_seen": 375521280, "lr": 0.00023041457048203373, "grad_norm": 0.629260778427124, "elapsed_seconds": 6148.604394513997, "tokens_per_second": 61074.23016758948, "loss_main": 2.575241208076477, "loss_total": 2.575241208076477}
{"event": "update", "optimizer_step": 11470, "tokens_seen": 375848960, "lr": 0.0002302947745166672, "grad_norm": 0.6522594690322876, "elapsed_seconds": 6153.864260505998, "tokens_per_second": 61075.276296246426, "loss_main": 2.557409882545471, "loss_total": 2.557409882545471}
{"event": "update", "optimizer_step": 11480, "tokens_seen": 376176640, "lr": 0.00023017491139737834, "grad_norm": 0.6724734306335449, "elapsed_seconds": 6159.1316655659975, "tokens_per_second": 61076.245877823916, "loss_main": 2.688554346561432, "loss_total": 2.688554346561432}
{"event": "update", "optimizer_step": 11490, "tokens_seen": 376504320, "lr": 0.00023005498124744318, "grad_norm": 0.6653757691383362, "elapsed_seconds": 6164.391527606997, "tokens_per_second": 61077.288539159046, "loss_main": 2.349593997001648, "loss_total": 2.349593997001648}
{"event": "update", "optimizer_step": 11500, "tokens_seen": 376832000, "lr": 0.00022993498419020668, "grad_norm": 0.675481379032135, "elapsed_seconds": 6169.644635036997, "tokens_per_second": 61078.39629206461, "loss_main": 2.560027003288269, "loss_total": 2.560027003288269}
{"event": "update", "optimizer_step": 11510, "tokens_seen": 377159680, "lr": 0.0002298149203490826, "grad_norm": 0.6448995471000671, "elapsed_seconds": 6174.907709914997, "tokens_per_second": 61079.40356653394, "loss_main": 2.4285396337509155, "loss_total": 2.4285396337509155}
{"event": "update", "optimizer_step": 11520, "tokens_seen": 377487360, "lr": 0.00022969478984755334, "grad_norm": 0.6184192895889282, "elapsed_seconds": 6180.171086524997, "tokens_per_second": 61080.40614329572, "loss_main": 2.4284855723381042, "loss_total": 2.4284855723381042}
{"event": "update", "optimizer_step": 11530, "tokens_seen": 377815040, "lr": 0.0002295745928091699, "grad_norm": 0.6935481429100037, "elapsed_seconds": 6185.435363770997, "tokens_per_second": 61081.39811999623, "loss_main": 2.725194573402405, "loss_total": 2.725194573402405}
{"event": "update", "optimizer_step": 11540, "tokens_seen": 378142720, "lr": 0.00022945432935755176, "grad_norm": 0.6601178050041199, "elapsed_seconds": 6190.707712031997, "tokens_per_second": 61082.308774658806, "loss_main": 2.6190691590309143, "loss_total": 2.6190691590309143}
{"event": "update", "optimizer_step": 11550, "tokens_seen": 378470400, "lr": 0.00022933399961638662, "grad_norm": 0.6377421021461487, "elapsed_seconds": 6195.964964395997, "tokens_per_second": 61083.36670313863, "loss_main": 2.5318576097488403, "loss_total": 2.5318576097488403}
{"event": "update", "optimizer_step": 11560, "tokens_seen": 378798080, "lr": 0.00022921360370943032, "grad_norm": 0.6444842219352722, "elapsed_seconds": 6201.223145160998, "tokens_per_second": 61084.413692738606, "loss_main": 2.6461023688316345, "loss_total": 2.6461023688316345}
{"event": "update", "optimizer_step": 11570, "tokens_seen": 379125760, "lr": 0.0002290931417605069, "grad_norm": 0.6461133360862732, "elapsed_seconds": 6206.4802140799975, "tokens_per_second": 61085.469851320355, "loss_main": 2.399471700191498, "loss_total": 2.399471700191498}
{"event": "update", "optimizer_step": 11580, "tokens_seen": 379453440, "lr": 0.00022897261389350824, "grad_norm": 0.6547549962997437, "elapsed_seconds": 6211.731108595997, "tokens_per_second": 61086.5849416598, "loss_main": 2.7371423840522766, "loss_total": 2.7371423840522766}
{"event": "update", "optimizer_step": 11590, "tokens_seen": 379781120, "lr": 0.00022885202023239398, "grad_norm": 0.6924330592155457, "elapsed_seconds": 6216.993149523997, "tokens_per_second": 61087.58862458741, "loss_main": 2.830904185771942, "loss_total": 2.830904185771942}
{"event": "update", "optimizer_step": 11600, "tokens_seen": 380108800, "lr": 0.00022873136090119145, "grad_norm": 0.6539225578308105, "elapsed_seconds": 6222.2571397349975, "tokens_per_second": 61088.571472343334, "loss_main": 2.5171852707862854, "loss_total": 2.5171852707862854}
{"event": "update", "optimizer_step": 11610, "tokens_seen": 380436480, "lr": 0.0002286106360239956, "grad_norm": 0.616766095161438, "elapsed_seconds": 6227.516017494998, "tokens_per_second": 61089.60280972984, "loss_main": 2.593514084815979, "loss_total": 2.593514084815979}
{"event": "update", "optimizer_step": 11620, "tokens_seen": 380764160, "lr": 0.00022848984572496867, "grad_norm": 0.6532250642776489, "elapsed_seconds": 6232.7753852749975, "tokens_per_second": 61090.627603805464, "loss_main": 2.602143704891205, "loss_total": 2.602143704891205}
{"event": "update", "optimizer_step": 11630, "tokens_seen": 381091840, "lr": 0.00022836899012834022, "grad_norm": 0.6344377994537354, "elapsed_seconds": 6238.028931530997, "tokens_per_second": 61091.70768248886, "loss_main": 2.5815632939338684, "loss_total": 2.5815632939338684}
{"event": "update", "optimizer_step": 11640, "tokens_seen": 381419520, "lr": 0.000228248069358407, "grad_norm": 0.6318206191062927, "elapsed_seconds": 6243.293307370997, "tokens_per_second": 61092.67997223292, "loss_main": 2.3782461285591125, "loss_total": 2.3782461285591125}
{"event": "update", "optimizer_step": 11650, "tokens_seen": 381747200, "lr": 0.00022812708353953283, "grad_norm": 0.6487218141555786, "elapsed_seconds": 6248.553888502997, "tokens_per_second": 61093.68772547426, "loss_main": 2.4207897186279297, "loss_total": 2.4207897186279297}
{"event": "update", "optimizer_step": 11660, "tokens_seen": 382074880, "lr": 0.00022800603279614836, "grad_norm": 0.650473952293396, "elapsed_seconds": 6253.821158816997, "tokens_per_second": 61094.6284355012, "loss_main": 2.5331371426582336, "loss_total": 2.5331371426582336}
{"event": "update", "optimizer_step": 11670, "tokens_seen": 382402560, "lr": 0.00022788491725275094, "grad_norm": 0.6645823121070862, "elapsed_seconds": 6259.081048544997, "tokens_per_second": 61095.63960493758, "loss_main": 2.6398945450782776, "loss_total": 2.6398945450782776}
{"event": "update", "optimizer_step": 11680, "tokens_seen": 382730240, "lr": 0.00022776373703390477, "grad_norm": 0.6584092974662781, "elapsed_seconds": 6264.3382600629975, "tokens_per_second": 61096.67519712626, "loss_main": 2.528883993625641, "loss_total": 2.528883993625641}
{"event": "update", "optimizer_step": 11690, "tokens_seen": 383057920, "lr": 0.00022764249226424037, "grad_norm": 0.6625407338142395, "elapsed_seconds": 6269.591669018997, "tokens_per_second": 61097.74610886853, "loss_main": 2.6331509351730347, "loss_total": 2.6331509351730347}
{"event": "update", "optimizer_step": 11700, "tokens_seen": 383385600, "lr": 0.00022752118306845477, "grad_norm": 0.6351572275161743, "elapsed_seconds": 6274.857636292997, "tokens_per_second": 61098.692946043164, "loss_main": 2.6411356925964355, "loss_total": 2.6411356925964355}
{"event": "update", "optimizer_step": 11710, "tokens_seen": 383713280, "lr": 0.0002273998095713112, "grad_norm": 0.6800718903541565, "elapsed_seconds": 6280.122916380998, "tokens_per_second": 61099.64488101449, "loss_main": 2.5791497826576233, "loss_total": 2.5791497826576233}
{"event": "update", "optimizer_step": 11720, "tokens_seen": 384040960, "lr": 0.00022727837189763907, "grad_norm": 0.6345902681350708, "elapsed_seconds": 6285.373415062997, "tokens_per_second": 61100.73891228797, "loss_main": 2.438880443572998, "loss_total": 2.438880443572998}
{"event": "update", "optimizer_step": 11730, "tokens_seen": 384368640, "lr": 0.00022715687017233374, "grad_norm": 0.6783362627029419, "elapsed_seconds": 6290.636331876997, "tokens_per_second": 61101.71049823067, "loss_main": 2.6934807896614075, "loss_total": 2.6934807896614075}
{"event": "update", "optimizer_step": 11740, "tokens_seen": 384696320, "lr": 0.00022703530452035644, "grad_norm": 0.619982898235321, "elapsed_seconds": 6295.900287444997, "tokens_per_second": 61102.67037855479, "loss_main": 2.4241673946380615, "loss_total": 2.4241673946380615}
{"event": "update", "optimizer_step": 11750, "tokens_seen": 385024000, "lr": 0.00022691367506673428, "grad_norm": 0.6394822597503662, "elapsed_seconds": 6301.160368354997, "tokens_per_second": 61103.66622846574, "loss_main": 2.5182169675827026, "loss_total": 2.5182169675827026}
{"event": "update", "optimizer_step": 11760, "tokens_seen": 385351680, "lr": 0.00022679198193655982, "grad_norm": 0.6669024229049683, "elapsed_seconds": 6306.418213830997, "tokens_per_second": 61104.68207688182, "loss_main": 2.556895613670349, "loss_total": 2.556895613670349}
{"event": "update", "optimizer_step": 11770, "tokens_seen": 385679360, "lr": 0.0002266702252549912, "grad_norm": 0.6249274611473083, "elapsed_seconds": 6311.684217943997, "tokens_per_second": 61105.61724611015, "loss_main": 2.5285937786102295, "loss_total": 2.5285937786102295}
{"event": "update", "optimizer_step": 11780, "tokens_seen": 386007040, "lr": 0.0002265484051472518, "grad_norm": 0.7335680723190308, "elapsed_seconds": 6316.962033929997, "tokens_per_second": 61106.43659510043, "loss_main": 2.5234732627868652, "loss_total": 2.5234732627868652}
{"event": "update", "optimizer_step": 11790, "tokens_seen": 386334720, "lr": 0.0002264265217386305, "grad_norm": 0.6524541974067688, "elapsed_seconds": 6322.222039153998, "tokens_per_second": 61107.42672550884, "loss_main": 2.5529510974884033, "loss_total": 2.5529510974884033}
{"event": "update", "optimizer_step": 11800, "tokens_seen": 386662400, "lr": 0.000226304575154481, "grad_norm": 0.6185581088066101, "elapsed_seconds": 6327.486887786998, "tokens_per_second": 61108.36843396968, "loss_main": 2.3990607261657715, "loss_total": 2.3990607261657715}
{"event": "update", "optimizer_step": 11810, "tokens_seen": 386990080, "lr": 0.00022618256552022208, "grad_norm": 0.656439483165741, "elapsed_seconds": 6332.749472717997, "tokens_per_second": 61109.330420725615, "loss_main": 2.3965731859207153, "loss_total": 2.3965731859207153}
{"event": "update", "optimizer_step": 11820, "tokens_seen": 387317760, "lr": 0.0002260604929613374, "grad_norm": 0.6476810574531555, "elapsed_seconds": 6338.010315046998, "tokens_per_second": 61110.30761191306, "loss_main": 2.620952844619751, "loss_total": 2.620952844619751}
{"event": "update", "optimizer_step": 11830, "tokens_seen": 387645440, "lr": 0.00022593835760337537, "grad_norm": 0.6282970905303955, "elapsed_seconds": 6343.271952680998, "tokens_per_second": 61111.27552022436, "loss_main": 2.287046790122986, "loss_total": 2.287046790122986}
{"event": "update", "optimizer_step": 11840, "tokens_seen": 387973120, "lr": 0.0002258161595719488, "grad_norm": 0.680496096611023, "elapsed_seconds": 6348.542276534998, "tokens_per_second": 61112.158208979235, "loss_main": 2.436219871044159, "loss_total": 2.436219871044159}
{"event": "update", "optimizer_step": 11850, "tokens_seen": 388300800, "lr": 0.00022569389899273522, "grad_norm": 0.6307430863380432, "elapsed_seconds": 6353.801066291998, "tokens_per_second": 61113.15037230268, "loss_main": 2.571982443332672, "loss_total": 2.571982443332672}
{"event": "update", "optimizer_step": 11860, "tokens_seen": 388628480, "lr": 0.00022557157599147623, "grad_norm": 0.6594215035438538, "elapsed_seconds": 6359.055526787997, "tokens_per_second": 61114.18250129653, "loss_main": 2.7358304858207703, "loss_total": 2.7358304858207703}
{"event": "update", "optimizer_step": 11870, "tokens_seen": 388956160, "lr": 0.00022544919069397785, "grad_norm": 0.6160914301872253, "elapsed_seconds": 6364.325923634998, "tokens_per_second": 61115.05989276031, "loss_main": 2.626894176006317, "loss_total": 2.626894176006317}
{"event": "update", "optimizer_step": 11880, "tokens_seen": 389283840, "lr": 0.00022532674322611003, "grad_norm": 0.6546567678451538, "elapsed_seconds": 6369.579338119997, "tokens_per_second": 61116.09877755262, "loss_main": 2.488963544368744, "loss_total": 2.488963544368744}
{"event": "update", "optimizer_step": 11890, "tokens_seen": 389611520, "lr": 0.00022520423371380667, "grad_norm": 0.6548211574554443, "elapsed_seconds": 6374.848502362997, "tokens_per_second": 61116.98495353744, "loss_main": 2.6563899517059326, "loss_total": 2.6563899517059326}
{"event": "update", "optimizer_step": 11900, "tokens_seen": 389939200, "lr": 0.00022508166228306557, "grad_norm": 0.6201953887939453, "elapsed_seconds": 6380.120628753997, "tokens_per_second": 61117.841290118835, "loss_main": 2.506484568119049, "loss_total": 2.506484568119049}
{"event": "update", "optimizer_step": 11910, "tokens_seen": 390266880, "lr": 0.0002249590290599481, "grad_norm": 0.6875748038291931, "elapsed_seconds": 6385.380289399997, "tokens_per_second": 61118.8155305111, "loss_main": 2.4970512986183167, "loss_total": 2.4970512986183167}
{"event": "update", "optimizer_step": 11920, "tokens_seen": 390594560, "lr": 0.0002248363341705793, "grad_norm": 0.6329087018966675, "elapsed_seconds": 6390.644848549998, "tokens_per_second": 61119.74131822139, "loss_main": 2.527218222618103, "loss_total": 2.527218222618103}
{"event": "update", "optimizer_step": 11930, "tokens_seen": 390922240, "lr": 0.00022471357774114754, "grad_norm": 0.6547288298606873, "elapsed_seconds": 6395.912475489998, "tokens_per_second": 61120.6362654378, "loss_main": 2.508259654045105, "loss_total": 2.508259654045105}
{"event": "update", "optimizer_step": 11940, "tokens_seen": 391249920, "lr": 0.00022459075989790452, "grad_norm": 0.672893762588501, "elapsed_seconds": 6401.176755546998, "tokens_per_second": 61121.56169737991, "loss_main": 2.5736976861953735, "loss_total": 2.5736976861953735}
{"event": "update", "optimizer_step": 11950, "tokens_seen": 391577600, "lr": 0.00022446788076716504, "grad_norm": 0.663324773311615, "elapsed_seconds": 6406.437704636997, "tokens_per_second": 61122.51738849736, "loss_main": 2.523044526576996, "loss_total": 2.523044526576996}
{"event": "update", "optimizer_step": 11960, "tokens_seen": 391905280, "lr": 0.00022434494047530705, "grad_norm": 0.6474165320396423, "elapsed_seconds": 6411.703743535997, "tokens_per_second": 61123.42298957621, "loss_main": 2.587196409702301, "loss_total": 2.587196409702301}
{"event": "update", "optimizer_step": 11970, "tokens_seen": 392232960, "lr": 0.00022422193914877132, "grad_norm": 0.610440194606781, "elapsed_seconds": 6416.964183727998, "tokens_per_second": 61124.38043438298, "loss_main": 2.547835052013397, "loss_total": 2.547835052013397}
{"event": "update", "optimizer_step": 11980, "tokens_seen": 392560640, "lr": 0.0002240988769140614, "grad_norm": 0.7681102156639099, "elapsed_seconds": 6422.225024393997, "tokens_per_second": 61125.332499080745, "loss_main": 2.613565742969513, "loss_total": 2.613565742969513}
{"event": "update", "optimizer_step": 11990, "tokens_seen": 392888320, "lr": 0.00022397575389774353, "grad_norm": 0.6275308132171631, "elapsed_seconds": 6427.476009956998, "tokens_per_second": 61126.37672880689, "loss_main": 2.462882161140442, "loss_total": 2.462882161140442}
{"event": "update", "optimizer_step": 12000, "tokens_seen": 393216000, "lr": 0.00022385257022644638, "grad_norm": 0.7061672210693359, "elapsed_seconds": 6432.7383437519975, "tokens_per_second": 61127.31141659502, "loss_main": 2.704956531524658, "loss_total": 2.704956531524658}
{"event": "update", "optimizer_step": 12010, "tokens_seen": 393543680, "lr": 0.0002237293260268611, "grad_norm": 0.6860226392745972, "elapsed_seconds": 6437.996829369998, "tokens_per_second": 61128.281114501726, "loss_main": 2.5604180097579956, "loss_total": 2.5604180097579956}
{"event": "update", "optimizer_step": 12020, "tokens_seen": 393871360, "lr": 0.00022360602142574098, "grad_norm": 0.635369598865509, "elapsed_seconds": 6443.257934487998, "tokens_per_second": 61129.224377589395, "loss_main": 2.396476924419403, "loss_total": 2.396476924419403}
{"event": "update", "optimizer_step": 12030, "tokens_seen": 394199040, "lr": 0.0002234826565499015, "grad_norm": 0.6487343907356262, "elapsed_seconds": 6448.520552864998, "tokens_per_second": 61130.151756260166, "loss_main": 2.6028541922569275, "loss_total": 2.6028541922569275}
{"event": "update", "optimizer_step": 12040, "tokens_seen": 394526720, "lr": 0.00022335923152622017, "grad_norm": 0.6589435935020447, "elapsed_seconds": 6453.779107171998, "tokens_per_second": 61131.11611792969, "loss_main": 2.577076256275177, "loss_total": 2.577076256275177}
{"event": "update", "optimizer_step": 12050, "tokens_seen": 394854400, "lr": 0.0002232357464816363, "grad_norm": 0.6127365827560425, "elapsed_seconds": 6459.037598722997, "tokens_per_second": 61132.07950330957, "loss_main": 2.463897228240967, "loss_total": 2.463897228240967}
{"event": "update", "optimizer_step": 12060, "tokens_seen": 395182080, "lr": 0.00022311220154315088, "grad_norm": 0.667000949382782, "elapsed_seconds": 6464.3004320659975, "tokens_per_second": 61133.00026089588, "loss_main": 2.4515284299850464, "loss_total": 2.4515284299850464}
{"event": "update", "optimizer_step": 12070, "tokens_seen": 395509760, "lr": 0.00022298859683782667, "grad_norm": 0.6530970335006714, "elapsed_seconds": 6469.560616446997, "tokens_per_second": 61133.9445517413, "loss_main": 2.6729589700698853, "loss_total": 2.6729589700698853}
{"event": "update", "optimizer_step": 12080, "tokens_seen": 395837440, "lr": 0.00022286493249278766, "grad_norm": 0.6314809322357178, "elapsed_seconds": 6474.809962140997, "tokens_per_second": 61134.98964672473, "loss_main": 2.48268061876297, "loss_total": 2.48268061876297}
{"event": "update", "optimizer_step": 12090, "tokens_seen": 396165120, "lr": 0.00022274120863521944, "grad_norm": 0.6647660136222839, "elapsed_seconds": 6480.062272471998, "tokens_per_second": 61136.00507867835, "loss_main": 2.3752277493476868, "loss_total": 2.3752277493476868}
{"event": "update", "optimizer_step": 12100, "tokens_seen": 396492800, "lr": 0.00022261742539236856, "grad_norm": 0.6358892321586609, "elapsed_seconds": 6485.325126236998, "tokens_per_second": 61136.919473158065, "loss_main": 2.582912504673004, "loss_total": 2.582912504673004}
{"event": "update", "optimizer_step": 12110, "tokens_seen": 396820480, "lr": 0.00022249358289154285, "grad_norm": 0.6647764444351196, "elapsed_seconds": 6490.576434508997, "tokens_per_second": 61137.94113727572, "loss_main": 2.453689396381378, "loss_total": 2.453689396381378}
{"event": "update", "optimizer_step": 12120, "tokens_seen": 397148160, "lr": 0.00022236968126011094, "grad_norm": 0.6672717928886414, "elapsed_seconds": 6495.834604380997, "tokens_per_second": 61138.89656798692, "loss_main": 2.6177016496658325, "loss_total": 2.6177016496658325}
{"event": "update", "optimizer_step": 12130, "tokens_seen": 397475840, "lr": 0.00022224572062550234, "grad_norm": 0.6932341456413269, "elapsed_seconds": 6501.0935430169975, "tokens_per_second": 61139.84322328967, "loss_main": 2.5011708736419678, "loss_total": 2.5011708736419678}
{"event": "update", "optimizer_step": 12140, "tokens_seen": 397803520, "lr": 0.0002221217011152073, "grad_norm": 0.6516760587692261, "elapsed_seconds": 6506.346795947998, "tokens_per_second": 61140.84177740769, "loss_main": 2.503395199775696, "loss_total": 2.503395199775696}
{"event": "update", "optimizer_step": 12150, "tokens_seen": 398131200, "lr": 0.00022199762285677645, "grad_norm": 0.6483622193336487, "elapsed_seconds": 6511.607157049997, "tokens_per_second": 61141.77197697663, "loss_main": 2.4086647033691406, "loss_total": 2.4086647033691406}
{"event": "update", "optimizer_step": 12160, "tokens_seen": 398458880, "lr": 0.00022187348597782104, "grad_norm": 0.619360089302063, "elapsed_seconds": 6516.870097066997, "tokens_per_second": 61142.67647890229, "loss_main": 2.450630307197571, "loss_total": 2.450630307197571}
{"event": "update", "optimizer_step": 12170, "tokens_seen": 398786560, "lr": 0.00022174929060601246, "grad_norm": 0.6329352259635925, "elapsed_seconds": 6522.133736673997, "tokens_per_second": 61143.572962575236, "loss_main": 2.52177631855011, "loss_total": 2.52177631855011}
{"event": "update", "optimizer_step": 12180, "tokens_seen": 399114240, "lr": 0.0002216250368690823, "grad_norm": 0.6439321637153625, "elapsed_seconds": 6527.392706949998, "tokens_per_second": 61144.511739740396, "loss_main": 2.6011353731155396, "loss_total": 2.6011353731155396}
{"event": "update", "optimizer_step": 12190, "tokens_seen": 399441920, "lr": 0.00022150072489482225, "grad_norm": 0.61922687292099, "elapsed_seconds": 6532.640425170997, "tokens_per_second": 61145.55432454317, "loss_main": 2.461436927318573, "loss_total": 2.461436927318573}
{"event": "update", "optimizer_step": 12200, "tokens_seen": 399769600, "lr": 0.00022137635481108377, "grad_norm": 0.6399624347686768, "elapsed_seconds": 6537.880195104997, "tokens_per_second": 61146.66957331416, "loss_main": 2.5568910241127014, "loss_total": 2.5568910241127014}
{"event": "evaluation", "tokens_seen": 400031744, "elapsed_seconds": 6542.077262503997, "parameters": 71199040, "main_loss": 2.625795915722847, "perplexity": 13.815565837342778}
{"event": "update", "optimizer_step": 12210, "tokens_seen": 400097280, "lr": 0.00022125192674577824, "grad_norm": 0.666081964969635, "elapsed_seconds": 6545.414461457997, "tokens_per_second": 61126.34766765831, "loss_main": 2.7077762484550476, "loss_total": 2.7077762484550476}
{"event": "update", "optimizer_step": 12220, "tokens_seen": 400424960, "lr": 0.00022112744082687655, "grad_norm": 0.634182870388031, "elapsed_seconds": 6550.6689851719975, "tokens_per_second": 61127.33843007429, "loss_main": 2.3425135612487793, "loss_total": 2.3425135612487793}
{"event": "update", "optimizer_step": 12230, "tokens_seen": 400752640, "lr": 0.00022100289718240905, "grad_norm": 0.6472335457801819, "elapsed_seconds": 6555.920909045997, "tokens_per_second": 61128.351845586345, "loss_main": 2.719633400440216, "loss_total": 2.719633400440216}
{"event": "update", "optimizer_step": 12240, "tokens_seen": 401080320, "lr": 0.00022087829594046564, "grad_norm": 0.6436935067176819, "elapsed_seconds": 6561.169516375998, "tokens_per_second": 61129.39453841959, "loss_main": 2.4517207741737366, "loss_total": 2.4517207741737366}
{"event": "update", "optimizer_step": 12250, "tokens_seen": 401408000, "lr": 0.00022075363722919527, "grad_norm": 0.6493169069290161, "elapsed_seconds": 6566.417934082998, "tokens_per_second": 61130.43732968799, "loss_main": 2.4663696885108948, "loss_total": 2.4663696885108948}
{"event": "update", "optimizer_step": 12260, "tokens_seen": 401735680, "lr": 0.00022062892117680614, "grad_norm": 0.6568201184272766, "elapsed_seconds": 6571.6740844689975, "tokens_per_second": 61131.40652386156, "loss_main": 2.5794605016708374, "loss_total": 2.5794605016708374}
{"event": "update", "optimizer_step": 12270, "tokens_seen": 402063360, "lr": 0.00022050414791156532, "grad_norm": 0.6204872131347656, "elapsed_seconds": 6576.937650449998, "tokens_per_second": 61132.30524125321, "loss_main": 2.588073194026947, "loss_total": 2.588073194026947}
{"event": "update", "optimizer_step": 12280, "tokens_seen": 402391040, "lr": 0.00022037931756179878, "grad_norm": 0.6282747387886047, "elapsed_seconds": 6582.195368699998, "tokens_per_second": 61133.25683304253, "loss_main": 2.555867850780487, "loss_total": 2.555867850780487}
{"event": "update", "optimizer_step": 12290, "tokens_seen": 402718720, "lr": 0.00022025443025589119, "grad_norm": 0.6777368783950806, "elapsed_seconds": 6587.431716235998, "tokens_per_second": 61134.405235263686, "loss_main": 2.469514489173889, "loss_total": 2.469514489173889}
{"event": "update", "optimizer_step": 12300, "tokens_seen": 403046400, "lr": 0.0002201294861222858, "grad_norm": 0.6211084723472595, "elapsed_seconds": 6592.687236699998, "tokens_per_second": 61135.37401809871, "loss_main": 2.4667431712150574, "loss_total": 2.4667431712150574}
{"event": "update", "optimizer_step": 12310, "tokens_seen": 403374080, "lr": 0.0002200044852894842, "grad_norm": 0.6408612728118896, "elapsed_seconds": 6597.941749501997, "tokens_per_second": 61136.35059455414, "loss_main": 2.6782737970352173, "loss_total": 2.6782737970352173}
{"event": "update", "optimizer_step": 12320, "tokens_seen": 403701760, "lr": 0.00021987942788604653, "grad_norm": 0.6866441965103149, "elapsed_seconds": 6603.1995750319975, "tokens_per_second": 61137.29494508634, "loss_main": 2.5472350120544434, "loss_total": 2.5472350120544434}
{"event": "update", "optimizer_step": 12330, "tokens_seen": 404029440, "lr": 0.0002197543140405909, "grad_norm": 0.6740112900733948, "elapsed_seconds": 6608.447601852998, "tokens_per_second": 61138.3284459592, "loss_main": 2.351325362920761, "loss_total": 2.351325362920761}
{"event": "update", "optimizer_step": 12340, "tokens_seen": 404357120, "lr": 0.00021962914388179357, "grad_norm": 0.820770800113678, "elapsed_seconds": 6613.7078043779975, "tokens_per_second": 61139.2477503062, "loss_main": 2.510401427745819, "loss_total": 2.510401427745819}
{"event": "update", "optimizer_step": 12350, "tokens_seen": 404684800, "lr": 0.00021950391753838863, "grad_norm": 0.6857616305351257, "elapsed_seconds": 6618.949350045998, "tokens_per_second": 61140.337929491434, "loss_main": 2.4412506222724915, "loss_total": 2.4412506222724915}
{"event": "update", "optimizer_step": 12360, "tokens_seen": 405012480, "lr": 0.00021937863513916807, "grad_norm": 0.6417679190635681, "elapsed_seconds": 6624.201097321998, "tokens_per_second": 61141.33222249799, "loss_main": 2.269507348537445, "loss_total": 2.269507348537445}
{"event": "update", "optimizer_step": 12370, "tokens_seen": 405340160, "lr": 0.00021925329681298143, "grad_norm": 0.6484609246253967, "elapsed_seconds": 6629.451925356997, "tokens_per_second": 61142.33341818409, "loss_main": 2.4577965140342712, "loss_total": 2.4577965140342712}
{"event": "update", "optimizer_step": 12380, "tokens_seen": 405667840, "lr": 0.00021912790268873583, "grad_norm": 0.6723142862319946, "elapsed_seconds": 6634.711974711998, "tokens_per_second": 61143.24804847454, "loss_main": 2.465035855770111, "loss_total": 2.465035855770111}
{"event": "update", "optimizer_step": 12390, "tokens_seen": 405995520, "lr": 0.0002190024528953958, "grad_norm": 0.685814380645752, "elapsed_seconds": 6639.968108445997, "tokens_per_second": 61144.19728666713, "loss_main": 2.54307359457016, "loss_total": 2.54307359457016}
{"event": "update", "optimizer_step": 12400, "tokens_seen": 406323200, "lr": 0.00021887694756198302, "grad_norm": 0.6470789909362793, "elapsed_seconds": 6645.230166061998, "tokens_per_second": 61145.090515471114, "loss_main": 2.411683142185211, "loss_total": 2.411683142185211}
{"event": "update", "optimizer_step": 12410, "tokens_seen": 406650880, "lr": 0.0002187513868175764, "grad_norm": 0.660834014415741, "elapsed_seconds": 6650.477610210997, "tokens_per_second": 61146.11669027156, "loss_main": 2.6306815147399902, "loss_total": 2.6306815147399902}
{"event": "update", "optimizer_step": 12420, "tokens_seen": 406978560, "lr": 0.00021862577079131176, "grad_norm": 0.6956704258918762, "elapsed_seconds": 6655.727250132997, "tokens_per_second": 61147.12107408963, "loss_main": 2.510276436805725, "loss_total": 2.510276436805725}
{"event": "update", "optimizer_step": 12430, "tokens_seen": 407306240, "lr": 0.00021850009961238185, "grad_norm": 0.6484864950180054, "elapsed_seconds": 6660.976877220997, "tokens_per_second": 61148.12399257732, "loss_main": 2.4712051153182983, "loss_total": 2.4712051153182983}
{"event": "update", "optimizer_step": 12440, "tokens_seen": 407633920, "lr": 0.00021837437341003604, "grad_norm": 0.6426704525947571, "elapsed_seconds": 6666.220417913997, "tokens_per_second": 61149.181161873035, "loss_main": 2.542141616344452, "loss_total": 2.542141616344452}
{"event": "update", "optimizer_step": 12450, "tokens_seen": 407961600, "lr": 0.00021824859231358041, "grad_norm": 0.6248586177825928, "elapsed_seconds": 6671.475685227997, "tokens_per_second": 61150.12918405892, "loss_main": 2.627002000808716, "loss_total": 2.627002000808716}
{"event": "update", "optimizer_step": 12460, "tokens_seen": 408289280, "lr": 0.00021812275645237742, "grad_norm": 0.6624622941017151, "elapsed_seconds": 6676.729684826997, "tokens_per_second": 61151.0873246592, "loss_main": 2.4391457438468933, "loss_total": 2.4391457438468933}
{"event": "update", "optimizer_step": 12470, "tokens_seen": 408616960, "lr": 0.0002179968659558459, "grad_norm": 0.6440439224243164, "elapsed_seconds": 6681.981379765997, "tokens_per_second": 61152.06505024857, "loss_main": 2.5730456709861755, "loss_total": 2.5730456709861755}
{"event": "update", "optimizer_step": 12480, "tokens_seen": 408944640, "lr": 0.00021787092095346084, "grad_norm": 0.6560211181640625, "elapsed_seconds": 6687.236662531997, "tokens_per_second": 61153.00843041507, "loss_main": 2.4978029131889343, "loss_total": 2.4978029131889343}
{"event": "update", "optimizer_step": 12490, "tokens_seen": 409272320, "lr": 0.0002177449215747532, "grad_norm": 0.6551920175552368, "elapsed_seconds": 6692.492667624997, "tokens_per_second": 61153.943728598926, "loss_main": 2.6602030396461487, "loss_total": 2.6602030396461487}
{"event": "update", "optimizer_step": 12500, "tokens_seen": 409600000, "lr": 0.00021761886794931007, "grad_norm": 0.6536703109741211, "elapsed_seconds": 6697.745924982997, "tokens_per_second": 61154.90264749627, "loss_main": 2.6306384205818176, "loss_total": 2.6306384205818176}
{"event": "update", "optimizer_step": 12510, "tokens_seen": 409927680, "lr": 0.0002174927602067742, "grad_norm": 0.6864054799079895, "elapsed_seconds": 6702.997977370997, "tokens_per_second": 61155.87105708466, "loss_main": 2.729307532310486, "loss_total": 2.729307532310486}
{"event": "update", "optimizer_step": 12520, "tokens_seen": 410255360, "lr": 0.00021736659847684402, "grad_norm": 0.6923075318336487, "elapsed_seconds": 6708.262390772998, "tokens_per_second": 61156.725259329934, "loss_main": 2.655021846294403, "loss_total": 2.655021846294403}
{"event": "update", "optimizer_step": 12530, "tokens_seen": 410583040, "lr": 0.0002172403828892734, "grad_norm": 0.6707326173782349, "elapsed_seconds": 6713.509582835997, "tokens_per_second": 61157.735001929774, "loss_main": 2.553027868270874, "loss_total": 2.553027868270874}
{"event": "update", "optimizer_step": 12540, "tokens_seen": 410910720, "lr": 0.0002171141135738718, "grad_norm": 0.7637556791305542, "elapsed_seconds": 6718.762679821997, "tokens_per_second": 61158.689416737434, "loss_main": 2.693095862865448, "loss_total": 2.693095862865448}
{"event": "update", "optimizer_step": 12550, "tokens_seen": 411238400, "lr": 0.0002169877906605037, "grad_norm": 0.6843999028205872, "elapsed_seconds": 6724.020057650998, "tokens_per_second": 61159.60340303685, "loss_main": 2.766680419445038, "loss_total": 2.766680419445038}
{"event": "update", "optimizer_step": 12560, "tokens_seen": 411566080, "lr": 0.00021686141427908892, "grad_norm": 0.664080023765564, "elapsed_seconds": 6729.266975616997, "tokens_per_second": 61160.61102810742, "loss_main": 2.4701439142227173, "loss_total": 2.4701439142227173}
{"event": "update", "optimizer_step": 12570, "tokens_seen": 411893760, "lr": 0.00021673498455960214, "grad_norm": 0.6758891940116882, "elapsed_seconds": 6734.514401836997, "tokens_per_second": 61161.61246721015, "loss_main": 2.3613190054893494, "loss_total": 2.3613190054893494}
{"event": "update", "optimizer_step": 12580, "tokens_seen": 412221440, "lr": 0.00021660850163207295, "grad_norm": 0.7173667550086975, "elapsed_seconds": 6739.758407702998, "tokens_per_second": 61162.64338627692, "loss_main": 2.6182371377944946, "loss_total": 2.6182371377944946}
{"event": "update", "optimizer_step": 12590, "tokens_seen": 412549120, "lr": 0.0002164819656265856, "grad_norm": 0.6235588192939758, "elapsed_seconds": 6745.018578190998, "tokens_per_second": 61163.52612191692, "loss_main": 2.6131033301353455, "loss_total": 2.6131033301353455}
{"event": "update", "optimizer_step": 12600, "tokens_seen": 412876800, "lr": 0.00021635537667327905, "grad_norm": 0.6617431640625, "elapsed_seconds": 6750.2687480569975, "tokens_per_second": 61164.49809777467, "loss_main": 2.381154716014862, "loss_total": 2.381154716014862}
{"event": "update", "optimizer_step": 12610, "tokens_seen": 413204480, "lr": 0.00021622873490234656, "grad_norm": 0.6752047538757324, "elapsed_seconds": 6755.513941456998, "tokens_per_second": 61165.5136205495, "loss_main": 2.536039173603058, "loss_total": 2.536039173603058}
{"event": "update", "optimizer_step": 12620, "tokens_seen": 413532160, "lr": 0.00021610204044403581, "grad_norm": 0.7195897102355957, "elapsed_seconds": 6760.773393507998, "tokens_per_second": 61166.3985657458, "loss_main": 2.585293173789978, "loss_total": 2.585293173789978}
{"event": "update", "optimizer_step": 12630, "tokens_seen": 413859840, "lr": 0.00021597529342864868, "grad_norm": 0.649418830871582, "elapsed_seconds": 6766.021359400997, "tokens_per_second": 61167.38597417603, "loss_main": 2.601455271244049, "loss_total": 2.601455271244049}
{"event": "update", "optimizer_step": 12640, "tokens_seen": 414187520, "lr": 0.00021584849398654103, "grad_norm": 0.6394152641296387, "elapsed_seconds": 6771.2832712559975, "tokens_per_second": 61168.24587123983, "loss_main": 2.453738033771515, "loss_total": 2.453738033771515}
{"event": "update", "optimizer_step": 12650, "tokens_seen": 414515200, "lr": 0.00021572164224812273, "grad_norm": 0.6819018721580505, "elapsed_seconds": 6776.536980882997, "tokens_per_second": 61169.17847115294, "loss_main": 2.5441057085990906, "loss_total": 2.5441057085990906}
{"event": "update", "optimizer_step": 12660, "tokens_seen": 414842880, "lr": 0.00021559473834385738, "grad_norm": 0.6919601559638977, "elapsed_seconds": 6781.786243044998, "tokens_per_second": 61170.149741218775, "loss_main": 2.553579568862915, "loss_total": 2.553579568862915}
{"event": "update", "optimizer_step": 12670, "tokens_seen": 415170560, "lr": 0.0002154677824042622, "grad_norm": 0.6617878675460815, "elapsed_seconds": 6787.031841996997, "tokens_per_second": 61171.15252517239, "loss_main": 2.405359387397766, "loss_total": 2.405359387397766}
{"event": "update", "optimizer_step": 12680, "tokens_seen": 415498240, "lr": 0.00021534077455990797, "grad_norm": 0.708873987197876, "elapsed_seconds": 6792.284231056998, "tokens_per_second": 61172.09260769425, "loss_main": 2.596581757068634, "loss_total": 2.596581757068634}
{"event": "update", "optimizer_step": 12690, "tokens_seen": 415825920, "lr": 0.00021521371494141888, "grad_norm": 0.7007750868797302, "elapsed_seconds": 6797.5293431639975, "tokens_per_second": 61173.096724941606, "loss_main": 2.654901146888733, "loss_total": 2.654901146888733}
{"event": "update", "optimizer_step": 12700, "tokens_seen": 416153600, "lr": 0.00021508660367947232, "grad_norm": 0.6891922950744629, "elapsed_seconds": 6802.785307437997, "tokens_per_second": 61174.00170559373, "loss_main": 2.5216333866119385, "loss_total": 2.5216333866119385}
{"event": "update", "optimizer_step": 12710, "tokens_seen": 416481280, "lr": 0.00021495944090479878, "grad_norm": 0.667839527130127, "elapsed_seconds": 6808.034055396997, "tokens_per_second": 61174.970132506736, "loss_main": 2.5909417271614075, "loss_total": 2.5909417271614075}
{"event": "update", "optimizer_step": 12720, "tokens_seen": 416808960, "lr": 0.00021483222674818181, "grad_norm": 0.6540387868881226, "elapsed_seconds": 6813.274093119998, "tokens_per_second": 61176.015275958314, "loss_main": 2.315005302429199, "loss_total": 2.315005302429199}
{"event": "update", "optimizer_step": 12730, "tokens_seen": 417136640, "lr": 0.00021470496134045773, "grad_norm": 0.6286462545394897, "elapsed_seconds": 6818.541605923998, "tokens_per_second": 61176.812302148115, "loss_main": 2.541471540927887, "loss_total": 2.541471540927887}
{"event": "update", "optimizer_step": 12740, "tokens_seen": 417464320, "lr": 0.00021457764481251559, "grad_norm": 0.6976145505905151, "elapsed_seconds": 6823.807736741997, "tokens_per_second": 61177.6204877831, "loss_main": 2.594967246055603, "loss_total": 2.594967246055603}
{"event": "update", "optimizer_step": 12750, "tokens_seen": 417792000, "lr": 0.00021445027729529703, "grad_norm": 0.7044510841369629, "elapsed_seconds": 6829.068943670997, "tokens_per_second": 61178.47153779268, "loss_main": 2.6845991015434265, "loss_total": 2.6845991015434265}
{"event": "update", "optimizer_step": 12760, "tokens_seen": 418119680, "lr": 0.00021432285891979613, "grad_norm": 0.6298427581787109, "elapsed_seconds": 6834.3287549789975, "tokens_per_second": 61179.33377076546, "loss_main": 2.4077793955802917, "loss_total": 2.4077793955802917}
{"event": "update", "optimizer_step": 12770, "tokens_seen": 418447360, "lr": 0.00021419538981705925, "grad_norm": 0.6562456488609314, "elapsed_seconds": 6839.593234149997, "tokens_per_second": 61180.152923524445, "loss_main": 2.5340340733528137, "loss_total": 2.5340340733528137}
{"event": "update", "optimizer_step": 12780, "tokens_seen": 418775040, "lr": 0.00021406787011818488, "grad_norm": 0.6868208050727844, "elapsed_seconds": 6844.841260682997, "tokens_per_second": 61181.117874195006, "loss_main": 2.623968482017517, "loss_total": 2.623968482017517}
{"event": "update", "optimizer_step": 12790, "tokens_seen": 419102720, "lr": 0.00021394029995432375, "grad_norm": 0.654122531414032, "elapsed_seconds": 6850.092721365997, "tokens_per_second": 61182.05067396891, "loss_main": 2.5358440279960632, "loss_total": 2.5358440279960632}
{"event": "update", "optimizer_step": 12800, "tokens_seen": 419430400, "lr": 0.00021381267945667825, "grad_norm": 0.6601441502571106, "elapsed_seconds": 6855.354162288997, "tokens_per_second": 61182.89297251312, "loss_main": 2.5037145614624023, "loss_total": 2.5037145614624023}
{"event": "update", "optimizer_step": 12810, "tokens_seen": 419758080, "lr": 0.0002136850087565026, "grad_norm": 0.6561598181724548, "elapsed_seconds": 6860.619628799997, "tokens_per_second": 61183.698078510235, "loss_main": 2.5671439170837402, "loss_total": 2.5671439170837402}
{"event": "update", "optimizer_step": 12820, "tokens_seen": 420085760, "lr": 0.00021355728798510282, "grad_norm": 0.7049828767776489, "elapsed_seconds": 6865.888931089998, "tokens_per_second": 61184.46776757122, "loss_main": 2.5376031398773193, "loss_total": 2.5376031398773193}
{"event": "update", "optimizer_step": 12830, "tokens_seen": 420413440, "lr": 0.00021342951727383616, "grad_norm": 0.6359596848487854, "elapsed_seconds": 6871.149028541998, "tokens_per_second": 61185.3182420653, "loss_main": 2.594954013824463, "loss_total": 2.594954013824463}
{"event": "update", "optimizer_step": 12840, "tokens_seen": 420741120, "lr": 0.00021330169675411143, "grad_norm": 0.6615049839019775, "elapsed_seconds": 6876.414241305997, "tokens_per_second": 61186.12189949905, "loss_main": 2.4409494400024414, "loss_total": 2.4409494400024414}
{"event": "update", "optimizer_step": 12850, "tokens_seen": 421068800, "lr": 0.00021317382655738855, "grad_norm": 0.6626446843147278, "elapsed_seconds": 6881.663011968997, "tokens_per_second": 61187.070518805136, "loss_main": 2.6065369844436646, "loss_total": 2.6065369844436646}
{"event": "update", "optimizer_step": 12860, "tokens_seen": 421396480, "lr": 0.00021304590681517872, "grad_norm": 0.6842159628868103, "elapsed_seconds": 6886.922723363998, "tokens_per_second": 61187.92048739063, "loss_main": 2.4746044278144836, "loss_total": 2.4746044278144836}
{"event": "update", "optimizer_step": 12870, "tokens_seen": 421724160, "lr": 0.0002129179376590438, "grad_norm": 0.6530678272247314, "elapsed_seconds": 6892.175884938997, "tokens_per_second": 61188.82730801532, "loss_main": 2.296967387199402, "loss_total": 2.296967387199402}
{"event": "update", "optimizer_step": 12880, "tokens_seen": 422051840, "lr": 0.0002127899192205967, "grad_norm": 0.6619770526885986, "elapsed_seconds": 6897.423988210998, "tokens_per_second": 61189.77762152456, "loss_main": 2.4874969124794006, "loss_total": 2.4874969124794006}
{"event": "update", "optimizer_step": 12890, "tokens_seen": 422379520, "lr": 0.00021266185163150095, "grad_norm": 0.6881726980209351, "elapsed_seconds": 6902.688403682997, "tokens_per_second": 61190.58188612936, "loss_main": 2.659860372543335, "loss_total": 2.659860372543335}
{"event": "update", "optimizer_step": 12900, "tokens_seen": 422707200, "lr": 0.00021253373502347063, "grad_norm": 0.6450338959693909, "elapsed_seconds": 6907.947361700997, "tokens_per_second": 61191.433267655004, "loss_main": 2.596413493156433, "loss_total": 2.596413493156433}
{"event": "update", "optimizer_step": 12910, "tokens_seen": 423034880, "lr": 0.00021240556952827023, "grad_norm": 0.6311565041542053, "elapsed_seconds": 6913.207289298997, "tokens_per_second": 61192.274771627155, "loss_main": 2.543633759021759, "loss_total": 2.543633759021759}
{"event": "update", "optimizer_step": 12920, "tokens_seen": 423362560, "lr": 0.00021227735527771447, "grad_norm": 0.6808257699012756, "elapsed_seconds": 6918.456114385997, "tokens_per_second": 61193.21319675275, "loss_main": 2.5203022360801697, "loss_total": 2.5203022360801697}
{"event": "update", "optimizer_step": 12930, "tokens_seen": 423690240, "lr": 0.0002121490924036683, "grad_norm": 0.6573551297187805, "elapsed_seconds": 6923.716839175998, "tokens_per_second": 61194.04502544966, "loss_main": 2.473948299884796, "loss_total": 2.473948299884796}
{"event": "update", "optimizer_step": 12940, "tokens_seen": 424017920, "lr": 0.0002120207810380467, "grad_norm": 0.6812758445739746, "elapsed_seconds": 6928.971553739997, "tokens_per_second": 61194.92867179273, "loss_main": 2.489432990550995, "loss_total": 2.489432990550995}
{"event": "update", "optimizer_step": 12950, "tokens_seen": 424345600, "lr": 0.00021189242131281434, "grad_norm": 0.6596874594688416, "elapsed_seconds": 6934.2315267119975, "tokens_per_second": 61195.76457251808, "loss_main": 2.5245023369789124, "loss_total": 2.5245023369789124}
{"event": "update", "optimizer_step": 12960, "tokens_seen": 424673280, "lr": 0.00021176401335998592, "grad_norm": 0.7644158601760864, "elapsed_seconds": 6939.493088444998, "tokens_per_second": 61196.58519541242, "loss_main": 2.535520017147064, "loss_total": 2.535520017147064}
{"event": "update", "optimizer_step": 12970, "tokens_seen": 425000960, "lr": 0.0002116355573116254, "grad_norm": 0.6524330377578735, "elapsed_seconds": 6944.7517371159975, "tokens_per_second": 61197.43024485617, "loss_main": 2.5963616967201233, "loss_total": 2.5963616967201233}
{"event": "update", "optimizer_step": 12980, "tokens_seen": 425328640, "lr": 0.00021150705329984644, "grad_norm": 0.6552551984786987, "elapsed_seconds": 6950.007820835997, "tokens_per_second": 61198.296601173955, "loss_main": 2.5274792909622192, "loss_total": 2.5274792909622192}
{"event": "update", "optimizer_step": 12990, "tokens_seen": 425656320, "lr": 0.00021137850145681202, "grad_norm": 0.6763163208961487, "elapsed_seconds": 6955.269794785998, "tokens_per_second": 61199.10982016719, "loss_main": 2.4772478342056274, "loss_total": 2.4772478342056274}
{"event": "update", "optimizer_step": 13000, "tokens_seen": 425984000, "lr": 0.00021124990191473414, "grad_norm": 0.7243128418922424, "elapsed_seconds": 6960.529237318998, "tokens_per_second": 61199.944066907934, "loss_main": 2.5704241394996643, "loss_total": 2.5704241394996643}
{"event": "update", "optimizer_step": 13010, "tokens_seen": 426311680, "lr": 0.0002111212548058741, "grad_norm": 0.6582492589950562, "elapsed_seconds": 6965.800006526997, "tokens_per_second": 61200.67753891058, "loss_main": 2.489273190498352, "loss_total": 2.489273190498352}
{"event": "update", "optimizer_step": 13020, "tokens_seen": 426639360, "lr": 0.00021099256026254197, "grad_norm": 0.6468480229377747, "elapsed_seconds": 6971.054838959997, "tokens_per_second": 61201.54981647652, "loss_main": 2.3511370420455933, "loss_total": 2.3511370420455933}
{"event": "update", "optimizer_step": 13030, "tokens_seen": 426967040, "lr": 0.00021086381841709656, "grad_norm": 0.6863125562667847, "elapsed_seconds": 6976.3165006599975, "tokens_per_second": 61202.36086760207, "loss_main": 2.55295193195343, "loss_total": 2.55295193195343}
{"event": "update", "optimizer_step": 13040, "tokens_seen": 427294720, "lr": 0.00021073502940194549, "grad_norm": 0.6551452875137329, "elapsed_seconds": 6981.572565964997, "tokens_per_second": 61203.21975639869, "loss_main": 2.635936200618744, "loss_total": 2.635936200618744}
{"event": "update", "optimizer_step": 13050, "tokens_seen": 427622400, "lr": 0.00021060619334954472, "grad_norm": 0.6407492160797119, "elapsed_seconds": 6986.839053223997, "tokens_per_second": 61203.98605756898, "loss_main": 2.416464686393738, "loss_total": 2.416464686393738}
{"event": "update", "optimizer_step": 13060, "tokens_seen": 427950080, "lr": 0.00021047731039239872, "grad_norm": 0.6854844689369202, "elapsed_seconds": 6992.097899301997, "tokens_per_second": 61204.81809082237, "loss_main": 2.4668644666671753, "loss_total": 2.4668644666671753}
{"event": "update", "optimizer_step": 13070, "tokens_seen": 428277760, "lr": 0.00021034838066306017, "grad_norm": 1.9593039751052856, "elapsed_seconds": 6997.350428134998, "tokens_per_second": 61205.704130234444, "loss_main": 2.395182967185974, "loss_total": 2.395182967185974}
{"event": "update", "optimizer_step": 13080, "tokens_seen": 428605440, "lr": 0.0002102194042941298, "grad_norm": 0.6492993235588074, "elapsed_seconds": 7002.606884679997, "tokens_per_second": 61206.5545101046, "loss_main": 2.387716829776764, "loss_total": 2.387716829776764}
{"event": "update", "optimizer_step": 13090, "tokens_seen": 428933120, "lr": 0.00021009038141825634, "grad_norm": 0.6778247356414795, "elapsed_seconds": 7007.856103977997, "tokens_per_second": 61207.466825198775, "loss_main": 2.6162614822387695, "loss_total": 2.6162614822387695}
{"event": "update", "optimizer_step": 13100, "tokens_seen": 429260800, "lr": 0.00020996131216813638, "grad_norm": 0.7116712331771851, "elapsed_seconds": 7013.117857674997, "tokens_per_second": 61208.2683781261, "loss_main": 2.553675591945648, "loss_total": 2.553675591945648}
{"event": "update", "optimizer_step": 13110, "tokens_seen": 429588480, "lr": 0.00020983219667651412, "grad_norm": 0.6678221225738525, "elapsed_seconds": 7018.3840744579975, "tokens_per_second": 61209.02980550768, "loss_main": 2.5441102981567383, "loss_total": 2.5441102981567383}
{"event": "update", "optimizer_step": 13120, "tokens_seen": 429916160, "lr": 0.00020970303507618148, "grad_norm": 0.7179074287414551, "elapsed_seconds": 7023.644448471998, "tokens_per_second": 61209.84100975225, "loss_main": 2.6767500042915344, "loss_total": 2.6767500042915344}
{"event": "update", "optimizer_step": 13130, "tokens_seen": 430243840, "lr": 0.0002095738274999776, "grad_norm": 0.6518014073371887, "elapsed_seconds": 7028.927625489998, "tokens_per_second": 61210.45242232196, "loss_main": 2.6449719667434692, "loss_total": 2.6449719667434692}
{"event": "update", "optimizer_step": 13140, "tokens_seen": 430571520, "lr": 0.00020944457408078905, "grad_norm": 0.6385613679885864, "elapsed_seconds": 7034.215148952998, "tokens_per_second": 61211.025094119854, "loss_main": 2.582918345928192, "loss_total": 2.582918345928192}
{"event": "update", "optimizer_step": 13150, "tokens_seen": 430899200, "lr": 0.00020931527495154947, "grad_norm": 0.6500228643417358, "elapsed_seconds": 7039.497104253997, "tokens_per_second": 61211.64532330098, "loss_main": 2.427483022212982, "loss_total": 2.427483022212982}
{"event": "update", "optimizer_step": 13160, "tokens_seen": 431226880, "lr": 0.0002091859302452396, "grad_norm": 0.6378577947616577, "elapsed_seconds": 7044.769006063997, "tokens_per_second": 61212.35197758911, "loss_main": 2.4223592877388, "loss_total": 2.4223592877388}
{"event": "update", "optimizer_step": 13170, "tokens_seen": 431554560, "lr": 0.0002090565400948869, "grad_norm": 0.7106846570968628, "elapsed_seconds": 7050.205755875997, "tokens_per_second": 61211.62629052644, "loss_main": 2.516786813735962, "loss_total": 2.516786813735962}
{"event": "update", "optimizer_step": 13180, "tokens_seen": 431882240, "lr": 0.00020892710463356576, "grad_norm": 0.6922663450241089, "elapsed_seconds": 7055.563101337997, "tokens_per_second": 61211.590598360475, "loss_main": 2.272233724594116, "loss_total": 2.272233724594116}
{"event": "update", "optimizer_step": 13190, "tokens_seen": 432209920, "lr": 0.00020879762399439705, "grad_norm": 0.6541359424591064, "elapsed_seconds": 7060.889808413997, "tokens_per_second": 61211.82056756698, "loss_main": 2.700285494327545, "loss_total": 2.700285494327545}
{"event": "update", "optimizer_step": 13200, "tokens_seen": 432537600, "lr": 0.0002086680983105481, "grad_norm": 0.6720749735832214, "elapsed_seconds": 7066.355081513997, "tokens_per_second": 61210.84986679257, "loss_main": 2.4465726613998413, "loss_total": 2.4465726613998413}
{"event": "update", "optimizer_step": 13210, "tokens_seen": 432865280, "lr": 0.00020853852771523262, "grad_norm": 0.7572357654571533, "elapsed_seconds": 7071.617203364997, "tokens_per_second": 61211.63908504875, "loss_main": 2.5598307847976685, "loss_total": 2.5598307847976685}
{"event": "update", "optimizer_step": 13220, "tokens_seen": 433192960, "lr": 0.00020840891234171052, "grad_norm": 0.6342301964759827, "elapsed_seconds": 7077.039636583997, "tokens_per_second": 61211.04052613405, "loss_main": 2.305514097213745, "loss_total": 2.305514097213745}
{"event": "update", "optimizer_step": 13230, "tokens_seen": 433520640, "lr": 0.0002082792523232877, "grad_norm": 0.6851387619972229, "elapsed_seconds": 7082.392482005997, "tokens_per_second": 61211.044304792726, "loss_main": 2.365138828754425, "loss_total": 2.365138828754425}
{"event": "update", "optimizer_step": 13240, "tokens_seen": 433848320, "lr": 0.00020814954779331592, "grad_norm": 0.7204170227050781, "elapsed_seconds": 7087.651844778998, "tokens_per_second": 61211.85542142385, "loss_main": 2.6188389658927917, "loss_total": 2.6188389658927917}
{"event": "update", "optimizer_step": 13250, "tokens_seen": 434176000, "lr": 0.00020801979888519299, "grad_norm": 4.379211902618408, "elapsed_seconds": 7092.921385814998, "tokens_per_second": 61212.577495684716, "loss_main": 2.453807771205902, "loss_total": 2.453807771205902}
{"event": "update", "optimizer_step": 13260, "tokens_seen": 434503680, "lr": 0.000207890005732362, "grad_norm": 0.6627739071846008, "elapsed_seconds": 7098.182732376998, "tokens_per_second": 61213.369165335076, "loss_main": 2.4817002415657043, "loss_total": 2.4817002415657043}
{"event": "update", "optimizer_step": 13270, "tokens_seen": 434831360, "lr": 0.00020776016846831184, "grad_norm": 0.6611890196800232, "elapsed_seconds": 7103.437466094997, "tokens_per_second": 61214.21664869554, "loss_main": 2.597649097442627, "loss_total": 2.597649097442627}
{"event": "update", "optimizer_step": 13280, "tokens_seen": 435159040, "lr": 0.0002076302872265766, "grad_norm": 0.6705124974250793, "elapsed_seconds": 7108.7000519469975, "tokens_per_second": 61214.99526215268, "loss_main": 2.530754327774048, "loss_total": 2.530754327774048}
{"event": "update", "optimizer_step": 13290, "tokens_seen": 435486720, "lr": 0.0002075003621407357, "grad_norm": 0.6674372553825378, "elapsed_seconds": 7113.966694059997, "tokens_per_second": 61215.737819467395, "loss_main": 2.54084712266922, "loss_total": 2.54084712266922}
{"event": "update", "optimizer_step": 13300, "tokens_seen": 435814400, "lr": 0.00020737039334441353, "grad_norm": 0.6958469748497009, "elapsed_seconds": 7119.229926656997, "tokens_per_second": 61216.508595705236, "loss_main": 2.627906560897827, "loss_total": 2.627906560897827}
{"event": "update", "optimizer_step": 13310, "tokens_seen": 436142080, "lr": 0.0002072403809712795, "grad_norm": 0.6769624352455139, "elapsed_seconds": 7124.506382169998, "tokens_per_second": 61217.16461529211, "loss_main": 2.5463948845863342, "loss_total": 2.5463948845863342}
{"event": "update", "optimizer_step": 13320, "tokens_seen": 436469760, "lr": 0.00020711032515504795, "grad_norm": 0.6672492027282715, "elapsed_seconds": 7129.767612467997, "tokens_per_second": 61217.95039108073, "loss_main": 2.612597703933716, "loss_total": 2.612597703933716}
{"event": "update", "optimizer_step": 13330, "tokens_seen": 436797440, "lr": 0.00020698022602947774, "grad_norm": 0.6570529341697693, "elapsed_seconds": 7135.030183680998, "tokens_per_second": 61218.72350295427, "loss_main": 2.473407745361328, "loss_total": 2.473407745361328}
{"event": "update", "optimizer_step": 13340, "tokens_seen": 437125120, "lr": 0.00020685008372837226, "grad_norm": 0.6676549315452576, "elapsed_seconds": 7140.299953280997, "tokens_per_second": 61219.43375770078, "loss_main": 2.5356417894363403, "loss_total": 2.5356417894363403}
{"event": "update", "optimizer_step": 13350, "tokens_seen": 437452800, "lr": 0.00020671989838557945, "grad_norm": 0.6480884552001953, "elapsed_seconds": 7145.560028511997, "tokens_per_second": 61220.226022101706, "loss_main": 2.4503228664398193, "loss_total": 2.4503228664398193}
{"event": "update", "optimizer_step": 13360, "tokens_seen": 437780480, "lr": 0.0002065896701349914, "grad_norm": 0.6904269456863403, "elapsed_seconds": 7150.820391008998, "tokens_per_second": 61221.014661539855, "loss_main": 2.433008313179016, "loss_total": 2.433008313179016}
{"event": "update", "optimizer_step": 13370, "tokens_seen": 438108160, "lr": 0.0002064593991105444, "grad_norm": 0.7282721996307373, "elapsed_seconds": 7156.086099521997, "tokens_per_second": 61221.7564052596, "loss_main": 2.5148240327835083, "loss_total": 2.5148240327835083}
{"event": "update", "optimizer_step": 13380, "tokens_seen": 438435840, "lr": 0.00020632908544621873, "grad_norm": 3.837066650390625, "elapsed_seconds": 7161.3463585149975, "tokens_per_second": 61222.54364623632, "loss_main": 2.487306296825409, "loss_total": 2.487306296825409}
{"event": "update", "optimizer_step": 13390, "tokens_seen": 438763520, "lr": 0.0002061987292760384, "grad_norm": 0.6872618794441223, "elapsed_seconds": 7166.615739027998, "tokens_per_second": 61223.25180776459, "loss_main": 2.5879292488098145, "loss_total": 2.5879292488098145}
{"event": "update", "optimizer_step": 13400, "tokens_seen": 439091200, "lr": 0.00020606833073407132, "grad_norm": 0.6608841419219971, "elapsed_seconds": 7171.880514690997, "tokens_per_second": 61223.9982387546, "loss_main": 2.6064414978027344, "loss_total": 2.6064414978027344}
{"event": "update", "optimizer_step": 13410, "tokens_seen": 439418880, "lr": 0.00020593788995442884, "grad_norm": 0.6864715814590454, "elapsed_seconds": 7177.1458586089975, "tokens_per_second": 61224.738727152435, "loss_main": 2.6153783798217773, "loss_total": 2.6153783798217773}
{"event": "update", "optimizer_step": 13420, "tokens_seen": 439746560, "lr": 0.00020580740707126576, "grad_norm": 0.6918497085571289, "elapsed_seconds": 7182.419378829997, "tokens_per_second": 61225.408432170094, "loss_main": 2.4811359643936157, "loss_total": 2.4811359643936157}
{"event": "evaluation", "tokens_seen": 440008704, "elapsed_seconds": 7186.6235413629975, "parameters": 71199040, "main_loss": 2.605807062238455, "perplexity": 13.542150251693398}
{"event": "update", "optimizer_step": 13430, "tokens_seen": 440074240, "lr": 0.00020567688221878033, "grad_norm": 0.685034453868866, "elapsed_seconds": 7190.250517886998, "tokens_per_second": 61204.29864094983, "loss_main": 2.4808965921401978, "loss_total": 2.4808965921401978}
{"event": "update", "optimizer_step": 13440, "tokens_seen": 440401920, "lr": 0.0002055463155312138, "grad_norm": 0.6415794491767883, "elapsed_seconds": 7195.496947909997, "tokens_per_second": 61205.212536143044, "loss_main": 2.5663424134254456, "loss_total": 2.5663424134254456}
{"event": "update", "optimizer_step": 13450, "tokens_seen": 440729600, "lr": 0.00020541570714285046, "grad_norm": 0.6410506367683411, "elapsed_seconds": 7200.767405406998, "tokens_per_second": 61205.92086741473, "loss_main": 2.4755059480667114, "loss_total": 2.4755059480667114}
{"event": "update", "optimizer_step": 13460, "tokens_seen": 441057280, "lr": 0.0002052850571880176, "grad_norm": 0.6385903358459473, "elapsed_seconds": 7206.029651009997, "tokens_per_second": 61206.69791279327, "loss_main": 2.3839536905288696, "loss_total": 2.3839536905288696}
{"event": "update", "optimizer_step": 13470, "tokens_seen": 441384960, "lr": 0.00020515436580108518, "grad_norm": 0.6712623238563538, "elapsed_seconds": 7211.299059105997, "tokens_per_second": 61207.41303089427, "loss_main": 2.4609603881835938, "loss_total": 2.4609603881835938}
{"event": "update", "optimizer_step": 13480, "tokens_seen": 441712640, "lr": 0.00020502363311646575, "grad_norm": 0.6680180430412292, "elapsed_seconds": 7216.556370393997, "tokens_per_second": 61208.229705255406, "loss_main": 2.5906254053115845, "loss_total": 2.5906254053115845}
{"event": "update", "optimizer_step": 13490, "tokens_seen": 442040320, "lr": 0.00020489285926861433, "grad_norm": 0.6591269373893738, "elapsed_seconds": 7221.817610781997, "tokens_per_second": 61209.011889201494, "loss_main": 2.646485209465027, "loss_total": 2.646485209465027}
{"event": "update", "optimizer_step": 13500, "tokens_seen": 442368000, "lr": 0.0002047620443920284, "grad_norm": 0.6867823600769043, "elapsed_seconds": 7227.080031770997, "tokens_per_second": 61209.78293519709, "loss_main": 2.623103380203247, "loss_total": 2.623103380203247}
{"event": "update", "optimizer_step": 13510, "tokens_seen": 442695680, "lr": 0.00020463118862124754, "grad_norm": 0.6842097640037537, "elapsed_seconds": 7232.3199280929975, "tokens_per_second": 61210.7434960678, "loss_main": 2.4167733192443848, "loss_total": 2.4167733192443848}
{"event": "update", "optimizer_step": 13520, "tokens_seen": 443023360, "lr": 0.00020450029209085328, "grad_norm": 0.6555703282356262, "elapsed_seconds": 7237.587069997998, "tokens_per_second": 61211.47223726907, "loss_main": 2.4460745453834534, "loss_total": 2.4460745453834534}
{"event": "update", "optimizer_step": 13530, "tokens_seen": 443351040, "lr": 0.00020436935493546934, "grad_norm": 0.6660319566726685, "elapsed_seconds": 7242.836874178997, "tokens_per_second": 61212.346446813426, "loss_main": 2.689941644668579, "loss_total": 2.689941644668579}
{"event": "update", "optimizer_step": 13540, "tokens_seen": 443678720, "lr": 0.00020423837728976102, "grad_norm": 0.6594083905220032, "elapsed_seconds": 7248.093235602997, "tokens_per_second": 61213.16401127788, "loss_main": 2.432460606098175, "loss_total": 2.432460606098175}
{"event": "update", "optimizer_step": 13550, "tokens_seen": 444006400, "lr": 0.00020410735928843524, "grad_norm": 0.6643816232681274, "elapsed_seconds": 7253.361193085997, "tokens_per_second": 61213.88252707351, "loss_main": 2.3590206503868103, "loss_total": 2.3590206503868103}
{"event": "update", "optimizer_step": 13560, "tokens_seen": 444334080, "lr": 0.00020397630106624057, "grad_norm": 0.6739095449447632, "elapsed_seconds": 7258.618186587997, "tokens_per_second": 61214.69246323103, "loss_main": 2.5822629928588867, "loss_total": 2.5822629928588867}
{"event": "update", "optimizer_step": 13570, "tokens_seen": 444661760, "lr": 0.00020384520275796685, "grad_norm": 0.6816361546516418, "elapsed_seconds": 7263.856715516998, "tokens_per_second": 61215.65683559215, "loss_main": 2.5909494161605835, "loss_total": 2.5909494161605835}
{"event": "update", "optimizer_step": 13580, "tokens_seen": 444989440, "lr": 0.00020371406449844513, "grad_norm": 0.6785213351249695, "elapsed_seconds": 7269.1030874929975, "tokens_per_second": 61216.5537679106, "loss_main": 2.52757728099823, "loss_total": 2.52757728099823}
{"event": "update", "optimizer_step": 13590, "tokens_seen": 445317120, "lr": 0.00020358288642254767, "grad_norm": 0.6548449397087097, "elapsed_seconds": 7274.364336200997, "tokens_per_second": 61217.32421125401, "loss_main": 2.4988731145858765, "loss_total": 2.4988731145858765}
{"event": "update", "optimizer_step": 13600, "tokens_seen": 445644800, "lr": 0.00020345166866518754, "grad_norm": 0.6883013844490051, "elapsed_seconds": 7279.625306578998, "tokens_per_second": 61218.095881562236, "loss_main": 2.556002616882324, "loss_total": 2.556002616882324}
{"event": "update", "optimizer_step": 13610, "tokens_seen": 445972480, "lr": 0.0002033204113613187, "grad_norm": 0.6694938540458679, "elapsed_seconds": 7284.877225710998, "tokens_per_second": 61218.94249995043, "loss_main": 2.57455575466156, "loss_total": 2.57455575466156}
{"event": "update", "optimizer_step": 13620, "tokens_seen": 446300160, "lr": 0.00020318911464593578, "grad_norm": 0.6914786696434021, "elapsed_seconds": 7290.126611742998, "tokens_per_second": 61219.80917054252, "loss_main": 2.435812771320343, "loss_total": 2.435812771320343}
{"event": "update", "optimizer_step": 13630, "tokens_seen": 446627840, "lr": 0.00020305777865407387, "grad_norm": 0.7106204032897949, "elapsed_seconds": 7295.381244309998, "tokens_per_second": 61220.63056654449, "loss_main": 2.6367642283439636, "loss_total": 2.6367642283439636}
{"event": "update", "optimizer_step": 13640, "tokens_seen": 446955520, "lr": 0.00020292640352080854, "grad_norm": 0.6430203914642334, "elapsed_seconds": 7300.638910769997, "tokens_per_second": 61221.42533862967, "loss_main": 2.408745586872101, "loss_total": 2.408745586872101}
{"event": "update", "optimizer_step": 13650, "tokens_seen": 447283200, "lr": 0.00020279498938125564, "grad_norm": 0.7082115411758423, "elapsed_seconds": 7305.886289357997, "tokens_per_second": 61222.305177611095, "loss_main": 2.6802749633789062, "loss_total": 2.6802749633789062}
{"event": "update", "optimizer_step": 13660, "tokens_seen": 447610880, "lr": 0.00020266353637057104, "grad_norm": 0.7129543423652649, "elapsed_seconds": 7311.146484129998, "tokens_per_second": 61223.07643152963, "loss_main": 2.4892027974128723, "loss_total": 2.4892027974128723}
{"event": "update", "optimizer_step": 13670, "tokens_seen": 447938560, "lr": 0.0002025320446239506, "grad_norm": 0.6952372193336487, "elapsed_seconds": 7316.397495205997, "tokens_per_second": 61223.923425908404, "loss_main": 2.4980114102363586, "loss_total": 2.4980114102363586}
{"event": "update", "optimizer_step": 13680, "tokens_seen": 448266240, "lr": 0.00020240051427663006, "grad_norm": 0.6364244222640991, "elapsed_seconds": 7321.6507475499975, "tokens_per_second": 61224.75046354823, "loss_main": 2.439012289047241, "loss_total": 2.439012289047241}
{"event": "update", "optimizer_step": 13690, "tokens_seen": 448593920, "lr": 0.0002022689454638849, "grad_norm": 0.6751510500907898, "elapsed_seconds": 7326.905103464997, "tokens_per_second": 61225.567093513135, "loss_main": 2.559688925743103, "loss_total": 2.559688925743103}
{"event": "update", "optimizer_step": 13700, "tokens_seen": 448921600, "lr": 0.00020213733832103007, "grad_norm": 0.7125841975212097, "elapsed_seconds": 7332.156867603998, "tokens_per_second": 61226.404195399955, "loss_main": 2.638470709323883, "loss_total": 2.638470709323883}
{"event": "update", "optimizer_step": 13710, "tokens_seen": 449249280, "lr": 0.00020200569298342, "grad_norm": 0.6984827518463135, "elapsed_seconds": 7337.4143652839975, "tokens_per_second": 61227.192255294096, "loss_main": 2.669305920600891, "loss_total": 2.669305920600891}
{"event": "update", "optimizer_step": 13720, "tokens_seen": 449576960, "lr": 0.0002018740095864484, "grad_norm": 0.6828298568725586, "elapsed_seconds": 7342.669568915998, "tokens_per_second": 61227.99831592739, "loss_main": 2.5205430388450623, "loss_total": 2.5205430388450623}
{"event": "update", "optimizer_step": 13730, "tokens_seen": 449904640, "lr": 0.000201742288265548, "grad_norm": 0.6529584527015686, "elapsed_seconds": 7347.917635201998, "tokens_per_second": 61228.862697728364, "loss_main": 2.4361758828163147, "loss_total": 2.4361758828163147}
{"event": "update", "optimizer_step": 13740, "tokens_seen": 450232320, "lr": 0.00020161052915619078, "grad_norm": 0.739750862121582, "elapsed_seconds": 7353.171010482997, "tokens_per_second": 61229.68163777633, "loss_main": 2.6426031589508057, "loss_total": 2.6426031589508057}
{"event": "update", "optimizer_step": 13750, "tokens_seen": 450560000, "lr": 0.00020147873239388742, "grad_norm": 1.215726375579834, "elapsed_seconds": 7358.414894736998, "tokens_per_second": 61230.57838479, "loss_main": 2.591258704662323, "loss_total": 2.591258704662323}
{"event": "update", "optimizer_step": 13760, "tokens_seen": 450887680, "lr": 0.0002013468981141873, "grad_norm": 0.7680262327194214, "elapsed_seconds": 7363.666702897997, "tokens_per_second": 61231.4079645337, "loss_main": 2.4661155939102173, "loss_total": 2.4661155939102173}
{"event": "update", "optimizer_step": 13770, "tokens_seen": 451215360, "lr": 0.00020121502645267846, "grad_norm": 0.6480282545089722, "elapsed_seconds": 7368.923974244997, "tokens_per_second": 61232.190965334325, "loss_main": 2.517450213432312, "loss_total": 2.517450213432312}
{"event": "update", "optimizer_step": 13780, "tokens_seen": 451543040, "lr": 0.00020108311754498735, "grad_norm": 0.6483806371688843, "elapsed_seconds": 7374.183621735998, "tokens_per_second": 61232.95311891077, "loss_main": 2.48099023103714, "loss_total": 2.48099023103714}
{"event": "update", "optimizer_step": 13790, "tokens_seen": 451870720, "lr": 0.00020095117152677875, "grad_norm": 0.6534655094146729, "elapsed_seconds": 7379.444871450997, "tokens_per_second": 61233.70089099264, "loss_main": 2.5777830481529236, "loss_total": 2.5777830481529236}
{"event": "update", "optimizer_step": 13800, "tokens_seen": 452198400, "lr": 0.00020081918853375564, "grad_norm": 0.6632939577102661, "elapsed_seconds": 7384.693786087997, "tokens_per_second": 61234.54988098426, "loss_main": 2.451471209526062, "loss_total": 2.451471209526062}
{"event": "update", "optimizer_step": 13810, "tokens_seen": 452526080, "lr": 0.00020068716870165894, "grad_norm": 0.6537604928016663, "elapsed_seconds": 7389.955125336997, "tokens_per_second": 61235.2947108544, "loss_main": 2.5306975841522217, "loss_total": 2.5306975841522217}
{"event": "update", "optimizer_step": 13820, "tokens_seen": 452853760, "lr": 0.00020055511216626748, "grad_norm": 0.7156816720962524, "elapsed_seconds": 7395.198474110997, "tokens_per_second": 61236.18745126907, "loss_main": 2.5297154784202576, "loss_total": 2.5297154784202576}
{"event": "update", "optimizer_step": 13830, "tokens_seen": 453181440, "lr": 0.00020042301906339792, "grad_norm": 0.6698591709136963, "elapsed_seconds": 7400.4676391039975, "tokens_per_second": 61236.865303672676, "loss_main": 2.407150387763977, "loss_total": 2.407150387763977}
{"event": "update", "optimizer_step": 13840, "tokens_seen": 453509120, "lr": 0.0002002908895289044, "grad_norm": 0.6742848753929138, "elapsed_seconds": 7405.7235155909975, "tokens_per_second": 61237.652073459656, "loss_main": 2.3508286476135254, "loss_total": 2.3508286476135254}
{"event": "update", "optimizer_step": 13850, "tokens_seen": 453836800, "lr": 0.00020015872369867862, "grad_norm": 0.7167173027992249, "elapsed_seconds": 7410.983064717998, "tokens_per_second": 61238.4073795302, "loss_main": 2.478372097015381, "loss_total": 2.478372097015381}
{"event": "update", "optimizer_step": 13860, "tokens_seen": 454164480, "lr": 0.00020002652170864963, "grad_norm": 0.6833467483520508, "elapsed_seconds": 7416.232239516998, "tokens_per_second": 61239.24727977217, "loss_main": 2.5417152643203735, "loss_total": 2.5417152643203735}
{"event": "update", "optimizer_step": 13870, "tokens_seen": 454492160, "lr": 0.00019989428369478364, "grad_norm": 0.67878657579422, "elapsed_seconds": 7421.484015272998, "tokens_per_second": 61240.06452950389, "loss_main": 2.6183087825775146, "loss_total": 2.6183087825775146}
{"event": "update", "optimizer_step": 13880, "tokens_seen": 454819840, "lr": 0.00019976200979308377, "grad_norm": 0.7006547451019287, "elapsed_seconds": 7426.737243746998, "tokens_per_second": 61240.86864429455, "loss_main": 2.5703126788139343, "loss_total": 2.5703126788139343}
{"event": "update", "optimizer_step": 13890, "tokens_seen": 455147520, "lr": 0.00019962970013959034, "grad_norm": 0.7017479538917542, "elapsed_seconds": 7431.980859346997, "tokens_per_second": 61241.75083518596, "loss_main": 2.3925750255584717, "loss_total": 2.3925750255584717}
{"event": "update", "optimizer_step": 13900, "tokens_seen": 455475200, "lr": 0.00019949735487038016, "grad_norm": 0.6685407161712646, "elapsed_seconds": 7437.234153620998, "tokens_per_second": 61242.552082112525, "loss_main": 2.383152097463608, "loss_total": 2.383152097463608}
{"event": "update", "optimizer_step": 13910, "tokens_seen": 455802880, "lr": 0.00019936497412156685, "grad_norm": 0.7271055579185486, "elapsed_seconds": 7442.487743569997, "tokens_per_second": 61243.34976484105, "loss_main": 2.729994297027588, "loss_total": 2.729994297027588}
{"event": "update", "optimizer_step": 13920, "tokens_seen": 456130560, "lr": 0.00019923255802930037, "grad_norm": 0.6701281666755676, "elapsed_seconds": 7447.746952252997, "tokens_per_second": 61244.100118360926, "loss_main": 2.386606991291046, "loss_total": 2.386606991291046}
{"event": "update", "optimizer_step": 13930, "tokens_seen": 456458240, "lr": 0.0001991001067297672, "grad_norm": 0.6705317497253418, "elapsed_seconds": 7453.004190385997, "tokens_per_second": 61244.86560584634, "loss_main": 2.640584349632263, "loss_total": 2.640584349632263}
{"event": "update", "optimizer_step": 13940, "tokens_seen": 456785920, "lr": 0.00019896762035918994, "grad_norm": 0.6645783185958862, "elapsed_seconds": 7458.269361013998, "tokens_per_second": 61245.56487430177, "loss_main": 2.497544288635254, "loss_total": 2.497544288635254}
{"event": "update", "optimizer_step": 13950, "tokens_seen": 457113600, "lr": 0.00019883509905382722, "grad_norm": 0.6554988026618958, "elapsed_seconds": 7463.520079355997, "tokens_per_second": 61246.381752809975, "loss_main": 2.541379988193512, "loss_total": 2.541379988193512}
{"event": "update", "optimizer_step": 13960, "tokens_seen": 457441280, "lr": 0.00019870254294997367, "grad_norm": 0.6704631447792053, "elapsed_seconds": 7468.784809171997, "tokens_per_second": 61247.08258273045, "loss_main": 2.575868606567383, "loss_total": 2.575868606567383}
{"event": "update", "optimizer_step": 13970, "tokens_seen": 457768960, "lr": 0.0001985699521839597, "grad_norm": 0.6480146050453186, "elapsed_seconds": 7474.038810096998, "tokens_per_second": 61247.8703457601, "loss_main": 2.518005907535553, "loss_total": 2.518005907535553}
{"event": "update", "optimizer_step": 13980, "tokens_seen": 458096640, "lr": 0.00019843732689215135, "grad_norm": 0.7101933360099792, "elapsed_seconds": 7479.289013428997, "tokens_per_second": 61248.688100899904, "loss_main": 2.718410551548004, "loss_total": 2.718410551548004}
{"event": "update", "optimizer_step": 13990, "tokens_seen": 458424320, "lr": 0.0001983046672109501, "grad_norm": 0.6692187190055847, "elapsed_seconds": 7484.538819248997, "tokens_per_second": 61249.507961800984, "loss_main": 2.617164373397827, "loss_total": 2.617164373397827}
{"event": "update", "optimizer_step": 14000, "tokens_seen": 458752000, "lr": 0.00019817197327679295, "grad_norm": 0.6706642508506775, "elapsed_seconds": 7489.8023188789975, "tokens_per_second": 61250.214687730455, "loss_main": 2.585666596889496, "loss_total": 2.585666596889496}
{"event": "update", "optimizer_step": 14010, "tokens_seen": 459079680, "lr": 0.00019803924522615205, "grad_norm": 0.6952680349349976, "elapsed_seconds": 7495.072180600998, "tokens_per_second": 61250.86842902003, "loss_main": 2.46431428194046, "loss_total": 2.46431428194046}
{"event": "update", "optimizer_step": 14020, "tokens_seen": 459407360, "lr": 0.00019790648319553453, "grad_norm": 0.7276250123977661, "elapsed_seconds": 7500.3316314939975, "tokens_per_second": 61251.60627177364, "loss_main": 2.5198158621788025, "loss_total": 2.5198158621788025}
{"event": "update", "optimizer_step": 14030, "tokens_seen": 459735040, "lr": 0.00019777368732148276, "grad_norm": 0.6418455839157104, "elapsed_seconds": 7505.600622224997, "tokens_per_second": 61252.26522693848, "loss_main": 2.297868490219116, "loss_total": 2.297868490219116}
{"event": "update", "optimizer_step": 14040, "tokens_seen": 460062720, "lr": 0.00019764085774057357, "grad_norm": 0.6989705562591553, "elapsed_seconds": 7510.865465632997, "tokens_per_second": 61252.95707999039, "loss_main": 2.668343424797058, "loss_total": 2.668343424797058}
{"event": "update", "optimizer_step": 14050, "tokens_seen": 460390400, "lr": 0.00019750799458941867, "grad_norm": 0.7004883885383606, "elapsed_seconds": 7516.1221010129975, "tokens_per_second": 61253.71485622222, "loss_main": 2.3966890573501587, "loss_total": 2.3966890573501587}
{"event": "update", "optimizer_step": 14060, "tokens_seen": 460718080, "lr": 0.0001973750980046642, "grad_norm": 0.7287498116493225, "elapsed_seconds": 7521.383562594998, "tokens_per_second": 61254.43226844888, "loss_main": 2.471234619617462, "loss_total": 2.471234619617462}
{"event": "update", "optimizer_step": 14070, "tokens_seen": 461045760, "lr": 0.00019724216812299085, "grad_norm": 0.6489604711532593, "elapsed_seconds": 7526.6501332909975, "tokens_per_second": 61255.10709747971, "loss_main": 2.489608585834503, "loss_total": 2.489608585834503}
{"event": "update", "optimizer_step": 14080, "tokens_seen": 461373440, "lr": 0.0001971092050811133, "grad_norm": 0.7185420393943787, "elapsed_seconds": 7531.911458262997, "tokens_per_second": 61255.82364538331, "loss_main": 2.6240376830101013, "loss_total": 2.6240376830101013}
{"event": "update", "optimizer_step": 14090, "tokens_seen": 461701120, "lr": 0.00019697620901578056, "grad_norm": 0.677460253238678, "elapsed_seconds": 7537.172729050997, "tokens_per_second": 61256.53963328138, "loss_main": 2.4506707191467285, "loss_total": 2.4506707191467285}
{"event": "update", "optimizer_step": 14100, "tokens_seen": 462028800, "lr": 0.00019684318006377543, "grad_norm": 0.6765280365943909, "elapsed_seconds": 7542.432327987997, "tokens_per_second": 61257.268200542116, "loss_main": 2.4236318469047546, "loss_total": 2.4236318469047546}
{"event": "update", "optimizer_step": 14110, "tokens_seen": 462356480, "lr": 0.0001967101183619147, "grad_norm": 0.700475811958313, "elapsed_seconds": 7547.698015510998, "tokens_per_second": 61257.94633672785, "loss_main": 2.542950749397278, "loss_total": 2.542950749397278}
{"event": "update", "optimizer_step": 14120, "tokens_seen": 462684160, "lr": 0.0001965770240470487, "grad_norm": 0.7244712710380554, "elapsed_seconds": 7552.961415310998, "tokens_per_second": 61258.6420820407, "loss_main": 2.4272559881210327, "loss_total": 2.4272559881210327}
{"event": "update", "optimizer_step": 14130, "tokens_seen": 463011840, "lr": 0.00019644389725606136, "grad_norm": 0.6909739971160889, "elapsed_seconds": 7558.2197248409975, "tokens_per_second": 61259.37811496217, "loss_main": 2.4468119144439697, "loss_total": 2.4468119144439697}
{"event": "update", "optimizer_step": 14140, "tokens_seen": 463339520, "lr": 0.00019631073812587007, "grad_norm": 0.6772052645683289, "elapsed_seconds": 7563.481764139998, "tokens_per_second": 61260.08291535609, "loss_main": 2.611721158027649, "loss_total": 2.611721158027649}
{"event": "update", "optimizer_step": 14150, "tokens_seen": 463667200, "lr": 0.00019617754679342536, "grad_norm": 0.6648839116096497, "elapsed_seconds": 7568.747120757997, "tokens_per_second": 61260.75988565522, "loss_main": 2.3915186524391174, "loss_total": 2.3915186524391174}
{"event": "update", "optimizer_step": 14160, "tokens_seen": 463994880, "lr": 0.00019604432339571096, "grad_norm": 0.6882194876670837, "elapsed_seconds": 7573.996071659997, "tokens_per_second": 61261.568610545364, "loss_main": 2.4753751158714294, "loss_total": 2.4753751158714294}
{"event": "update", "optimizer_step": 14170, "tokens_seen": 464322560, "lr": 0.00019591106806974353, "grad_norm": 0.7103797197341919, "elapsed_seconds": 7579.267197107997, "tokens_per_second": 61262.196980886285, "loss_main": 2.520554840564728, "loss_total": 2.520554840564728}
{"event": "update", "optimizer_step": 14180, "tokens_seen": 464650240, "lr": 0.00019577778095257266, "grad_norm": 0.6898481249809265, "elapsed_seconds": 7584.527646810998, "tokens_per_second": 61262.910709458294, "loss_main": 2.5613704323768616, "loss_total": 2.5613704323768616}
{"event": "update", "optimizer_step": 14190, "tokens_seen": 464977920, "lr": 0.0001956444621812805, "grad_norm": 0.6782784461975098, "elapsed_seconds": 7589.789860326998, "tokens_per_second": 61263.609211436975, "loss_main": 2.37592750787735, "loss_total": 2.37592750787735}
{"event": "update", "optimizer_step": 14200, "tokens_seen": 465305600, "lr": 0.00019551111189298185, "grad_norm": 0.6797522306442261, "elapsed_seconds": 7595.058745883997, "tokens_per_second": 61264.25292657069, "loss_main": 2.3542258739471436, "loss_total": 2.3542258739471436}
{"event": "update", "optimizer_step": 14210, "tokens_seen": 465633280, "lr": 0.00019537773022482394, "grad_norm": 0.7039095759391785, "elapsed_seconds": 7600.310642393997, "tokens_per_second": 61265.03269520727, "loss_main": 2.6368232369422913, "loss_total": 2.6368232369422913}
{"event": "update", "optimizer_step": 14220, "tokens_seen": 465960960, "lr": 0.00019524431731398617, "grad_norm": 0.6978861689567566, "elapsed_seconds": 7605.575778452998, "tokens_per_second": 61265.70473731815, "loss_main": 2.5373666882514954, "loss_total": 2.5373666882514954}
{"event": "update", "optimizer_step": 14230, "tokens_seen": 466288640, "lr": 0.00019511087329768018, "grad_norm": 0.7473927140235901, "elapsed_seconds": 7610.837025489997, "tokens_per_second": 61266.40715578581, "loss_main": 2.7161625623703003, "loss_total": 2.7161625623703003}
{"event": "update", "optimizer_step": 14240, "tokens_seen": 466616320, "lr": 0.00019497739831314954, "grad_norm": 0.6871167421340942, "elapsed_seconds": 7616.0957405599975, "tokens_per_second": 61267.12897200142, "loss_main": 2.502790689468384, "loss_total": 2.502790689468384}
{"event": "update", "optimizer_step": 14250, "tokens_seen": 466944000, "lr": 0.00019484389249766967, "grad_norm": 0.651771605014801, "elapsed_seconds": 7621.362804262997, "tokens_per_second": 61267.782677766714, "loss_main": 2.455406904220581, "loss_total": 2.455406904220581}
{"event": "update", "optimizer_step": 14260, "tokens_seen": 467271680, "lr": 0.0001947103559885478, "grad_norm": 0.6759547591209412, "elapsed_seconds": 7626.626916575998, "tokens_per_second": 61268.45919057797, "loss_main": 2.3380560278892517, "loss_total": 2.3380560278892517}
{"event": "update", "optimizer_step": 14270, "tokens_seen": 467599360, "lr": 0.0001945767889231225, "grad_norm": 0.7021357417106628, "elapsed_seconds": 7631.887171720998, "tokens_per_second": 61269.1657356559, "loss_main": 2.6221157908439636, "loss_total": 2.6221157908439636}
{"event": "update", "optimizer_step": 14280, "tokens_seen": 467927040, "lr": 0.00019444319143876405, "grad_norm": 0.7373882532119751, "elapsed_seconds": 7637.148593076998, "tokens_per_second": 61269.86195137952, "loss_main": 2.6636104583740234, "loss_total": 2.6636104583740234}
{"event": "update", "optimizer_step": 14290, "tokens_seen": 468254720, "lr": 0.0001943095636728738, "grad_norm": 0.7383586168289185, "elapsed_seconds": 7642.4071799059975, "tokens_per_second": 61270.57993339732, "loss_main": 2.6342034935951233, "loss_total": 2.6342034935951233}
{"event": "update", "optimizer_step": 14300, "tokens_seen": 468582400, "lr": 0.00019417590576288436, "grad_norm": 0.6742493510246277, "elapsed_seconds": 7647.662921151998, "tokens_per_second": 61271.319726185786, "loss_main": 2.5172099471092224, "loss_total": 2.5172099471092224}
{"event": "update", "optimizer_step": 14310, "tokens_seen": 468910080, "lr": 0.00019404221784625924, "grad_norm": 0.7018185257911682, "elapsed_seconds": 7652.914003148998, "tokens_per_second": 61272.09580651949, "loss_main": 2.6986302733421326, "loss_total": 2.6986302733421326}
{"event": "update", "optimizer_step": 14320, "tokens_seen": 469237760, "lr": 0.00019390850006049292, "grad_norm": 0.681715190410614, "elapsed_seconds": 7658.173981760998, "tokens_per_second": 61272.799640952886, "loss_main": 2.58253812789917, "loss_total": 2.58253812789917}
{"event": "update", "optimizer_step": 14330, "tokens_seen": 469565440, "lr": 0.00019377475254311056, "grad_norm": 0.6973707675933838, "elapsed_seconds": 7663.434959928997, "tokens_per_second": 61273.49451718327, "loss_main": 2.4587135314941406, "loss_total": 2.4587135314941406}
{"event": "update", "optimizer_step": 14340, "tokens_seen": 469893120, "lr": 0.0001936409754316679, "grad_norm": 0.7460137009620667, "elapsed_seconds": 7668.697779426998, "tokens_per_second": 61274.173727460446, "loss_main": 2.4959415197372437, "loss_total": 2.4959415197372437}
{"event": "update", "optimizer_step": 14350, "tokens_seen": 470220800, "lr": 0.000193507168863751, "grad_norm": 0.7229607105255127, "elapsed_seconds": 7673.9593133909975, "tokens_per_second": 61274.862270831756, "loss_main": 2.634928584098816, "loss_total": 2.634928584098816}
{"event": "update", "optimizer_step": 14360, "tokens_seen": 470548480, "lr": 0.00019337333297697644, "grad_norm": 0.6762881278991699, "elapsed_seconds": 7679.226639022997, "tokens_per_second": 61275.50365668936, "loss_main": 2.487615466117859, "loss_total": 2.487615466117859}
{"event": "update", "optimizer_step": 14370, "tokens_seen": 470876160, "lr": 0.0001932394679089908, "grad_norm": 0.6746665239334106, "elapsed_seconds": 7684.495507105998, "tokens_per_second": 61276.131863773226, "loss_main": 2.462333559989929, "loss_total": 2.462333559989929}
{"event": "update", "optimizer_step": 14380, "tokens_seen": 471203840, "lr": 0.0001931055737974707, "grad_norm": 0.6440094709396362, "elapsed_seconds": 7689.756937968998, "tokens_per_second": 61276.81847437604, "loss_main": 2.326816499233246, "loss_total": 2.326816499233246}
{"event": "update", "optimizer_step": 14390, "tokens_seen": 471531520, "lr": 0.00019297165078012264, "grad_norm": 0.6524146199226379, "elapsed_seconds": 7695.012164315997, "tokens_per_second": 61277.55355431774, "loss_main": 2.3038944005966187, "loss_total": 2.3038944005966187}
{"event": "update", "optimizer_step": 14400, "tokens_seen": 471859200, "lr": 0.00019283769899468287, "grad_norm": 0.7134664058685303, "elapsed_seconds": 7700.271242105998, "tokens_per_second": 61278.256981366816, "loss_main": 2.5669636726379395, "loss_total": 2.5669636726379395}
{"event": "update", "optimizer_step": 14410, "tokens_seen": 472186880, "lr": 0.00019270371857891717, "grad_norm": 0.7027987241744995, "elapsed_seconds": 7705.534322266997, "tokens_per_second": 61278.92761901044, "loss_main": 2.4316267371177673, "loss_total": 2.4316267371177673}
{"event": "update", "optimizer_step": 14420, "tokens_seen": 472514560, "lr": 0.0001925697096706208, "grad_norm": 0.6871953010559082, "elapsed_seconds": 7710.805942451997, "tokens_per_second": 61279.52947156426, "loss_main": 2.3327857851982117, "loss_total": 2.3327857851982117}
{"event": "update", "optimizer_step": 14430, "tokens_seen": 472842240, "lr": 0.00019243567240761838, "grad_norm": 0.658786952495575, "elapsed_seconds": 7716.069956486997, "tokens_per_second": 61280.19090890636, "loss_main": 2.347708284854889, "loss_total": 2.347708284854889}
{"event": "update", "optimizer_step": 14440, "tokens_seen": 473169920, "lr": 0.00019230160692776358, "grad_norm": 0.7775152921676636, "elapsed_seconds": 7721.329310261997, "tokens_per_second": 61280.88843084774, "loss_main": 2.4966516494750977, "loss_total": 2.4966516494750977}
{"event": "update", "optimizer_step": 14450, "tokens_seen": 473497600, "lr": 0.00019216751336893913, "grad_norm": 0.6863695979118347, "elapsed_seconds": 7726.595916202998, "tokens_per_second": 61281.52748444571, "loss_main": 2.5191308856010437, "loss_total": 2.5191308856010437}
{"event": "update", "optimizer_step": 14460, "tokens_seen": 473825280, "lr": 0.0001920333918690567, "grad_norm": 0.7230859398841858, "elapsed_seconds": 7731.860233692997, "tokens_per_second": 61282.18380555038, "loss_main": 2.599595367908478, "loss_total": 2.599595367908478}
{"event": "update", "optimizer_step": 14470, "tokens_seen": 474152960, "lr": 0.00019189924256605666, "grad_norm": 0.7067784070968628, "elapsed_seconds": 7737.120347211998, "tokens_per_second": 61282.87253162047, "loss_main": 2.6177573204040527, "loss_total": 2.6177573204040527}
{"event": "update", "optimizer_step": 14480, "tokens_seen": 474480640, "lr": 0.0001917650655979079, "grad_norm": 0.6891049146652222, "elapsed_seconds": 7742.380547321997, "tokens_per_second": 61283.55963646317, "loss_main": 2.429681718349457, "loss_total": 2.429681718349457}
{"event": "update", "optimizer_step": 14490, "tokens_seen": 474808320, "lr": 0.0001916308611026079, "grad_norm": 0.6603959202766418, "elapsed_seconds": 7747.634629922997, "tokens_per_second": 61284.294198153104, "loss_main": 2.3811935782432556, "loss_total": 2.3811935782432556}
{"event": "update", "optimizer_step": 14500, "tokens_seen": 475136000, "lr": 0.0001914966292181824, "grad_norm": 0.7239661812782288, "elapsed_seconds": 7752.911982428997, "tokens_per_second": 61284.84382085546, "loss_main": 2.4036523699760437, "loss_total": 2.4036523699760437}
{"event": "update", "optimizer_step": 14510, "tokens_seen": 475463680, "lr": 0.00019136237008268513, "grad_norm": 0.6864491701126099, "elapsed_seconds": 7758.169653909998, "tokens_per_second": 61285.548165394095, "loss_main": 2.628285765647888, "loss_total": 2.628285765647888}
{"event": "update", "optimizer_step": 14520, "tokens_seen": 475791360, "lr": 0.00019122808383419818, "grad_norm": 0.653136134147644, "elapsed_seconds": 7763.436006516998, "tokens_per_second": 61286.18302522209, "loss_main": 2.4741148948669434, "loss_total": 2.4741148948669434}
{"event": "update", "optimizer_step": 14530, "tokens_seen": 476119040, "lr": 0.00019109377061083129, "grad_norm": 0.6894559264183044, "elapsed_seconds": 7768.699346223997, "tokens_per_second": 61286.84079290818, "loss_main": 2.4936100840568542, "loss_total": 2.4936100840568542}
{"event": "update", "optimizer_step": 14540, "tokens_seen": 476446720, "lr": 0.00019095943055072199, "grad_norm": 0.7075331211090088, "elapsed_seconds": 7773.954228770997, "tokens_per_second": 61287.56434359951, "loss_main": 2.5298630595207214, "loss_total": 2.5298630595207214}
{"event": "update", "optimizer_step": 14550, "tokens_seen": 476774400, "lr": 0.00019082506379203542, "grad_norm": 0.7085910439491272, "elapsed_seconds": 7779.223981887997, "tokens_per_second": 61288.169759612465, "loss_main": 2.5178948044776917, "loss_total": 2.5178948044776917}
{"event": "update", "optimizer_step": 14560, "tokens_seen": 477102080, "lr": 0.0001906906704729642, "grad_norm": 0.6809032559394836, "elapsed_seconds": 7784.4799465279975, "tokens_per_second": 61288.88291539567, "loss_main": 2.4903616905212402, "loss_total": 2.4903616905212402}
{"event": "update", "optimizer_step": 14570, "tokens_seen": 477429760, "lr": 0.00019055625073172828, "grad_norm": 0.6499148607254028, "elapsed_seconds": 7789.740162192998, "tokens_per_second": 61289.56166178361, "loss_main": 2.3922905325889587, "loss_total": 2.3922905325889587}
{"event": "update", "optimizer_step": 14580, "tokens_seen": 477757440, "lr": 0.0001904218047065747, "grad_norm": 0.7228453755378723, "elapsed_seconds": 7794.998056798998, "tokens_per_second": 61290.25774205135, "loss_main": 2.4484180212020874, "loss_total": 2.4484180212020874}
{"event": "update", "optimizer_step": 14590, "tokens_seen": 478085120, "lr": 0.0001902873325357776, "grad_norm": 0.7055085301399231, "elapsed_seconds": 7800.252559046998, "tokens_per_second": 61290.979539566404, "loss_main": 2.561828851699829, "loss_total": 2.561828851699829}
{"event": "update", "optimizer_step": 14600, "tokens_seen": 478412800, "lr": 0.00019015283435763804, "grad_norm": 0.6833023428916931, "elapsed_seconds": 7805.510826783998, "tokens_per_second": 61291.670797299266, "loss_main": 2.468722343444824, "loss_total": 2.468722343444824}
{"event": "update", "optimizer_step": 14610, "tokens_seen": 478740480, "lr": 0.0001900183103104837, "grad_norm": 0.6808513402938843, "elapsed_seconds": 7810.772477496997, "tokens_per_second": 61292.33457756727, "loss_main": 2.4971693754196167, "loss_total": 2.4971693754196167}
{"event": "update", "optimizer_step": 14620, "tokens_seen": 479068160, "lr": 0.00018988376053266905, "grad_norm": 0.7222581505775452, "elapsed_seconds": 7816.022351301997, "tokens_per_second": 61293.08981827522, "loss_main": 2.360998958349228, "loss_total": 2.360998958349228}
{"event": "update", "optimizer_step": 14630, "tokens_seen": 479395840, "lr": 0.00018974918516257482, "grad_norm": 0.6832264065742493, "elapsed_seconds": 7821.287616987997, "tokens_per_second": 61293.72342205424, "loss_main": 2.2835865020751953, "loss_total": 2.2835865020751953}
{"event": "update", "optimizer_step": 14640, "tokens_seen": 479723520, "lr": 0.00018961458433860824, "grad_norm": 0.7043020129203796, "elapsed_seconds": 7826.542106262998, "tokens_per_second": 61294.4405698799, "loss_main": 2.350796639919281, "loss_total": 2.350796639919281}
{"event": "evaluation", "tokens_seen": 480018432, "elapsed_seconds": 7831.272698829997, "parameters": 71199040, "main_loss": 2.586486339569092, "perplexity": 13.283017499284458}
{"event": "update", "optimizer_step": 14650, "tokens_seen": 480051200, "lr": 0.00018947995819920265, "grad_norm": 0.6797326803207397, "elapsed_seconds": 7834.434639806997, "tokens_per_second": 61274.517188623344, "loss_main": 2.3505353927612305, "loss_total": 2.3505353927612305}
{"event": "update", "optimizer_step": 14660, "tokens_seen": 480378880, "lr": 0.00018934530688281741, "grad_norm": 0.7251096367835999, "elapsed_seconds": 7839.690688634997, "tokens_per_second": 61275.233817118984, "loss_main": 2.5156098008155823, "loss_total": 2.5156098008155823}
{"event": "update", "optimizer_step": 14670, "tokens_seen": 480706560, "lr": 0.00018921063052793768, "grad_norm": 0.6995334625244141, "elapsed_seconds": 7844.938921004998, "tokens_per_second": 61276.01053883256, "loss_main": 2.568297326564789, "loss_total": 2.568297326564789}
{"event": "update", "optimizer_step": 14680, "tokens_seen": 481034240, "lr": 0.00018907592927307462, "grad_norm": 0.6850461363792419, "elapsed_seconds": 7850.2022667759975, "tokens_per_second": 61276.66825042919, "loss_main": 2.443335235118866, "loss_total": 2.443335235118866}
{"event": "update", "optimizer_step": 14690, "tokens_seen": 481361920, "lr": 0.00018894120325676478, "grad_norm": 0.7229596972465515, "elapsed_seconds": 7855.460644954997, "tokens_per_second": 61277.363830871516, "loss_main": 2.5277130603790283, "loss_total": 2.5277130603790283}
{"event": "update", "optimizer_step": 14700, "tokens_seen": 481689600, "lr": 0.00018880645261757024, "grad_norm": 0.6837384700775146, "elapsed_seconds": 7860.7175237369975, "tokens_per_second": 61278.070169223436, "loss_main": 2.413379728794098, "loss_total": 2.413379728794098}
{"event": "update", "optimizer_step": 14710, "tokens_seen": 482017280, "lr": 0.00018867167749407845, "grad_norm": 0.6968845129013062, "elapsed_seconds": 7865.981635271997, "tokens_per_second": 61278.719217774065, "loss_main": 2.442333698272705, "loss_total": 2.442333698272705}
{"event": "update", "optimizer_step": 14720, "tokens_seen": 482344960, "lr": 0.00018853687802490202, "grad_norm": 0.7258260250091553, "elapsed_seconds": 7871.239460190997, "tokens_per_second": 61279.416340904434, "loss_main": 2.4935853481292725, "loss_total": 2.4935853481292725}
{"event": "update", "optimizer_step": 14730, "tokens_seen": 482672640, "lr": 0.00018840205434867856, "grad_norm": 0.6645736694335938, "elapsed_seconds": 7876.508218153997, "tokens_per_second": 61280.02747302701, "loss_main": 2.4490978121757507, "loss_total": 2.4490978121757507}
{"event": "update", "optimizer_step": 14740, "tokens_seen": 483000320, "lr": 0.00018826720660407054, "grad_norm": 0.7065938115119934, "elapsed_seconds": 7881.760101586998, "tokens_per_second": 61280.76898746862, "loss_main": 2.515680253505707, "loss_total": 2.515680253505707}
{"event": "update", "optimizer_step": 14750, "tokens_seen": 483328000, "lr": 0.00018813233492976535, "grad_norm": 0.7312090992927551, "elapsed_seconds": 7887.003650336997, "tokens_per_second": 61281.57427432511, "loss_main": 2.588360548019409, "loss_total": 2.588360548019409}
{"event": "update", "optimizer_step": 14760, "tokens_seen": 483655680, "lr": 0.00018799743946447482, "grad_norm": 0.690833568572998, "elapsed_seconds": 7892.266217657997, "tokens_per_second": 61282.23081450022, "loss_main": 2.601555585861206, "loss_total": 2.601555585861206}
{"event": "update", "optimizer_step": 14770, "tokens_seen": 483983360, "lr": 0.0001878625203469353, "grad_norm": 0.6748549342155457, "elapsed_seconds": 7897.522154199997, "tokens_per_second": 61282.937932958106, "loss_main": 2.4258057475090027, "loss_total": 2.4258057475090027}
{"event": "update", "optimizer_step": 14780, "tokens_seen": 484311040, "lr": 0.00018772757771590753, "grad_norm": 0.697199821472168, "elapsed_seconds": 7902.777371169997, "tokens_per_second": 61283.649690905855, "loss_main": 2.5046096444129944, "loss_total": 2.5046096444129944}
{"event": "update", "optimizer_step": 14790, "tokens_seen": 484638720, "lr": 0.0001875926117101764, "grad_norm": 0.7275206446647644, "elapsed_seconds": 7908.032639845997, "tokens_per_second": 61284.36010216543, "loss_main": 2.5484415888786316, "loss_total": 2.5484415888786316}
{"event": "update", "optimizer_step": 14800, "tokens_seen": 484966400, "lr": 0.00018745762246855078, "grad_norm": 0.6584084630012512, "elapsed_seconds": 7913.296169867997, "tokens_per_second": 61285.005589281485, "loss_main": 2.420541524887085, "loss_total": 2.420541524887085}
{"event": "update", "optimizer_step": 14810, "tokens_seen": 485294080, "lr": 0.00018732261012986345, "grad_norm": 0.7270214557647705, "elapsed_seconds": 7918.562910527998, "tokens_per_second": 61285.62536957117, "loss_main": 2.6023924350738525, "loss_total": 2.6023924350738525}
{"event": "update", "optimizer_step": 14820, "tokens_seen": 485621760, "lr": 0.00018718757483297103, "grad_norm": 0.6992495059967041, "elapsed_seconds": 7923.826636267998, "tokens_per_second": 61286.26764463394, "loss_main": 2.348604142665863, "loss_total": 2.348604142665863}
{"event": "update", "optimizer_step": 14830, "tokens_seen": 485949440, "lr": 0.00018705251671675366, "grad_norm": 0.6790024638175964, "elapsed_seconds": 7929.090646914998, "tokens_per_second": 61286.90686479543, "loss_main": 2.7119622230529785, "loss_total": 2.7119622230529785}
{"event": "update", "optimizer_step": 14840, "tokens_seen": 486277120, "lr": 0.000186917435920115, "grad_norm": 0.7566295266151428, "elapsed_seconds": 7934.349859359997, "tokens_per_second": 61287.582299682486, "loss_main": 2.5707112550735474, "loss_total": 2.5707112550735474}
{"event": "update", "optimizer_step": 14850, "tokens_seen": 486604800, "lr": 0.00018678233258198206, "grad_norm": 0.6924789547920227, "elapsed_seconds": 7939.611203193997, "tokens_per_second": 61288.24038691536, "loss_main": 2.4559847712516785, "loss_total": 2.4559847712516785}
{"event": "update", "optimizer_step": 14860, "tokens_seen": 486932480, "lr": 0.00018664720684130495, "grad_norm": 0.6949452757835388, "elapsed_seconds": 7944.865861783997, "tokens_per_second": 61288.9491743616, "loss_main": 2.352963089942932, "loss_total": 2.352963089942932}
{"event": "update", "optimizer_step": 14870, "tokens_seen": 487260160, "lr": 0.00018651205883705687, "grad_norm": 0.7140230536460876, "elapsed_seconds": 7950.136557709998, "tokens_per_second": 61289.53338888976, "loss_main": 2.480926990509033, "loss_total": 2.480926990509033}
{"event": "update", "optimizer_step": 14880, "tokens_seen": 487587840, "lr": 0.00018637688870823394, "grad_norm": 0.6848204731941223, "elapsed_seconds": 7955.397266149997, "tokens_per_second": 61290.19377507057, "loss_main": 2.503064513206482, "loss_total": 2.503064513206482}
{"event": "update", "optimizer_step": 14890, "tokens_seen": 487915520, "lr": 0.00018624169659385494, "grad_norm": 0.7397135496139526, "elapsed_seconds": 7960.662084826998, "tokens_per_second": 61290.821642833675, "loss_main": 2.422332286834717, "loss_total": 2.422332286834717}
{"event": "update", "optimizer_step": 14900, "tokens_seen": 488243200, "lr": 0.00018610648263296138, "grad_norm": 0.66533362865448, "elapsed_seconds": 7965.912319292997, "tokens_per_second": 61291.56089472666, "loss_main": 2.274262249469757, "loss_total": 2.274262249469757}
{"event": "update", "optimizer_step": 14910, "tokens_seen": 488570880, "lr": 0.00018597124696461724, "grad_norm": 0.7404360771179199, "elapsed_seconds": 7971.172482785997, "tokens_per_second": 61292.2228260754, "loss_main": 2.744394600391388, "loss_total": 2.744394600391388}
{"event": "update", "optimizer_step": 14920, "tokens_seen": 488898560, "lr": 0.00018583598972790868, "grad_norm": 0.7120124101638794, "elapsed_seconds": 7976.421581126998, "tokens_per_second": 61292.96891187175, "loss_main": 2.449921429157257, "loss_total": 2.449921429157257}
{"event": "update", "optimizer_step": 14930, "tokens_seen": 489226240, "lr": 0.00018570071106194418, "grad_norm": 0.6950497031211853, "elapsed_seconds": 7981.688038244997, "tokens_per_second": 61293.580713230986, "loss_main": 2.622409760951996, "loss_total": 2.622409760951996}
{"event": "update", "optimizer_step": 14940, "tokens_seen": 489553920, "lr": 0.00018556541110585422, "grad_norm": 0.7252026796340942, "elapsed_seconds": 7986.951850169998, "tokens_per_second": 61294.21200774863, "loss_main": 2.6155566573143005, "loss_total": 2.6155566573143005}
{"event": "update", "optimizer_step": 14950, "tokens_seen": 489881600, "lr": 0.00018543008999879113, "grad_norm": 0.7227039337158203, "elapsed_seconds": 7992.215597719997, "tokens_per_second": 61294.84296441558, "loss_main": 2.6619858145713806, "loss_total": 2.6619858145713806}
{"event": "update", "optimizer_step": 14960, "tokens_seen": 490209280, "lr": 0.00018529474787992912, "grad_norm": 0.6666894555091858, "elapsed_seconds": 7997.478191117997, "tokens_per_second": 61295.48193634672, "loss_main": 2.38584566116333, "loss_total": 2.38584566116333}
{"event": "update", "optimizer_step": 14970, "tokens_seen": 490536960, "lr": 0.00018515938488846388, "grad_norm": 0.6958065032958984, "elapsed_seconds": 8002.747026802997, "tokens_per_second": 61296.07225582435, "loss_main": 2.4701990485191345, "loss_total": 2.4701990485191345}
{"event": "update", "optimizer_step": 14980, "tokens_seen": 490864640, "lr": 0.00018502400116361258, "grad_norm": 0.6815746426582336, "elapsed_seconds": 8008.0018795259975, "tokens_per_second": 61296.76883006112, "loss_main": 2.3971463441848755, "loss_total": 2.3971463441848755}
{"event": "update", "optimizer_step": 14990, "tokens_seen": 491192320, "lr": 0.0001848885968446137, "grad_norm": 0.7166082859039307, "elapsed_seconds": 8013.252991517997, "tokens_per_second": 61297.49310547484, "loss_main": 2.3763529658317566, "loss_total": 2.3763529658317566}
{"event": "update", "optimizer_step": 15000, "tokens_seen": 491520000, "lr": 0.00018475317207072712, "grad_norm": 0.7014791965484619, "elapsed_seconds": 8018.504346478998, "tokens_per_second": 61298.21457487033, "loss_main": 2.3811709880828857, "loss_total": 2.3811709880828857}
{"event": "update", "optimizer_step": 15010, "tokens_seen": 491847680, "lr": 0.00018461772698123344, "grad_norm": 0.6767260432243347, "elapsed_seconds": 8023.769207619998, "tokens_per_second": 61298.8319171622, "loss_main": 2.451961398124695, "loss_total": 2.451961398124695}
{"event": "update", "optimizer_step": 15020, "tokens_seen": 492175360, "lr": 0.00018448226171543432, "grad_norm": 0.7680919170379639, "elapsed_seconds": 8029.020138149997, "tokens_per_second": 61299.55480637321, "loss_main": 2.408728063106537, "loss_total": 2.408728063106537}
{"event": "update", "optimizer_step": 15030, "tokens_seen": 492503040, "lr": 0.00018434677641265221, "grad_norm": 0.6643731594085693, "elapsed_seconds": 8034.261954264997, "tokens_per_second": 61300.346292362825, "loss_main": 2.4450506567955017, "loss_total": 2.4450506567955017}
{"event": "update", "optimizer_step": 15040, "tokens_seen": 492830720, "lr": 0.00018421127121223004, "grad_norm": 0.6800453662872314, "elapsed_seconds": 8039.511519307998, "tokens_per_second": 61301.077660800525, "loss_main": 2.2366376519203186, "loss_total": 2.2366376519203186}
{"event": "update", "optimizer_step": 15050, "tokens_seen": 493158400, "lr": 0.0001840757462535313, "grad_norm": 0.7008406519889832, "elapsed_seconds": 8044.767350939997, "tokens_per_second": 61301.760322798706, "loss_main": 2.556782603263855, "loss_total": 2.556782603263855}
{"event": "update", "optimizer_step": 15060, "tokens_seen": 493486080, "lr": 0.0001839402016759397, "grad_norm": 0.7321918606758118, "elapsed_seconds": 8050.025001845997, "tokens_per_second": 61302.4282392708, "loss_main": 2.462372660636902, "loss_total": 2.462372660636902}
{"event": "update", "optimizer_step": 15070, "tokens_seen": 493813760, "lr": 0.00018380463761885933, "grad_norm": 0.6786627769470215, "elapsed_seconds": 8055.271951246998, "tokens_per_second": 61303.17672559212, "loss_main": 2.4940580129623413, "loss_total": 2.4940580129623413}
{"event": "update", "optimizer_step": 15080, "tokens_seen": 494141440, "lr": 0.0001836690542217141, "grad_norm": 0.7377883791923523, "elapsed_seconds": 8060.526779382997, "tokens_per_second": 61303.86431615139, "loss_main": 2.5190022587776184, "loss_total": 2.5190022587776184}
{"event": "update", "optimizer_step": 15090, "tokens_seen": 494469120, "lr": 0.0001835334516239479, "grad_norm": 0.7137223482131958, "elapsed_seconds": 8065.778087523997, "tokens_per_second": 61304.577764770904, "loss_main": 2.5183483958244324, "loss_total": 2.5183483958244324}
{"event": "update", "optimizer_step": 15100, "tokens_seen": 494796800, "lr": 0.00018339782996502438, "grad_norm": 0.6863739490509033, "elapsed_seconds": 8071.027692935997, "tokens_per_second": 61305.303218456414, "loss_main": 2.469837784767151, "loss_total": 2.469837784767151}
{"event": "update", "optimizer_step": 15110, "tokens_seen": 495124480, "lr": 0.00018326218938442677, "grad_norm": 0.6952817440032959, "elapsed_seconds": 8076.269693756998, "tokens_per_second": 61306.085454617, "loss_main": 2.439655303955078, "loss_total": 2.439655303955078}
{"event": "update", "optimizer_step": 15120, "tokens_seen": 495452160, "lr": 0.00018312653002165776, "grad_norm": 0.6948558688163757, "elapsed_seconds": 8081.518635951998, "tokens_per_second": 61306.814018332836, "loss_main": 2.406064748764038, "loss_total": 2.406064748764038}
{"event": "update", "optimizer_step": 15130, "tokens_seen": 495779840, "lr": 0.00018299085201623928, "grad_norm": 0.7382139563560486, "elapsed_seconds": 8086.775135360998, "tokens_per_second": 61307.48434343205, "loss_main": 2.463336765766144, "loss_total": 2.463336765766144}
{"event": "update", "optimizer_step": 15140, "tokens_seen": 496107520, "lr": 0.00018285515550771266, "grad_norm": 0.7103545069694519, "elapsed_seconds": 8092.022011728997, "tokens_per_second": 61308.226705379195, "loss_main": 2.329761564731598, "loss_total": 2.329761564731598}
{"event": "update", "optimizer_step": 15150, "tokens_seen": 496435200, "lr": 0.00018271944063563805, "grad_norm": 0.6625277400016785, "elapsed_seconds": 8097.262375923998, "tokens_per_second": 61309.01741261047, "loss_main": 2.4117342829704285, "loss_total": 2.4117342829704285}
{"event": "update", "optimizer_step": 15160, "tokens_seen": 496762880, "lr": 0.00018258370753959456, "grad_norm": 0.6757888793945312, "elapsed_seconds": 8102.5127170689975, "tokens_per_second": 61309.73160381524, "loss_main": 2.2417064905166626, "loss_total": 2.2417064905166626}
{"event": "update", "optimizer_step": 15170, "tokens_seen": 497090560, "lr": 0.00018244795635917997, "grad_norm": 0.7057924270629883, "elapsed_seconds": 8107.769720329998, "tokens_per_second": 61310.3944915406, "loss_main": 2.481260597705841, "loss_total": 2.481260597705841}
{"event": "update", "optimizer_step": 15180, "tokens_seen": 497418240, "lr": 0.00018231218723401083, "grad_norm": 0.6996514201164246, "elapsed_seconds": 8113.030882579997, "tokens_per_second": 61311.025090270305, "loss_main": 2.4014607071876526, "loss_total": 2.4014607071876526}
{"event": "update", "optimizer_step": 15190, "tokens_seen": 497745920, "lr": 0.00018217640030372196, "grad_norm": 0.6917219758033752, "elapsed_seconds": 8118.292071891998, "tokens_per_second": 61311.65466728502, "loss_main": 2.4429888129234314, "loss_total": 2.4429888129234314}
{"event": "update", "optimizer_step": 15200, "tokens_seen": 498073600, "lr": 0.0001820405957079666, "grad_norm": 0.7639338970184326, "elapsed_seconds": 8123.537662430997, "tokens_per_second": 61312.401160327696, "loss_main": 2.395154654979706, "loss_total": 2.395154654979706}
{"event": "update", "optimizer_step": 15210, "tokens_seen": 498401280, "lr": 0.00018190477358641616, "grad_norm": 0.7042375802993774, "elapsed_seconds": 8128.783976217997, "tokens_per_second": 61313.1412346729, "loss_main": 2.359080731868744, "loss_total": 2.359080731868744}
{"event": "update", "optimizer_step": 15220, "tokens_seen": 498728960, "lr": 0.00018176893407876002, "grad_norm": 0.6927614808082581, "elapsed_seconds": 8134.037827663997, "tokens_per_second": 61313.82353593373, "loss_main": 2.2966637015342712, "loss_total": 2.2966637015342712}
{"event": "update", "optimizer_step": 15230, "tokens_seen": 499056640, "lr": 0.00018163307732470545, "grad_norm": 0.6989912390708923, "elapsed_seconds": 8139.294913529997, "tokens_per_second": 61314.48059099263, "loss_main": 2.4298563599586487, "loss_total": 2.4298563599586487}
{"event": "update", "optimizer_step": 15240, "tokens_seen": 499384320, "lr": 0.00018149720346397744, "grad_norm": 0.7631896138191223, "elapsed_seconds": 8144.544292808998, "tokens_per_second": 61315.19481586191, "loss_main": 2.702858090400696, "loss_total": 2.702858090400696}
{"event": "update", "optimizer_step": 15250, "tokens_seen": 499712000, "lr": 0.0001813613126363187, "grad_norm": 0.6802406311035156, "elapsed_seconds": 8149.791185516997, "tokens_per_second": 61315.92682865774, "loss_main": 2.511218309402466, "loss_total": 2.511218309402466}
{"event": "update", "optimizer_step": 15260, "tokens_seen": 500039680, "lr": 0.0001812254049814892, "grad_norm": 0.6884649395942688, "elapsed_seconds": 8155.041386475998, "tokens_per_second": 61316.63302521632, "loss_main": 2.3084983229637146, "loss_total": 2.3084983229637146}
{"event": "update", "optimizer_step": 15270, "tokens_seen": 500367360, "lr": 0.00018108948063926642, "grad_norm": 0.7171330451965332, "elapsed_seconds": 8160.289469336998, "tokens_per_second": 61317.35422869178, "loss_main": 2.47672039270401, "loss_total": 2.47672039270401}
{"event": "update", "optimizer_step": 15280, "tokens_seen": 500695040, "lr": 0.00018095353974944482, "grad_norm": 0.7719537615776062, "elapsed_seconds": 8165.5358423439975, "tokens_per_second": 61318.087345051754, "loss_main": 2.2030826807022095, "loss_total": 2.2030826807022095}
{"event": "update", "optimizer_step": 15290, "tokens_seen": 501022720, "lr": 0.00018081758245183595, "grad_norm": 0.6773264408111572, "elapsed_seconds": 8170.7848587559965, "tokens_per_second": 61318.799682149605, "loss_main": 2.502013921737671, "loss_total": 2.502013921737671}
{"event": "update", "optimizer_step": 15300, "tokens_seen": 501350400, "lr": 0.0001806816088862683, "grad_norm": 0.7033933401107788, "elapsed_seconds": 8176.030402298997, "tokens_per_second": 61319.53715081913, "loss_main": 2.5115334391593933, "loss_total": 2.5115334391593933}
{"event": "update", "optimizer_step": 15310, "tokens_seen": 501678080, "lr": 0.00018054561919258696, "grad_norm": 0.674934446811676, "elapsed_seconds": 8181.278418195998, "tokens_per_second": 61320.255143036906, "loss_main": 2.3970309495925903, "loss_total": 2.3970309495925903}
{"event": "update", "optimizer_step": 15320, "tokens_seen": 502005760, "lr": 0.00018040961351065374, "grad_norm": 0.7303135395050049, "elapsed_seconds": 8186.537177788998, "tokens_per_second": 61320.89173942781, "loss_main": 2.520524024963379, "loss_total": 2.520524024963379}
{"event": "update", "optimizer_step": 15330, "tokens_seen": 502333440, "lr": 0.00018027359198034682, "grad_norm": 0.6793145537376404, "elapsed_seconds": 8191.790241579998, "tokens_per_second": 61321.57015572118, "loss_main": 2.3408128023147583, "loss_total": 2.3408128023147583}
{"event": "update", "optimizer_step": 15340, "tokens_seen": 502661120, "lr": 0.00018013755474156063, "grad_norm": 0.789914071559906, "elapsed_seconds": 8197.047032246997, "tokens_per_second": 61322.21982166779, "loss_main": 2.5948765873908997, "loss_total": 2.5948765873908997}
{"event": "update", "optimizer_step": 15350, "tokens_seen": 502988800, "lr": 0.0001800015019342059, "grad_norm": 0.6826163530349731, "elapsed_seconds": 8202.299937190997, "tokens_per_second": 61322.89770572035, "loss_main": 2.5041970014572144, "loss_total": 2.5041970014572144}
{"event": "update", "optimizer_step": 15360, "tokens_seen": 503316480, "lr": 0.00017986543369820926, "grad_norm": 0.6994178295135498, "elapsed_seconds": 8207.543845953998, "tokens_per_second": 61323.64193803431, "loss_main": 2.370922863483429, "loss_total": 2.370922863483429}
{"event": "update", "optimizer_step": 15370, "tokens_seen": 503644160, "lr": 0.0001797293501735132, "grad_norm": 0.7027560472488403, "elapsed_seconds": 8212.799332986997, "tokens_per_second": 61324.2987658417, "loss_main": 2.523859441280365, "loss_total": 2.523859441280365}
{"event": "update", "optimizer_step": 15380, "tokens_seen": 503971840, "lr": 0.000179593251500076, "grad_norm": 0.6783542037010193, "elapsed_seconds": 8218.038079576998, "tokens_per_second": 61325.079674727014, "loss_main": 2.6383288502693176, "loss_total": 2.6383288502693176}
{"event": "update", "optimizer_step": 15390, "tokens_seen": 504299520, "lr": 0.0001794571378178715, "grad_norm": 0.682318925857544, "elapsed_seconds": 8223.293688979997, "tokens_per_second": 61325.73383288132, "loss_main": 2.5750812888145447, "loss_total": 2.5750812888145447}
{"event": "update", "optimizer_step": 15400, "tokens_seen": 504627200, "lr": 0.000179321009266889, "grad_norm": 0.7101441621780396, "elapsed_seconds": 8228.565032823997, "tokens_per_second": 61326.2698887384, "loss_main": 2.5033626556396484, "loss_total": 2.5033626556396484}
{"event": "update", "optimizer_step": 15410, "tokens_seen": 504954880, "lr": 0.00017918486598713298, "grad_norm": 0.7348105907440186, "elapsed_seconds": 8233.828455764997, "tokens_per_second": 61326.86425431305, "loss_main": 2.38240909576416, "loss_total": 2.38240909576416}
{"event": "update", "optimizer_step": 15420, "tokens_seen": 505282560, "lr": 0.00017904870811862316, "grad_norm": 0.7201418280601501, "elapsed_seconds": 8239.086875215997, "tokens_per_second": 61327.495103849535, "loss_main": 2.56081622838974, "loss_total": 2.56081622838974}
{"event": "update", "optimizer_step": 15430, "tokens_seen": 505610240, "lr": 0.0001789125358013943, "grad_norm": 0.7347092628479004, "elapsed_seconds": 8244.350139660997, "tokens_per_second": 61328.0891076747, "loss_main": 2.4913848638534546, "loss_total": 2.4913848638534546}
{"event": "update", "optimizer_step": 15440, "tokens_seen": 505937920, "lr": 0.000178776349175496, "grad_norm": 0.696982204914093, "elapsed_seconds": 8249.610515094997, "tokens_per_second": 61328.70383083461, "loss_main": 2.5492587089538574, "loss_total": 2.5492587089538574}
{"event": "update", "optimizer_step": 15450, "tokens_seen": 506265600, "lr": 0.00017864014838099243, "grad_norm": 0.7294089794158936, "elapsed_seconds": 8254.871817761998, "tokens_per_second": 61329.31088168673, "loss_main": 2.657162666320801, "loss_total": 2.657162666320801}
{"event": "update", "optimizer_step": 15460, "tokens_seen": 506593280, "lr": 0.00017850393355796254, "grad_norm": 0.6931131482124329, "elapsed_seconds": 8260.133215786998, "tokens_per_second": 61329.91645120017, "loss_main": 2.3912904858589172, "loss_total": 2.3912904858589172}
{"event": "update", "optimizer_step": 15470, "tokens_seen": 506920960, "lr": 0.0001783677048464996, "grad_norm": 0.7648113369941711, "elapsed_seconds": 8265.387872915997, "tokens_per_second": 61330.571268297936, "loss_main": 2.5711936950683594, "loss_total": 2.5711936950683594}
{"event": "update", "optimizer_step": 15480, "tokens_seen": 507248640, "lr": 0.0001782314623867112, "grad_norm": 0.7454625368118286, "elapsed_seconds": 8270.649829908998, "tokens_per_second": 61331.17112099779, "loss_main": 2.363212287425995, "loss_total": 2.363212287425995}
{"event": "update", "optimizer_step": 15490, "tokens_seen": 507576320, "lr": 0.00017809520631871897, "grad_norm": 0.7151134014129639, "elapsed_seconds": 8275.913974514997, "tokens_per_second": 61331.75399877765, "loss_main": 2.508087992668152, "loss_total": 2.508087992668152}
{"event": "update", "optimizer_step": 15500, "tokens_seen": 507904000, "lr": 0.00017795893678265872, "grad_norm": 0.7018500566482544, "elapsed_seconds": 8281.181216870997, "tokens_per_second": 61332.313192864654, "loss_main": 2.376217782497406, "loss_total": 2.376217782497406}
{"event": "update", "optimizer_step": 15510, "tokens_seen": 508231680, "lr": 0.00017782265391867995, "grad_norm": 0.7452171444892883, "elapsed_seconds": 8286.442859926998, "tokens_per_second": 61332.91311978919, "loss_main": 2.372288703918457, "loss_total": 2.372288703918457}
{"event": "update", "optimizer_step": 15520, "tokens_seen": 508559360, "lr": 0.0001776863578669459, "grad_norm": 0.7104610204696655, "elapsed_seconds": 8291.698919092998, "tokens_per_second": 61333.553589235926, "loss_main": 2.546871781349182, "loss_total": 2.546871781349182}
{"event": "update", "optimizer_step": 15530, "tokens_seen": 508887040, "lr": 0.0001775500487676335, "grad_norm": 0.7068857550621033, "elapsed_seconds": 8296.974009753998, "tokens_per_second": 61334.052559613636, "loss_main": 2.3294060826301575, "loss_total": 2.3294060826301575}
{"event": "update", "optimizer_step": 15540, "tokens_seen": 509214720, "lr": 0.00017741372676093292, "grad_norm": 0.7461231350898743, "elapsed_seconds": 8302.243665264998, "tokens_per_second": 61334.59104921928, "loss_main": 2.420900344848633, "loss_total": 2.420900344848633}
{"event": "update", "optimizer_step": 15550, "tokens_seen": 509542400, "lr": 0.00017727739198704768, "grad_norm": 0.6961344480514526, "elapsed_seconds": 8307.518916145997, "tokens_per_second": 61335.08754457169, "loss_main": 2.438035249710083, "loss_total": 2.438035249710083}
{"event": "update", "optimizer_step": 15560, "tokens_seen": 509870080, "lr": 0.00017714104458619448, "grad_norm": 0.6713679432868958, "elapsed_seconds": 8312.793300316998, "tokens_per_second": 61335.58980475994, "loss_main": 2.4159507155418396, "loss_total": 2.4159507155418396}
{"event": "update", "optimizer_step": 15570, "tokens_seen": 510197760, "lr": 0.00017700468469860294, "grad_norm": 0.6815387606620789, "elapsed_seconds": 8318.074726777997, "tokens_per_second": 61336.03949932593, "loss_main": 2.42184317111969, "loss_total": 2.42184317111969}
{"event": "update", "optimizer_step": 15580, "tokens_seen": 510525440, "lr": 0.00017686831246451553, "grad_norm": 0.7520262002944946, "elapsed_seconds": 8323.337023086997, "tokens_per_second": 61336.62959747051, "loss_main": 2.4867812395095825, "loss_total": 2.4867812395095825}
{"event": "update", "optimizer_step": 15590, "tokens_seen": 510853120, "lr": 0.00017673192802418743, "grad_norm": 0.7044429779052734, "elapsed_seconds": 8328.601806101997, "tokens_per_second": 61337.2006362125, "loss_main": 2.480254292488098, "loss_total": 2.480254292488098}
{"event": "update", "optimizer_step": 15600, "tokens_seen": 511180800, "lr": 0.00017659553151788638, "grad_norm": 0.7759584784507751, "elapsed_seconds": 8333.855655565998, "tokens_per_second": 61337.85142517961, "loss_main": 2.3831053972244263, "loss_total": 2.3831053972244263}
{"event": "update", "optimizer_step": 15610, "tokens_seen": 511508480, "lr": 0.00017645912308589257, "grad_norm": 0.7012443542480469, "elapsed_seconds": 8339.109353902997, "tokens_per_second": 61338.502505737735, "loss_main": 2.4491766691207886, "loss_total": 2.4491766691207886}
{"event": "update", "optimizer_step": 15620, "tokens_seen": 511836160, "lr": 0.00017632270286849832, "grad_norm": 0.7131014466285706, "elapsed_seconds": 8344.377441868997, "tokens_per_second": 61339.046988909635, "loss_main": 2.5823130011558533, "loss_total": 2.5823130011558533}
{"event": "update", "optimizer_step": 15630, "tokens_seen": 512163840, "lr": 0.0001761862710060082, "grad_norm": 0.7581201195716858, "elapsed_seconds": 8349.633293676998, "tokens_per_second": 61339.680676497606, "loss_main": 2.4567466378211975, "loss_total": 2.4567466378211975}
{"event": "update", "optimizer_step": 15640, "tokens_seen": 512491520, "lr": 0.00017604982763873877, "grad_norm": 0.7117947340011597, "elapsed_seconds": 8354.894151503997, "tokens_per_second": 61340.27681341054, "loss_main": 2.3101611137390137, "loss_total": 2.3101611137390137}
{"event": "update", "optimizer_step": 15650, "tokens_seen": 512819200, "lr": 0.0001759133729070183, "grad_norm": 0.6966009140014648, "elapsed_seconds": 8360.162567379997, "tokens_per_second": 61340.81674451375, "loss_main": 2.4834468364715576, "loss_total": 2.4834468364715576}
{"event": "update", "optimizer_step": 15660, "tokens_seen": 513146880, "lr": 0.00017577690695118686, "grad_norm": 1.4934821128845215, "elapsed_seconds": 8365.418233086997, "tokens_per_second": 61341.44948908778, "loss_main": 2.5225741267204285, "loss_total": 2.5225741267204285}
{"event": "update", "optimizer_step": 15670, "tokens_seen": 513474560, "lr": 0.00017564042991159595, "grad_norm": 0.7070339918136597, "elapsed_seconds": 8370.680592120998, "tokens_per_second": 61342.03238901673, "loss_main": 2.4505940675735474, "loss_total": 2.4505940675735474}
{"event": "update", "optimizer_step": 15680, "tokens_seen": 513802240, "lr": 0.00017550394192860865, "grad_norm": 0.714760959148407, "elapsed_seconds": 8375.935018112998, "tokens_per_second": 61342.672655518494, "loss_main": 2.4169357419013977, "loss_total": 2.4169357419013977}
{"event": "update", "optimizer_step": 15690, "tokens_seen": 514129920, "lr": 0.00017536744314259912, "grad_norm": 0.6888510584831238, "elapsed_seconds": 8381.196538541997, "tokens_per_second": 61343.2601939005, "loss_main": 2.4914539456367493, "loss_total": 2.4914539456367493}
{"event": "update", "optimizer_step": 15700, "tokens_seen": 514457600, "lr": 0.0001752309336939527, "grad_norm": 0.7358859181404114, "elapsed_seconds": 8386.468101932998, "tokens_per_second": 61343.77353458515, "loss_main": 2.4346747398376465, "loss_total": 2.4346747398376465}
{"event": "update", "optimizer_step": 15710, "tokens_seen": 514785280, "lr": 0.0001750944137230657, "grad_norm": 0.8484603762626648, "elapsed_seconds": 8391.742630942997, "tokens_per_second": 61344.26455142041, "loss_main": 2.244593322277069, "loss_total": 2.244593322277069}
{"event": "update", "optimizer_step": 15720, "tokens_seen": 515112960, "lr": 0.00017495788337034524, "grad_norm": 0.7424119710922241, "elapsed_seconds": 8397.011501470997, "tokens_per_second": 61344.796289699254, "loss_main": 2.5398353338241577, "loss_total": 2.5398353338241577}
{"event": "update", "optimizer_step": 15730, "tokens_seen": 515440640, "lr": 0.00017482134277620916, "grad_norm": 0.7137213945388794, "elapsed_seconds": 8402.278885746997, "tokens_per_second": 61345.33821227421, "loss_main": 2.5329381227493286, "loss_total": 2.5329381227493286}
{"event": "update", "optimizer_step": 15740, "tokens_seen": 515768320, "lr": 0.00017468479208108568, "grad_norm": 0.7001866102218628, "elapsed_seconds": 8407.550693828998, "tokens_per_second": 61345.847177414624, "loss_main": 2.418486714363098, "loss_total": 2.418486714363098}
{"event": "update", "optimizer_step": 15750, "tokens_seen": 516096000, "lr": 0.00017454823142541365, "grad_norm": 0.7224829196929932, "elapsed_seconds": 8412.828171401998, "tokens_per_second": 61346.314162742805, "loss_main": 2.5483325123786926, "loss_total": 2.5483325123786926}
{"event": "update", "optimizer_step": 15760, "tokens_seen": 516423680, "lr": 0.000174411660949642, "grad_norm": 0.688592255115509, "elapsed_seconds": 8418.096122531997, "tokens_per_second": 61346.84998639217, "loss_main": 2.514680862426758, "loss_total": 2.514680862426758}
{"event": "update", "optimizer_step": 15770, "tokens_seen": 516751360, "lr": 0.00017427508079422978, "grad_norm": 0.732426106929779, "elapsed_seconds": 8423.375126235998, "tokens_per_second": 61347.30464401285, "loss_main": 2.5239930748939514, "loss_total": 2.5239930748939514}
{"event": "update", "optimizer_step": 15780, "tokens_seen": 517079040, "lr": 0.000174138491099646, "grad_norm": 0.749228298664093, "elapsed_seconds": 8428.637604365997, "tokens_per_second": 61347.87901334794, "loss_main": 2.5909644961357117, "loss_total": 2.5909644961357117}
{"event": "update", "optimizer_step": 15790, "tokens_seen": 517406720, "lr": 0.00017400189200636953, "grad_norm": 0.6929478645324707, "elapsed_seconds": 8433.901221909997, "tokens_per_second": 61348.444377775704, "loss_main": 2.4187384843826294, "loss_total": 2.4187384843826294}
{"event": "update", "optimizer_step": 15800, "tokens_seen": 517734400, "lr": 0.00017386528365488882, "grad_norm": 0.7167912721633911, "elapsed_seconds": 8439.162763160997, "tokens_per_second": 61349.02413069183, "loss_main": 2.389394760131836, "loss_total": 2.389394760131836}
{"event": "update", "optimizer_step": 15810, "tokens_seen": 518062080, "lr": 0.00017372866618570195, "grad_norm": 0.7145980596542358, "elapsed_seconds": 8444.417637428998, "tokens_per_second": 61349.65159749371, "loss_main": 2.533906936645508, "loss_total": 2.533906936645508}
{"event": "update", "optimizer_step": 15820, "tokens_seen": 518389760, "lr": 0.0001735920397393163, "grad_norm": 0.710695207118988, "elapsed_seconds": 8449.692499351997, "tokens_per_second": 61350.1331604381, "loss_main": 2.5476693511009216, "loss_total": 2.5476693511009216}
{"event": "update", "optimizer_step": 15830, "tokens_seen": 518717440, "lr": 0.00017345540445624848, "grad_norm": 0.7376832365989685, "elapsed_seconds": 8454.951054014997, "tokens_per_second": 61350.73245086108, "loss_main": 2.4192543029785156, "loss_total": 2.4192543029785156}
{"event": "update", "optimizer_step": 15840, "tokens_seen": 519045120, "lr": 0.00017331876047702418, "grad_norm": 0.7281057238578796, "elapsed_seconds": 8460.211366213998, "tokens_per_second": 61351.318251080076, "loss_main": 2.4951621890068054, "loss_total": 2.4951621890068054}
{"event": "update", "optimizer_step": 15850, "tokens_seen": 519372800, "lr": 0.00017318210794217817, "grad_norm": 0.7717284560203552, "elapsed_seconds": 8465.469366763997, "tokens_per_second": 61351.9200765279, "loss_main": 2.526744306087494, "loss_total": 2.526744306087494}
{"event": "update", "optimizer_step": 15860, "tokens_seen": 519700480, "lr": 0.00017304544699225385, "grad_norm": 0.7587316036224365, "elapsed_seconds": 8470.732542242997, "tokens_per_second": 61352.483673435236, "loss_main": 2.490053117275238, "loss_total": 2.490053117275238}
{"event": "update", "optimizer_step": 15870, "tokens_seen": 520028160, "lr": 0.0001729087777678033, "grad_norm": 0.7164075374603271, "elapsed_seconds": 8476.000645239998, "tokens_per_second": 61353.01090285316, "loss_main": 2.4877969622612, "loss_total": 2.4877969622612}
{"event": "evaluation", "tokens_seen": 520028160, "elapsed_seconds": 8476.000645239998, "parameters": 71199040, "main_loss": 2.562831789255142, "perplexity": 12.972500739372647}
{"event": "update", "optimizer_step": 15880, "tokens_seen": 520355840, "lr": 0.0001727721004093872, "grad_norm": 0.7252547740936279, "elapsed_seconds": 8483.617574863998, "tokens_per_second": 61336.55075893044, "loss_main": 2.5534752011299133, "loss_total": 2.5534752011299133}
{"event": "update", "optimizer_step": 15890, "tokens_seen": 520683520, "lr": 0.00017263541505757452, "grad_norm": 0.7545830011367798, "elapsed_seconds": 8488.873634685997, "tokens_per_second": 61337.174094859765, "loss_main": 2.3940282464027405, "loss_total": 2.3940282464027405}
{"event": "update", "optimizer_step": 15900, "tokens_seen": 521011200, "lr": 0.00017249872185294248, "grad_norm": 0.7906606793403625, "elapsed_seconds": 8494.139484897998, "tokens_per_second": 61337.72596109617, "loss_main": 2.4837949872016907, "loss_total": 2.4837949872016907}
{"event": "update", "optimizer_step": 15910, "tokens_seen": 521338880, "lr": 0.00017236202093607637, "grad_norm": 0.6996570825576782, "elapsed_seconds": 8499.396119682997, "tokens_per_second": 61338.34364922439, "loss_main": 2.5685901045799255, "loss_total": 2.5685901045799255}
{"event": "update", "optimizer_step": 15920, "tokens_seen": 521666560, "lr": 0.00017222531244756942, "grad_norm": 0.691559910774231, "elapsed_seconds": 8504.662412588998, "tokens_per_second": 61338.89091562351, "loss_main": 2.4948049187660217, "loss_total": 2.4948049187660217}
{"event": "update", "optimizer_step": 15930, "tokens_seen": 521994240, "lr": 0.00017208859652802263, "grad_norm": 0.6984198093414307, "elapsed_seconds": 8509.919419907998, "tokens_per_second": 61339.50443512465, "loss_main": 2.5815303325653076, "loss_total": 2.5815303325653076}
{"event": "update", "optimizer_step": 15940, "tokens_seen": 522321920, "lr": 0.00017195187331804467, "grad_norm": 0.7041977643966675, "elapsed_seconds": 8515.174586233998, "tokens_per_second": 61340.130458911364, "loss_main": 2.4383655190467834, "loss_total": 2.4383655190467834}
{"event": "update", "optimizer_step": 15950, "tokens_seen": 522649600, "lr": 0.00017181514295825162, "grad_norm": 0.8126049637794495, "elapsed_seconds": 8520.431060073997, "tokens_per_second": 61340.74629734296, "loss_main": 2.5144131183624268, "loss_total": 2.5144131183624268}
{"event": "update", "optimizer_step": 15960, "tokens_seen": 522977280, "lr": 0.0001716784055892671, "grad_norm": 0.7589555382728577, "elapsed_seconds": 8525.690634588997, "tokens_per_second": 61341.33906739058, "loss_main": 2.4297156929969788, "loss_total": 2.4297156929969788}
{"event": "update", "optimizer_step": 15970, "tokens_seen": 523304960, "lr": 0.00017154166135172172, "grad_norm": 0.7562180757522583, "elapsed_seconds": 8530.945485828997, "tokens_per_second": 61341.965069320526, "loss_main": 2.5521668791770935, "loss_total": 2.5521668791770935}
{"event": "update", "optimizer_step": 15980, "tokens_seen": 523632640, "lr": 0.00017140491038625334, "grad_norm": 0.7534801959991455, "elapsed_seconds": 8536.206152091998, "tokens_per_second": 61342.548512804075, "loss_main": 2.4173046350479126, "loss_total": 2.4173046350479126}
{"event": "update", "optimizer_step": 15990, "tokens_seen": 523960320, "lr": 0.00017126815283350657, "grad_norm": 0.7194075584411621, "elapsed_seconds": 8541.463024286997, "tokens_per_second": 61343.15848586582, "loss_main": 2.4296810030937195, "loss_total": 2.4296810030937195}
{"event": "update", "optimizer_step": 16000, "tokens_seen": 524288000, "lr": 0.00017113138883413295, "grad_norm": 0.7216324806213379, "elapsed_seconds": 8546.717962420997, "tokens_per_second": 61343.781590224244, "loss_main": 2.352095305919647, "loss_total": 2.352095305919647}
{"event": "update", "optimizer_step": 16010, "tokens_seen": 524615680, "lr": 0.00017099461852879055, "grad_norm": 0.703286349773407, "elapsed_seconds": 8551.975641265997, "tokens_per_second": 61344.38426935676, "loss_main": 2.3819507360458374, "loss_total": 2.3819507360458374}
{"event": "update", "optimizer_step": 16020, "tokens_seen": 524943360, "lr": 0.00017085784205814395, "grad_norm": 0.7589408159255981, "elapsed_seconds": 8557.230935426998, "tokens_per_second": 61345.00330319831, "loss_main": 2.561715602874756, "loss_total": 2.561715602874756}
{"event": "update", "optimizer_step": 16030, "tokens_seen": 525271040, "lr": 0.0001707210595628641, "grad_norm": 1.0620453357696533, "elapsed_seconds": 8562.479849593998, "tokens_per_second": 61345.66728643531, "loss_main": 2.3584088683128357, "loss_total": 2.3584088683128357}
{"event": "update", "optimizer_step": 16040, "tokens_seen": 525598720, "lr": 0.0001705842711836281, "grad_norm": 0.6831892132759094, "elapsed_seconds": 8567.746868914997, "tokens_per_second": 61346.20082053857, "loss_main": 2.3465647101402283, "loss_total": 2.3465647101402283}
{"event": "update", "optimizer_step": 16050, "tokens_seen": 525926400, "lr": 0.00017044747706111913, "grad_norm": 0.722663402557373, "elapsed_seconds": 8573.013139496998, "tokens_per_second": 61346.73905688865, "loss_main": 2.5644718408584595, "loss_total": 2.5644718408584595}
{"event": "update", "optimizer_step": 16060, "tokens_seen": 526254080, "lr": 0.00017031067733602628, "grad_norm": 0.7093415856361389, "elapsed_seconds": 8578.271573058997, "tokens_per_second": 61347.33267862009, "loss_main": 2.4940255284309387, "loss_total": 2.4940255284309387}
{"event": "update", "optimizer_step": 16070, "tokens_seen": 526581760, "lr": 0.00017017387214904442, "grad_norm": 0.7684431672096252, "elapsed_seconds": 8583.537547065998, "tokens_per_second": 61347.87168024852, "loss_main": 2.4768243432044983, "loss_total": 2.4768243432044983}
{"event": "update", "optimizer_step": 16080, "tokens_seen": 526909440, "lr": 0.000170037061640874, "grad_norm": 0.7020294070243835, "elapsed_seconds": 8588.794005041997, "tokens_per_second": 61348.47799244937, "loss_main": 2.46438866853714, "loss_total": 2.46438866853714}
{"event": "update", "optimizer_step": 16090, "tokens_seen": 527237120, "lr": 0.00016990024595222087, "grad_norm": 0.8157075047492981, "elapsed_seconds": 8594.075030067997, "tokens_per_second": 61348.90819027774, "loss_main": 2.5889766812324524, "loss_total": 2.5889766812324524}
{"event": "update", "optimizer_step": 16100, "tokens_seen": 527564800, "lr": 0.00016976342522379638, "grad_norm": 0.746668815612793, "elapsed_seconds": 8599.338282075998, "tokens_per_second": 61349.46465585938, "loss_main": 2.631794273853302, "loss_total": 2.631794273853302}
{"event": "update", "optimizer_step": 16110, "tokens_seen": 527892480, "lr": 0.000169626599596317, "grad_norm": 0.7179946303367615, "elapsed_seconds": 8604.597424971997, "tokens_per_second": 61350.04973829069, "loss_main": 2.457488477230072, "loss_total": 2.457488477230072}
{"event": "update", "optimizer_step": 16120, "tokens_seen": 528220160, "lr": 0.00016948976921050417, "grad_norm": 0.7516534924507141, "elapsed_seconds": 8609.858427030997, "tokens_per_second": 61350.62085825147, "loss_main": 2.583622932434082, "loss_total": 2.583622932434082}
{"event": "update", "optimizer_step": 16130, "tokens_seen": 528547840, "lr": 0.00016935293420708422, "grad_norm": 0.7102274298667908, "elapsed_seconds": 8615.115373084998, "tokens_per_second": 61351.22016488232, "loss_main": 2.419763922691345, "loss_total": 2.419763922691345}
{"event": "update", "optimizer_step": 16140, "tokens_seen": 528875520, "lr": 0.00016921609472678834, "grad_norm": 0.7396936416625977, "elapsed_seconds": 8620.377861789997, "tokens_per_second": 61351.77929313884, "loss_main": 2.3765687346458435, "loss_total": 2.3765687346458435}
{"event": "update", "optimizer_step": 16150, "tokens_seen": 529203200, "lr": 0.00016907925091035224, "grad_norm": 0.7098438739776611, "elapsed_seconds": 8625.638718066997, "tokens_per_second": 61352.34935026287, "loss_main": 2.5293988585472107, "loss_total": 2.5293988585472107}
{"event": "update", "optimizer_step": 16160, "tokens_seen": 529530880, "lr": 0.00016894240289851611, "grad_norm": 0.7278780937194824, "elapsed_seconds": 8630.903955232998, "tokens_per_second": 61352.88757082512, "loss_main": 2.4215898513793945, "loss_total": 2.4215898513793945}
{"event": "update", "optimizer_step": 16170, "tokens_seen": 529858560, "lr": 0.0001688055508320245, "grad_norm": 0.7410908937454224, "elapsed_seconds": 8636.158061074997, "tokens_per_second": 61353.50421481809, "loss_main": 2.364385485649109, "loss_total": 2.364385485649109}
{"event": "update", "optimizer_step": 16180, "tokens_seen": 530186240, "lr": 0.00016866869485162604, "grad_norm": 0.7072781920433044, "elapsed_seconds": 8641.414375081997, "tokens_per_second": 61354.10443096234, "loss_main": 2.4319547414779663, "loss_total": 2.4319547414779663}
{"event": "update", "optimizer_step": 16190, "tokens_seen": 530513920, "lr": 0.00016853183509807343, "grad_norm": 0.7386011481285095, "elapsed_seconds": 8646.674689482998, "tokens_per_second": 61354.675531539, "loss_main": 2.4943111538887024, "loss_total": 2.4943111538887024}
{"event": "update", "optimizer_step": 16200, "tokens_seen": 530841600, "lr": 0.00016839497171212324, "grad_norm": 0.7333972454071045, "elapsed_seconds": 8651.935393881997, "tokens_per_second": 61355.24317199266, "loss_main": 2.402621328830719, "loss_total": 2.402621328830719}
{"event": "update", "optimizer_step": 16210, "tokens_seen": 531169280, "lr": 0.00016825810483453581, "grad_norm": 0.6910634636878967, "elapsed_seconds": 8657.202245516997, "tokens_per_second": 61355.76655553566, "loss_main": 2.252923309803009, "loss_total": 2.252923309803009}
{"event": "update", "optimizer_step": 16220, "tokens_seen": 531496960, "lr": 0.00016812123460607504, "grad_norm": 0.6903696656227112, "elapsed_seconds": 8662.453571370997, "tokens_per_second": 61356.39927197676, "loss_main": 2.3406746983528137, "loss_total": 2.3406746983528137}
{"event": "update", "optimizer_step": 16230, "tokens_seen": 531824640, "lr": 0.00016798436116750832, "grad_norm": 0.7219843864440918, "elapsed_seconds": 8667.712238305998, "tokens_per_second": 61356.979255686376, "loss_main": 2.4715368151664734, "loss_total": 2.4715368151664734}
{"event": "update", "optimizer_step": 16240, "tokens_seen": 532152320, "lr": 0.00016784748465960622, "grad_norm": 0.7299367785453796, "elapsed_seconds": 8672.973094464998, "tokens_per_second": 61357.54304825575, "loss_main": 2.478302836418152, "loss_total": 2.478302836418152}
{"event": "update", "optimizer_step": 16250, "tokens_seen": 532480000, "lr": 0.00016771060522314266, "grad_norm": 0.745764434337616, "elapsed_seconds": 8678.220642245997, "tokens_per_second": 61358.20025223393, "loss_main": 2.594274163246155, "loss_total": 2.594274163246155}
{"event": "update", "optimizer_step": 16260, "tokens_seen": 532807680, "lr": 0.00016757372299889439, "grad_norm": 0.7017821669578552, "elapsed_seconds": 8683.464059919997, "tokens_per_second": 61358.88584594532, "loss_main": 2.4071909189224243, "loss_total": 2.4071909189224243}
{"event": "update", "optimizer_step": 16270, "tokens_seen": 533135360, "lr": 0.00016743683812764113, "grad_norm": 0.6978639960289001, "elapsed_seconds": 8688.703442704997, "tokens_per_second": 61359.59910654086, "loss_main": 2.3371949195861816, "loss_total": 2.3371949195861816}
{"event": "update", "optimizer_step": 16280, "tokens_seen": 533463040, "lr": 0.0001672999507501653, "grad_norm": 0.7169551253318787, "elapsed_seconds": 8693.950132478998, "tokens_per_second": 61360.25993605372, "loss_main": 2.3688703775405884, "loss_total": 2.3688703775405884}
{"event": "update", "optimizer_step": 16290, "tokens_seen": 533790720, "lr": 0.00016716306100725186, "grad_norm": 0.7390122413635254, "elapsed_seconds": 8699.206399711997, "tokens_per_second": 61360.852412660555, "loss_main": 2.4459586143493652, "loss_total": 2.4459586143493652}
{"event": "update", "optimizer_step": 16300, "tokens_seen": 534118400, "lr": 0.0001670261690396883, "grad_norm": 0.7905957102775574, "elapsed_seconds": 8704.466225698998, "tokens_per_second": 61361.41908656881, "loss_main": 2.559405565261841, "loss_total": 2.559405565261841}
{"event": "update", "optimizer_step": 16310, "tokens_seen": 534446080, "lr": 0.00016688927498826424, "grad_norm": 0.7643333673477173, "elapsed_seconds": 8709.712812545997, "tokens_per_second": 61362.07834891543, "loss_main": 2.303237557411194, "loss_total": 2.303237557411194}
{"event": "update", "optimizer_step": 16320, "tokens_seen": 534773760, "lr": 0.0001667523789937716, "grad_norm": 0.7489856481552124, "elapsed_seconds": 8714.972481009998, "tokens_per_second": 61362.64470889343, "loss_main": 2.38279926776886, "loss_total": 2.38279926776886}
{"event": "update", "optimizer_step": 16330, "tokens_seen": 535101440, "lr": 0.00016661548119700423, "grad_norm": 0.7889422178268433, "elapsed_seconds": 8720.215259396997, "tokens_per_second": 61363.32923930622, "loss_main": 2.6537493467330933, "loss_total": 2.6537493467330933}
{"event": "update", "optimizer_step": 16340, "tokens_seen": 535429120, "lr": 0.00016647858173875782, "grad_norm": 0.7390831112861633, "elapsed_seconds": 8725.471945003997, "tokens_per_second": 61363.9151411832, "loss_main": 2.4799023866653442, "loss_total": 2.4799023866653442}
{"event": "update", "optimizer_step": 16350, "tokens_seen": 535756800, "lr": 0.0001663416807598298, "grad_norm": 0.763285219669342, "elapsed_seconds": 8730.722954635998, "tokens_per_second": 61364.540231518185, "loss_main": 2.4688223004341125, "loss_total": 2.4688223004341125}
{"event": "update", "optimizer_step": 16360, "tokens_seen": 536084480, "lr": 0.00016620477840101913, "grad_norm": 0.7920807003974915, "elapsed_seconds": 8735.976126747997, "tokens_per_second": 61365.1493802284, "loss_main": 2.530455768108368, "loss_total": 2.530455768108368}
{"event": "update", "optimizer_step": 16370, "tokens_seen": 536412160, "lr": 0.00016606787480312628, "grad_norm": 0.7034599184989929, "elapsed_seconds": 8741.229486551998, "tokens_per_second": 61365.75647913681, "loss_main": 2.3993495106697083, "loss_total": 2.3993495106697083}
{"event": "update", "optimizer_step": 16380, "tokens_seen": 536739840, "lr": 0.00016593097010695278, "grad_norm": 0.7036104202270508, "elapsed_seconds": 8746.480883976998, "tokens_per_second": 61366.37661705448, "loss_main": 2.532376527786255, "loss_total": 2.532376527786255}
{"event": "update", "optimizer_step": 16390, "tokens_seen": 537067520, "lr": 0.00016579406445330162, "grad_norm": 0.7019296884536743, "elapsed_seconds": 8751.730874738998, "tokens_per_second": 61367.00587425421, "loss_main": 2.455991506576538, "loss_total": 2.455991506576538}
{"event": "update", "optimizer_step": 16400, "tokens_seen": 537395200, "lr": 0.0001656571579829764, "grad_norm": 0.7669747471809387, "elapsed_seconds": 8756.969423989998, "tokens_per_second": 61367.7145574802, "loss_main": 2.3531187772750854, "loss_total": 2.3531187772750854}
{"event": "update", "optimizer_step": 16410, "tokens_seen": 537722880, "lr": 0.0001655202508367819, "grad_norm": 0.7445252537727356, "elapsed_seconds": 8762.218919048997, "tokens_per_second": 61368.34573158114, "loss_main": 2.7028697729110718, "loss_total": 2.7028697729110718}
{"event": "update", "optimizer_step": 16420, "tokens_seen": 538050560, "lr": 0.00016538334315552338, "grad_norm": 0.7400336265563965, "elapsed_seconds": 8767.444515825997, "tokens_per_second": 61369.14342928229, "loss_main": 2.47321218252182, "loss_total": 2.47321218252182}
{"event": "update", "optimizer_step": 16430, "tokens_seen": 538378240, "lr": 0.0001652464350800067, "grad_norm": 0.7009638547897339, "elapsed_seconds": 8772.691100633998, "tokens_per_second": 61369.793353500354, "loss_main": 2.3778658509254456, "loss_total": 2.3778658509254456}
{"event": "update", "optimizer_step": 16440, "tokens_seen": 538705920, "lr": 0.00016510952675103817, "grad_norm": 0.7792400121688843, "elapsed_seconds": 8777.939592887997, "tokens_per_second": 61370.42916500208, "loss_main": 2.4685360193252563, "loss_total": 2.4685360193252563}
{"event": "update", "optimizer_step": 16450, "tokens_seen": 539033600, "lr": 0.00016497261830942432, "grad_norm": 0.7317979335784912, "elapsed_seconds": 8783.189062393998, "tokens_per_second": 61371.05738824639, "loss_main": 2.4162667989730835, "loss_total": 2.4162667989730835}
{"event": "update", "optimizer_step": 16460, "tokens_seen": 539361280, "lr": 0.00016483570989597176, "grad_norm": 0.767534077167511, "elapsed_seconds": 8788.447509511998, "tokens_per_second": 61371.622168333284, "loss_main": 2.4786038398742676, "loss_total": 2.4786038398742676}
{"event": "update", "optimizer_step": 16470, "tokens_seen": 539688960, "lr": 0.0001646988016514872, "grad_norm": 0.790165901184082, "elapsed_seconds": 8793.691890140997, "tokens_per_second": 61372.28444461075, "loss_main": 2.509644091129303, "loss_total": 2.509644091129303}
{"event": "update", "optimizer_step": 16480, "tokens_seen": 540016640, "lr": 0.00016456189371677707, "grad_norm": 0.7638397812843323, "elapsed_seconds": 8798.946940500997, "tokens_per_second": 61372.87150969596, "loss_main": 2.4824506640434265, "loss_total": 2.4824506640434265}
{"event": "update", "optimizer_step": 16490, "tokens_seen": 540344320, "lr": 0.00016442498623264745, "grad_norm": 0.7457885146141052, "elapsed_seconds": 8804.184189881997, "tokens_per_second": 61373.581963559795, "loss_main": 2.524871349334717, "loss_total": 2.524871349334717}
{"event": "update", "optimizer_step": 16500, "tokens_seen": 540672000, "lr": 0.00016428807933990404, "grad_norm": 0.7403027415275574, "elapsed_seconds": 8809.431336464997, "tokens_per_second": 61374.22262002192, "loss_main": 2.589771807193756, "loss_total": 2.589771807193756}
{"event": "update", "optimizer_step": 16510, "tokens_seen": 540999680, "lr": 0.00016415117317935198, "grad_norm": 0.7237538695335388, "elapsed_seconds": 8814.675649988998, "tokens_per_second": 61374.88223978783, "loss_main": 2.2855408787727356, "loss_total": 2.2855408787727356}
{"event": "update", "optimizer_step": 16520, "tokens_seen": 541327360, "lr": 0.00016401426789179545, "grad_norm": 0.7073572874069214, "elapsed_seconds": 8819.923904023997, "tokens_per_second": 61375.51365415127, "loss_main": 2.4760709404945374, "loss_total": 2.4760709404945374}
{"event": "update", "optimizer_step": 16530, "tokens_seen": 541655040, "lr": 0.00016387736361803799, "grad_norm": 0.7267078757286072, "elapsed_seconds": 8825.177481712997, "tokens_per_second": 61376.10729329637, "loss_main": 2.3488937616348267, "loss_total": 2.3488937616348267}
{"event": "update", "optimizer_step": 16540, "tokens_seen": 541982720, "lr": 0.00016374046049888184, "grad_norm": 0.8957351446151733, "elapsed_seconds": 8830.418868507997, "tokens_per_second": 61376.78496009718, "loss_main": 2.504741609096527, "loss_total": 2.504741609096527}
{"event": "update", "optimizer_step": 16550, "tokens_seen": 542310400, "lr": 0.00016360355867512825, "grad_norm": 0.7528778314590454, "elapsed_seconds": 8835.668624454998, "tokens_per_second": 61377.403686124635, "loss_main": 2.4192389845848083, "loss_total": 2.4192389845848083}
{"event": "update", "optimizer_step": 16560, "tokens_seen": 542638080, "lr": 0.00016346665828757711, "grad_norm": 0.7227246761322021, "elapsed_seconds": 8840.915707439997, "tokens_per_second": 61378.040234378386, "loss_main": 2.387709677219391, "loss_total": 2.387709677219391}
{"event": "update", "optimizer_step": 16570, "tokens_seen": 542965760, "lr": 0.00016332975947702669, "grad_norm": 0.7709054350852966, "elapsed_seconds": 8846.158085205998, "tokens_per_second": 61378.7086744512, "loss_main": 2.7721059918403625, "loss_total": 2.7721059918403625}
{"event": "update", "optimizer_step": 16580, "tokens_seen": 543293440, "lr": 0.00016319286238427382, "grad_norm": 0.7928348779678345, "elapsed_seconds": 8851.414176874998, "tokens_per_second": 61379.28122484608, "loss_main": 2.399957597255707, "loss_total": 2.399957597255707}
{"event": "update", "optimizer_step": 16590, "tokens_seen": 543621120, "lr": 0.0001630559671501135, "grad_norm": 0.8870596289634705, "elapsed_seconds": 8856.663176115997, "tokens_per_second": 61379.902248738304, "loss_main": 2.52377986907959, "loss_total": 2.52377986907959}
{"event": "update", "optimizer_step": 16600, "tokens_seen": 543948800, "lr": 0.00016291907391533872, "grad_norm": 0.7470986247062683, "elapsed_seconds": 8861.910179760998, "tokens_per_second": 61380.536359111466, "loss_main": 2.5598998069763184, "loss_total": 2.5598998069763184}
{"event": "update", "optimizer_step": 16610, "tokens_seen": 544276480, "lr": 0.00016278218282074052, "grad_norm": 0.7945360541343689, "elapsed_seconds": 8867.157163607997, "tokens_per_second": 61381.169856082364, "loss_main": 2.2911574244499207, "loss_total": 2.2911574244499207}
{"event": "update", "optimizer_step": 16620, "tokens_seen": 544604160, "lr": 0.00016264529400710783, "grad_norm": 0.7786093354225159, "elapsed_seconds": 8872.412867089997, "tokens_per_second": 61381.742278932186, "loss_main": 2.823137402534485, "loss_total": 2.823137402534485}
{"event": "update", "optimizer_step": 16630, "tokens_seen": 544931840, "lr": 0.00016250840761522693, "grad_norm": 0.7809139490127563, "elapsed_seconds": 8877.661300290998, "tokens_per_second": 61382.36429251225, "loss_main": 2.592023193836212, "loss_total": 2.592023193836212}
{"event": "update", "optimizer_step": 16640, "tokens_seen": 545259520, "lr": 0.00016237152378588198, "grad_norm": 0.7313212752342224, "elapsed_seconds": 8882.907292344997, "tokens_per_second": 61383.00243996547, "loss_main": 2.4841405749320984, "loss_total": 2.4841405749320984}
{"event": "update", "optimizer_step": 16650, "tokens_seen": 545587200, "lr": 0.00016223464265985416, "grad_norm": 0.7318887114524841, "elapsed_seconds": 8888.154816622997, "tokens_per_second": 61383.62925222906, "loss_main": 2.249735653400421, "loss_total": 2.249735653400421}
{"event": "update", "optimizer_step": 16660, "tokens_seen": 545914880, "lr": 0.0001620977643779221, "grad_norm": 0.7491762638092041, "elapsed_seconds": 8893.402525234997, "tokens_per_second": 61384.25405248088, "loss_main": 2.642858147621155, "loss_total": 2.642858147621155}
{"event": "update", "optimizer_step": 16670, "tokens_seen": 546242560, "lr": 0.00016196088908086153, "grad_norm": 0.8116428852081299, "elapsed_seconds": 8898.655267042997, "tokens_per_second": 61384.84339572749, "loss_main": 2.435987710952759, "loss_total": 2.435987710952759}
{"event": "update", "optimizer_step": 16680, "tokens_seen": 546570240, "lr": 0.00016182401690944487, "grad_norm": 0.723170816898346, "elapsed_seconds": 8903.911047431997, "tokens_per_second": 61385.41109500841, "loss_main": 2.2052793502807617, "loss_total": 2.2052793502807617}
{"event": "update", "optimizer_step": 16690, "tokens_seen": 546897920, "lr": 0.0001616871480044415, "grad_norm": 0.7397294044494629, "elapsed_seconds": 8909.159886840998, "tokens_per_second": 61386.02594929055, "loss_main": 2.453346908092499, "loss_total": 2.453346908092499}
{"event": "update", "optimizer_step": 16700, "tokens_seen": 547225600, "lr": 0.00016155028250661757, "grad_norm": 0.7445321083068848, "elapsed_seconds": 8914.405356686997, "tokens_per_second": 61386.663283099144, "loss_main": 2.336752235889435, "loss_total": 2.336752235889435}
{"event": "update", "optimizer_step": 16710, "tokens_seen": 547553280, "lr": 0.00016141342055673533, "grad_norm": 0.7168285846710205, "elapsed_seconds": 8919.649205056998, "tokens_per_second": 61387.31102671218, "loss_main": 2.3559743762016296, "loss_total": 2.3559743762016296}
{"event": "update", "optimizer_step": 16720, "tokens_seen": 547880960, "lr": 0.00016127656229555378, "grad_norm": 0.7361828684806824, "elapsed_seconds": 8924.899713971998, "tokens_per_second": 61387.912196065154, "loss_main": 2.445838451385498, "loss_total": 2.445838451385498}
{"event": "update", "optimizer_step": 16730, "tokens_seen": 548208640, "lr": 0.000161139707863828, "grad_norm": 0.7312307357788086, "elapsed_seconds": 8930.155458069998, "tokens_per_second": 61388.47667031318, "loss_main": 2.433296650648117, "loss_total": 2.433296650648117}
{"event": "update", "optimizer_step": 16740, "tokens_seen": 548536320, "lr": 0.00016100285740230892, "grad_norm": 0.7125763297080994, "elapsed_seconds": 8935.407778879997, "tokens_per_second": 61389.06399957898, "loss_main": 2.3847538828849792, "loss_total": 2.3847538828849792}
{"event": "update", "optimizer_step": 16750, "tokens_seen": 548864000, "lr": 0.00016086601105174368, "grad_norm": 0.7497715353965759, "elapsed_seconds": 8940.660275866998, "tokens_per_second": 61389.64942908261, "loss_main": 2.4937362670898438, "loss_total": 2.4937362670898438}
{"event": "update", "optimizer_step": 16760, "tokens_seen": 549191680, "lr": 0.00016072916895287515, "grad_norm": 0.8107219338417053, "elapsed_seconds": 8945.907237496998, "tokens_per_second": 61390.27215686399, "loss_main": 2.417386293411255, "loss_total": 2.417386293411255}
{"event": "update", "optimizer_step": 16770, "tokens_seen": 549519360, "lr": 0.0001605923312464416, "grad_norm": 0.7223300933837891, "elapsed_seconds": 8951.147740855997, "tokens_per_second": 61390.93844824078, "loss_main": 2.3390090465545654, "loss_total": 2.3390090465545654}
{"event": "update", "optimizer_step": 16780, "tokens_seen": 549847040, "lr": 0.00016045549807317704, "grad_norm": 0.7832538485527039, "elapsed_seconds": 8956.394069673997, "tokens_per_second": 61391.564029296205, "loss_main": 2.4491365551948547, "loss_total": 2.4491365551948547}
{"event": "update", "optimizer_step": 16790, "tokens_seen": 550174720, "lr": 0.00016031866957381065, "grad_norm": 0.7826128602027893, "elapsed_seconds": 8961.641032432997, "tokens_per_second": 61392.18453504972, "loss_main": 2.461752235889435, "loss_total": 2.461752235889435}
{"event": "update", "optimizer_step": 16800, "tokens_seen": 550502400, "lr": 0.00016018184588906692, "grad_norm": 0.7734299302101135, "elapsed_seconds": 8966.892471750998, "tokens_per_second": 61392.77366537901, "loss_main": 2.4075998067855835, "loss_total": 2.4075998067855835}
{"event": "update", "optimizer_step": 16810, "tokens_seen": 550830080, "lr": 0.00016004502715966532, "grad_norm": 0.7318580746650696, "elapsed_seconds": 8972.143848512997, "tokens_per_second": 61393.36253411632, "loss_main": 2.3565383553504944, "loss_total": 2.3565383553504944}
{"event": "update", "optimizer_step": 16820, "tokens_seen": 551157760, "lr": 0.00015990821352632022, "grad_norm": 0.7598636746406555, "elapsed_seconds": 8977.396156481998, "tokens_per_second": 61393.944345660246, "loss_main": 2.4679511189460754, "loss_total": 2.4679511189460754}
{"event": "update", "optimizer_step": 16830, "tokens_seen": 551485440, "lr": 0.0001597714051297408, "grad_norm": 0.7447819113731384, "elapsed_seconds": 8982.644656830997, "tokens_per_second": 61394.551501112095, "loss_main": 2.6113229393959045, "loss_total": 2.6113229393959045}
{"event": "update", "optimizer_step": 16840, "tokens_seen": 551813120, "lr": 0.0001596346021106308, "grad_norm": 0.728926956653595, "elapsed_seconds": 8987.907256868997, "tokens_per_second": 61395.06163442858, "loss_main": 2.3582075238227844, "loss_total": 2.3582075238227844}
{"event": "update", "optimizer_step": 16850, "tokens_seen": 552140800, "lr": 0.00015949780460968843, "grad_norm": 0.7423794865608215, "elapsed_seconds": 8993.170957844997, "tokens_per_second": 61395.563654703124, "loss_main": 2.359110414981842, "loss_total": 2.359110414981842}
{"event": "update", "optimizer_step": 16860, "tokens_seen": 552468480, "lr": 0.0001593610127676063, "grad_norm": 0.7717938423156738, "elapsed_seconds": 8998.438316019998, "tokens_per_second": 61396.04013470155, "loss_main": 2.466685175895691, "loss_total": 2.466685175895691}
{"event": "update", "optimizer_step": 16870, "tokens_seen": 552796160, "lr": 0.00015922422672507116, "grad_norm": 0.8039922714233398, "elapsed_seconds": 9003.689204605997, "tokens_per_second": 61396.62836398299, "loss_main": 2.571257472038269, "loss_total": 2.571257472038269}
{"event": "update", "optimizer_step": 16880, "tokens_seen": 553123840, "lr": 0.00015908744662276365, "grad_norm": 0.7335646152496338, "elapsed_seconds": 9008.939230205997, "tokens_per_second": 61397.22178893556, "loss_main": 2.412787437438965, "loss_total": 2.412787437438965}
{"event": "update", "optimizer_step": 16890, "tokens_seen": 553451520, "lr": 0.00015895067260135863, "grad_norm": 0.7494547367095947, "elapsed_seconds": 9014.198453083998, "tokens_per_second": 61397.75187783329, "loss_main": 2.4932482838630676, "loss_total": 2.4932482838630676}
{"event": "update", "optimizer_step": 16900, "tokens_seen": 553779200, "lr": 0.0001588139048015243, "grad_norm": 0.7425887584686279, "elapsed_seconds": 9019.460808810998, "tokens_per_second": 61398.26002226431, "loss_main": 2.24570369720459, "loss_total": 2.24570369720459}
{"event": "update", "optimizer_step": 16910, "tokens_seen": 554106880, "lr": 0.0001586771433639228, "grad_norm": 0.7680004239082336, "elapsed_seconds": 9024.732874955997, "tokens_per_second": 61398.70151034268, "loss_main": 2.4605390429496765, "loss_total": 2.4605390429496765}
{"event": "update", "optimizer_step": 16920, "tokens_seen": 554434560, "lr": 0.00015854038842920962, "grad_norm": 0.7394076585769653, "elapsed_seconds": 9029.983724941998, "tokens_per_second": 61399.286741633776, "loss_main": 2.495879590511322, "loss_total": 2.495879590511322}
{"event": "update", "optimizer_step": 16930, "tokens_seen": 554762240, "lr": 0.00015840364013803345, "grad_norm": 0.7568557858467102, "elapsed_seconds": 9035.244519441998, "tokens_per_second": 61399.8037138082, "loss_main": 2.575573742389679, "loss_total": 2.575573742389679}
{"event": "update", "optimizer_step": 16940, "tokens_seen": 555089920, "lr": 0.00015826689863103626, "grad_norm": 0.7699136137962341, "elapsed_seconds": 9040.506459491997, "tokens_per_second": 61400.31230409536, "loss_main": 2.468825042247772, "loss_total": 2.468825042247772}
{"event": "update", "optimizer_step": 16950, "tokens_seen": 555417600, "lr": 0.00015813016404885307, "grad_norm": 0.7003761529922485, "elapsed_seconds": 9045.775257615998, "tokens_per_second": 61400.773751522494, "loss_main": 2.5209147930145264, "loss_total": 2.5209147930145264}
{"event": "update", "optimizer_step": 16960, "tokens_seen": 555745280, "lr": 0.00015799343653211166, "grad_norm": 0.7525076866149902, "elapsed_seconds": 9051.036282466997, "tokens_per_second": 61401.287394742736, "loss_main": 2.571392595767975, "loss_total": 2.571392595767975}
{"event": "update", "optimizer_step": 16970, "tokens_seen": 556072960, "lr": 0.0001578567162214326, "grad_norm": 0.7634939551353455, "elapsed_seconds": 9056.299522469997, "tokens_per_second": 61401.78542243463, "loss_main": 2.4745333790779114, "loss_total": 2.4745333790779114}
{"event": "update", "optimizer_step": 16980, "tokens_seen": 556400640, "lr": 0.00015772000325742916, "grad_norm": 0.7147053480148315, "elapsed_seconds": 9061.560722734997, "tokens_per_second": 61402.296693109274, "loss_main": 2.504627227783203, "loss_total": 2.504627227783203}
{"event": "update", "optimizer_step": 16990, "tokens_seen": 556728320, "lr": 0.00015758329778070684, "grad_norm": 0.7122481465339661, "elapsed_seconds": 9066.821285760998, "tokens_per_second": 61402.81168597806, "loss_main": 2.4611223340034485, "loss_total": 2.4611223340034485}
{"event": "update", "optimizer_step": 17000, "tokens_seen": 557056000, "lr": 0.0001574465999318636, "grad_norm": 0.8290721774101257, "elapsed_seconds": 9072.076538961997, "tokens_per_second": 61403.362020547596, "loss_main": 2.382470428943634, "loss_total": 2.382470428943634}
{"event": "update", "optimizer_step": 17010, "tokens_seen": 557383680, "lr": 0.00015730990985148957, "grad_norm": 0.7337974905967712, "elapsed_seconds": 9077.332789553997, "tokens_per_second": 61403.90497100926, "loss_main": 2.355062246322632, "loss_total": 2.355062246322632}
{"event": "update", "optimizer_step": 17020, "tokens_seen": 557711360, "lr": 0.0001571732276801667, "grad_norm": 0.7251282930374146, "elapsed_seconds": 9082.594995389998, "tokens_per_second": 61404.407031588926, "loss_main": 2.347497880458832, "loss_total": 2.347497880458832}
{"event": "update", "optimizer_step": 17030, "tokens_seen": 558039040, "lr": 0.00015703655355846902, "grad_norm": 0.7429773211479187, "elapsed_seconds": 9087.852313208998, "tokens_per_second": 61404.94153815663, "loss_main": 2.5279273986816406, "loss_total": 2.5279273986816406}
{"event": "update", "optimizer_step": 17040, "tokens_seen": 558366720, "lr": 0.00015689988762696214, "grad_norm": 0.7519194483757019, "elapsed_seconds": 9093.116607059997, "tokens_per_second": 61405.42831777587, "loss_main": 2.4808764457702637, "loss_total": 2.4808764457702637}
{"event": "update", "optimizer_step": 17050, "tokens_seen": 558694400, "lr": 0.00015676323002620333, "grad_norm": 0.7696169018745422, "elapsed_seconds": 9098.383286993998, "tokens_per_second": 61405.89843017993, "loss_main": 2.411200702190399, "loss_total": 2.411200702190399}
{"event": "update", "optimizer_step": 17060, "tokens_seen": 559022080, "lr": 0.00015662658089674131, "grad_norm": 0.7496860027313232, "elapsed_seconds": 9103.646754053998, "tokens_per_second": 61406.38967027786, "loss_main": 2.41620409488678, "loss_total": 2.41620409488678}
{"event": "update", "optimizer_step": 17070, "tokens_seen": 559349760, "lr": 0.00015648994037911597, "grad_norm": 0.7576416730880737, "elapsed_seconds": 9108.906504237997, "tokens_per_second": 61406.90539965008, "loss_main": 2.594130218029022, "loss_total": 2.594130218029022}
{"event": "update", "optimizer_step": 17080, "tokens_seen": 559677440, "lr": 0.0001563533086138584, "grad_norm": 0.75514155626297, "elapsed_seconds": 9114.186406087998, "tokens_per_second": 61407.28476061808, "loss_main": 2.3453484773635864, "loss_total": 2.3453484773635864}
{"event": "update", "optimizer_step": 17090, "tokens_seen": 560005120, "lr": 0.0001562166857414908, "grad_norm": 0.7501155138015747, "elapsed_seconds": 9119.447688353997, "tokens_per_second": 61407.78906108045, "loss_main": 2.2261301279067993, "loss_total": 2.2261301279067993}
{"event": "evaluation", "tokens_seen": 560005120, "elapsed_seconds": 9119.447688353997, "parameters": 71199040, "main_loss": 2.538827121257782, "perplexity": 12.664807972245262}
{"event": "update", "optimizer_step": 17100, "tokens_seen": 560332800, "lr": 0.00015608007190252602, "grad_norm": 0.744888186454773, "elapsed_seconds": 9127.068530001998, "tokens_per_second": 61392.41730881113, "loss_main": 2.6024531722068787, "loss_total": 2.6024531722068787}
{"event": "update", "optimizer_step": 17110, "tokens_seen": 560660480, "lr": 0.00015594346723746776, "grad_norm": 0.7227920293807983, "elapsed_seconds": 9132.331171471997, "tokens_per_second": 61392.920325909494, "loss_main": 2.429458498954773, "loss_total": 2.429458498954773}
{"event": "update", "optimizer_step": 17120, "tokens_seen": 560988160, "lr": 0.00015580687188681031, "grad_norm": 0.7019318342208862, "elapsed_seconds": 9137.601499024997, "tokens_per_second": 61393.37112259259, "loss_main": 2.411566734313965, "loss_total": 2.411566734313965}
{"event": "update", "optimizer_step": 17130, "tokens_seen": 561315840, "lr": 0.00015567028599103823, "grad_norm": 0.7159354090690613, "elapsed_seconds": 9142.865075249998, "tokens_per_second": 61393.86673434549, "loss_main": 2.282107412815094, "loss_total": 2.282107412815094}
{"event": "update", "optimizer_step": 17140, "tokens_seen": 561643520, "lr": 0.00015553370969062646, "grad_norm": 0.7360047101974487, "elapsed_seconds": 9148.118199433997, "tokens_per_second": 61394.43192095501, "loss_main": 2.3978148102760315, "loss_total": 2.3978148102760315}
{"event": "update", "optimizer_step": 17150, "tokens_seen": 561971200, "lr": 0.00015539714312604014, "grad_norm": 0.7358385324478149, "elapsed_seconds": 9153.368766188998, "tokens_per_second": 61395.01361245566, "loss_main": 2.4017615616321564, "loss_total": 2.4017615616321564}
{"event": "update", "optimizer_step": 17160, "tokens_seen": 562298880, "lr": 0.00015526058643773426, "grad_norm": 0.763129711151123, "elapsed_seconds": 9158.635272791997, "tokens_per_second": 61395.48778303779, "loss_main": 2.4956066608428955, "loss_total": 2.4956066608428955}
{"event": "update", "optimizer_step": 17170, "tokens_seen": 562626560, "lr": 0.0001551240397661537, "grad_norm": 0.7523425817489624, "elapsed_seconds": 9163.896302342997, "tokens_per_second": 61395.998103574064, "loss_main": 2.3626490235328674, "loss_total": 2.3626490235328674}
{"event": "update", "optimizer_step": 17180, "tokens_seen": 562954240, "lr": 0.000154987503251733, "grad_norm": 0.7698603868484497, "elapsed_seconds": 9169.157104695998, "tokens_per_second": 61396.50935980605, "loss_main": 2.4044069051742554, "loss_total": 2.4044069051742554}
{"event": "update", "optimizer_step": 17190, "tokens_seen": 563281920, "lr": 0.0001548509770348964, "grad_norm": 0.7265937328338623, "elapsed_seconds": 9174.418197996998, "tokens_per_second": 61397.01808262657, "loss_main": 2.5583199858665466, "loss_total": 2.5583199858665466}
{"event": "update", "optimizer_step": 17200, "tokens_seen": 563609600, "lr": 0.00015471446125605738, "grad_norm": 0.7495917081832886, "elapsed_seconds": 9179.668693097998, "tokens_per_second": 61397.5971075913, "loss_main": 2.4226003289222717, "loss_total": 2.4226003289222717}
{"event": "update", "optimizer_step": 17210, "tokens_seen": 563937280, "lr": 0.00015457795605561874, "grad_norm": 0.7731543779373169, "elapsed_seconds": 9184.940457084997, "tokens_per_second": 61398.03329535959, "loss_main": 2.392216444015503, "loss_total": 2.392216444015503}
{"event": "update", "optimizer_step": 17220, "tokens_seen": 564264960, "lr": 0.0001544414615739725, "grad_norm": 0.7940633296966553, "elapsed_seconds": 9190.214612824997, "tokens_per_second": 61398.45300375957, "loss_main": 2.6653438210487366, "loss_total": 2.6653438210487366}
{"event": "update", "optimizer_step": 17230, "tokens_seen": 564592640, "lr": 0.00015430497795149948, "grad_norm": 0.7640075087547302, "elapsed_seconds": 9195.486516866997, "tokens_per_second": 61398.88726544106, "loss_main": 2.469135582447052, "loss_total": 2.469135582447052}
{"event": "update", "optimizer_step": 17240, "tokens_seen": 564920320, "lr": 0.00015416850532856945, "grad_norm": 0.7296144366264343, "elapsed_seconds": 9200.752880578997, "tokens_per_second": 61399.35800171713, "loss_main": 2.4327741861343384, "loss_total": 2.4327741861343384}
{"event": "update", "optimizer_step": 17250, "tokens_seen": 565248000, "lr": 0.00015403204384554082, "grad_norm": 0.7286378145217896, "elapsed_seconds": 9206.012396535998, "tokens_per_second": 61399.873870763986, "loss_main": 2.4312029480934143, "loss_total": 2.4312029480934143}
{"event": "update", "optimizer_step": 17260, "tokens_seen": 565575680, "lr": 0.00015389559364276066, "grad_norm": 0.7421063184738159, "elapsed_seconds": 9211.274075557998, "tokens_per_second": 61400.37473217175, "loss_main": 2.4101304411888123, "loss_total": 2.4101304411888123}
{"event": "update", "optimizer_step": 17270, "tokens_seen": 565903360, "lr": 0.00015375915486056418, "grad_norm": 0.7156068682670593, "elapsed_seconds": 9216.533541874998, "tokens_per_second": 61400.88976282003, "loss_main": 2.3761470913887024, "loss_total": 2.3761470913887024}
{"event": "update", "optimizer_step": 17280, "tokens_seen": 566231040, "lr": 0.00015362272763927515, "grad_norm": 0.7492329478263855, "elapsed_seconds": 9221.788559738998, "tokens_per_second": 61401.4338251132, "loss_main": 2.40300190448761, "loss_total": 2.40300190448761}
{"event": "update", "optimizer_step": 17290, "tokens_seen": 566558720, "lr": 0.0001534863121192052, "grad_norm": 0.7772380709648132, "elapsed_seconds": 9227.053417950998, "tokens_per_second": 61401.911784511234, "loss_main": 2.4834707379341125, "loss_total": 2.4834707379341125}
{"event": "update", "optimizer_step": 17300, "tokens_seen": 566886400, "lr": 0.00015334990844065405, "grad_norm": 0.855332612991333, "elapsed_seconds": 9232.312009688998, "tokens_per_second": 61402.43087593573, "loss_main": 2.3143789172172546, "loss_total": 2.3143789172172546}
{"event": "update", "optimizer_step": 17310, "tokens_seen": 567214080, "lr": 0.0001532135167439093, "grad_norm": 0.723438560962677, "elapsed_seconds": 9237.575845446998, "tokens_per_second": 61402.9145189176, "loss_main": 2.463403880596161, "loss_total": 2.463403880596161}
{"event": "update", "optimizer_step": 17320, "tokens_seen": 567541760, "lr": 0.00015307713716924604, "grad_norm": 0.7090215682983398, "elapsed_seconds": 9242.823535219997, "tokens_per_second": 61403.50487460555, "loss_main": 2.3391507863998413, "loss_total": 2.3391507863998413}
{"event": "update", "optimizer_step": 17330, "tokens_seen": 567869440, "lr": 0.00015294076985692702, "grad_norm": 0.7444294095039368, "elapsed_seconds": 9248.076126130998, "tokens_per_second": 61404.06201841814, "loss_main": 2.498611032962799, "loss_total": 2.498611032962799}
{"event": "update", "optimizer_step": 17340, "tokens_seen": 568197120, "lr": 0.00015280441494720245, "grad_norm": 0.7249572277069092, "elapsed_seconds": 9253.316719724997, "tokens_per_second": 61404.69814340112, "loss_main": 2.3040284514427185, "loss_total": 2.3040284514427185}
{"event": "update", "optimizer_step": 17350, "tokens_seen": 568524800, "lr": 0.0001526680725803096, "grad_norm": 0.7447554469108582, "elapsed_seconds": 9258.574370965998, "tokens_per_second": 61405.22041739377, "loss_main": 2.6067317724227905, "loss_total": 2.6067317724227905}
{"event": "update", "optimizer_step": 17360, "tokens_seen": 568852480, "lr": 0.00015253174289647293, "grad_norm": 0.7477337718009949, "elapsed_seconds": 9263.835967406998, "tokens_per_second": 61405.715947626515, "loss_main": 2.349335163831711, "loss_total": 2.349335163831711}
{"event": "update", "optimizer_step": 17370, "tokens_seen": 569180160, "lr": 0.00015239542603590398, "grad_norm": 0.7379591464996338, "elapsed_seconds": 9269.084224655997, "tokens_per_second": 61406.29928531305, "loss_main": 2.3663429021835327, "loss_total": 2.3663429021835327}
{"event": "update", "optimizer_step": 17380, "tokens_seen": 569507840, "lr": 0.00015225912213880083, "grad_norm": 0.8183687925338745, "elapsed_seconds": 9274.339913097998, "tokens_per_second": 61406.83275967635, "loss_main": 2.531258285045624, "loss_total": 2.531258285045624}
{"event": "update", "optimizer_step": 17390, "tokens_seen": 569835520, "lr": 0.00015212283134534842, "grad_norm": 0.740283191204071, "elapsed_seconds": 9279.593533991998, "tokens_per_second": 61407.37931167357, "loss_main": 2.5425955057144165, "loss_total": 2.5425955057144165}
{"event": "update", "optimizer_step": 17400, "tokens_seen": 570163200, "lr": 0.00015198655379571827, "grad_norm": 0.7636873126029968, "elapsed_seconds": 9284.853023322998, "tokens_per_second": 61407.88643264293, "loss_main": 2.3796451091766357, "loss_total": 2.3796451091766357}
{"event": "update", "optimizer_step": 17410, "tokens_seen": 570490880, "lr": 0.000151850289630068, "grad_norm": 0.7694450616836548, "elapsed_seconds": 9290.104880579998, "tokens_per_second": 61408.443428077124, "loss_main": 2.28932785987854, "loss_total": 2.28932785987854}
{"event": "update", "optimizer_step": 17420, "tokens_seen": 570818560, "lr": 0.00015171403898854186, "grad_norm": 0.8728215098381042, "elapsed_seconds": 9295.359273820997, "tokens_per_second": 61408.98304034637, "loss_main": 2.324542999267578, "loss_total": 2.324542999267578}
{"event": "update", "optimizer_step": 17430, "tokens_seen": 571146240, "lr": 0.0001515778020112698, "grad_norm": 0.785265326499939, "elapsed_seconds": 9300.619294858998, "tokens_per_second": 61409.48488405566, "loss_main": 2.304242789745331, "loss_total": 2.304242789745331}
{"event": "update", "optimizer_step": 17440, "tokens_seen": 571473920, "lr": 0.00015144157883836796, "grad_norm": 0.754393458366394, "elapsed_seconds": 9305.864692784997, "tokens_per_second": 61410.08265927979, "loss_main": 2.4285707473754883, "loss_total": 2.4285707473754883}
{"event": "update", "optimizer_step": 17450, "tokens_seen": 571801600, "lr": 0.0001513053696099382, "grad_norm": 0.7592790722846985, "elapsed_seconds": 9311.108208922997, "tokens_per_second": 61410.69217217695, "loss_main": 2.4622758626937866, "loss_total": 2.4622758626937866}
{"event": "update", "optimizer_step": 17460, "tokens_seen": 572129280, "lr": 0.0001511691744660681, "grad_norm": 0.7399893999099731, "elapsed_seconds": 9316.362716376998, "tokens_per_second": 61411.228546766266, "loss_main": 2.393528401851654, "loss_total": 2.393528401851654}
{"event": "update", "optimizer_step": 17470, "tokens_seen": 572456960, "lr": 0.00015103299354683064, "grad_norm": 0.7448098063468933, "elapsed_seconds": 9321.616442510998, "tokens_per_second": 61411.769464073244, "loss_main": 2.3282544016838074, "loss_total": 2.3282544016838074}
{"event": "update", "optimizer_step": 17480, "tokens_seen": 572784640, "lr": 0.0001508968269922843, "grad_norm": 0.7527170181274414, "elapsed_seconds": 9326.875332761998, "tokens_per_second": 61412.2757691433, "loss_main": 2.3821871876716614, "loss_total": 2.3821871876716614}
{"event": "update", "optimizer_step": 17490, "tokens_seen": 573112320, "lr": 0.00015076067494247268, "grad_norm": 0.7613865733146667, "elapsed_seconds": 9332.119226988998, "tokens_per_second": 61412.88018937091, "loss_main": 2.2305710315704346, "loss_total": 2.2305710315704346}
{"event": "update", "optimizer_step": 17500, "tokens_seen": 573440000, "lr": 0.00015062453753742454, "grad_norm": 0.7741369605064392, "elapsed_seconds": 9337.367799093998, "tokens_per_second": 61413.45316349654, "loss_main": 2.414247453212738, "loss_total": 2.414247453212738}
{"event": "update", "optimizer_step": 17510, "tokens_seen": 573767680, "lr": 0.00015048841491715353, "grad_norm": 0.7151950597763062, "elapsed_seconds": 9342.625509421998, "tokens_per_second": 61413.96542346236, "loss_main": 2.3834217190742493, "loss_total": 2.3834217190742493}
{"event": "update", "optimizer_step": 17520, "tokens_seen": 574095360, "lr": 0.0001503523072216581, "grad_norm": 0.7659902572631836, "elapsed_seconds": 9347.880758011997, "tokens_per_second": 61414.49328051679, "loss_main": 2.3502126932144165, "loss_total": 2.3502126932144165}
{"event": "update", "optimizer_step": 17530, "tokens_seen": 574423040, "lr": 0.00015021621459092142, "grad_norm": 0.7710291147232056, "elapsed_seconds": 9353.126383149998, "tokens_per_second": 61415.08373444459, "loss_main": 2.57499498128891, "loss_total": 2.57499498128891}
{"event": "update", "optimizer_step": 17540, "tokens_seen": 574750720, "lr": 0.00015008013716491097, "grad_norm": 0.788267195224762, "elapsed_seconds": 9358.390787494998, "tokens_per_second": 61415.550285418896, "loss_main": 2.410881280899048, "loss_total": 2.410881280899048}
{"event": "update", "optimizer_step": 17550, "tokens_seen": 575078400, "lr": 0.00014994407508357887, "grad_norm": 0.7988306879997253, "elapsed_seconds": 9363.645515508997, "tokens_per_second": 61416.07977870352, "loss_main": 2.4074660539627075, "loss_total": 2.4074660539627075}
{"event": "update", "optimizer_step": 17560, "tokens_seen": 575406080, "lr": 0.00014980802848686125, "grad_norm": 0.7804907560348511, "elapsed_seconds": 9368.908951714997, "tokens_per_second": 61416.55159266659, "loss_main": 2.3736043572425842, "loss_total": 2.3736043572425842}
{"event": "update", "optimizer_step": 17570, "tokens_seen": 575733760, "lr": 0.0001496719975146784, "grad_norm": 0.7425541281700134, "elapsed_seconds": 9374.162306485998, "tokens_per_second": 61417.08892768465, "loss_main": 2.350288689136505, "loss_total": 2.350288689136505}
{"event": "update", "optimizer_step": 17580, "tokens_seen": 576061440, "lr": 0.00014953598230693454, "grad_norm": 0.8152592182159424, "elapsed_seconds": 9379.406748608997, "tokens_per_second": 61417.6840220126, "loss_main": 2.2824079394340515, "loss_total": 2.2824079394340515}
{"event": "update", "optimizer_step": 17590, "tokens_seen": 576389120, "lr": 0.0001493999830035176, "grad_norm": 0.7883694171905518, "elapsed_seconds": 9384.666362281998, "tokens_per_second": 61418.17916048364, "loss_main": 2.4266377091407776, "loss_total": 2.4266377091407776}
{"event": "update", "optimizer_step": 17600, "tokens_seen": 576716800, "lr": 0.00014926399974429924, "grad_norm": 0.7855499386787415, "elapsed_seconds": 9389.918052670997, "tokens_per_second": 61418.7255698095, "loss_main": 2.443557322025299, "loss_total": 2.443557322025299}
{"event": "update", "optimizer_step": 17610, "tokens_seen": 577044480, "lr": 0.00014912803266913462, "grad_norm": 0.7261049151420593, "elapsed_seconds": 9395.160601259997, "tokens_per_second": 61419.331131243445, "loss_main": 2.464774250984192, "loss_total": 2.464774250984192}
{"event": "update", "optimizer_step": 17620, "tokens_seen": 577372160, "lr": 0.00014899208191786222, "grad_norm": 0.7244898676872253, "elapsed_seconds": 9400.399547101997, "tokens_per_second": 61419.959556718546, "loss_main": 2.2734262943267822, "loss_total": 2.2734262943267822}
{"event": "update", "optimizer_step": 17630, "tokens_seen": 577699840, "lr": 0.00014885614763030365, "grad_norm": 0.7722063660621643, "elapsed_seconds": 9405.654528767998, "tokens_per_second": 61420.482565360624, "loss_main": 2.4788477420806885, "loss_total": 2.4788477420806885}
{"event": "update", "optimizer_step": 17640, "tokens_seen": 578027520, "lr": 0.0001487202299462638, "grad_norm": 0.7330679893493652, "elapsed_seconds": 9410.903075025997, "tokens_per_second": 61421.046991114956, "loss_main": 2.404562294483185, "loss_total": 2.404562294483185}
{"event": "update", "optimizer_step": 17650, "tokens_seen": 578355200, "lr": 0.00014858432900553034, "grad_norm": 0.7173427939414978, "elapsed_seconds": 9416.160197828998, "tokens_per_second": 61421.554842848396, "loss_main": 2.5300204753875732, "loss_total": 2.5300204753875732}
{"event": "update", "optimizer_step": 17660, "tokens_seen": 578682880, "lr": 0.00014844844494787366, "grad_norm": 0.768545389175415, "elapsed_seconds": 9421.415467904997, "tokens_per_second": 61422.07420650768, "loss_main": 2.5120033025741577, "loss_total": 2.5120033025741577}
{"event": "update", "optimizer_step": 17670, "tokens_seen": 579010560, "lr": 0.00014831257791304695, "grad_norm": 0.7123370170593262, "elapsed_seconds": 9426.667234610997, "tokens_per_second": 61422.615818462546, "loss_main": 2.272098183631897, "loss_total": 2.272098183631897}
{"event": "update", "optimizer_step": 17680, "tokens_seen": 579338240, "lr": 0.0001481767280407857, "grad_norm": 0.7567634582519531, "elapsed_seconds": 9431.911209329997, "tokens_per_second": 61423.20757079664, "loss_main": 2.3692635893821716, "loss_total": 2.3692635893821716}
{"event": "update", "optimizer_step": 17690, "tokens_seen": 579665920, "lr": 0.0001480408954708079, "grad_norm": 0.7376067638397217, "elapsed_seconds": 9437.153452299997, "tokens_per_second": 61423.8099369599, "loss_main": 2.5361311435699463, "loss_total": 2.5361311435699463}
{"event": "update", "optimizer_step": 17700, "tokens_seen": 579993600, "lr": 0.00014790508034281382, "grad_norm": 0.7579084634780884, "elapsed_seconds": 9442.405042136998, "tokens_per_second": 61424.3508313573, "loss_main": 2.5693512558937073, "loss_total": 2.5693512558937073}
{"event": "update", "optimizer_step": 17710, "tokens_seen": 580321280, "lr": 0.0001477692827964855, "grad_norm": 1.0977940559387207, "elapsed_seconds": 9447.649203683997, "tokens_per_second": 61424.93942024337, "loss_main": 2.3858367204666138, "loss_total": 2.3858367204666138}
{"event": "update", "optimizer_step": 17720, "tokens_seen": 580648960, "lr": 0.00014763350297148712, "grad_norm": 0.8072829842567444, "elapsed_seconds": 9452.897941815998, "tokens_per_second": 61425.49761713088, "loss_main": 2.4716593623161316, "loss_total": 2.4716593623161316}
{"event": "update", "optimizer_step": 17730, "tokens_seen": 580976640, "lr": 0.0001474977410074647, "grad_norm": 0.7709445357322693, "elapsed_seconds": 9458.153593274998, "tokens_per_second": 61426.010295824555, "loss_main": 2.2324851155281067, "loss_total": 2.2324851155281067}
{"event": "update", "optimizer_step": 17740, "tokens_seen": 581304320, "lr": 0.00014736199704404562, "grad_norm": 0.8754812479019165, "elapsed_seconds": 9463.399136469998, "tokens_per_second": 61426.588017382936, "loss_main": 2.513514816761017, "loss_total": 2.513514816761017}
{"event": "update", "optimizer_step": 17750, "tokens_seen": 581632000, "lr": 0.00014722627122083895, "grad_norm": 0.7534846067428589, "elapsed_seconds": 9468.644607040997, "tokens_per_second": 61427.16556997942, "loss_main": 2.3879427313804626, "loss_total": 2.3879427313804626}
{"event": "update", "optimizer_step": 17760, "tokens_seen": 581959680, "lr": 0.00014709056367743508, "grad_norm": 0.7488726377487183, "elapsed_seconds": 9473.889039672997, "tokens_per_second": 61427.74921291321, "loss_main": 2.346771478652954, "loss_total": 2.346771478652954}
{"event": "update", "optimizer_step": 17770, "tokens_seen": 582287360, "lr": 0.00014695487455340558, "grad_norm": 0.7736996412277222, "elapsed_seconds": 9479.136895687998, "tokens_per_second": 61428.310025238585, "loss_main": 2.5607643127441406, "loss_total": 2.5607643127441406}
{"event": "update", "optimizer_step": 17780, "tokens_seen": 582615040, "lr": 0.00014681920398830305, "grad_norm": 0.772786557674408, "elapsed_seconds": 9484.390906931998, "tokens_per_second": 61428.8303505263, "loss_main": 2.409312665462494, "loss_total": 2.409312665462494}
{"event": "update", "optimizer_step": 17790, "tokens_seen": 582942720, "lr": 0.00014668355212166102, "grad_norm": 0.797207772731781, "elapsed_seconds": 9489.640682695997, "tokens_per_second": 61429.37751720928, "loss_main": 2.4353519082069397, "loss_total": 2.4353519082069397}
{"event": "update", "optimizer_step": 17800, "tokens_seen": 583270400, "lr": 0.0001465479190929938, "grad_norm": 0.7425865530967712, "elapsed_seconds": 9494.900613056998, "tokens_per_second": 61429.85838081448, "loss_main": 2.250670313835144, "loss_total": 2.250670313835144}
{"event": "update", "optimizer_step": 17810, "tokens_seen": 583598080, "lr": 0.0001464123050417963, "grad_norm": 0.7466055154800415, "elapsed_seconds": 9500.166857399998, "tokens_per_second": 61430.29788423305, "loss_main": 2.2899136543273926, "loss_total": 2.2899136543273926}
{"event": "update", "optimizer_step": 17820, "tokens_seen": 583925760, "lr": 0.00014627671010754395, "grad_norm": 0.7738200426101685, "elapsed_seconds": 9505.425755087997, "tokens_per_second": 61430.78437990432, "loss_main": 2.248466193675995, "loss_total": 2.248466193675995}
{"event": "update", "optimizer_step": 17830, "tokens_seen": 584253440, "lr": 0.00014614113442969247, "grad_norm": 0.7684697508811951, "elapsed_seconds": 9510.670289385998, "tokens_per_second": 61431.36311349502, "loss_main": 2.4510817527770996, "loss_total": 2.4510817527770996}
{"event": "update", "optimizer_step": 17840, "tokens_seen": 584581120, "lr": 0.0001460055781476779, "grad_norm": 0.7926962375640869, "elapsed_seconds": 9515.916841880997, "tokens_per_second": 61431.92818028523, "loss_main": 2.4780237078666687, "loss_total": 2.4780237078666687}
{"event": "update", "optimizer_step": 17850, "tokens_seen": 584908800, "lr": 0.0001458700414009161, "grad_norm": 0.764583945274353, "elapsed_seconds": 9521.172910428997, "tokens_per_second": 61432.4312248674, "loss_main": 2.345071256160736, "loss_total": 2.345071256160736}
{"event": "update", "optimizer_step": 17860, "tokens_seen": 585236480, "lr": 0.00014573452432880304, "grad_norm": 0.7717546820640564, "elapsed_seconds": 9526.422190147998, "tokens_per_second": 61432.97749340123, "loss_main": 2.3917940855026245, "loss_total": 2.3917940855026245}
{"event": "update", "optimizer_step": 17870, "tokens_seen": 585564160, "lr": 0.00014559902707071443, "grad_norm": 0.8115937113761902, "elapsed_seconds": 9531.663852235997, "tokens_per_second": 61433.57225744325, "loss_main": 2.4634466767311096, "loss_total": 2.4634466767311096}
{"event": "update", "optimizer_step": 17880, "tokens_seen": 585891840, "lr": 0.00014546354976600548, "grad_norm": 0.7654693722724915, "elapsed_seconds": 9536.914958776997, "tokens_per_second": 61434.105529146305, "loss_main": 2.4248428344726562, "loss_total": 2.4248428344726562}
{"event": "update", "optimizer_step": 17890, "tokens_seen": 586219520, "lr": 0.00014532809255401102, "grad_norm": 0.7639260292053223, "elapsed_seconds": 9542.166053495997, "tokens_per_second": 61434.63829003737, "loss_main": 2.229775130748749, "loss_total": 2.229775130748749}
{"event": "update", "optimizer_step": 17900, "tokens_seen": 586547200, "lr": 0.00014519265557404518, "grad_norm": 0.7436242699623108, "elapsed_seconds": 9547.423793094997, "tokens_per_second": 61435.127706828076, "loss_main": 2.3662838339805603, "loss_total": 2.3662838339805603}
{"event": "update", "optimizer_step": 17910, "tokens_seen": 586874880, "lr": 0.00014505723896540113, "grad_norm": 0.7980889678001404, "elapsed_seconds": 9552.679136418998, "tokens_per_second": 61435.6319959053, "loss_main": 2.4506214261054993, "loss_total": 2.4506214261054993}
{"event": "update", "optimizer_step": 17920, "tokens_seen": 587202560, "lr": 0.00014492184286735133, "grad_norm": 0.769148588180542, "elapsed_seconds": 9557.933948879998, "tokens_per_second": 61436.13914268665, "loss_main": 2.5229679346084595, "loss_total": 2.5229679346084595}
{"event": "update", "optimizer_step": 17930, "tokens_seen": 587530240, "lr": 0.000144786467419147, "grad_norm": 0.7874302268028259, "elapsed_seconds": 9563.177807750997, "tokens_per_second": 61436.71610119015, "loss_main": 2.3910863995552063, "loss_total": 2.3910863995552063}
{"event": "update", "optimizer_step": 17940, "tokens_seen": 587857920, "lr": 0.00014465111276001815, "grad_norm": 0.7973976135253906, "elapsed_seconds": 9568.420620542998, "tokens_per_second": 61437.29914400854, "loss_main": 2.441876769065857, "loss_total": 2.441876769065857}
{"event": "update", "optimizer_step": 17950, "tokens_seen": 588185600, "lr": 0.00014451577902917345, "grad_norm": 0.7423880696296692, "elapsed_seconds": 9573.679111306998, "tokens_per_second": 61437.78093683161, "loss_main": 2.3927212953567505, "loss_total": 2.3927212953567505}
{"event": "update", "optimizer_step": 17960, "tokens_seen": 588513280, "lr": 0.00014438046636579992, "grad_norm": 0.7603557705879211, "elapsed_seconds": 9578.933117534998, "tokens_per_second": 61438.29096401975, "loss_main": 2.3035483956336975, "loss_total": 2.3035483956336975}
{"event": "update", "optimizer_step": 17970, "tokens_seen": 588840960, "lr": 0.00014424517490906313, "grad_norm": 0.8070328831672668, "elapsed_seconds": 9584.171706357998, "tokens_per_second": 61438.89926443739, "loss_main": 2.505774974822998, "loss_total": 2.505774974822998}
{"event": "update", "optimizer_step": 17980, "tokens_seen": 589168640, "lr": 0.00014410990479810657, "grad_norm": 0.785120964050293, "elapsed_seconds": 9589.422606040998, "tokens_per_second": 61439.42802446151, "loss_main": 2.4237166047096252, "loss_total": 2.4237166047096252}
{"event": "update", "optimizer_step": 17990, "tokens_seen": 589496320, "lr": 0.00014397465617205197, "grad_norm": 0.7551711797714233, "elapsed_seconds": 9594.672121612997, "tokens_per_second": 61439.9650689572, "loss_main": 2.3066030144691467, "loss_total": 2.3066030144691467}
{"event": "update", "optimizer_step": 18000, "tokens_seen": 589824000, "lr": 0.00014383942916999898, "grad_norm": 0.7503973245620728, "elapsed_seconds": 9599.920066752997, "tokens_per_second": 61440.51157704041, "loss_main": 2.527833938598633, "loss_total": 2.527833938598633}
{"event": "update", "optimizer_step": 18010, "tokens_seen": 590151680, "lr": 0.00014370422393102485, "grad_norm": 0.7891250252723694, "elapsed_seconds": 9605.172123295997, "tokens_per_second": 61441.03118867281, "loss_main": 2.6067230701446533, "loss_total": 2.6067230701446533}
{"event": "update", "optimizer_step": 18020, "tokens_seen": 590479360, "lr": 0.00014356904059418458, "grad_norm": 0.7517775893211365, "elapsed_seconds": 9610.418103237997, "tokens_per_second": 61441.589081441976, "loss_main": 2.3560439944267273, "loss_total": 2.3560439944267273}
{"event": "update", "optimizer_step": 18030, "tokens_seen": 590807040, "lr": 0.00014343387929851062, "grad_norm": 0.8437018990516663, "elapsed_seconds": 9615.679181326997, "tokens_per_second": 61442.04989152587, "loss_main": 2.545939087867737, "loss_total": 2.545939087867737}
{"event": "update", "optimizer_step": 18040, "tokens_seen": 591134720, "lr": 0.00014329874018301266, "grad_norm": 0.7551693916320801, "elapsed_seconds": 9620.941326861997, "tokens_per_second": 61442.503380571674, "loss_main": 2.4119359850883484, "loss_total": 2.4119359850883484}
{"event": "update", "optimizer_step": 18050, "tokens_seen": 591462400, "lr": 0.0001431636233866777, "grad_norm": 0.7617229223251343, "elapsed_seconds": 9626.197830260997, "tokens_per_second": 61442.99238694989, "loss_main": 2.564697265625, "loss_total": 2.564697265625}
{"event": "update", "optimizer_step": 18060, "tokens_seen": 591790080, "lr": 0.00014302852904846976, "grad_norm": 0.8328678011894226, "elapsed_seconds": 9631.443435017998, "tokens_per_second": 61443.55038709669, "loss_main": 2.56862735748291, "loss_total": 2.56862735748291}
{"event": "update", "optimizer_step": 18070, "tokens_seen": 592117760, "lr": 0.00014289345730732967, "grad_norm": 0.756980836391449, "elapsed_seconds": 9636.690343188997, "tokens_per_second": 61444.099469118664, "loss_main": 2.3815248608589172, "loss_total": 2.3815248608589172}
{"event": "update", "optimizer_step": 18080, "tokens_seen": 592445440, "lr": 0.00014275840830217516, "grad_norm": 0.752579391002655, "elapsed_seconds": 9641.944571490998, "tokens_per_second": 61444.60130498201, "loss_main": 2.376282036304474, "loss_total": 2.376282036304474}
{"event": "update", "optimizer_step": 18090, "tokens_seen": 592773120, "lr": 0.0001426233821719005, "grad_norm": 0.7722271084785461, "elapsed_seconds": 9647.197021745997, "tokens_per_second": 61445.113918977164, "loss_main": 2.5192270278930664, "loss_total": 2.5192270278930664}
{"event": "update", "optimizer_step": 18100, "tokens_seen": 593100800, "lr": 0.00014248837905537638, "grad_norm": 0.7924084663391113, "elapsed_seconds": 9652.444322617997, "tokens_per_second": 61445.65875508054, "loss_main": 2.4444828033447266, "loss_total": 2.4444828033447266}
{"event": "update", "optimizer_step": 18110, "tokens_seen": 593428480, "lr": 0.0001423533990914499, "grad_norm": 0.7608325481414795, "elapsed_seconds": 9657.691665334998, "tokens_per_second": 61446.202732898666, "loss_main": 2.2815648317337036, "loss_total": 2.2815648317337036}
{"event": "update", "optimizer_step": 18120, "tokens_seen": 593756160, "lr": 0.00014221844241894442, "grad_norm": 0.7728296518325806, "elapsed_seconds": 9662.938429287997, "tokens_per_second": 61446.74980028309, "loss_main": 2.4449321031570435, "loss_total": 2.4449321031570435}
{"event": "update", "optimizer_step": 18130, "tokens_seen": 594083840, "lr": 0.0001420835091766591, "grad_norm": 0.793289065361023, "elapsed_seconds": 9668.195538626998, "tokens_per_second": 61447.230522642814, "loss_main": 2.6302047967910767, "loss_total": 2.6302047967910767}
{"event": "update", "optimizer_step": 18140, "tokens_seen": 594411520, "lr": 0.00014194859950336926, "grad_norm": 0.785729169845581, "elapsed_seconds": 9673.451744207998, "tokens_per_second": 61447.71646335087, "loss_main": 2.6081851720809937, "loss_total": 2.6081851720809937}
{"event": "update", "optimizer_step": 18150, "tokens_seen": 594739200, "lr": 0.0001418137135378259, "grad_norm": 0.794273853302002, "elapsed_seconds": 9678.697445053998, "tokens_per_second": 61448.26856881689, "loss_main": 2.429605007171631, "loss_total": 2.429605007171631}
{"event": "update", "optimizer_step": 18160, "tokens_seen": 595066880, "lr": 0.0001416788514187555, "grad_norm": 0.7683336138725281, "elapsed_seconds": 9683.951280671998, "tokens_per_second": 61448.76845752848, "loss_main": 2.1519453525543213, "loss_total": 2.1519453525543213}
{"event": "update", "optimizer_step": 18170, "tokens_seen": 595394560, "lr": 0.00014154401328486026, "grad_norm": 0.7173607349395752, "elapsed_seconds": 9689.202897443998, "tokens_per_second": 61449.28187612466, "loss_main": 2.40593159198761, "loss_total": 2.40593159198761}
{"event": "update", "optimizer_step": 18180, "tokens_seen": 595722240, "lr": 0.00014140919927481746, "grad_norm": 0.785957932472229, "elapsed_seconds": 9694.440868496997, "tokens_per_second": 61449.88123408497, "loss_main": 2.438579499721527, "loss_total": 2.438579499721527}
{"event": "update", "optimizer_step": 18190, "tokens_seen": 596049920, "lr": 0.00014127440952727975, "grad_norm": 0.7369420528411865, "elapsed_seconds": 9699.692664366998, "tokens_per_second": 61450.39236033343, "loss_main": 2.504157781600952, "loss_total": 2.504157781600952}
{"event": "update", "optimizer_step": 18200, "tokens_seen": 596377600, "lr": 0.0001411396441808748, "grad_norm": 0.8061099648475647, "elapsed_seconds": 9704.947015656997, "tokens_per_second": 61450.88675269052, "loss_main": 2.492068827152252, "loss_total": 2.492068827152252}
{"event": "update", "optimizer_step": 18210, "tokens_seen": 596705280, "lr": 0.00014100490337420505, "grad_norm": 0.7559112310409546, "elapsed_seconds": 9710.199897732997, "tokens_per_second": 61451.389907978155, "loss_main": 2.3919264674186707, "loss_total": 2.3919264674186707}
{"event": "update", "optimizer_step": 18220, "tokens_seen": 597032960, "lr": 0.00014087018724584787, "grad_norm": 0.8815991282463074, "elapsed_seconds": 9715.451214594998, "tokens_per_second": 61451.90241942748, "loss_main": 2.298309564590454, "loss_total": 2.298309564590454}
{"event": "update", "optimizer_step": 18230, "tokens_seen": 597360640, "lr": 0.00014073549593435523, "grad_norm": 0.8159058094024658, "elapsed_seconds": 9720.693616900997, "tokens_per_second": 61452.47073330158, "loss_main": 2.358844757080078, "loss_total": 2.358844757080078}
{"event": "update", "optimizer_step": 18240, "tokens_seen": 597688320, "lr": 0.00014060082957825337, "grad_norm": 0.7857810854911804, "elapsed_seconds": 9725.951799629998, "tokens_per_second": 61452.938726545784, "loss_main": 2.4436126351356506, "loss_total": 2.4436126351356506}
{"event": "update", "optimizer_step": 18250, "tokens_seen": 598016000, "lr": 0.00014046618831604316, "grad_norm": 0.8119483590126038, "elapsed_seconds": 9731.200022423998, "tokens_per_second": 61453.469111925304, "loss_main": 2.630050003528595, "loss_total": 2.630050003528595}
{"event": "update", "optimizer_step": 18260, "tokens_seen": 598343680, "lr": 0.00014033157228619954, "grad_norm": 0.7686031460762024, "elapsed_seconds": 9736.451823342997, "tokens_per_second": 61453.97634130742, "loss_main": 2.5509005784988403, "loss_total": 2.5509005784988403}
{"event": "update", "optimizer_step": 18270, "tokens_seen": 598671360, "lr": 0.00014019698162717135, "grad_norm": 0.789864182472229, "elapsed_seconds": 9741.693891416997, "tokens_per_second": 61454.544422450446, "loss_main": 2.3997796177864075, "loss_total": 2.3997796177864075}
{"event": "update", "optimizer_step": 18280, "tokens_seen": 598999040, "lr": 0.0001400624164773816, "grad_norm": 0.7768728733062744, "elapsed_seconds": 9746.941767460998, "tokens_per_second": 61455.07527291143, "loss_main": 2.246444195508957, "loss_total": 2.246444195508957}
{"event": "update", "optimizer_step": 18290, "tokens_seen": 599326720, "lr": 0.00013992787697522682, "grad_norm": 0.7770323157310486, "elapsed_seconds": 9752.194507744998, "tokens_per_second": 61455.57489896522, "loss_main": 2.4184377789497375, "loss_total": 2.4184377789497375}
{"event": "update", "optimizer_step": 18300, "tokens_seen": 599654400, "lr": 0.00013979336325907737, "grad_norm": 0.8013598322868347, "elapsed_seconds": 9757.435947260998, "tokens_per_second": 61456.145163661415, "loss_main": 2.346311569213867, "loss_total": 2.346311569213867}
{"event": "update", "optimizer_step": 18310, "tokens_seen": 599982080, "lr": 0.00013965887546727696, "grad_norm": 0.745509684085846, "elapsed_seconds": 9762.686203409998, "tokens_per_second": 61456.6593147727, "loss_main": 2.348046600818634, "loss_total": 2.348046600818634}
{"event": "evaluation", "tokens_seen": 600014848, "elapsed_seconds": 9763.212210382997, "parameters": 71199040, "main_loss": 2.513475079089403, "perplexity": 12.347765050041573}
{"event": "update", "optimizer_step": 18320, "tokens_seen": 600309760, "lr": 0.00013952441373814262, "grad_norm": 0.7866363525390625, "elapsed_seconds": 9770.219791625997, "tokens_per_second": 61442.810172451005, "loss_main": 2.389756739139557, "loss_total": 2.389756739139557}
{"event": "update", "optimizer_step": 18330, "tokens_seen": 600637440, "lr": 0.00013938997820996473, "grad_norm": 0.7612646222114563, "elapsed_seconds": 9775.472425404998, "tokens_per_second": 61443.31586870755, "loss_main": 2.3707513213157654, "loss_total": 2.3707513213157654}
{"event": "update", "optimizer_step": 18340, "tokens_seen": 600965120, "lr": 0.00013925556902100655, "grad_norm": 0.8237006664276123, "elapsed_seconds": 9780.721954735998, "tokens_per_second": 61443.84052436968, "loss_main": 2.3840022683143616, "loss_total": 2.3840022683143616}
{"event": "update", "optimizer_step": 18350, "tokens_seen": 601292800, "lr": 0.00013912118630950434, "grad_norm": 0.7962397336959839, "elapsed_seconds": 9785.982415744997, "tokens_per_second": 61444.29597917116, "loss_main": 2.3941545486450195, "loss_total": 2.3941545486450195}
{"event": "update", "optimizer_step": 18360, "tokens_seen": 601620480, "lr": 0.0001389868302136671, "grad_norm": 0.7822942733764648, "elapsed_seconds": 9791.240108787997, "tokens_per_second": 61444.76831489645, "loss_main": 2.3821358680725098, "loss_total": 2.3821358680725098}
{"event": "update", "optimizer_step": 18370, "tokens_seen": 601948160, "lr": 0.0001388525008716765, "grad_norm": 0.8233423233032227, "elapsed_seconds": 9796.491646784998, "tokens_per_second": 61445.27874910675, "loss_main": 2.3933492302894592, "loss_total": 2.3933492302894592}
{"event": "update", "optimizer_step": 18380, "tokens_seen": 602275840, "lr": 0.0001387181984216866, "grad_norm": 0.7748274803161621, "elapsed_seconds": 9801.750007778997, "tokens_per_second": 61445.74586395427, "loss_main": 2.4745567440986633, "loss_total": 2.4745567440986633}
{"event": "update", "optimizer_step": 18390, "tokens_seen": 602603520, "lr": 0.0001385839230018239, "grad_norm": 0.7940253615379333, "elapsed_seconds": 9806.995364162998, "tokens_per_second": 61446.29395890723, "loss_main": 2.6376519203186035, "loss_total": 2.6376519203186035}
{"event": "update", "optimizer_step": 18400, "tokens_seen": 602931200, "lr": 0.00013844967475018714, "grad_norm": 0.7999908924102783, "elapsed_seconds": 9812.249360586997, "tokens_per_second": 61446.787361703464, "loss_main": 2.4901965260505676, "loss_total": 2.4901965260505676}
{"event": "update", "optimizer_step": 18410, "tokens_seen": 603258880, "lr": 0.0001383154538048469, "grad_norm": 0.7483628392219543, "elapsed_seconds": 9817.493648854997, "tokens_per_second": 61447.34099933514, "loss_main": 2.329671800136566, "loss_total": 2.329671800136566}
{"event": "update", "optimizer_step": 18420, "tokens_seen": 603586560, "lr": 0.00013818126030384594, "grad_norm": 0.7931239008903503, "elapsed_seconds": 9822.746695116997, "tokens_per_second": 61447.839258651555, "loss_main": 2.489904761314392, "loss_total": 2.489904761314392}
{"event": "update", "optimizer_step": 18430, "tokens_seen": 603914240, "lr": 0.00013804709438519855, "grad_norm": 0.7650850415229797, "elapsed_seconds": 9827.984981164998, "tokens_per_second": 61448.42927185799, "loss_main": 2.501953601837158, "loss_total": 2.501953601837158}
{"event": "update", "optimizer_step": 18440, "tokens_seen": 604241920, "lr": 0.00013791295618689086, "grad_norm": 0.8319191336631775, "elapsed_seconds": 9833.225431048997, "tokens_per_second": 61449.005134375344, "loss_main": 2.407587766647339, "loss_total": 2.407587766647339}
{"event": "update", "optimizer_step": 18450, "tokens_seen": 604569600, "lr": 0.00013777884584688043, "grad_norm": 0.8140280246734619, "elapsed_seconds": 9838.484437073997, "tokens_per_second": 61449.464484776, "loss_main": 2.3597164154052734, "loss_total": 2.3597164154052734}
{"event": "update", "optimizer_step": 18460, "tokens_seen": 604897280, "lr": 0.00013764476350309606, "grad_norm": 0.8602573275566101, "elapsed_seconds": 9843.732484685997, "tokens_per_second": 61449.99175272645, "loss_main": 2.429651916027069, "loss_total": 2.429651916027069}
{"event": "update", "optimizer_step": 18470, "tokens_seen": 605224960, "lr": 0.00013751070929343784, "grad_norm": 0.7980613708496094, "elapsed_seconds": 9848.971785790998, "tokens_per_second": 61450.57303069456, "loss_main": 2.4831860065460205, "loss_total": 2.4831860065460205}
{"event": "update", "optimizer_step": 18480, "tokens_seen": 605552640, "lr": 0.00013737668335577708, "grad_norm": 0.7848615646362305, "elapsed_seconds": 9854.230573072997, "tokens_per_second": 61451.03217441371, "loss_main": 2.3572481870651245, "loss_total": 2.3572481870651245}
{"event": "update", "optimizer_step": 18490, "tokens_seen": 605880320, "lr": 0.00013724268582795566, "grad_norm": 0.8023255467414856, "elapsed_seconds": 9859.479140740998, "tokens_per_second": 61451.554524457824, "loss_main": 2.4310803413391113, "loss_total": 2.4310803413391113}
{"event": "update", "optimizer_step": 18500, "tokens_seen": 606208000, "lr": 0.00013710871684778652, "grad_norm": 0.75948166847229, "elapsed_seconds": 9864.730869928997, "tokens_per_second": 61452.05662406108, "loss_main": 2.4351781010627747, "loss_total": 2.4351781010627747}
{"event": "update", "optimizer_step": 18510, "tokens_seen": 606535680, "lr": 0.00013697477655305322, "grad_norm": 0.7778657674789429, "elapsed_seconds": 9869.986089067997, "tokens_per_second": 61452.53646018805, "loss_main": 2.5686471462249756, "loss_total": 2.5686471462249756}
{"event": "update", "optimizer_step": 18520, "tokens_seen": 606863360, "lr": 0.00013684086508150963, "grad_norm": 0.7953647375106812, "elapsed_seconds": 9875.227997532997, "tokens_per_second": 61453.09861722737, "loss_main": 2.3830978870391846, "loss_total": 2.3830978870391846}
{"event": "update", "optimizer_step": 18530, "tokens_seen": 607191040, "lr": 0.00013670698257088024, "grad_norm": 0.7701002359390259, "elapsed_seconds": 9880.469355908997, "tokens_per_second": 61453.663599176136, "loss_main": 2.551379382610321, "loss_total": 2.551379382610321}
{"event": "update", "optimizer_step": 18540, "tokens_seen": 607518720, "lr": 0.00013657312915885952, "grad_norm": 0.7795494794845581, "elapsed_seconds": 9885.723133758998, "tokens_per_second": 61454.15077682779, "loss_main": 2.4609434604644775, "loss_total": 2.4609434604644775}
{"event": "update", "optimizer_step": 18550, "tokens_seen": 607846400, "lr": 0.0001364393049831121, "grad_norm": 0.7884594798088074, "elapsed_seconds": 9890.963679622997, "tokens_per_second": 61454.71965004411, "loss_main": 2.4277862310409546, "loss_total": 2.4277862310409546}
{"event": "update", "optimizer_step": 18560, "tokens_seen": 608174080, "lr": 0.00013630551018127264, "grad_norm": 0.8854499459266663, "elapsed_seconds": 9896.215750574998, "tokens_per_second": 61455.21635021582, "loss_main": 2.2610121965408325, "loss_total": 2.2610121965408325}
{"event": "update", "optimizer_step": 18570, "tokens_seen": 608501760, "lr": 0.00013617174489094543, "grad_norm": 0.775016188621521, "elapsed_seconds": 9901.468210079998, "tokens_per_second": 61455.71011181216, "loss_main": 2.164200723171234, "loss_total": 2.164200723171234}
{"event": "update", "optimizer_step": 18580, "tokens_seen": 608829440, "lr": 0.00013603800924970446, "grad_norm": 0.7242909669876099, "elapsed_seconds": 9906.714205293998, "tokens_per_second": 61456.24345099718, "loss_main": 2.2316160202026367, "loss_total": 2.2316160202026367}
{"event": "update", "optimizer_step": 18590, "tokens_seen": 609157120, "lr": 0.0001359043033950934, "grad_norm": 0.8030176162719727, "elapsed_seconds": 9911.963070745998, "tokens_per_second": 61456.758429402966, "loss_main": 2.3667725920677185, "loss_total": 2.3667725920677185}
{"event": "update", "optimizer_step": 18600, "tokens_seen": 609484800, "lr": 0.00013577062746462492, "grad_norm": 0.8004224896430969, "elapsed_seconds": 9917.204264191998, "tokens_per_second": 61457.320406383464, "loss_main": 2.389456808567047, "loss_total": 2.389456808567047}
{"event": "update", "optimizer_step": 18610, "tokens_seen": 609812480, "lr": 0.0001356369815957812, "grad_norm": 0.8001078963279724, "elapsed_seconds": 9922.458763433997, "tokens_per_second": 61457.799376024224, "loss_main": 2.4377428889274597, "loss_total": 2.4377428889274597}
{"event": "update", "optimizer_step": 18620, "tokens_seen": 610140160, "lr": 0.00013550336592601354, "grad_norm": 0.7860307097434998, "elapsed_seconds": 9927.713532493997, "tokens_per_second": 61458.27616832163, "loss_main": 2.360869348049164, "loss_total": 2.360869348049164}
{"event": "update", "optimizer_step": 18630, "tokens_seen": 610467840, "lr": 0.0001353697805927419, "grad_norm": 0.80678391456604, "elapsed_seconds": 9932.964610514997, "tokens_per_second": 61458.77529390986, "loss_main": 2.165156453847885, "loss_total": 2.165156453847885}
{"event": "update", "optimizer_step": 18640, "tokens_seen": 610795520, "lr": 0.00013523622573335532, "grad_norm": 0.7628408670425415, "elapsed_seconds": 9938.220838827998, "tokens_per_second": 61459.242041961945, "loss_main": 2.3669660091400146, "loss_total": 2.3669660091400146}
{"event": "update", "optimizer_step": 18650, "tokens_seen": 611123200, "lr": 0.0001351027014852114, "grad_norm": 0.8751574158668518, "elapsed_seconds": 9943.461003982997, "tokens_per_second": 61459.80758160622, "loss_main": 2.5817713737487793, "loss_total": 2.5817713737487793}
{"event": "update", "optimizer_step": 18660, "tokens_seen": 611450880, "lr": 0.00013496920798563612, "grad_norm": 0.7828395962715149, "elapsed_seconds": 9948.711943551998, "tokens_per_second": 61460.30596416013, "loss_main": 2.408927023410797, "loss_total": 2.408927023410797}
{"event": "update", "optimizer_step": 18670, "tokens_seen": 611778560, "lr": 0.00013483574537192407, "grad_norm": 0.7653042674064636, "elapsed_seconds": 9953.960826806997, "tokens_per_second": 61460.816517623825, "loss_main": 2.5144463181495667, "loss_total": 2.5144463181495667}
{"event": "update", "optimizer_step": 18680, "tokens_seen": 612106240, "lr": 0.0001347023137813379, "grad_norm": 0.7843114733695984, "elapsed_seconds": 9959.218734297998, "tokens_per_second": 61461.270841657635, "loss_main": 2.345459282398224, "loss_total": 2.345459282398224}
{"event": "update", "optimizer_step": 18690, "tokens_seen": 612433920, "lr": 0.0001345689133511085, "grad_norm": 0.730829656124115, "elapsed_seconds": 9964.474039504998, "tokens_per_second": 61461.74073733888, "loss_main": 2.4006240367889404, "loss_total": 2.4006240367889404}
{"event": "update", "optimizer_step": 18700, "tokens_seen": 612761600, "lr": 0.00013443554421843455, "grad_norm": 0.8067644834518433, "elapsed_seconds": 9969.731937349998, "tokens_per_second": 61462.19415432698, "loss_main": 2.2838287949562073, "loss_total": 2.2838287949562073}
{"event": "update", "optimizer_step": 18710, "tokens_seen": 613089280, "lr": 0.00013430220652048267, "grad_norm": 0.790698230266571, "elapsed_seconds": 9974.982504887997, "tokens_per_second": 61462.69226031931, "loss_main": 2.3472830057144165, "loss_total": 2.3472830057144165}
{"event": "update", "optimizer_step": 18720, "tokens_seen": 613416960, "lr": 0.00013416890039438705, "grad_norm": 0.8195328116416931, "elapsed_seconds": 9980.232858545998, "tokens_per_second": 61463.191159386195, "loss_main": 2.2936485409736633, "loss_total": 2.2936485409736633}
{"event": "update", "optimizer_step": 18730, "tokens_seen": 613744640, "lr": 0.00013403562597724954, "grad_norm": 0.8151071071624756, "elapsed_seconds": 9985.472314368997, "tokens_per_second": 61463.75661337796, "loss_main": 2.2807896733283997, "loss_total": 2.2807896733283997}
{"event": "update", "optimizer_step": 18740, "tokens_seen": 614072320, "lr": 0.00013390238340613917, "grad_norm": 0.7927370667457581, "elapsed_seconds": 9990.723293888997, "tokens_per_second": 61464.25057889534, "loss_main": 2.5612006783485413, "loss_total": 2.5612006783485413}
{"event": "update", "optimizer_step": 18750, "tokens_seen": 614400000, "lr": 0.00013376917281809252, "grad_norm": 0.8949852585792542, "elapsed_seconds": 9995.971482580997, "tokens_per_second": 61464.76118610931, "loss_main": 2.5982251167297363, "loss_total": 2.5982251167297363}
{"event": "update", "optimizer_step": 18760, "tokens_seen": 614727680, "lr": 0.000133635994350113, "grad_norm": 0.8356276750564575, "elapsed_seconds": 10001.234840001998, "tokens_per_second": 61465.178033943375, "loss_main": 2.3378721475601196, "loss_total": 2.3378721475601196}
{"event": "update", "optimizer_step": 18770, "tokens_seen": 615055360, "lr": 0.00013350284813917106, "grad_norm": 0.7577897906303406, "elapsed_seconds": 10006.480762117997, "tokens_per_second": 61465.70154098971, "loss_main": 2.4892221093177795, "loss_total": 2.4892221093177795}
{"event": "update", "optimizer_step": 18780, "tokens_seen": 615383040, "lr": 0.00013336973432220408, "grad_norm": 0.7662369012832642, "elapsed_seconds": 10011.729850458998, "tokens_per_second": 61466.205060635664, "loss_main": 2.288114309310913, "loss_total": 2.288114309310913}
{"event": "update", "optimizer_step": 18790, "tokens_seen": 615710720, "lr": 0.00013323665303611597, "grad_norm": 0.7662408351898193, "elapsed_seconds": 10016.978664632998, "tokens_per_second": 61466.709734931675, "loss_main": 2.1362205147743225, "loss_total": 2.1362205147743225}
{"event": "update", "optimizer_step": 18800, "tokens_seen": 616038400, "lr": 0.0001331036044177773, "grad_norm": 0.770089864730835, "elapsed_seconds": 10022.225075517998, "tokens_per_second": 61467.228620203394, "loss_main": 2.3836872577667236, "loss_total": 2.3836872577667236}
{"event": "update", "optimizer_step": 18810, "tokens_seen": 616366080, "lr": 0.00013297058860402505, "grad_norm": 0.7846425175666809, "elapsed_seconds": 10027.479536859997, "tokens_per_second": 61467.69761377232, "loss_main": 2.4897314310073853, "loss_total": 2.4897314310073853}
{"event": "update", "optimizer_step": 18820, "tokens_seen": 616693760, "lr": 0.00013283760573166233, "grad_norm": 0.7931623458862305, "elapsed_seconds": 10032.729293707998, "tokens_per_second": 61468.194939412744, "loss_main": 2.4802679419517517, "loss_total": 2.4802679419517517}
{"event": "update", "optimizer_step": 18830, "tokens_seen": 617021440, "lr": 0.00013270465593745846, "grad_norm": 0.7550844550132751, "elapsed_seconds": 10037.992143471998, "tokens_per_second": 61468.611569024506, "loss_main": 2.5447691679000854, "loss_total": 2.5447691679000854}
{"event": "update", "optimizer_step": 18840, "tokens_seen": 617349120, "lr": 0.00013257173935814884, "grad_norm": 0.7437536716461182, "elapsed_seconds": 10043.232464641997, "tokens_per_second": 61469.16564695948, "loss_main": 2.409258544445038, "loss_total": 2.409258544445038}
{"event": "update", "optimizer_step": 18850, "tokens_seen": 617676800, "lr": 0.00013243885613043447, "grad_norm": 0.807734489440918, "elapsed_seconds": 10048.484588197998, "tokens_per_second": 61469.646948104484, "loss_main": 2.4746318459510803, "loss_total": 2.4746318459510803}
{"event": "update", "optimizer_step": 18860, "tokens_seen": 618004480, "lr": 0.0001323060063909822, "grad_norm": 0.765902578830719, "elapsed_seconds": 10053.732693884998, "tokens_per_second": 61470.15231227403, "loss_main": 2.404752254486084, "loss_total": 2.404752254486084}
{"event": "update", "optimizer_step": 18870, "tokens_seen": 618332160, "lr": 0.00013217319027642452, "grad_norm": 0.7879430055618286, "elapsed_seconds": 10058.997918207997, "tokens_per_second": 61470.55253692262, "loss_main": 2.447909653186798, "loss_total": 2.447909653186798}
{"event": "update", "optimizer_step": 18880, "tokens_seen": 618659840, "lr": 0.00013204040792335914, "grad_norm": 0.9352577924728394, "elapsed_seconds": 10064.246394300997, "tokens_per_second": 61471.0546385593, "loss_main": 2.4536173343658447, "loss_total": 2.4536173343658447}
{"event": "update", "optimizer_step": 18890, "tokens_seen": 618987520, "lr": 0.00013190765946834916, "grad_norm": 0.8236616849899292, "elapsed_seconds": 10069.508433743997, "tokens_per_second": 61471.473416289795, "loss_main": 2.331296920776367, "loss_total": 2.331296920776367}
{"event": "update", "optimizer_step": 18900, "tokens_seen": 619315200, "lr": 0.00013177494504792287, "grad_norm": 0.7660210728645325, "elapsed_seconds": 10074.763795983998, "tokens_per_second": 61471.93249799776, "loss_main": 2.5289611220359802, "loss_total": 2.5289611220359802}
{"event": "update", "optimizer_step": 18910, "tokens_seen": 619642880, "lr": 0.00013164226479857338, "grad_norm": 0.8602828979492188, "elapsed_seconds": 10080.019654731997, "tokens_per_second": 61472.38807308405, "loss_main": 2.309616982936859, "loss_total": 2.309616982936859}
{"event": "update", "optimizer_step": 18920, "tokens_seen": 619970560, "lr": 0.0001315096188567589, "grad_norm": 0.8045997023582458, "elapsed_seconds": 10085.264060700998, "tokens_per_second": 61472.91298160691, "loss_main": 2.407826602458954, "loss_total": 2.407826602458954}
{"event": "update", "optimizer_step": 18930, "tokens_seen": 620298240, "lr": 0.00013137700735890205, "grad_norm": 0.7976410388946533, "elapsed_seconds": 10090.519881039998, "tokens_per_second": 61473.367805908114, "loss_main": 2.3425439596176147, "loss_total": 2.3425439596176147}
{"event": "update", "optimizer_step": 18940, "tokens_seen": 620625920, "lr": 0.0001312444304413903, "grad_norm": 0.7834886908531189, "elapsed_seconds": 10095.781698632998, "tokens_per_second": 61473.78563900949, "loss_main": 2.59746778011322, "loss_total": 2.59746778011322}
{"event": "update", "optimizer_step": 18950, "tokens_seen": 620953600, "lr": 0.00013111188824057546, "grad_norm": 0.789566695690155, "elapsed_seconds": 10101.021606226997, "tokens_per_second": 61474.33637971821, "loss_main": 2.4449636340141296, "loss_total": 2.4449636340141296}
{"event": "update", "optimizer_step": 18960, "tokens_seen": 621281280, "lr": 0.00013097938089277357, "grad_norm": 0.7729824781417847, "elapsed_seconds": 10106.276656164997, "tokens_per_second": 61474.7944408397, "loss_main": 2.41447651386261, "loss_total": 2.41447651386261}
{"event": "update", "optimizer_step": 18970, "tokens_seen": 621608960, "lr": 0.00013084690853426488, "grad_norm": 0.8727736473083496, "elapsed_seconds": 10111.527717898998, "tokens_per_second": 61475.27627300612, "loss_main": 2.5664108395576477, "loss_total": 2.5664108395576477}
{"event": "update", "optimizer_step": 18980, "tokens_seen": 621936640, "lr": 0.00013071447130129376, "grad_norm": 0.7889814376831055, "elapsed_seconds": 10116.780024237998, "tokens_per_second": 61475.75004200456, "loss_main": 2.385289967060089, "loss_total": 2.385289967060089}
{"event": "update", "optimizer_step": 18990, "tokens_seen": 622264320, "lr": 0.00013058206933006823, "grad_norm": 0.801871657371521, "elapsed_seconds": 10122.036239780997, "tokens_per_second": 61476.19957676258, "loss_main": 2.3641088008880615, "loss_total": 2.3641088008880615}
{"event": "update", "optimizer_step": 19000, "tokens_seen": 622592000, "lr": 0.00013044970275676016, "grad_norm": 0.8252694010734558, "elapsed_seconds": 10127.276948936997, "tokens_per_second": 61476.74277490259, "loss_main": 2.271047055721283, "loss_total": 2.271047055721283}
{"event": "update", "optimizer_step": 19010, "tokens_seen": 622919680, "lr": 0.00013031737171750516, "grad_norm": 0.7738524079322815, "elapsed_seconds": 10132.527160905998, "tokens_per_second": 61477.22775453205, "loss_main": 2.4257052540779114, "loss_total": 2.4257052540779114}
{"event": "update", "optimizer_step": 19020, "tokens_seen": 623247360, "lr": 0.00013018507634840194, "grad_norm": 0.8114784359931946, "elapsed_seconds": 10137.778999514998, "tokens_per_second": 61477.70236753206, "loss_main": 2.3886309266090393, "loss_total": 2.3886309266090393}
{"event": "update", "optimizer_step": 19030, "tokens_seen": 623575040, "lr": 0.0001300528167855129, "grad_norm": 0.7883225679397583, "elapsed_seconds": 10143.026033884997, "tokens_per_second": 61478.20560815, "loss_main": 2.4368513226509094, "loss_total": 2.4368513226509094}
{"event": "update", "optimizer_step": 19040, "tokens_seen": 623902720, "lr": 0.00012992059316486337, "grad_norm": 0.8431059122085571, "elapsed_seconds": 10148.280124620998, "tokens_per_second": 61478.66558061734, "loss_main": 2.388870120048523, "loss_total": 2.388870120048523}
{"event": "update", "optimizer_step": 19050, "tokens_seen": 624230400, "lr": 0.00012978840562244176, "grad_norm": 0.838569700717926, "elapsed_seconds": 10153.530157946998, "tokens_per_second": 61479.14964446383, "loss_main": 2.357405424118042, "loss_total": 2.357405424118042}
{"event": "update", "optimizer_step": 19060, "tokens_seen": 624558080, "lr": 0.00012965625429419954, "grad_norm": 0.8146839141845703, "elapsed_seconds": 10158.795233948997, "tokens_per_second": 61479.54217177557, "loss_main": 2.3512082695961, "loss_total": 2.3512082695961}
{"event": "update", "optimizer_step": 19070, "tokens_seen": 624885760, "lr": 0.00012952413931605067, "grad_norm": 0.7518411874771118, "elapsed_seconds": 10164.054757901997, "tokens_per_second": 61479.96787543726, "loss_main": 2.3977272510528564, "loss_total": 2.3977272510528564}
{"event": "update", "optimizer_step": 19080, "tokens_seen": 625213440, "lr": 0.00012939206082387196, "grad_norm": 0.7745678424835205, "elapsed_seconds": 10169.307088228998, "tokens_per_second": 61480.4366291275, "loss_main": 2.434731185436249, "loss_total": 2.434731185436249}
{"event": "update", "optimizer_step": 19090, "tokens_seen": 625541120, "lr": 0.00012926001895350252, "grad_norm": 0.9171448349952698, "elapsed_seconds": 10174.570233346998, "tokens_per_second": 61480.839549350065, "loss_main": 2.382676601409912, "loss_total": 2.382676601409912}
{"event": "update", "optimizer_step": 19100, "tokens_seen": 625868800, "lr": 0.00012912801384074387, "grad_norm": 0.8475261330604553, "elapsed_seconds": 10179.815822730998, "tokens_per_second": 61481.34808121652, "loss_main": 2.2940757274627686, "loss_total": 2.2940757274627686}
{"event": "update", "optimizer_step": 19110, "tokens_seen": 626196480, "lr": 0.00012899604562135978, "grad_norm": 0.8324608206748962, "elapsed_seconds": 10185.075717294998, "tokens_per_second": 61481.76973654432, "loss_main": 2.3898544907569885, "loss_total": 2.3898544907569885}
{"event": "update", "optimizer_step": 19120, "tokens_seen": 626524160, "lr": 0.00012886411443107596, "grad_norm": 0.7545372247695923, "elapsed_seconds": 10190.334959031998, "tokens_per_second": 61482.19489533982, "loss_main": 2.3899633288383484, "loss_total": 2.3899633288383484}
{"event": "update", "optimizer_step": 19130, "tokens_seen": 626851840, "lr": 0.00012873222040558013, "grad_norm": 1.033174753189087, "elapsed_seconds": 10195.592860176997, "tokens_per_second": 61482.627699701785, "loss_main": 2.370628774166107, "loss_total": 2.370628774166107}
{"event": "update", "optimizer_step": 19140, "tokens_seen": 627179520, "lr": 0.00012860036368052177, "grad_norm": 0.8288539052009583, "elapsed_seconds": 10200.846816917998, "tokens_per_second": 61483.0838318079, "loss_main": 2.2546472549438477, "loss_total": 2.2546472549438477}
{"event": "update", "optimizer_step": 19150, "tokens_seen": 627507200, "lr": 0.00012846854439151198, "grad_norm": 0.8333790898323059, "elapsed_seconds": 10206.116429564998, "tokens_per_second": 61483.44518020999, "loss_main": 2.748227298259735, "loss_total": 2.748227298259735}
{"event": "update", "optimizer_step": 19160, "tokens_seen": 627834880, "lr": 0.00012833676267412324, "grad_norm": 0.793204665184021, "elapsed_seconds": 10211.398763790998, "tokens_per_second": 61483.72955782165, "loss_main": 2.3924744725227356, "loss_total": 2.3924744725227356}
{"event": "update", "optimizer_step": 19170, "tokens_seen": 628162560, "lr": 0.0001282050186638897, "grad_norm": 0.7923613786697388, "elapsed_seconds": 10216.652922748997, "tokens_per_second": 61484.18320067392, "loss_main": 2.344347596168518, "loss_total": 2.344347596168518}
{"event": "update", "optimizer_step": 19180, "tokens_seen": 628490240, "lr": 0.0001280733124963064, "grad_norm": 0.8890379667282104, "elapsed_seconds": 10221.911123050997, "tokens_per_second": 61484.61206855129, "loss_main": 2.373845636844635, "loss_total": 2.373845636844635}
{"event": "update", "optimizer_step": 19190, "tokens_seen": 628817920, "lr": 0.00012794164430682964, "grad_norm": 0.855739176273346, "elapsed_seconds": 10227.166209968997, "tokens_per_second": 61485.05921288887, "loss_main": 2.5408831238746643, "loss_total": 2.5408831238746643}
{"event": "update", "optimizer_step": 19200, "tokens_seen": 629145600, "lr": 0.00012781001423087663, "grad_norm": 0.8174425959587097, "elapsed_seconds": 10232.433634713998, "tokens_per_second": 61485.43176137443, "loss_main": 2.3238388895988464, "loss_total": 2.3238388895988464}
{"event": "update", "optimizer_step": 19210, "tokens_seen": 629473280, "lr": 0.00012767842240382532, "grad_norm": 0.7904614210128784, "elapsed_seconds": 10237.686051000997, "tokens_per_second": 61485.89406474843, "loss_main": 2.475287139415741, "loss_total": 2.475287139415741}
{"event": "update", "optimizer_step": 19220, "tokens_seen": 629800960, "lr": 0.0001275468689610144, "grad_norm": 0.854640543460846, "elapsed_seconds": 10242.949332239998, "tokens_per_second": 61486.29067388649, "loss_main": 2.5246280431747437, "loss_total": 2.5246280431747437}
{"event": "update", "optimizer_step": 19230, "tokens_seen": 630128640, "lr": 0.0001274153540377431, "grad_norm": 0.8460121154785156, "elapsed_seconds": 10248.218704747997, "tokens_per_second": 61486.650329589625, "loss_main": 2.475411355495453, "loss_total": 2.475411355495453}
{"event": "update", "optimizer_step": 19240, "tokens_seen": 630456320, "lr": 0.00012728387776927093, "grad_norm": 0.7751041650772095, "elapsed_seconds": 10253.484794525997, "tokens_per_second": 61487.029301158196, "loss_main": 2.4290619492530823, "loss_total": 2.4290619492530823}
{"event": "update", "optimizer_step": 19250, "tokens_seen": 630784000, "lr": 0.0001271524402908177, "grad_norm": 0.8218015432357788, "elapsed_seconds": 10258.749033684997, "tokens_per_second": 61487.418975627195, "loss_main": 2.3437275290489197, "loss_total": 2.3437275290489197}
{"event": "update", "optimizer_step": 19260, "tokens_seen": 631111680, "lr": 0.00012702104173756339, "grad_norm": 0.8292731642723083, "elapsed_seconds": 10264.001957011997, "tokens_per_second": 61487.87603931108, "loss_main": 2.63062584400177, "loss_total": 2.63062584400177}
{"event": "update", "optimizer_step": 19270, "tokens_seen": 631439360, "lr": 0.00012688968224464778, "grad_norm": 0.7923097014427185, "elapsed_seconds": 10269.278264612998, "tokens_per_second": 61488.19261971728, "loss_main": 2.523274540901184, "loss_total": 2.523274540901184}
{"event": "update", "optimizer_step": 19280, "tokens_seen": 631767040, "lr": 0.00012675836194717065, "grad_norm": 0.815961480140686, "elapsed_seconds": 10274.538624975998, "tokens_per_second": 61488.60431204772, "loss_main": 2.414734125137329, "loss_total": 2.414734125137329}
{"event": "update", "optimizer_step": 19290, "tokens_seen": 632094720, "lr": 0.00012662708098019144, "grad_norm": 0.8477361798286438, "elapsed_seconds": 10279.788638358998, "tokens_per_second": 61489.077473960955, "loss_main": 2.457923710346222, "loss_total": 2.457923710346222}
{"event": "update", "optimizer_step": 19300, "tokens_seen": 632422400, "lr": 0.00012649583947872898, "grad_norm": 0.7859492897987366, "elapsed_seconds": 10285.037020549997, "tokens_per_second": 61489.559904975526, "loss_main": 2.454361915588379, "loss_total": 2.454361915588379}
{"event": "update", "optimizer_step": 19310, "tokens_seen": 632750080, "lr": 0.00012636463757776176, "grad_norm": 0.8023786544799805, "elapsed_seconds": 10290.291343184997, "tokens_per_second": 61490.006346521426, "loss_main": 2.416068434715271, "loss_total": 2.416068434715271}
{"event": "update", "optimizer_step": 19320, "tokens_seen": 633077760, "lr": 0.00012623347541222728, "grad_norm": 0.7839177250862122, "elapsed_seconds": 10295.551960731997, "tokens_per_second": 61490.41473585931, "loss_main": 2.434932589530945, "loss_total": 2.434932589530945}
{"event": "update", "optimizer_step": 19330, "tokens_seen": 633405440, "lr": 0.0001261023531170224, "grad_norm": 0.7690216898918152, "elapsed_seconds": 10300.795128839998, "tokens_per_second": 61490.92687287817, "loss_main": 2.480677306652069, "loss_total": 2.480677306652069}
{"event": "update", "optimizer_step": 19340, "tokens_seen": 633733120, "lr": 0.00012597127082700292, "grad_norm": 0.8040474057197571, "elapsed_seconds": 10306.056503224998, "tokens_per_second": 61491.329860426304, "loss_main": 2.3818727135658264, "loss_total": 2.3818727135658264}
{"event": "update", "optimizer_step": 19350, "tokens_seen": 634060800, "lr": 0.0001258402286769833, "grad_norm": 0.7929295301437378, "elapsed_seconds": 10311.319707180997, "tokens_per_second": 61491.72152604561, "loss_main": 2.4899060130119324, "loss_total": 2.4899060130119324}
{"event": "update", "optimizer_step": 19360, "tokens_seen": 634388480, "lr": 0.000125709226801737, "grad_norm": 0.7997044920921326, "elapsed_seconds": 10316.574465494998, "tokens_per_second": 61492.163132422225, "loss_main": 2.4913464188575745, "loss_total": 2.4913464188575745}
{"event": "update", "optimizer_step": 19370, "tokens_seen": 634716160, "lr": 0.00012557826533599593, "grad_norm": 0.807215690612793, "elapsed_seconds": 10321.829388474998, "tokens_per_second": 61492.60330815992, "loss_main": 2.4208497405052185, "loss_total": 2.4208497405052185}
{"event": "update", "optimizer_step": 19380, "tokens_seen": 635043840, "lr": 0.00012544734441445035, "grad_norm": 0.8461827039718628, "elapsed_seconds": 10327.094731790998, "tokens_per_second": 61492.980987680574, "loss_main": 2.485438585281372, "loss_total": 2.485438585281372}
{"event": "update", "optimizer_step": 19390, "tokens_seen": 635371520, "lr": 0.00012531646417174893, "grad_norm": 0.7933015823364258, "elapsed_seconds": 10332.350194005998, "tokens_per_second": 61493.41709000453, "loss_main": 2.216114044189453, "loss_total": 2.216114044189453}
{"event": "update", "optimizer_step": 19400, "tokens_seen": 635699200, "lr": 0.00012518562474249863, "grad_norm": 0.7995623350143433, "elapsed_seconds": 10337.611943664997, "tokens_per_second": 61493.815347708376, "loss_main": 2.5971409678459167, "loss_total": 2.5971409678459167}
{"event": "update", "optimizer_step": 19410, "tokens_seen": 636026880, "lr": 0.00012505482626126412, "grad_norm": 0.7936103343963623, "elapsed_seconds": 10342.872269428997, "tokens_per_second": 61494.22166605886, "loss_main": 2.4702633023262024, "loss_total": 2.4702633023262024}
{"event": "update", "optimizer_step": 19420, "tokens_seen": 636354560, "lr": 0.0001249240688625682, "grad_norm": 0.8458431363105774, "elapsed_seconds": 10348.124352050998, "tokens_per_second": 61494.6765569042, "loss_main": 2.4126564860343933, "loss_total": 2.4126564860343933}
{"event": "update", "optimizer_step": 19430, "tokens_seen": 636682240, "lr": 0.0001247933526808913, "grad_norm": 0.9544331431388855, "elapsed_seconds": 10353.386329096997, "tokens_per_second": 61495.07221716223, "loss_main": 2.4335779547691345, "loss_total": 2.4335779547691345}
{"event": "update", "optimizer_step": 19440, "tokens_seen": 637009920, "lr": 0.00012466267785067158, "grad_norm": 0.8402061462402344, "elapsed_seconds": 10358.645258004997, "tokens_per_second": 61495.4855711203, "loss_main": 2.395001173019409, "loss_total": 2.395001173019409}
{"event": "update", "optimizer_step": 19450, "tokens_seen": 637337600, "lr": 0.00012453204450630452, "grad_norm": 0.8064243793487549, "elapsed_seconds": 10363.907443943997, "tokens_per_second": 61495.87917947098, "loss_main": 2.357942223548889, "loss_total": 2.357942223548889}
{"event": "update", "optimizer_step": 19460, "tokens_seen": 637665280, "lr": 0.00012440145278214305, "grad_norm": 0.8247562646865845, "elapsed_seconds": 10369.165645440997, "tokens_per_second": 61496.29601879895, "loss_main": 2.43950217962265, "loss_total": 2.43950217962265}
{"event": "update", "optimizer_step": 19470, "tokens_seen": 637992960, "lr": 0.00012427090281249723, "grad_norm": 0.845317542552948, "elapsed_seconds": 10374.425878718997, "tokens_per_second": 61496.70039175001, "loss_main": 2.6298391819000244, "loss_total": 2.6298391819000244}
{"event": "update", "optimizer_step": 19480, "tokens_seen": 638320640, "lr": 0.00012414039473163422, "grad_norm": 0.81162029504776, "elapsed_seconds": 10379.690040273998, "tokens_per_second": 61497.081080770884, "loss_main": 2.443079352378845, "loss_total": 2.443079352378845}
{"event": "update", "optimizer_step": 19490, "tokens_seen": 638648320, "lr": 0.00012400992867377803, "grad_norm": 0.7876566648483276, "elapsed_seconds": 10384.956043962997, "tokens_per_second": 61497.450475128426, "loss_main": 2.266220510005951, "loss_total": 2.266220510005951}
{"event": "update", "optimizer_step": 19500, "tokens_seen": 638976000, "lr": 0.00012387950477310957, "grad_norm": 0.8634942770004272, "elapsed_seconds": 10390.216993356997, "tokens_per_second": 61497.849410510906, "loss_main": 2.676567018032074, "loss_total": 2.676567018032074}
{"event": "update", "optimizer_step": 19510, "tokens_seen": 639303680, "lr": 0.00012374912316376625, "grad_norm": 0.8191523551940918, "elapsed_seconds": 10395.473481791998, "tokens_per_second": 61498.274332550674, "loss_main": 2.3111204504966736, "loss_total": 2.3111204504966736}
{"event": "update", "optimizer_step": 19520, "tokens_seen": 639631360, "lr": 0.00012361878397984207, "grad_norm": 0.8211889266967773, "elapsed_seconds": 10400.741225667998, "tokens_per_second": 61498.63227261661, "loss_main": 2.3677966594696045, "loss_total": 2.3677966594696045}
{"event": "update", "optimizer_step": 19530, "tokens_seen": 639959040, "lr": 0.00012348848735538738, "grad_norm": 0.8741611242294312, "elapsed_seconds": 10406.009070347998, "tokens_per_second": 61498.98925454218, "loss_main": 2.455254554748535, "loss_total": 2.455254554748535}
{"event": "evaluation", "tokens_seen": 640024576, "elapsed_seconds": 10407.060828330998, "parameters": 71199040, "main_loss": 2.493195131421089, "perplexity": 12.09987511434705}
{"event": "update", "optimizer_step": 19540, "tokens_seen": 640286720, "lr": 0.00012335823342440882, "grad_norm": 0.7848811149597168, "elapsed_seconds": 10413.632321590998, "tokens_per_second": 61485.43565077366, "loss_main": 2.3749013543128967, "loss_total": 2.3749013543128967}
{"event": "update", "optimizer_step": 19550, "tokens_seen": 640614400, "lr": 0.000123228022320869, "grad_norm": 0.8339548110961914, "elapsed_seconds": 10418.894410302997, "tokens_per_second": 61485.832831409796, "loss_main": 2.4189549684524536, "loss_total": 2.4189549684524536}
{"event": "update", "optimizer_step": 19560, "tokens_seen": 640942080, "lr": 0.0001230978541786866, "grad_norm": 0.8100113272666931, "elapsed_seconds": 10424.149193537998, "tokens_per_second": 61486.27270197978, "loss_main": 2.166414201259613, "loss_total": 2.166414201259613}
{"event": "update", "optimizer_step": 19570, "tokens_seen": 641269760, "lr": 0.00012296772913173592, "grad_norm": 0.8362904191017151, "elapsed_seconds": 10429.404172453997, "tokens_per_second": 61486.71097565795, "loss_main": 2.4110377430915833, "loss_total": 2.4110377430915833}
{"event": "update", "optimizer_step": 19580, "tokens_seen": 641597440, "lr": 0.0001228376473138472, "grad_norm": 0.8979933261871338, "elapsed_seconds": 10434.666731918998, "tokens_per_second": 61487.10413887903, "loss_main": 2.1947880387306213, "loss_total": 2.1947880387306213}
{"event": "update", "optimizer_step": 19590, "tokens_seen": 641925120, "lr": 0.00012270760885880615, "grad_norm": 0.7917231321334839, "elapsed_seconds": 10439.935783654997, "tokens_per_second": 61487.45866856889, "loss_main": 2.4335713386535645, "loss_total": 2.4335713386535645}
{"event": "update", "optimizer_step": 19600, "tokens_seen": 642252800, "lr": 0.00012257761390035366, "grad_norm": 0.8007566332817078, "elapsed_seconds": 10445.191921564998, "tokens_per_second": 61487.888860520965, "loss_main": 2.3457755744457245, "loss_total": 2.3457755744457245}
{"event": "update", "optimizer_step": 19610, "tokens_seen": 642580480, "lr": 0.00012244766257218616, "grad_norm": 0.8093521595001221, "elapsed_seconds": 10450.445498762998, "tokens_per_second": 61488.33368645013, "loss_main": 2.323685050010681, "loss_total": 2.323685050010681}
{"event": "update", "optimizer_step": 19620, "tokens_seen": 642908160, "lr": 0.00012231775500795512, "grad_norm": 0.8045015931129456, "elapsed_seconds": 10455.707602060997, "tokens_per_second": 61488.72792437998, "loss_main": 2.179617166519165, "loss_total": 2.179617166519165}
{"event": "update", "optimizer_step": 19630, "tokens_seen": 643235840, "lr": 0.0001221878913412669, "grad_norm": 0.865425705909729, "elapsed_seconds": 10460.959966728997, "tokens_per_second": 61489.1790089826, "loss_main": 2.3635929822921753, "loss_total": 2.3635929822921753}
{"event": "update", "optimizer_step": 19640, "tokens_seen": 643563520, "lr": 0.00012205807170568287, "grad_norm": 0.8793094754219055, "elapsed_seconds": 10466.202930406997, "tokens_per_second": 61489.684872274294, "loss_main": 2.5096126794815063, "loss_total": 2.5096126794815063}
{"event": "update", "optimizer_step": 19650, "tokens_seen": 643891200, "lr": 0.00012192829623471902, "grad_norm": 0.8816702365875244, "elapsed_seconds": 10471.458250648997, "tokens_per_second": 61490.117669150146, "loss_main": 2.5916218161582947, "loss_total": 2.5916218161582947}
{"event": "update", "optimizer_step": 19660, "tokens_seen": 644218880, "lr": 0.00012179856506184591, "grad_norm": 0.8244948983192444, "elapsed_seconds": 10476.712695863998, "tokens_per_second": 61490.5551675885, "loss_main": 2.4015137553215027, "loss_total": 2.4015137553215027}
{"event": "update", "optimizer_step": 19670, "tokens_seen": 644546560, "lr": 0.00012166887832048859, "grad_norm": 0.8160494565963745, "elapsed_seconds": 10481.982873936997, "tokens_per_second": 61490.899932935165, "loss_main": 2.562438189983368, "loss_total": 2.562438189983368}
{"event": "update", "optimizer_step": 19680, "tokens_seen": 644874240, "lr": 0.00012153923614402637, "grad_norm": 0.8410241007804871, "elapsed_seconds": 10487.239548026997, "tokens_per_second": 61491.32353149333, "loss_main": 2.427281677722931, "loss_total": 2.427281677722931}
{"event": "update", "optimizer_step": 19690, "tokens_seen": 645201920, "lr": 0.00012140963866579274, "grad_norm": 0.8595128059387207, "elapsed_seconds": 10492.497724071998, "tokens_per_second": 61491.737903337445, "loss_main": 2.4542295336723328, "loss_total": 2.4542295336723328}
{"event": "update", "optimizer_step": 19700, "tokens_seen": 645529600, "lr": 0.00012128008601907533, "grad_norm": 0.8275846242904663, "elapsed_seconds": 10497.743464463998, "tokens_per_second": 61492.22470383162, "loss_main": 2.4649009108543396, "loss_total": 2.4649009108543396}
{"event": "update", "optimizer_step": 19710, "tokens_seen": 645857280, "lr": 0.00012115057833711538, "grad_norm": 0.8170581459999084, "elapsed_seconds": 10503.001210722998, "tokens_per_second": 61492.64072640633, "loss_main": 2.2530593872070312, "loss_total": 2.2530593872070312}
{"event": "update", "optimizer_step": 19720, "tokens_seen": 646184960, "lr": 0.0001210211157531082, "grad_norm": 0.8471401929855347, "elapsed_seconds": 10508.247032425998, "tokens_per_second": 61493.12611380604, "loss_main": 2.3557916283607483, "loss_total": 2.3557916283607483}
{"event": "update", "optimizer_step": 19730, "tokens_seen": 646512640, "lr": 0.00012089169840020258, "grad_norm": 0.8281364440917969, "elapsed_seconds": 10513.489616398998, "tokens_per_second": 61493.62995437463, "loss_main": 2.545365631580353, "loss_total": 2.545365631580353}
{"event": "update", "optimizer_step": 19740, "tokens_seen": 646840320, "lr": 0.0001207623264115007, "grad_norm": 0.780684769153595, "elapsed_seconds": 10518.739584342997, "tokens_per_second": 61494.09012490557, "loss_main": 2.427336871623993, "loss_total": 2.427336871623993}
{"event": "update", "optimizer_step": 19750, "tokens_seen": 647168000, "lr": 0.00012063299992005822, "grad_norm": 0.8096022605895996, "elapsed_seconds": 10523.988356235997, "tokens_per_second": 61494.55682517171, "loss_main": 2.4040820002555847, "loss_total": 2.4040820002555847}
{"event": "update", "optimizer_step": 19760, "tokens_seen": 647495680, "lr": 0.00012050371905888404, "grad_norm": 0.8234029412269592, "elapsed_seconds": 10529.241338418997, "tokens_per_second": 61494.99847034789, "loss_main": 2.5887237787246704, "loss_total": 2.5887237787246704}
{"event": "update", "optimizer_step": 19770, "tokens_seen": 647823360, "lr": 0.00012037448396093994, "grad_norm": 0.8108205199241638, "elapsed_seconds": 10534.489973240998, "tokens_per_second": 61495.46505294108, "loss_main": 2.4440757632255554, "loss_total": 2.4440757632255554}
{"event": "update", "optimizer_step": 19780, "tokens_seen": 648151040, "lr": 0.00012024529475914079, "grad_norm": 0.8212006688117981, "elapsed_seconds": 10539.752969377998, "tokens_per_second": 61495.8473773651, "loss_main": 2.2546939849853516, "loss_total": 2.2546939849853516}
{"event": "update", "optimizer_step": 19790, "tokens_seen": 648478720, "lr": 0.00012011615158635427, "grad_norm": 0.8292371034622192, "elapsed_seconds": 10545.007436930997, "tokens_per_second": 61496.279057033295, "loss_main": 2.3854175209999084, "loss_total": 2.3854175209999084}
{"event": "update", "optimizer_step": 19800, "tokens_seen": 648806400, "lr": 0.00011998705457540057, "grad_norm": 0.8050404191017151, "elapsed_seconds": 10550.254242260997, "tokens_per_second": 61496.75496928651, "loss_main": 2.3228107690811157, "loss_total": 2.3228107690811157}
{"event": "update", "optimizer_step": 19810, "tokens_seen": 649134080, "lr": 0.00011985800385905257, "grad_norm": 0.8272460103034973, "elapsed_seconds": 10555.514776122998, "tokens_per_second": 61497.15042494825, "loss_main": 2.3448756337165833, "loss_total": 2.3448756337165833}
{"event": "update", "optimizer_step": 19820, "tokens_seen": 649461760, "lr": 0.00011972899957003542, "grad_norm": 0.8044686317443848, "elapsed_seconds": 10560.764555665997, "tokens_per_second": 61497.608111294816, "loss_main": 2.296833634376526, "loss_total": 2.296833634376526}
{"event": "update", "optimizer_step": 19830, "tokens_seen": 649789440, "lr": 0.00011960004184102661, "grad_norm": 0.8602921962738037, "elapsed_seconds": 10566.017542719997, "tokens_per_second": 61498.046673952944, "loss_main": 2.4468390345573425, "loss_total": 2.4468390345573425}
{"event": "update", "optimizer_step": 19840, "tokens_seen": 650117120, "lr": 0.0001194711308046557, "grad_norm": 0.8506609201431274, "elapsed_seconds": 10571.268615784997, "tokens_per_second": 61498.495935411804, "loss_main": 2.4095022082328796, "loss_total": 2.4095022082328796}
{"event": "update", "optimizer_step": 19850, "tokens_seen": 650444800, "lr": 0.00011934226659350416, "grad_norm": 0.8639344573020935, "elapsed_seconds": 10576.518254434997, "tokens_per_second": 61498.95309141572, "loss_main": 2.3360246419906616, "loss_total": 2.3360246419906616}
{"event": "update", "optimizer_step": 19860, "tokens_seen": 650772480, "lr": 0.00011921344934010546, "grad_norm": 0.8743132948875427, "elapsed_seconds": 10581.765719943998, "tokens_per_second": 61499.422423750664, "loss_main": 2.4724788665771484, "loss_total": 2.4724788665771484}
{"event": "update", "optimizer_step": 19870, "tokens_seen": 651100160, "lr": 0.00011908467917694464, "grad_norm": 0.8296431303024292, "elapsed_seconds": 10587.015942008997, "tokens_per_second": 61499.87527802352, "loss_main": 2.4346954226493835, "loss_total": 2.4346954226493835}
{"event": "update", "optimizer_step": 19880, "tokens_seen": 651427840, "lr": 0.00011895595623645836, "grad_norm": 0.8734908103942871, "elapsed_seconds": 10592.256360350997, "tokens_per_second": 61500.38460534518, "loss_main": 2.6309250593185425, "loss_total": 2.6309250593185425}
{"event": "update", "optimizer_step": 19890, "tokens_seen": 651755520, "lr": 0.00011882728065103471, "grad_norm": 0.8289529085159302, "elapsed_seconds": 10597.504975298998, "tokens_per_second": 61500.8458612789, "loss_main": 2.418912410736084, "loss_total": 2.418912410736084}
{"event": "update", "optimizer_step": 19900, "tokens_seen": 652083200, "lr": 0.00011869865255301308, "grad_norm": 0.7794265151023865, "elapsed_seconds": 10602.752837042997, "tokens_per_second": 61501.31102950991, "loss_main": 2.3357412219047546, "loss_total": 2.3357412219047546}
{"event": "update", "optimizer_step": 19910, "tokens_seen": 652410880, "lr": 0.000118570072074684, "grad_norm": 0.814302384853363, "elapsed_seconds": 10608.000896004998, "tokens_per_second": 61501.774594089606, "loss_main": 2.4972646236419678, "loss_total": 2.4972646236419678}
{"event": "update", "optimizer_step": 19920, "tokens_seen": 652738560, "lr": 0.00011844153934828908, "grad_norm": 0.808551013469696, "elapsed_seconds": 10613.256008563998, "tokens_per_second": 61502.19682567681, "loss_main": 2.3575583696365356, "loss_total": 2.3575583696365356}
{"event": "update", "optimizer_step": 19930, "tokens_seen": 653066240, "lr": 0.0001183130545060207, "grad_norm": 0.849470853805542, "elapsed_seconds": 10618.512384125997, "tokens_per_second": 61502.611324001715, "loss_main": 2.2859694957733154, "loss_total": 2.2859694957733154}
{"event": "update", "optimizer_step": 19940, "tokens_seen": 653393920, "lr": 0.00011818461768002211, "grad_norm": 0.8275697231292725, "elapsed_seconds": 10623.767947481998, "tokens_per_second": 61503.03011417571, "loss_main": 2.3986347317695618, "loss_total": 2.3986347317695618}
{"event": "update", "optimizer_step": 19950, "tokens_seen": 653721600, "lr": 0.00011805622900238723, "grad_norm": 0.8117426037788391, "elapsed_seconds": 10629.033595861998, "tokens_per_second": 61503.39013459334, "loss_main": 2.3458656668663025, "loss_total": 2.3458656668663025}
{"event": "update", "optimizer_step": 19960, "tokens_seen": 654049280, "lr": 0.00011792788860516021, "grad_norm": 0.774848997592926, "elapsed_seconds": 10634.284832042997, "tokens_per_second": 61503.833151923194, "loss_main": 2.4064635634422302, "loss_total": 2.4064635634422302}
{"event": "update", "optimizer_step": 19970, "tokens_seen": 654376960, "lr": 0.00011779959662033575, "grad_norm": 0.832443118095398, "elapsed_seconds": 10639.566163921998, "tokens_per_second": 61504.10175735784, "loss_main": 2.3894562125205994, "loss_total": 2.3894562125205994}
{"event": "update", "optimizer_step": 19980, "tokens_seen": 654704640, "lr": 0.00011767135317985882, "grad_norm": 0.8793622255325317, "elapsed_seconds": 10644.839111907997, "tokens_per_second": 61504.41853720509, "loss_main": 2.459429144859314, "loss_total": 2.459429144859314}
{"event": "update", "optimizer_step": 19990, "tokens_seen": 655032320, "lr": 0.00011754315841562419, "grad_norm": 0.8734380602836609, "elapsed_seconds": 10650.151827627997, "tokens_per_second": 61504.50534430446, "loss_main": 2.3976654410362244, "loss_total": 2.3976654410362244}
{"event": "update", "optimizer_step": 20000, "tokens_seen": 655360000, "lr": 0.00011741501245947684, "grad_norm": 0.8463419675827026, "elapsed_seconds": 10655.608756715998, "tokens_per_second": 61503.75965961972, "loss_main": 2.5345771312713623, "loss_total": 2.5345771312713623}
{"event": "update", "optimizer_step": 20010, "tokens_seen": 655687680, "lr": 0.00011728691544321146, "grad_norm": 0.8762122988700867, "elapsed_seconds": 10660.943699393998, "tokens_per_second": 61503.71847824985, "loss_main": 2.358346939086914, "loss_total": 2.358346939086914}
{"event": "update", "optimizer_step": 20020, "tokens_seen": 656015360, "lr": 0.00011715886749857229, "grad_norm": 0.8605515956878662, "elapsed_seconds": 10666.409574976997, "tokens_per_second": 61502.9223647091, "loss_main": 2.5022164583206177, "loss_total": 2.5022164583206177}
{"event": "update", "optimizer_step": 20030, "tokens_seen": 656343040, "lr": 0.00011703086875725325, "grad_norm": 0.844427764415741, "elapsed_seconds": 10671.733182805998, "tokens_per_second": 61502.9469681159, "loss_main": 2.447315037250519, "loss_total": 2.447315037250519}
{"event": "update", "optimizer_step": 20040, "tokens_seen": 656670720, "lr": 0.0001169029193508977, "grad_norm": 0.8179569840431213, "elapsed_seconds": 10677.181860896997, "tokens_per_second": 61502.25111411867, "loss_main": 2.3208658695220947, "loss_total": 2.3208658695220947}
{"event": "update", "optimizer_step": 20050, "tokens_seen": 656998400, "lr": 0.00011677501941109803, "grad_norm": 0.8376096487045288, "elapsed_seconds": 10682.463104472998, "tokens_per_second": 61502.51993146593, "loss_main": 2.3856653571128845, "loss_total": 2.3856653571128845}
{"event": "update", "optimizer_step": 20060, "tokens_seen": 657326080, "lr": 0.000116647169069396, "grad_norm": 0.8209042549133301, "elapsed_seconds": 10687.713262212998, "tokens_per_second": 61502.96736758581, "loss_main": 2.297243356704712, "loss_total": 2.297243356704712}
{"event": "update", "optimizer_step": 20070, "tokens_seen": 657653760, "lr": 0.00011651936845728217, "grad_norm": 0.8050172924995422, "elapsed_seconds": 10692.974973862998, "tokens_per_second": 61503.34790902561, "loss_main": 2.353297472000122, "loss_total": 2.353297472000122}
{"event": "update", "optimizer_step": 20080, "tokens_seen": 657981440, "lr": 0.00011639161770619604, "grad_norm": 0.8435419797897339, "elapsed_seconds": 10698.235871327997, "tokens_per_second": 61503.732756859026, "loss_main": 2.379639506340027, "loss_total": 2.379639506340027}
{"event": "update", "optimizer_step": 20090, "tokens_seen": 658309120, "lr": 0.00011626391694752593, "grad_norm": 0.7942806482315063, "elapsed_seconds": 10703.493517059997, "tokens_per_second": 61504.13591139563, "loss_main": 2.1387889981269836, "loss_total": 2.1387889981269836}
{"event": "update", "optimizer_step": 20100, "tokens_seen": 658636800, "lr": 0.00011613626631260852, "grad_norm": 0.8227806091308594, "elapsed_seconds": 10708.759265263998, "tokens_per_second": 61504.49213443617, "loss_main": 2.435950994491577, "loss_total": 2.435950994491577}
{"event": "update", "optimizer_step": 20110, "tokens_seen": 658964480, "lr": 0.00011600866593272912, "grad_norm": 0.8132940530776978, "elapsed_seconds": 10714.007188590997, "tokens_per_second": 61504.95033284187, "loss_main": 2.497175395488739, "loss_total": 2.497175395488739}
{"event": "update", "optimizer_step": 20120, "tokens_seen": 659292160, "lr": 0.00011588111593912132, "grad_norm": 0.8716884851455688, "elapsed_seconds": 10719.267992256997, "tokens_per_second": 61505.33417731845, "loss_main": 2.465523838996887, "loss_total": 2.465523838996887}
{"event": "update", "optimizer_step": 20130, "tokens_seen": 659619840, "lr": 0.00011575361646296682, "grad_norm": 0.8138474225997925, "elapsed_seconds": 10724.528368321997, "tokens_per_second": 61505.72009752694, "loss_main": 2.2294769883155823, "loss_total": 2.2294769883155823}
{"event": "update", "optimizer_step": 20140, "tokens_seen": 659947520, "lr": 0.00011562616763539537, "grad_norm": 0.847547173500061, "elapsed_seconds": 10729.787360174998, "tokens_per_second": 61506.113574019284, "loss_main": 2.4336045384407043, "loss_total": 2.4336045384407043}
{"event": "update", "optimizer_step": 20150, "tokens_seen": 660275200, "lr": 0.0001154987695874848, "grad_norm": 0.8294764161109924, "elapsed_seconds": 10735.043128592997, "tokens_per_second": 61506.52513368522, "loss_main": 2.6157108545303345, "loss_total": 2.6157108545303345}
{"event": "update", "optimizer_step": 20160, "tokens_seen": 660602880, "lr": 0.00011537142245026043, "grad_norm": 0.8370144963264465, "elapsed_seconds": 10740.292008740997, "tokens_per_second": 61506.97573793783, "loss_main": 2.4890445470809937, "loss_total": 2.4890445470809937}
{"event": "update", "optimizer_step": 20170, "tokens_seen": 660930560, "lr": 0.00011524412635469546, "grad_norm": 0.8264154195785522, "elapsed_seconds": 10745.557706548998, "tokens_per_second": 61507.329637919924, "loss_main": 2.416109323501587, "loss_total": 2.416109323501587}
{"event": "update", "optimizer_step": 20180, "tokens_seen": 661258240, "lr": 0.0001151168814317105, "grad_norm": 0.8219104409217834, "elapsed_seconds": 10750.821789363998, "tokens_per_second": 61507.692430935465, "loss_main": 2.325239062309265, "loss_total": 2.325239062309265}
{"event": "update", "optimizer_step": 20190, "tokens_seen": 661585920, "lr": 0.00011498968781217347, "grad_norm": 0.8720094561576843, "elapsed_seconds": 10756.094249988997, "tokens_per_second": 61508.00696086098, "loss_main": 2.3467764854431152, "loss_total": 2.3467764854431152}
{"event": "update", "optimizer_step": 20200, "tokens_seen": 661913600, "lr": 0.0001148625456268997, "grad_norm": 0.8633763790130615, "elapsed_seconds": 10761.361271493997, "tokens_per_second": 61508.35227076311, "loss_main": 2.477941393852234, "loss_total": 2.477941393852234}
{"event": "update", "optimizer_step": 20210, "tokens_seen": 662241280, "lr": 0.0001147354550066514, "grad_norm": 0.8257502317428589, "elapsed_seconds": 10766.621597312997, "tokens_per_second": 61508.73549463967, "loss_main": 2.2830535173416138, "loss_total": 2.2830535173416138}
{"event": "update", "optimizer_step": 20220, "tokens_seen": 662568960, "lr": 0.00011460841608213794, "grad_norm": 0.8218080997467041, "elapsed_seconds": 10771.871729670998, "tokens_per_second": 61509.176550530334, "loss_main": 2.400567412376404, "loss_total": 2.400567412376404}
{"event": "update", "optimizer_step": 20230, "tokens_seen": 662896640, "lr": 0.00011448142898401544, "grad_norm": 0.8267017602920532, "elapsed_seconds": 10777.137426230998, "tokens_per_second": 61509.52834530472, "loss_main": 2.4261383414268494, "loss_total": 2.4261383414268494}
{"event": "update", "optimizer_step": 20240, "tokens_seen": 663224320, "lr": 0.00011435449384288665, "grad_norm": 0.8584700226783752, "elapsed_seconds": 10782.394258539998, "tokens_per_second": 61509.93036400105, "loss_main": 2.3985475301742554, "loss_total": 2.3985475301742554}
{"event": "update", "optimizer_step": 20250, "tokens_seen": 663552000, "lr": 0.00011422761078930106, "grad_norm": 0.8290066719055176, "elapsed_seconds": 10787.647010413997, "tokens_per_second": 61510.35525721516, "loss_main": 2.297047346830368, "loss_total": 2.297047346830368}
{"event": "update", "optimizer_step": 20260, "tokens_seen": 663879680, "lr": 0.00011410077995375441, "grad_norm": 0.8230027556419373, "elapsed_seconds": 10792.907163059997, "tokens_per_second": 61510.73755847792, "loss_main": 2.3495174050331116, "loss_total": 2.3495174050331116}
{"event": "update", "optimizer_step": 20270, "tokens_seen": 664207360, "lr": 0.0001139740014666888, "grad_norm": 0.8850628137588501, "elapsed_seconds": 10798.164445886998, "tokens_per_second": 61511.13583503495, "loss_main": 2.408799171447754, "loss_total": 2.408799171447754}
{"event": "update", "optimizer_step": 20280, "tokens_seen": 664535040, "lr": 0.00011384727545849255, "grad_norm": 0.8684556484222412, "elapsed_seconds": 10803.435394958997, "tokens_per_second": 61511.45591244795, "loss_main": 2.368143916130066, "loss_total": 2.368143916130066}
{"event": "update", "optimizer_step": 20290, "tokens_seen": 664862720, "lr": 0.00011372060205949994, "grad_norm": 0.8095847964286804, "elapsed_seconds": 10808.699575267998, "tokens_per_second": 61511.81419838056, "loss_main": 2.452419102191925, "loss_total": 2.452419102191925}
{"event": "update", "optimizer_step": 20300, "tokens_seen": 665190400, "lr": 0.00011359398139999111, "grad_norm": 0.8334295153617859, "elapsed_seconds": 10813.966440137998, "tokens_per_second": 61512.156865128156, "loss_main": 2.31836199760437, "loss_total": 2.31836199760437}
{"event": "update", "optimizer_step": 20310, "tokens_seen": 665518080, "lr": 0.00011346741361019212, "grad_norm": 0.8505250811576843, "elapsed_seconds": 10819.221350174997, "tokens_per_second": 61512.56716725141, "loss_main": 2.2379260659217834, "loss_total": 2.2379260659217834}
{"event": "update", "optimizer_step": 20320, "tokens_seen": 665845760, "lr": 0.0001133408988202744, "grad_norm": 0.857163667678833, "elapsed_seconds": 10824.490861104998, "tokens_per_second": 61512.89409763781, "loss_main": 2.325097382068634, "loss_total": 2.325097382068634}
{"event": "update", "optimizer_step": 20330, "tokens_seen": 666173440, "lr": 0.0001132144371603551, "grad_norm": 0.8426393866539001, "elapsed_seconds": 10829.744772051998, "tokens_per_second": 61513.30931816363, "loss_main": 2.4572800397872925, "loss_total": 2.4572800397872925}
{"event": "update", "optimizer_step": 20340, "tokens_seen": 666501120, "lr": 0.00011308802876049668, "grad_norm": 0.8804344534873962, "elapsed_seconds": 10835.003616294998, "tokens_per_second": 61513.69612813368, "loss_main": 2.436807930469513, "loss_total": 2.436807930469513}
{"event": "update", "optimizer_step": 20350, "tokens_seen": 666828800, "lr": 0.00011296167375070669, "grad_norm": 0.8295198678970337, "elapsed_seconds": 10840.257885279998, "tokens_per_second": 61514.108525544194, "loss_main": 2.2056257724761963, "loss_total": 2.2056257724761963}
{"event": "update", "optimizer_step": 20360, "tokens_seen": 667156480, "lr": 0.0001128353722609379, "grad_norm": 0.8378809094429016, "elapsed_seconds": 10845.508009251997, "tokens_per_second": 61514.544033425416, "loss_main": 2.2821671962738037, "loss_total": 2.2821671962738037}
{"event": "update", "optimizer_step": 20370, "tokens_seen": 667484160, "lr": 0.00011270912442108806, "grad_norm": 0.8731169104576111, "elapsed_seconds": 10850.774812144997, "tokens_per_second": 61514.88456408679, "loss_main": 2.44800066947937, "loss_total": 2.44800066947937}
{"event": "update", "optimizer_step": 20380, "tokens_seen": 667811840, "lr": 0.00011258293036099957, "grad_norm": 0.81270432472229, "elapsed_seconds": 10856.040322932997, "tokens_per_second": 61515.23208598179, "loss_main": 2.4195131063461304, "loss_total": 2.4195131063461304}
{"event": "update", "optimizer_step": 20390, "tokens_seen": 668139520, "lr": 0.00011245679021045971, "grad_norm": 0.8664897680282593, "elapsed_seconds": 10861.289329102998, "tokens_per_second": 61515.67274887978, "loss_main": 2.4580036401748657, "loss_total": 2.4580036401748657}
{"event": "update", "optimizer_step": 20400, "tokens_seen": 668467200, "lr": 0.00011233070409920027, "grad_norm": 0.834541916847229, "elapsed_seconds": 10866.539799903998, "tokens_per_second": 61516.104694698275, "loss_main": 2.430005192756653, "loss_total": 2.430005192756653}
{"event": "update", "optimizer_step": 20410, "tokens_seen": 668794880, "lr": 0.00011220467215689732, "grad_norm": 0.9039372205734253, "elapsed_seconds": 10871.794468820997, "tokens_per_second": 61516.512468849876, "loss_main": 2.5036624670028687, "loss_total": 2.5036624670028687}
{"event": "update", "optimizer_step": 20420, "tokens_seen": 669122560, "lr": 0.00011207869451317144, "grad_norm": 0.8308846354484558, "elapsed_seconds": 10877.050492849998, "tokens_per_second": 61516.91218495731, "loss_main": 2.3994240164756775, "loss_total": 2.3994240164756775}
{"event": "update", "optimizer_step": 20430, "tokens_seen": 669450240, "lr": 0.00011195277129758716, "grad_norm": 0.8340981006622314, "elapsed_seconds": 10882.300914665997, "tokens_per_second": 61517.3431840859, "loss_main": 2.3676838278770447, "loss_total": 2.3676838278770447}
{"event": "update", "optimizer_step": 20440, "tokens_seen": 669777920, "lr": 0.00011182690263965319, "grad_norm": 0.9392039775848389, "elapsed_seconds": 10887.574878654998, "tokens_per_second": 61517.640747811914, "loss_main": 2.393200397491455, "loss_total": 2.393200397491455}
{"event": "update", "optimizer_step": 20450, "tokens_seen": 670105600, "lr": 0.00011170108866882209, "grad_norm": 0.8375774025917053, "elapsed_seconds": 10892.834902554998, "tokens_per_second": 61518.016750884715, "loss_main": 2.46504145860672, "loss_total": 2.46504145860672}
{"event": "update", "optimizer_step": 20460, "tokens_seen": 670433280, "lr": 0.00011157532951449002, "grad_norm": 0.8437221050262451, "elapsed_seconds": 10898.106298046998, "tokens_per_second": 61518.328199840136, "loss_main": 2.3632476925849915, "loss_total": 2.3632476925849915}
{"event": "update", "optimizer_step": 20470, "tokens_seen": 670760960, "lr": 0.000111449625305997, "grad_norm": 0.9230488538742065, "elapsed_seconds": 10903.373448998997, "tokens_per_second": 61518.66329604443, "loss_main": 2.4391331672668457, "loss_total": 2.4391331672668457}
{"event": "update", "optimizer_step": 20480, "tokens_seen": 671088640, "lr": 0.00011132397617262646, "grad_norm": 0.8306639194488525, "elapsed_seconds": 10908.643723043997, "tokens_per_second": 61518.98045605402, "loss_main": 2.4218719601631165, "loss_total": 2.4218719601631165}
{"event": "update", "optimizer_step": 20490, "tokens_seen": 671416320, "lr": 0.00011119838224360507, "grad_norm": 0.8993431925773621, "elapsed_seconds": 10913.900477197998, "tokens_per_second": 61519.37351845611, "loss_main": 2.4296258687973022, "loss_total": 2.4296258687973022}
{"event": "update", "optimizer_step": 20500, "tokens_seen": 671744000, "lr": 0.00011107284364810286, "grad_norm": 0.8985271453857422, "elapsed_seconds": 10919.165635750998, "tokens_per_second": 61519.71885110055, "loss_main": 2.5562479496002197, "loss_total": 2.5562479496002197}
{"event": "update", "optimizer_step": 20510, "tokens_seen": 672071680, "lr": 0.00011094736051523292, "grad_norm": 0.8348356485366821, "elapsed_seconds": 10924.424201501997, "tokens_per_second": 61520.10097773364, "loss_main": 2.5273115038871765, "loss_total": 2.5273115038871765}
{"event": "update", "optimizer_step": 20520, "tokens_seen": 672399360, "lr": 0.00011082193297405123, "grad_norm": 0.8055486083030701, "elapsed_seconds": 10929.678335837998, "tokens_per_second": 61520.507680013616, "loss_main": 2.352214992046356, "loss_total": 2.352214992046356}
{"event": "update", "optimizer_step": 20530, "tokens_seen": 672727040, "lr": 0.0001106965611535567, "grad_norm": 0.8473077416419983, "elapsed_seconds": 10934.942809236998, "tokens_per_second": 61520.85582301646, "loss_main": 2.352973699569702, "loss_total": 2.352973699569702}
{"event": "update", "optimizer_step": 20540, "tokens_seen": 673054720, "lr": 0.00011057124518269088, "grad_norm": 0.8561882376670837, "elapsed_seconds": 10940.211855100997, "tokens_per_second": 61521.177918157104, "loss_main": 2.446692705154419, "loss_total": 2.446692705154419}
{"event": "update", "optimizer_step": 20550, "tokens_seen": 673382400, "lr": 0.00011044598519033783, "grad_norm": 0.8425556421279907, "elapsed_seconds": 10945.468291533998, "tokens_per_second": 61521.570577372346, "loss_main": 2.3111393451690674, "loss_total": 2.3111393451690674}
{"event": "update", "optimizer_step": 20560, "tokens_seen": 673710080, "lr": 0.00011032078130532414, "grad_norm": 0.8980919718742371, "elapsed_seconds": 10950.744552480997, "tokens_per_second": 61521.851484277795, "loss_main": 2.2408146262168884, "loss_total": 2.2408146262168884}
{"event": "update", "optimizer_step": 20570, "tokens_seen": 674037760, "lr": 0.00011019563365641861, "grad_norm": 0.854580819606781, "elapsed_seconds": 10956.014995690997, "tokens_per_second": 61522.16478939643, "loss_main": 2.3302541971206665, "loss_total": 2.3302541971206665}
{"event": "update", "optimizer_step": 20580, "tokens_seen": 674365440, "lr": 0.00011007054237233225, "grad_norm": 0.8541412949562073, "elapsed_seconds": 10961.283242315998, "tokens_per_second": 61522.4901220155, "loss_main": 2.4979739785194397, "loss_total": 2.4979739785194397}
{"event": "update", "optimizer_step": 20590, "tokens_seen": 674693120, "lr": 0.00010994550758171812, "grad_norm": 1.642879605293274, "elapsed_seconds": 10966.539908620998, "tokens_per_second": 61522.88010821092, "loss_main": 2.396512508392334, "loss_total": 2.396512508392334}
{"event": "update", "optimizer_step": 20600, "tokens_seen": 675020800, "lr": 0.00010982052941317105, "grad_norm": 0.8619271516799927, "elapsed_seconds": 10971.798124438998, "tokens_per_second": 61523.26103197553, "loss_main": 2.407786786556244, "loss_total": 2.407786786556244}
{"event": "update", "optimizer_step": 20610, "tokens_seen": 675348480, "lr": 0.00010969560799522784, "grad_norm": 0.8631730079650879, "elapsed_seconds": 10977.053862680998, "tokens_per_second": 61523.65547699474, "loss_main": 2.4832282066345215, "loss_total": 2.4832282066345215}
{"event": "update", "optimizer_step": 20620, "tokens_seen": 675676160, "lr": 0.00010957074345636676, "grad_norm": 0.8426028490066528, "elapsed_seconds": 10982.312826476997, "tokens_per_second": 61524.03147459326, "loss_main": 2.4013099670410156, "loss_total": 2.4013099670410156}
{"event": "update", "optimizer_step": 20630, "tokens_seen": 676003840, "lr": 0.00010944593592500763, "grad_norm": 0.9645206928253174, "elapsed_seconds": 10987.573381467997, "tokens_per_second": 61524.398202442986, "loss_main": 2.4837467670440674, "loss_total": 2.4837467670440674}
{"event": "update", "optimizer_step": 20640, "tokens_seen": 676331520, "lr": 0.00010932118552951168, "grad_norm": 0.8814618587493896, "elapsed_seconds": 10992.844783388997, "tokens_per_second": 61524.70387119329, "loss_main": 2.3789607882499695, "loss_total": 2.3789607882499695}
{"event": "update", "optimizer_step": 20650, "tokens_seen": 676659200, "lr": 0.00010919649239818131, "grad_norm": 0.8669294714927673, "elapsed_seconds": 10998.113203878998, "tokens_per_second": 61525.02592547825, "loss_main": 2.398090183734894, "loss_total": 2.398090183734894}
{"event": "update", "optimizer_step": 20660, "tokens_seen": 676986880, "lr": 0.00010907185665926004, "grad_norm": 0.9070557355880737, "elapsed_seconds": 11003.369031475997, "tokens_per_second": 61525.4180845363, "loss_main": 2.25404816865921, "loss_total": 2.25404816865921}
{"event": "update", "optimizer_step": 20670, "tokens_seen": 677314560, "lr": 0.00010894727844093246, "grad_norm": 0.8405923247337341, "elapsed_seconds": 11008.631152945998, "tokens_per_second": 61525.774693499945, "loss_main": 2.3690083622932434, "loss_total": 2.3690083622932434}
{"event": "update", "optimizer_step": 20680, "tokens_seen": 677642240, "lr": 0.00010882275787132383, "grad_norm": 0.892467737197876, "elapsed_seconds": 11013.899437537997, "tokens_per_second": 61526.09653311647, "loss_main": 2.391311287879944, "loss_total": 2.391311287879944}
{"event": "update", "optimizer_step": 20690, "tokens_seen": 677969920, "lr": 0.00010869829507850026, "grad_norm": 0.8555371761322021, "elapsed_seconds": 11019.169158639997, "tokens_per_second": 61526.41004411952, "loss_main": 2.358222186565399, "loss_total": 2.358222186565399}
{"event": "update", "optimizer_step": 20700, "tokens_seen": 678297600, "lr": 0.00010857389019046842, "grad_norm": 1.0609018802642822, "elapsed_seconds": 11024.429971842997, "tokens_per_second": 61526.772969886835, "loss_main": 2.2977408170700073, "loss_total": 2.2977408170700073}
{"event": "update", "optimizer_step": 20710, "tokens_seen": 678625280, "lr": 0.0001084495433351753, "grad_norm": 0.8979480266571045, "elapsed_seconds": 11029.691117442997, "tokens_per_second": 61527.13369522945, "loss_main": 2.464258134365082, "loss_total": 2.464258134365082}
{"event": "update", "optimizer_step": 20720, "tokens_seen": 678952960, "lr": 0.00010832525464050835, "grad_norm": 0.9126522541046143, "elapsed_seconds": 11034.948122876998, "tokens_per_second": 61527.51716090401, "loss_main": 2.4798574447631836, "loss_total": 2.4798574447631836}
{"event": "update", "optimizer_step": 20730, "tokens_seen": 679280640, "lr": 0.00010820102423429517, "grad_norm": 0.8596934080123901, "elapsed_seconds": 11040.212424190997, "tokens_per_second": 61527.859600923955, "loss_main": 2.365597724914551, "loss_total": 2.365597724914551}
{"event": "update", "optimizer_step": 20740, "tokens_seen": 679608320, "lr": 0.00010807685224430345, "grad_norm": 0.8845454454421997, "elapsed_seconds": 11045.475980779998, "tokens_per_second": 61528.20586297704, "loss_main": 2.415113866329193, "loss_total": 2.415113866329193}
{"event": "update", "optimizer_step": 20750, "tokens_seen": 679936000, "lr": 0.00010795273879824064, "grad_norm": 0.8168620467185974, "elapsed_seconds": 11050.730622337998, "tokens_per_second": 61528.60143252196, "loss_main": 2.286931276321411, "loss_total": 2.286931276321411}
{"event": "evaluation", "tokens_seen": 680001536, "elapsed_seconds": 11051.784490493998, "parameters": 71199040, "main_loss": 2.467449188232422, "perplexity": 11.79232844461995}
{"event": "update", "optimizer_step": 20760, "tokens_seen": 680263680, "lr": 0.00010782868402375414, "grad_norm": 0.8555984497070312, "elapsed_seconds": 11058.350935980998, "tokens_per_second": 61515.83395554928, "loss_main": 2.390935480594635, "loss_total": 2.390935480594635}
{"event": "update", "optimizer_step": 20770, "tokens_seen": 680591360, "lr": 0.000107704688048431, "grad_norm": 0.8992884755134583, "elapsed_seconds": 11063.618043443998, "tokens_per_second": 61516.16562750918, "loss_main": 2.465309262275696, "loss_total": 2.465309262275696}
{"event": "update", "optimizer_step": 20780, "tokens_seen": 680919040, "lr": 0.00010758075099979764, "grad_norm": 0.8271024823188782, "elapsed_seconds": 11068.885659290998, "tokens_per_second": 61516.49415842058, "loss_main": 2.3401617407798767, "loss_total": 2.3401617407798767}
{"event": "update", "optimizer_step": 20790, "tokens_seen": 681246720, "lr": 0.00010745687300532005, "grad_norm": 0.835734486579895, "elapsed_seconds": 11074.150960682997, "tokens_per_second": 61516.835233568476, "loss_main": 2.4228323698043823, "loss_total": 2.4228323698043823}
{"event": "update", "optimizer_step": 20800, "tokens_seen": 681574400, "lr": 0.00010733305419240348, "grad_norm": 0.8727694153785706, "elapsed_seconds": 11079.421527134997, "tokens_per_second": 61517.146750914064, "loss_main": 2.4778209924697876, "loss_total": 2.4778209924697876}
{"event": "update", "optimizer_step": 20810, "tokens_seen": 681902080, "lr": 0.00010720929468839213, "grad_norm": 0.8524511456489563, "elapsed_seconds": 11084.687805459997, "tokens_per_second": 61517.481770132916, "loss_main": 2.3321844041347504, "loss_total": 2.3321844041347504}
{"event": "update", "optimizer_step": 20820, "tokens_seen": 682229760, "lr": 0.00010708559462056941, "grad_norm": 0.9107092022895813, "elapsed_seconds": 11089.942721678997, "tokens_per_second": 61517.87949872402, "loss_main": 2.4723002314567566, "loss_total": 2.4723002314567566}
{"event": "update", "optimizer_step": 20830, "tokens_seen": 682557440, "lr": 0.00010696195411615748, "grad_norm": 0.9098471999168396, "elapsed_seconds": 11095.197969997997, "tokens_per_second": 61518.27500921313, "loss_main": 2.287287950515747, "loss_total": 2.287287950515747}
{"event": "update", "optimizer_step": 20840, "tokens_seen": 682885120, "lr": 0.00010683837330231734, "grad_norm": 0.8758611083030701, "elapsed_seconds": 11100.468592907997, "tokens_per_second": 61518.58493940427, "loss_main": 2.6156246662139893, "loss_total": 2.6156246662139893}
{"event": "update", "optimizer_step": 20850, "tokens_seen": 683212800, "lr": 0.00010671485230614846, "grad_norm": 0.7945091724395752, "elapsed_seconds": 11105.731400063998, "tokens_per_second": 61518.93786986987, "loss_main": 2.150565594434738, "loss_total": 2.150565594434738}
{"event": "update", "optimizer_step": 20860, "tokens_seen": 683540480, "lr": 0.00010659139125468891, "grad_norm": 0.8550904989242554, "elapsed_seconds": 11110.995223899998, "tokens_per_second": 61519.284836851446, "loss_main": 2.355681449174881, "loss_total": 2.355681449174881}
{"event": "update", "optimizer_step": 20870, "tokens_seen": 683868160, "lr": 0.0001064679902749151, "grad_norm": 0.8654623031616211, "elapsed_seconds": 11116.250480491997, "tokens_per_second": 61519.67888814003, "loss_main": 2.4139679074287415, "loss_total": 2.4139679074287415}
{"event": "update", "optimizer_step": 20880, "tokens_seen": 684195840, "lr": 0.00010634464949374153, "grad_norm": 0.8923491835594177, "elapsed_seconds": 11121.518104017998, "tokens_per_second": 61520.00415777885, "loss_main": 2.497868001461029, "loss_total": 2.497868001461029}
{"event": "update", "optimizer_step": 20890, "tokens_seen": 684523520, "lr": 0.00010622136903802095, "grad_norm": 0.8488202691078186, "elapsed_seconds": 11126.775037668998, "tokens_per_second": 61520.388224134, "loss_main": 2.402387320995331, "loss_total": 2.402387320995331}
{"event": "update", "optimizer_step": 20900, "tokens_seen": 684851200, "lr": 0.00010609814903454401, "grad_norm": 0.9069396257400513, "elapsed_seconds": 11132.038951321998, "tokens_per_second": 61520.733353045776, "loss_main": 2.3057369589805603, "loss_total": 2.3057369589805603}
{"event": "update", "optimizer_step": 20910, "tokens_seen": 685178880, "lr": 0.00010597498961003912, "grad_norm": 0.8368023037910461, "elapsed_seconds": 11137.305009629998, "tokens_per_second": 61521.066308909765, "loss_main": 2.249363124370575, "loss_total": 2.249363124370575}
{"event": "update", "optimizer_step": 20920, "tokens_seen": 685506560, "lr": 0.00010585189089117252, "grad_norm": 0.8388360738754272, "elapsed_seconds": 11142.575067001997, "tokens_per_second": 61521.376870063235, "loss_main": 2.2920238971710205, "loss_total": 2.2920238971710205}
{"event": "update", "optimizer_step": 20930, "tokens_seen": 685834240, "lr": 0.00010572885300454782, "grad_norm": 0.9024959206581116, "elapsed_seconds": 11147.834170036998, "tokens_per_second": 61521.74759141791, "loss_main": 2.4330145120620728, "loss_total": 2.4330145120620728}
{"event": "update", "optimizer_step": 20940, "tokens_seen": 686161920, "lr": 0.00010560587607670626, "grad_norm": 0.8812824487686157, "elapsed_seconds": 11153.097041879997, "tokens_per_second": 61522.09717385716, "loss_main": 2.3827810883522034, "loss_total": 2.3827810883522034}
{"event": "update", "optimizer_step": 20950, "tokens_seen": 686489600, "lr": 0.00010548296023412635, "grad_norm": 0.848016083240509, "elapsed_seconds": 11158.360273972998, "tokens_per_second": 61522.444440268235, "loss_main": 2.351319342851639, "loss_total": 2.351319342851639}
{"event": "update", "optimizer_step": 20960, "tokens_seen": 686817280, "lr": 0.00010536010560322362, "grad_norm": 0.9257630109786987, "elapsed_seconds": 11163.621435381998, "tokens_per_second": 61522.80279078618, "loss_main": 2.381092667579651, "loss_total": 2.381092667579651}
{"event": "update", "optimizer_step": 20970, "tokens_seen": 687144960, "lr": 0.00010523731231035082, "grad_norm": 0.8517234921455383, "elapsed_seconds": 11168.890754238997, "tokens_per_second": 61523.115868888206, "loss_main": 2.4846920371055603, "loss_total": 2.4846920371055603}
{"event": "update", "optimizer_step": 20980, "tokens_seen": 687472640, "lr": 0.00010511458048179761, "grad_norm": 0.8500047326087952, "elapsed_seconds": 11174.162248251998, "tokens_per_second": 61523.41667560296, "loss_main": 2.47053599357605, "loss_total": 2.47053599357605}
{"event": "update", "optimizer_step": 20990, "tokens_seen": 687800320, "lr": 0.00010499191024379027, "grad_norm": 0.8585835099220276, "elapsed_seconds": 11179.430846458998, "tokens_per_second": 61523.73313511355, "loss_main": 2.3803879022598267, "loss_total": 2.3803879022598267}
{"event": "update", "optimizer_step": 21000, "tokens_seen": 688128000, "lr": 0.0001048693017224919, "grad_norm": 0.8637609481811523, "elapsed_seconds": 11184.692016665997, "tokens_per_second": 61524.090155959566, "loss_main": 2.3070927262306213, "loss_total": 2.3070927262306213}
{"event": "update", "optimizer_step": 21010, "tokens_seen": 688455680, "lr": 0.00010474675504400214, "grad_norm": 0.9812849760055542, "elapsed_seconds": 11189.943728082997, "tokens_per_second": 61524.49884731839, "loss_main": 2.5111567974090576, "loss_total": 2.5111567974090576}
{"event": "update", "optimizer_step": 21020, "tokens_seen": 688783360, "lr": 0.00010462427033435681, "grad_norm": 0.8495195508003235, "elapsed_seconds": 11195.201563472998, "tokens_per_second": 61524.87350002873, "loss_main": 2.318568170070648, "loss_total": 2.318568170070648}
{"event": "update", "optimizer_step": 21030, "tokens_seen": 689111040, "lr": 0.00010450184771952824, "grad_norm": 0.8730343580245972, "elapsed_seconds": 11200.458227592997, "tokens_per_second": 61525.25423489673, "loss_main": 2.2823108434677124, "loss_total": 2.2823108434677124}
{"event": "update", "optimizer_step": 21040, "tokens_seen": 689438720, "lr": 0.00010437948732542482, "grad_norm": 0.8502666354179382, "elapsed_seconds": 11205.716485172998, "tokens_per_second": 61525.62586357067, "loss_main": 2.5030264854431152, "loss_total": 2.5030264854431152}
{"event": "update", "optimizer_step": 21050, "tokens_seen": 689766400, "lr": 0.00010425718927789087, "grad_norm": 0.9279456734657288, "elapsed_seconds": 11210.983371647997, "tokens_per_second": 61525.949788167905, "loss_main": 2.497643291950226, "loss_total": 2.497643291950226}
{"event": "update", "optimizer_step": 21060, "tokens_seen": 690094080, "lr": 0.00010413495370270671, "grad_norm": 0.8366760015487671, "elapsed_seconds": 11216.242381325997, "tokens_per_second": 61526.316616422504, "loss_main": 2.4561896324157715, "loss_total": 2.4561896324157715}
{"event": "update", "optimizer_step": 21070, "tokens_seen": 690421760, "lr": 0.00010401278072558827, "grad_norm": 0.9022548198699951, "elapsed_seconds": 11221.505490426998, "tokens_per_second": 61526.660624012955, "loss_main": 2.5511525869369507, "loss_total": 2.5511525869369507}
{"event": "update", "optimizer_step": 21080, "tokens_seen": 690749440, "lr": 0.00010389067047218722, "grad_norm": 0.8608529567718506, "elapsed_seconds": 11226.753147487998, "tokens_per_second": 61527.08899229304, "loss_main": 2.32066410779953, "loss_total": 2.32066410779953}
{"event": "update", "optimizer_step": 21090, "tokens_seen": 691077120, "lr": 0.0001037686230680907, "grad_norm": 0.933958888053894, "elapsed_seconds": 11232.012310672997, "tokens_per_second": 61527.45393123525, "loss_main": 2.396282374858856, "loss_total": 2.396282374858856}
{"event": "update", "optimizer_step": 21100, "tokens_seen": 691404800, "lr": 0.00010364663863882115, "grad_norm": 0.8752646446228027, "elapsed_seconds": 11237.266509888997, "tokens_per_second": 61527.845707988796, "loss_main": 2.381188213825226, "loss_total": 2.381188213825226}
{"event": "update", "optimizer_step": 21110, "tokens_seen": 691732480, "lr": 0.00010352471730983626, "grad_norm": 0.872599184513092, "elapsed_seconds": 11242.526588472998, "tokens_per_second": 61528.204941870965, "loss_main": 2.310574024915695, "loss_total": 2.310574024915695}
{"event": "update", "optimizer_step": 21120, "tokens_seen": 692060160, "lr": 0.00010340285920652896, "grad_norm": 0.7993870377540588, "elapsed_seconds": 11247.781496080997, "tokens_per_second": 61528.59212646785, "loss_main": 2.381929636001587, "loss_total": 2.381929636001587}
{"event": "update", "optimizer_step": 21130, "tokens_seen": 692387840, "lr": 0.00010328106445422687, "grad_norm": 0.8503254652023315, "elapsed_seconds": 11253.043710148997, "tokens_per_second": 61528.938999458696, "loss_main": 2.329536736011505, "loss_total": 2.329536736011505}
{"event": "update", "optimizer_step": 21140, "tokens_seen": 692715520, "lr": 0.00010315933317819271, "grad_norm": 0.8623804450035095, "elapsed_seconds": 11258.309815435998, "tokens_per_second": 61529.2642817694, "loss_main": 2.2917979955673218, "loss_total": 2.2917979955673218}
{"event": "update", "optimizer_step": 21150, "tokens_seen": 693043200, "lr": 0.00010303766550362387, "grad_norm": 0.8866739869117737, "elapsed_seconds": 11263.564807277997, "tokens_per_second": 61529.64996944727, "loss_main": 2.3355119228363037, "loss_total": 2.3355119228363037}
{"event": "update", "optimizer_step": 21160, "tokens_seen": 693370880, "lr": 0.00010291606155565222, "grad_norm": 0.9501768946647644, "elapsed_seconds": 11268.826521324998, "tokens_per_second": 61529.99859283244, "loss_main": 2.5874208211898804, "loss_total": 2.5874208211898804}
{"event": "update", "optimizer_step": 21170, "tokens_seen": 693698560, "lr": 0.00010279452145934415, "grad_norm": 0.8716939687728882, "elapsed_seconds": 11274.078228124998, "tokens_per_second": 61530.40150718997, "loss_main": 2.227952480316162, "loss_total": 2.227952480316162}
{"event": "update", "optimizer_step": 21180, "tokens_seen": 694026240, "lr": 0.00010267304533970046, "grad_norm": 0.9024310111999512, "elapsed_seconds": 11279.332004665997, "tokens_per_second": 61530.79275553707, "loss_main": 2.3694340586662292, "loss_total": 2.3694340586662292}
{"event": "update", "optimizer_step": 21190, "tokens_seen": 694353920, "lr": 0.00010255163332165598, "grad_norm": 1.0859986543655396, "elapsed_seconds": 11284.603987869998, "tokens_per_second": 61531.08436471251, "loss_main": 2.437896966934204, "loss_total": 2.437896966934204}
{"event": "update", "optimizer_step": 21200, "tokens_seen": 694681600, "lr": 0.0001024302855300798, "grad_norm": 0.8655217289924622, "elapsed_seconds": 11289.862518710997, "tokens_per_second": 61531.44901885964, "loss_main": 2.3009839057922363, "loss_total": 2.3009839057922363}
{"event": "update", "optimizer_step": 21210, "tokens_seen": 695009280, "lr": 0.00010230900208977479, "grad_norm": 0.855003833770752, "elapsed_seconds": 11295.124794084997, "tokens_per_second": 61531.79293459075, "loss_main": 2.1748343110084534, "loss_total": 2.1748343110084534}
{"event": "update", "optimizer_step": 21220, "tokens_seen": 695336960, "lr": 0.00010218778312547774, "grad_norm": 0.8888453245162964, "elapsed_seconds": 11300.382879129997, "tokens_per_second": 61532.15934693473, "loss_main": 2.3761085867881775, "loss_total": 2.3761085867881775}
{"event": "update", "optimizer_step": 21230, "tokens_seen": 695664640, "lr": 0.00010206662876185914, "grad_norm": 0.8461864590644836, "elapsed_seconds": 11305.647577662998, "tokens_per_second": 61532.48942364446, "loss_main": 2.330806851387024, "loss_total": 2.330806851387024}
{"event": "update", "optimizer_step": 21240, "tokens_seen": 695992320, "lr": 0.00010194553912352294, "grad_norm": 0.869333803653717, "elapsed_seconds": 11310.899727182998, "tokens_per_second": 61532.88746140607, "loss_main": 2.3592796623706818, "loss_total": 2.3592796623706818}
{"event": "update", "optimizer_step": 21250, "tokens_seen": 696320000, "lr": 0.00010182451433500657, "grad_norm": 0.8835170865058899, "elapsed_seconds": 11316.146369268998, "tokens_per_second": 61533.31507720512, "loss_main": 2.2850429117679596, "loss_total": 2.2850429117679596}
{"event": "update", "optimizer_step": 21260, "tokens_seen": 696647680, "lr": 0.0001017035545207809, "grad_norm": 0.8313729763031006, "elapsed_seconds": 11321.405623998997, "tokens_per_second": 61533.673744826665, "loss_main": 2.2810835242271423, "loss_total": 2.2810835242271423}
{"event": "update", "optimizer_step": 21270, "tokens_seen": 696975360, "lr": 0.00010158265980524968, "grad_norm": 1.01573646068573, "elapsed_seconds": 11326.660738867997, "tokens_per_second": 61534.05456987818, "loss_main": 2.4608773589134216, "loss_total": 2.4608773589134216}
{"event": "update", "optimizer_step": 21280, "tokens_seen": 697303040, "lr": 0.00010146183031274998, "grad_norm": 0.8608852028846741, "elapsed_seconds": 11331.912290709997, "tokens_per_second": 61534.454389631595, "loss_main": 2.1576409339904785, "loss_total": 2.1576409339904785}
{"event": "update", "optimizer_step": 21290, "tokens_seen": 697630720, "lr": 0.0001013410661675517, "grad_norm": 0.8446447253227234, "elapsed_seconds": 11337.156147174997, "tokens_per_second": 61534.89560729357, "loss_main": 2.39459365606308, "loss_total": 2.39459365606308}
{"event": "update", "optimizer_step": 21300, "tokens_seen": 697958400, "lr": 0.00010122036749385746, "grad_norm": 0.8692330121994019, "elapsed_seconds": 11342.405094308997, "tokens_per_second": 61535.3087988541, "loss_main": 2.422970175743103, "loss_total": 2.422970175743103}
{"event": "update", "optimizer_step": 21310, "tokens_seen": 698286080, "lr": 0.00010109973441580267, "grad_norm": 0.8512240648269653, "elapsed_seconds": 11347.651012642997, "tokens_per_second": 61535.73803265573, "loss_main": 2.4440898299217224, "loss_total": 2.4440898299217224}
{"event": "update", "optimizer_step": 21320, "tokens_seen": 698613760, "lr": 0.00010097916705745512, "grad_norm": 0.9241263270378113, "elapsed_seconds": 11352.914170598997, "tokens_per_second": 61536.07342590701, "loss_main": 2.2999197244644165, "loss_total": 2.2999197244644165}
{"event": "update", "optimizer_step": 21330, "tokens_seen": 698941440, "lr": 0.00010085866554281518, "grad_norm": 0.8748423457145691, "elapsed_seconds": 11358.163271302998, "tokens_per_second": 61536.484667896315, "loss_main": 2.4266855716705322, "loss_total": 2.4266855716705322}
{"event": "update", "optimizer_step": 21340, "tokens_seen": 699269120, "lr": 0.00010073822999581544, "grad_norm": 0.883217990398407, "elapsed_seconds": 11363.421498784997, "tokens_per_second": 61536.84610526569, "loss_main": 2.37729150056839, "loss_total": 2.37729150056839}
{"event": "update", "optimizer_step": 21350, "tokens_seen": 699596800, "lr": 0.00010061786054032052, "grad_norm": 0.9022923111915588, "elapsed_seconds": 11368.686616879997, "tokens_per_second": 61537.16991030897, "loss_main": 2.4893904328346252, "loss_total": 2.4893904328346252}
{"event": "update", "optimizer_step": 21360, "tokens_seen": 699924480, "lr": 0.00010049755730012724, "grad_norm": 0.8767419457435608, "elapsed_seconds": 11373.961636123997, "tokens_per_second": 61537.43984655458, "loss_main": 2.2777615785598755, "loss_total": 2.2777615785598755}
{"event": "update", "optimizer_step": 21370, "tokens_seen": 700252160, "lr": 0.00010037732039896432, "grad_norm": 0.9055523872375488, "elapsed_seconds": 11379.222895877998, "tokens_per_second": 61537.78394249214, "loss_main": 2.2226914167404175, "loss_total": 2.2226914167404175}
{"event": "update", "optimizer_step": 21380, "tokens_seen": 700579840, "lr": 0.00010025714996049203, "grad_norm": 0.8980457782745361, "elapsed_seconds": 11384.471446946998, "tokens_per_second": 61538.196416477134, "loss_main": 2.3129939436912537, "loss_total": 2.3129939436912537}
{"event": "update", "optimizer_step": 21390, "tokens_seen": 700907520, "lr": 0.00010013704610830255, "grad_norm": 0.8715963959693909, "elapsed_seconds": 11389.726126769998, "tokens_per_second": 61538.57539670006, "loss_main": 2.1954182982444763, "loss_total": 2.1954182982444763}
{"event": "update", "optimizer_step": 21400, "tokens_seen": 701235200, "lr": 0.00010001700896591949, "grad_norm": 0.856429934501648, "elapsed_seconds": 11394.988375175997, "tokens_per_second": 61538.91315305263, "loss_main": 2.2999136447906494, "loss_total": 2.2999136447906494}
{"event": "update", "optimizer_step": 21410, "tokens_seen": 701562880, "lr": 9.989703865679773e-05, "grad_norm": 0.9477723836898804, "elapsed_seconds": 11400.243586692997, "tokens_per_second": 61539.28858317585, "loss_main": 2.3458566665649414, "loss_total": 2.3458566665649414}
{"event": "update", "optimizer_step": 21420, "tokens_seen": 701890560, "lr": 9.977713530432354e-05, "grad_norm": 0.9050495624542236, "elapsed_seconds": 11405.516318795997, "tokens_per_second": 61539.569133166064, "loss_main": 2.3531693816184998, "loss_total": 2.3531693816184998}
{"event": "update", "optimizer_step": 21430, "tokens_seen": 702218240, "lr": 9.965729903181436e-05, "grad_norm": 1.2232661247253418, "elapsed_seconds": 11410.782807515998, "tokens_per_second": 61539.883095265504, "loss_main": 2.382981538772583, "loss_total": 2.382981538772583}
{"event": "update", "optimizer_step": 21440, "tokens_seen": 702545920, "lr": 9.953752996251851e-05, "grad_norm": 0.8546618223190308, "elapsed_seconds": 11416.053965291998, "tokens_per_second": 61540.17159834181, "loss_main": 2.3528727889060974, "loss_total": 2.3528727889060974}
{"event": "update", "optimizer_step": 21450, "tokens_seen": 702873600, "lr": 9.941782821961533e-05, "grad_norm": 0.9026616215705872, "elapsed_seconds": 11421.311325883997, "tokens_per_second": 61540.53417728707, "loss_main": 2.302135467529297, "loss_total": 2.302135467529297}
{"event": "update", "optimizer_step": 21460, "tokens_seen": 703201280, "lr": 9.929819392621475e-05, "grad_norm": 0.8745781183242798, "elapsed_seconds": 11426.563173482997, "tokens_per_second": 61540.926114326394, "loss_main": 2.249605894088745, "loss_total": 2.249605894088745}
{"event": "update", "optimizer_step": 21470, "tokens_seen": 703528960, "lr": 9.917862720535751e-05, "grad_norm": 0.8560627102851868, "elapsed_seconds": 11431.828457125997, "tokens_per_second": 61541.24536057548, "loss_main": 2.3664814829826355, "loss_total": 2.3664814829826355}
{"event": "update", "optimizer_step": 21480, "tokens_seen": 703856640, "lr": 9.905912818001471e-05, "grad_norm": 0.8919716477394104, "elapsed_seconds": 11437.087456716998, "tokens_per_second": 61541.59812659518, "loss_main": 2.4077922105789185, "loss_total": 2.4077922105789185}
{"event": "update", "optimizer_step": 21490, "tokens_seen": 704184320, "lr": 9.8939696973088e-05, "grad_norm": 0.8870713710784912, "elapsed_seconds": 11442.357348616997, "tokens_per_second": 61541.8919847939, "loss_main": 2.380794942378998, "loss_total": 2.380794942378998}
{"event": "update", "optimizer_step": 21500, "tokens_seen": 704512000, "lr": 9.882033370740903e-05, "grad_norm": 0.9086701273918152, "elapsed_seconds": 11447.611782595997, "tokens_per_second": 61542.26867398507, "loss_main": 2.3880857825279236, "loss_total": 2.3880857825279236}
{"event": "update", "optimizer_step": 21510, "tokens_seen": 704839680, "lr": 9.870103850573979e-05, "grad_norm": 0.887339174747467, "elapsed_seconds": 11452.889892701998, "tokens_per_second": 61542.51779274831, "loss_main": 2.5440041422843933, "loss_total": 2.5440041422843933}
{"event": "update", "optimizer_step": 21520, "tokens_seen": 705167360, "lr": 9.85818114907722e-05, "grad_norm": 0.8848481774330139, "elapsed_seconds": 11458.144132026997, "tokens_per_second": 61542.894894205936, "loss_main": 2.3867541551589966, "loss_total": 2.3867541551589966}
{"event": "update", "optimizer_step": 21530, "tokens_seen": 705495040, "lr": 9.846265278512802e-05, "grad_norm": 0.8598045110702515, "elapsed_seconds": 11463.405278784998, "tokens_per_second": 61543.234566227875, "loss_main": 2.370849847793579, "loss_total": 2.370849847793579}
{"event": "update", "optimizer_step": 21540, "tokens_seen": 705822720, "lr": 9.834356251135873e-05, "grad_norm": 1.0809333324432373, "elapsed_seconds": 11468.658907840998, "tokens_per_second": 61543.6142683986, "loss_main": 2.491164743900299, "loss_total": 2.491164743900299}
{"event": "update", "optimizer_step": 21550, "tokens_seen": 706150400, "lr": 9.822454079194561e-05, "grad_norm": 0.8812653422355652, "elapsed_seconds": 11473.904997929998, "tokens_per_second": 61544.034060539656, "loss_main": 2.26753568649292, "loss_total": 2.26753568649292}
{"event": "update", "optimizer_step": 21560, "tokens_seen": 706478080, "lr": 9.810558774929918e-05, "grad_norm": 0.9077264070510864, "elapsed_seconds": 11479.163918305998, "tokens_per_second": 61544.384680609764, "loss_main": 2.465064764022827, "loss_total": 2.465064764022827}
{"event": "update", "optimizer_step": 21570, "tokens_seen": 706805760, "lr": 9.798670350575947e-05, "grad_norm": 0.86079341173172, "elapsed_seconds": 11484.417480858998, "tokens_per_second": 61544.763692022556, "loss_main": 2.4093596935272217, "loss_total": 2.4093596935272217}
{"event": "update", "optimizer_step": 21580, "tokens_seen": 707133440, "lr": 9.786788818359578e-05, "grad_norm": 0.8416061997413635, "elapsed_seconds": 11489.679555011997, "tokens_per_second": 61545.09676395076, "loss_main": 2.184405744075775, "loss_total": 2.184405744075775}
{"event": "update", "optimizer_step": 21590, "tokens_seen": 707461120, "lr": 9.774914190500649e-05, "grad_norm": 0.8910495638847351, "elapsed_seconds": 11494.933867046997, "tokens_per_second": 61545.47109036513, "loss_main": 2.3922128677368164, "loss_total": 2.3922128677368164}
{"event": "update", "optimizer_step": 21600, "tokens_seen": 707788800, "lr": 9.763046479211887e-05, "grad_norm": 0.8625255823135376, "elapsed_seconds": 11500.192141243997, "tokens_per_second": 61545.82387033381, "loss_main": 2.2668877840042114, "loss_total": 2.2668877840042114}
{"event": "update", "optimizer_step": 21610, "tokens_seen": 708116480, "lr": 9.751185696698919e-05, "grad_norm": 0.8156911730766296, "elapsed_seconds": 11505.458001708997, "tokens_per_second": 61546.13574660112, "loss_main": 2.4084360003471375, "loss_total": 2.4084360003471375}
{"event": "update", "optimizer_step": 21620, "tokens_seen": 708444160, "lr": 9.739331855160249e-05, "grad_norm": 0.9584332704544067, "elapsed_seconds": 11510.722820352998, "tokens_per_second": 61546.45290800897, "loss_main": 2.3899771571159363, "loss_total": 2.3899771571159363}
{"event": "update", "optimizer_step": 21630, "tokens_seen": 708771840, "lr": 9.727484966787221e-05, "grad_norm": 0.90740966796875, "elapsed_seconds": 11515.990208000998, "tokens_per_second": 61546.75604947671, "loss_main": 2.2957292199134827, "loss_total": 2.2957292199134827}
{"event": "update", "optimizer_step": 21640, "tokens_seen": 709099520, "lr": 9.715645043764049e-05, "grad_norm": 0.8859955072402954, "elapsed_seconds": 11521.271090786997, "tokens_per_second": 61546.98682222942, "loss_main": 2.374577045440674, "loss_total": 2.374577045440674}
{"event": "update", "optimizer_step": 21650, "tokens_seen": 709427200, "lr": 9.70381209826778e-05, "grad_norm": 0.8408984541893005, "elapsed_seconds": 11526.527792075998, "tokens_per_second": 61547.34650340246, "loss_main": 2.474237322807312, "loss_total": 2.474237322807312}
{"event": "update", "optimizer_step": 21660, "tokens_seen": 709754880, "lr": 9.691986142468271e-05, "grad_norm": 0.9041123390197754, "elapsed_seconds": 11531.786607729997, "tokens_per_second": 61547.69457182259, "loss_main": 2.45144921541214, "loss_total": 2.45144921541214}
{"event": "update", "optimizer_step": 21670, "tokens_seen": 710082560, "lr": 9.680167188528205e-05, "grad_norm": 0.9223060607910156, "elapsed_seconds": 11537.047418899998, "tokens_per_second": 61548.031677215986, "loss_main": 2.3032957315444946, "loss_total": 2.3032957315444946}
{"event": "update", "optimizer_step": 21680, "tokens_seen": 710410240, "lr": 9.668355248603063e-05, "grad_norm": 0.8950681686401367, "elapsed_seconds": 11542.307739418997, "tokens_per_second": 61548.37109166869, "loss_main": 2.3529499173164368, "loss_total": 2.3529499173164368}
{"event": "update", "optimizer_step": 21690, "tokens_seen": 710737920, "lr": 9.6565503348411e-05, "grad_norm": 0.8743475079536438, "elapsed_seconds": 11547.568418121997, "tokens_per_second": 61548.70828776511, "loss_main": 2.304126560688019, "loss_total": 2.304126560688019}
{"event": "update", "optimizer_step": 21700, "tokens_seen": 711065600, "lr": 9.644752459383362e-05, "grad_norm": 0.9396059513092041, "elapsed_seconds": 11552.829965409997, "tokens_per_second": 61549.04054928372, "loss_main": 2.308509409427643, "loss_total": 2.308509409427643}
{"event": "update", "optimizer_step": 21710, "tokens_seen": 711393280, "lr": 9.632961634363634e-05, "grad_norm": 0.8750486969947815, "elapsed_seconds": 11558.092819942998, "tokens_per_second": 61549.36554692839, "loss_main": 2.4436187148094177, "loss_total": 2.4436187148094177}
{"event": "update", "optimizer_step": 21720, "tokens_seen": 711720960, "lr": 9.621177871908472e-05, "grad_norm": 0.9468615651130676, "elapsed_seconds": 11563.344713038998, "tokens_per_second": 61549.7485945786, "loss_main": 2.3721765279769897, "loss_total": 2.3721765279769897}
{"event": "update", "optimizer_step": 21730, "tokens_seen": 712048640, "lr": 9.609401184137162e-05, "grad_norm": 0.9197384119033813, "elapsed_seconds": 11568.605264730997, "tokens_per_second": 61550.08522685186, "loss_main": 2.267060935497284, "loss_total": 2.267060935497284}
{"event": "update", "optimizer_step": 21740, "tokens_seen": 712376320, "lr": 9.597631583161703e-05, "grad_norm": 0.972256600856781, "elapsed_seconds": 11573.869854795998, "tokens_per_second": 61550.400076842445, "loss_main": 2.5094070434570312, "loss_total": 2.5094070434570312}
{"event": "update", "optimizer_step": 21750, "tokens_seen": 712704000, "lr": 9.585869081086816e-05, "grad_norm": 0.859830379486084, "elapsed_seconds": 11579.133302017997, "tokens_per_second": 61550.72071549524, "loss_main": 2.4974926114082336, "loss_total": 2.4974926114082336}
{"event": "update", "optimizer_step": 21760, "tokens_seen": 713031680, "lr": 9.574113690009927e-05, "grad_norm": 0.8934139013290405, "elapsed_seconds": 11584.401189069997, "tokens_per_second": 61551.017472767846, "loss_main": 2.357576847076416, "loss_total": 2.357576847076416}
{"event": "update", "optimizer_step": 21770, "tokens_seen": 713359360, "lr": 9.562365422021128e-05, "grad_norm": 0.8824491500854492, "elapsed_seconds": 11589.670693814998, "tokens_per_second": 61551.30536890017, "loss_main": 2.4257996678352356, "loss_total": 2.4257996678352356}
{"event": "update", "optimizer_step": 21780, "tokens_seen": 713687040, "lr": 9.5506242892032e-05, "grad_norm": 0.9092360138893127, "elapsed_seconds": 11594.931396653998, "tokens_per_second": 61551.6397281964, "loss_main": 2.354339122772217, "loss_total": 2.354339122772217}
{"event": "update", "optimizer_step": 21790, "tokens_seen": 714014720, "lr": 9.538890303631592e-05, "grad_norm": 0.8769354820251465, "elapsed_seconds": 11600.193395569997, "tokens_per_second": 61551.96690709272, "loss_main": 2.298315316438675, "loss_total": 2.298315316438675}
{"event": "update", "optimizer_step": 21800, "tokens_seen": 714342400, "lr": 9.527163477374381e-05, "grad_norm": 0.9123284816741943, "elapsed_seconds": 11605.462589813997, "tokens_per_second": 61552.25562718814, "loss_main": 2.2591947317123413, "loss_total": 2.2591947317123413}
{"event": "update", "optimizer_step": 21810, "tokens_seen": 714670080, "lr": 9.515443822492301e-05, "grad_norm": 1.1720513105392456, "elapsed_seconds": 11610.725035886997, "tokens_per_second": 61552.579859661026, "loss_main": 2.5225651264190674, "loss_total": 2.5225651264190674}
{"event": "update", "optimizer_step": 21820, "tokens_seen": 714997760, "lr": 9.503731351038698e-05, "grad_norm": 0.9769108295440674, "elapsed_seconds": 11615.985018232997, "tokens_per_second": 61552.916853603536, "loss_main": 2.4283756017684937, "loss_total": 2.4283756017684937}
{"event": "update", "optimizer_step": 21830, "tokens_seen": 715325440, "lr": 9.492026075059533e-05, "grad_norm": 0.9104998111724854, "elapsed_seconds": 11621.228395289998, "tokens_per_second": 61553.34149442553, "loss_main": 2.3288033604621887, "loss_total": 2.3288033604621887}
{"event": "update", "optimizer_step": 21840, "tokens_seen": 715653120, "lr": 9.480328006593378e-05, "grad_norm": 0.830970048904419, "elapsed_seconds": 11626.481658211997, "tokens_per_second": 61553.71341376702, "loss_main": 2.191489279270172, "loss_total": 2.191489279270172}
{"event": "update", "optimizer_step": 21850, "tokens_seen": 715980800, "lr": 9.468637157671369e-05, "grad_norm": 0.8906161189079285, "elapsed_seconds": 11631.735046312997, "tokens_per_second": 61554.084334731306, "loss_main": 2.3880794048309326, "loss_total": 2.3880794048309326}
{"event": "update", "optimizer_step": 21860, "tokens_seen": 716308480, "lr": 9.456953540317235e-05, "grad_norm": 0.8417880535125732, "elapsed_seconds": 11636.979431419997, "tokens_per_second": 61554.50254264072, "loss_main": 2.30668705701828, "loss_total": 2.30668705701828}
{"event": "update", "optimizer_step": 21870, "tokens_seen": 716636160, "lr": 9.44527716654727e-05, "grad_norm": 0.8423479795455933, "elapsed_seconds": 11642.232181060997, "tokens_per_second": 61554.876148732714, "loss_main": 2.2787781357765198, "loss_total": 2.2787781357765198}
{"event": "update", "optimizer_step": 21880, "tokens_seen": 716963840, "lr": 9.433608048370302e-05, "grad_norm": 0.8557507991790771, "elapsed_seconds": 11647.483289795997, "tokens_per_second": 61555.258089797826, "loss_main": 2.329736828804016, "loss_total": 2.329736828804016}
{"event": "update", "optimizer_step": 21890, "tokens_seen": 717291520, "lr": 9.421946197787706e-05, "grad_norm": 0.9170990586280823, "elapsed_seconds": 11652.729091581998, "tokens_per_second": 61555.66772063514, "loss_main": 2.3484931588172913, "loss_total": 2.3484931588172913}
{"event": "update", "optimizer_step": 21900, "tokens_seen": 717619200, "lr": 9.41029162679339e-05, "grad_norm": 0.8874002695083618, "elapsed_seconds": 11657.975492244997, "tokens_per_second": 61556.0738206533, "loss_main": 2.2139522433280945, "loss_total": 2.2139522433280945}
{"event": "update", "optimizer_step": 21910, "tokens_seen": 717946880, "lr": 9.39864434737376e-05, "grad_norm": 0.8839670419692993, "elapsed_seconds": 11663.239509294997, "tokens_per_second": 61556.38657920328, "loss_main": 2.2251986861228943, "loss_total": 2.2251986861228943}
{"event": "update", "optimizer_step": 21920, "tokens_seen": 718274560, "lr": 9.387004371507729e-05, "grad_norm": 0.8653826117515564, "elapsed_seconds": 11668.512705521998, "tokens_per_second": 61556.65063123977, "loss_main": 2.2576444149017334, "loss_total": 2.2576444149017334}
{"event": "update", "optimizer_step": 21930, "tokens_seen": 718602240, "lr": 9.375371711166708e-05, "grad_norm": 0.9114226698875427, "elapsed_seconds": 11673.767736808997, "tokens_per_second": 61557.01023022312, "loss_main": 2.387709319591522, "loss_total": 2.387709319591522}
{"event": "update", "optimizer_step": 21940, "tokens_seen": 718929920, "lr": 9.363746378314567e-05, "grad_norm": 0.8788561820983887, "elapsed_seconds": 11679.014402657998, "tokens_per_second": 61557.41359787864, "loss_main": 2.252138376235962, "loss_total": 2.252138376235962}
{"event": "update", "optimizer_step": 21950, "tokens_seen": 719257600, "lr": 9.352128384907658e-05, "grad_norm": 0.8376277685165405, "elapsed_seconds": 11684.264242145997, "tokens_per_second": 61557.79988316125, "loss_main": 2.2738133668899536, "loss_total": 2.2738133668899536}
{"event": "update", "optimizer_step": 21960, "tokens_seen": 719585280, "lr": 9.340517742894764e-05, "grad_norm": 0.8497163653373718, "elapsed_seconds": 11689.511525733997, "tokens_per_second": 61558.199281112946, "loss_main": 2.2774189710617065, "loss_total": 2.2774189710617065}
{"event": "update", "optimizer_step": 21970, "tokens_seen": 719912960, "lr": 9.328914464217124e-05, "grad_norm": 0.8773990869522095, "elapsed_seconds": 11694.774483528998, "tokens_per_second": 61558.515815241284, "loss_main": 2.3595317602157593, "loss_total": 2.3595317602157593}
{"event": "evaluation", "tokens_seen": 720011264, "elapsed_seconds": 11696.349158600997, "parameters": 71199040, "main_loss": 2.44611319899559, "perplexity": 11.543392542120401}
{"event": "update", "optimizer_step": 21980, "tokens_seen": 720240640, "lr": 9.317318560808403e-05, "grad_norm": 0.9287734627723694, "elapsed_seconds": 11702.338041224997, "tokens_per_second": 61546.7300177739, "loss_main": 2.4086577892303467, "loss_total": 2.4086577892303467}
{"event": "update", "optimizer_step": 21990, "tokens_seen": 720568320, "lr": 9.305730044594669e-05, "grad_norm": 0.855730414390564, "elapsed_seconds": 11707.597542578997, "tokens_per_second": 61547.069531506146, "loss_main": 2.435168147087097, "loss_total": 2.435168147087097}
{"event": "update", "optimizer_step": 22000, "tokens_seen": 720896000, "lr": 9.294148927494401e-05, "grad_norm": 0.9392920732498169, "elapsed_seconds": 11712.841635547997, "tokens_per_second": 61547.489706691675, "loss_main": 2.226896643638611, "loss_total": 2.226896643638611}
{"event": "update", "optimizer_step": 22010, "tokens_seen": 721223680, "lr": 9.282575221418473e-05, "grad_norm": 0.9006862640380859, "elapsed_seconds": 11718.091470675998, "tokens_per_second": 61547.87934578171, "loss_main": 2.3536494970321655, "loss_total": 2.3536494970321655}
{"event": "update", "optimizer_step": 22020, "tokens_seen": 721551360, "lr": 9.271008938270123e-05, "grad_norm": 0.9002604484558105, "elapsed_seconds": 11723.336832235997, "tokens_per_second": 61548.29212242111, "loss_main": 2.310262531042099, "loss_total": 2.310262531042099}
{"event": "update", "optimizer_step": 22030, "tokens_seen": 721879040, "lr": 9.259450089944967e-05, "grad_norm": 0.8792915940284729, "elapsed_seconds": 11728.586007630998, "tokens_per_second": 61548.68451579091, "loss_main": 2.203297257423401, "loss_total": 2.203297257423401}
{"event": "update", "optimizer_step": 22040, "tokens_seen": 722206720, "lr": 9.247898688330972e-05, "grad_norm": 0.8956636190414429, "elapsed_seconds": 11733.837955815998, "tokens_per_second": 61549.06201359554, "loss_main": 2.249951422214508, "loss_total": 2.249951422214508}
{"event": "update", "optimizer_step": 22050, "tokens_seen": 722534400, "lr": 9.236354745308438e-05, "grad_norm": 0.8824995756149292, "elapsed_seconds": 11739.083571196998, "tokens_per_second": 61549.472377282465, "loss_main": 2.190308064222336, "loss_total": 2.190308064222336}
{"event": "update", "optimizer_step": 22060, "tokens_seen": 722862080, "lr": 9.22481827275001e-05, "grad_norm": 0.929857611656189, "elapsed_seconds": 11744.333442781997, "tokens_per_second": 61549.86006841172, "loss_main": 2.3728389739990234, "loss_total": 2.3728389739990234}
{"event": "update", "optimizer_step": 22070, "tokens_seen": 723189760, "lr": 9.213289282520628e-05, "grad_norm": 0.9309465289115906, "elapsed_seconds": 11749.583440269997, "tokens_per_second": 61550.24675354632, "loss_main": 2.457819700241089, "loss_total": 2.457819700241089}
{"event": "update", "optimizer_step": 22080, "tokens_seen": 723517440, "lr": 9.201767786477557e-05, "grad_norm": 0.9287028908729553, "elapsed_seconds": 11754.829516784997, "tokens_per_second": 61550.65362427183, "loss_main": 2.3964139223098755, "loss_total": 2.3964139223098755}
{"event": "update", "optimizer_step": 22090, "tokens_seen": 723845120, "lr": 9.190253796470348e-05, "grad_norm": 0.8906497359275818, "elapsed_seconds": 11760.074461215998, "tokens_per_second": 61551.066057208795, "loss_main": 2.2986850142478943, "loss_total": 2.2986850142478943}
{"event": "update", "optimizer_step": 22100, "tokens_seen": 724172800, "lr": 9.178747324340824e-05, "grad_norm": 0.887515127658844, "elapsed_seconds": 11765.340414702998, "tokens_per_second": 61551.36821158276, "loss_main": 2.32402765750885, "loss_total": 2.32402765750885}
{"event": "update", "optimizer_step": 22110, "tokens_seen": 724500480, "lr": 9.167248381923084e-05, "grad_norm": 0.8546174764633179, "elapsed_seconds": 11770.594834522997, "tokens_per_second": 61551.73040830951, "loss_main": 2.312320351600647, "loss_total": 2.312320351600647}
{"event": "update", "optimizer_step": 22120, "tokens_seen": 724828160, "lr": 9.155756981043487e-05, "grad_norm": 0.973360538482666, "elapsed_seconds": 11775.848969828998, "tokens_per_second": 61552.093768957835, "loss_main": 2.3296791911125183, "loss_total": 2.3296791911125183}
{"event": "update", "optimizer_step": 22130, "tokens_seen": 725155840, "lr": 9.144273133520624e-05, "grad_norm": 0.9161601662635803, "elapsed_seconds": 11781.103586560997, "tokens_per_second": 61552.45429020789, "loss_main": 2.3994125723838806, "loss_total": 2.3994125723838806}
{"event": "update", "optimizer_step": 22140, "tokens_seen": 725483520, "lr": 9.132796851165326e-05, "grad_norm": 0.9439594149589539, "elapsed_seconds": 11786.358523629997, "tokens_per_second": 61552.81281708063, "loss_main": 2.2504322826862335, "loss_total": 2.2504322826862335}
{"event": "update", "optimizer_step": 22150, "tokens_seen": 725811200, "lr": 9.121328145780645e-05, "grad_norm": 0.8919528722763062, "elapsed_seconds": 11791.606321461997, "tokens_per_second": 61553.20829181222, "loss_main": 2.366098165512085, "loss_total": 2.366098165512085}
{"event": "update", "optimizer_step": 22160, "tokens_seen": 726138880, "lr": 9.10986702916183e-05, "grad_norm": 0.9472434520721436, "elapsed_seconds": 11796.860367872998, "tokens_per_second": 61553.570810885554, "loss_main": 2.640310764312744, "loss_total": 2.640310764312744}
{"event": "update", "optimizer_step": 22170, "tokens_seen": 726466560, "lr": 9.098413513096334e-05, "grad_norm": 0.918296754360199, "elapsed_seconds": 11802.106404468997, "tokens_per_second": 61553.97478240964, "loss_main": 2.3562744855880737, "loss_total": 2.3562744855880737}
{"event": "update", "optimizer_step": 22180, "tokens_seen": 726794240, "lr": 9.086967609363796e-05, "grad_norm": 0.8811314702033997, "elapsed_seconds": 11807.357614280998, "tokens_per_second": 61554.35142583828, "loss_main": 2.319564461708069, "loss_total": 2.319564461708069}
{"event": "update", "optimizer_step": 22190, "tokens_seen": 727121920, "lr": 9.075529329736013e-05, "grad_norm": 0.9179823398590088, "elapsed_seconds": 11812.605995686998, "tokens_per_second": 61554.742473039885, "loss_main": 2.402647912502289, "loss_total": 2.402647912502289}
{"event": "update", "optimizer_step": 22200, "tokens_seen": 727449600, "lr": 9.064098685976956e-05, "grad_norm": 0.9014939069747925, "elapsed_seconds": 11817.861396041997, "tokens_per_second": 61555.0966136424, "loss_main": 2.4123951196670532, "loss_total": 2.4123951196670532}
{"event": "update", "optimizer_step": 22210, "tokens_seen": 727777280, "lr": 9.052675689842724e-05, "grad_norm": 0.9108049273490906, "elapsed_seconds": 11823.116913229998, "tokens_per_second": 61555.449831137295, "loss_main": 2.316230356693268, "loss_total": 2.316230356693268}
{"event": "update", "optimizer_step": 22220, "tokens_seen": 728104960, "lr": 9.041260353081568e-05, "grad_norm": 0.9201648831367493, "elapsed_seconds": 11828.369859147997, "tokens_per_second": 61555.81611585197, "loss_main": 2.2355968356132507, "loss_total": 2.2355968356132507}
{"event": "update", "optimizer_step": 22230, "tokens_seen": 728432640, "lr": 9.029852687433864e-05, "grad_norm": 0.9318839907646179, "elapsed_seconds": 11833.626194709997, "tokens_per_second": 61556.164443121605, "loss_main": 2.308209478855133, "loss_total": 2.308209478855133}
{"event": "update", "optimizer_step": 22240, "tokens_seen": 728760320, "lr": 9.018452704632075e-05, "grad_norm": 0.8789700865745544, "elapsed_seconds": 11838.878174100997, "tokens_per_second": 61556.53511109295, "loss_main": 2.3727274537086487, "loss_total": 2.3727274537086487}
{"event": "update", "optimizer_step": 22250, "tokens_seen": 729088000, "lr": 9.007060416400784e-05, "grad_norm": 0.9035857319831848, "elapsed_seconds": 11844.121691947998, "tokens_per_second": 61556.949427128624, "loss_main": 2.239166796207428, "loss_total": 2.239166796207428}
{"event": "update", "optimizer_step": 22260, "tokens_seen": 729415680, "lr": 8.995675834456654e-05, "grad_norm": 0.8850470185279846, "elapsed_seconds": 11849.373567885998, "tokens_per_second": 61557.31995629304, "loss_main": 2.1968109905719757, "loss_total": 2.1968109905719757}
{"event": "update", "optimizer_step": 22270, "tokens_seen": 729743360, "lr": 8.984298970508426e-05, "grad_norm": 0.8865517377853394, "elapsed_seconds": 11854.609958579997, "tokens_per_second": 61557.77056771358, "loss_main": 2.351498007774353, "loss_total": 2.351498007774353}
{"event": "update", "optimizer_step": 22280, "tokens_seen": 730071040, "lr": 8.972929836256887e-05, "grad_norm": 0.8735767006874084, "elapsed_seconds": 11859.876143173997, "tokens_per_second": 61558.06613715739, "loss_main": 2.153641104698181, "loss_total": 2.153641104698181}
{"event": "update", "optimizer_step": 22290, "tokens_seen": 730398720, "lr": 8.961568443394897e-05, "grad_norm": 0.9397520422935486, "elapsed_seconds": 11865.129856036998, "tokens_per_second": 61558.42614974601, "loss_main": 2.4598979353904724, "loss_total": 2.4598979353904724}
{"event": "update", "optimizer_step": 22300, "tokens_seen": 730726400, "lr": 8.950214803607343e-05, "grad_norm": 0.9039285778999329, "elapsed_seconds": 11870.373312134998, "tokens_per_second": 61558.83903440371, "loss_main": 2.408552646636963, "loss_total": 2.408552646636963}
{"event": "update", "optimizer_step": 22310, "tokens_seen": 731054080, "lr": 8.938868928571133e-05, "grad_norm": 0.9673805832862854, "elapsed_seconds": 11875.624023969998, "tokens_per_second": 61559.2139431516, "loss_main": 2.645691215991974, "loss_total": 2.645691215991974}
{"event": "update", "optimizer_step": 22320, "tokens_seen": 731381760, "lr": 8.927530829955195e-05, "grad_norm": 0.9490712881088257, "elapsed_seconds": 11880.885227967998, "tokens_per_second": 61559.53415645352, "loss_main": 2.388631522655487, "loss_total": 2.388631522655487}
{"event": "update", "optimizer_step": 22330, "tokens_seen": 731709440, "lr": 8.916200519420468e-05, "grad_norm": 0.967398464679718, "elapsed_seconds": 11886.150341243998, "tokens_per_second": 61559.833839643296, "loss_main": 2.465807259082794, "loss_total": 2.465807259082794}
{"event": "update", "optimizer_step": 22340, "tokens_seen": 732037120, "lr": 8.904878008619859e-05, "grad_norm": 0.8808358311653137, "elapsed_seconds": 11891.394268619997, "tokens_per_second": 61560.24293398131, "loss_main": 2.2714861631393433, "loss_total": 2.2714861631393433}
{"event": "update", "optimizer_step": 22350, "tokens_seen": 732364800, "lr": 8.893563309198276e-05, "grad_norm": 0.8981509804725647, "elapsed_seconds": 11896.642567899997, "tokens_per_second": 61560.62904471018, "loss_main": 2.2356842160224915, "loss_total": 2.2356842160224915}
{"event": "update", "optimizer_step": 22360, "tokens_seen": 732692480, "lr": 8.882256432792579e-05, "grad_norm": 0.9116697907447815, "elapsed_seconds": 11901.888896712997, "tokens_per_second": 61561.02500690889, "loss_main": 2.3986501693725586, "loss_total": 2.3986501693725586}
{"event": "update", "optimizer_step": 22370, "tokens_seen": 733020160, "lr": 8.870957391031594e-05, "grad_norm": 0.8554039001464844, "elapsed_seconds": 11907.144519285997, "tokens_per_second": 61561.37257028564, "loss_main": 2.318928837776184, "loss_total": 2.318928837776184}
{"event": "update", "optimizer_step": 22380, "tokens_seen": 733347840, "lr": 8.85966619553607e-05, "grad_norm": 0.883671760559082, "elapsed_seconds": 11912.398699425998, "tokens_per_second": 61561.72728128522, "loss_main": 2.3021061420440674, "loss_total": 2.3021061420440674}
{"event": "update", "optimizer_step": 22390, "tokens_seen": 733675520, "lr": 8.848382857918703e-05, "grad_norm": 0.8651459813117981, "elapsed_seconds": 11917.648746549998, "tokens_per_second": 61562.1030291222, "loss_main": 2.5765296816825867, "loss_total": 2.5765296816825867}
{"event": "update", "optimizer_step": 22400, "tokens_seen": 734003200, "lr": 8.837107389784112e-05, "grad_norm": 0.9083328247070312, "elapsed_seconds": 11922.903257786997, "tokens_per_second": 61562.455396139645, "loss_main": 2.2715153098106384, "loss_total": 2.2715153098106384}
{"event": "update", "optimizer_step": 22410, "tokens_seen": 734330880, "lr": 8.8258398027288e-05, "grad_norm": 0.9213035702705383, "elapsed_seconds": 11928.159371608997, "tokens_per_second": 61562.79918155936, "loss_main": 2.4180228114128113, "loss_total": 2.4180228114128113}
{"event": "update", "optimizer_step": 22420, "tokens_seen": 734658560, "lr": 8.814580108341185e-05, "grad_norm": 0.9346534013748169, "elapsed_seconds": 11933.421367067998, "tokens_per_second": 61563.11232145012, "loss_main": 2.356794059276581, "loss_total": 2.356794059276581}
{"event": "update", "optimizer_step": 22430, "tokens_seen": 734986240, "lr": 8.803328318201563e-05, "grad_norm": 0.8716490268707275, "elapsed_seconds": 11938.681032411998, "tokens_per_second": 61563.43720086046, "loss_main": 2.2068126499652863, "loss_total": 2.2068126499652863}
{"event": "update", "optimizer_step": 22440, "tokens_seen": 735313920, "lr": 8.792084443882088e-05, "grad_norm": 0.896539568901062, "elapsed_seconds": 11943.936010194997, "tokens_per_second": 61563.78595568139, "loss_main": 2.2661631107330322, "loss_total": 2.2661631107330322}
{"event": "update", "optimizer_step": 22450, "tokens_seen": 735641600, "lr": 8.780848496946794e-05, "grad_norm": 0.8962305188179016, "elapsed_seconds": 11949.190702173997, "tokens_per_second": 61564.135876261455, "loss_main": 2.300716280937195, "loss_total": 2.300716280937195}
{"event": "update", "optimizer_step": 22460, "tokens_seen": 735969280, "lr": 8.769620488951541e-05, "grad_norm": 0.8680487871170044, "elapsed_seconds": 11954.444844475998, "tokens_per_second": 61564.48832001449, "loss_main": 2.219504952430725, "loss_total": 2.219504952430725}
{"event": "update", "optimizer_step": 22470, "tokens_seen": 736296960, "lr": 8.758400431444037e-05, "grad_norm": 0.9642522931098938, "elapsed_seconds": 11959.705069631997, "tokens_per_second": 61564.8091414562, "loss_main": 2.4392934441566467, "loss_total": 2.4392934441566467}
{"event": "update", "optimizer_step": 22480, "tokens_seen": 736624640, "lr": 8.747188335963817e-05, "grad_norm": 0.9225768446922302, "elapsed_seconds": 11964.956022349998, "tokens_per_second": 61565.17739171113, "loss_main": 2.2718716263771057, "loss_total": 2.2718716263771057}
{"event": "update", "optimizer_step": 22490, "tokens_seen": 736952320, "lr": 8.735984214042207e-05, "grad_norm": 0.8774821162223816, "elapsed_seconds": 11970.213924932998, "tokens_per_second": 61565.50957414281, "loss_main": 2.3624619841575623, "loss_total": 2.3624619841575623}
{"event": "update", "optimizer_step": 22500, "tokens_seen": 737280000, "lr": 8.724788077202355e-05, "grad_norm": 0.8842434883117676, "elapsed_seconds": 11975.460622335997, "tokens_per_second": 61565.89907071, "loss_main": 2.2521809935569763, "loss_total": 2.2521809935569763}
{"event": "update", "optimizer_step": 22510, "tokens_seen": 737607680, "lr": 8.71359993695919e-05, "grad_norm": 0.906032145023346, "elapsed_seconds": 11980.721218137998, "tokens_per_second": 61566.21680532154, "loss_main": 2.211173802614212, "loss_total": 2.211173802614212}
{"event": "update", "optimizer_step": 22520, "tokens_seen": 737935360, "lr": 8.7024198048194e-05, "grad_norm": 1.0395442247390747, "elapsed_seconds": 11985.977359627997, "tokens_per_second": 61566.55714081066, "loss_main": 2.4291457533836365, "loss_total": 2.4291457533836365}
{"event": "update", "optimizer_step": 22530, "tokens_seen": 738263040, "lr": 8.69124769228146e-05, "grad_norm": 0.9469815492630005, "elapsed_seconds": 11991.245246868997, "tokens_per_second": 61566.836871488886, "loss_main": 2.397973895072937, "loss_total": 2.397973895072937}
{"event": "update", "optimizer_step": 22540, "tokens_seen": 738590720, "lr": 8.680083610835594e-05, "grad_norm": 0.9049484729766846, "elapsed_seconds": 11996.500620846997, "tokens_per_second": 61567.180575684644, "loss_main": 2.3222628235816956, "loss_total": 2.3222628235816956}
{"event": "update", "optimizer_step": 22550, "tokens_seen": 738918400, "lr": 8.668927571963748e-05, "grad_norm": 0.9360479116439819, "elapsed_seconds": 12001.761782399997, "tokens_per_second": 61567.494289345756, "loss_main": 2.491984486579895, "loss_total": 2.491984486579895}
{"event": "update", "optimizer_step": 22560, "tokens_seen": 739246080, "lr": 8.657779587139617e-05, "grad_norm": 1.111640214920044, "elapsed_seconds": 12007.015860401998, "tokens_per_second": 61567.84405007439, "loss_main": 2.2660080790519714, "loss_total": 2.2660080790519714}
{"event": "update", "optimizer_step": 22570, "tokens_seen": 739573760, "lr": 8.646639667828596e-05, "grad_norm": 0.9160040020942688, "elapsed_seconds": 12012.277350974997, "tokens_per_second": 61568.155512157835, "loss_main": 2.347076654434204, "loss_total": 2.347076654434204}
{"event": "update", "optimizer_step": 22580, "tokens_seen": 739901440, "lr": 8.635507825487796e-05, "grad_norm": 0.9435652494430542, "elapsed_seconds": 12017.542357452998, "tokens_per_second": 61568.448688772914, "loss_main": 2.1224446296691895, "loss_total": 2.1224446296691895}
{"event": "update", "optimizer_step": 22590, "tokens_seen": 740229120, "lr": 8.624384071566026e-05, "grad_norm": 0.9441120028495789, "elapsed_seconds": 12022.789585995997, "tokens_per_second": 61568.832649471806, "loss_main": 2.292253792285919, "loss_total": 2.292253792285919}
{"event": "update", "optimizer_step": 22600, "tokens_seen": 740556800, "lr": 8.613268417503756e-05, "grad_norm": 0.9048536419868469, "elapsed_seconds": 12028.048592403997, "tokens_per_second": 61569.1559865895, "loss_main": 2.2630176544189453, "loss_total": 2.2630176544189453}
{"event": "update", "optimizer_step": 22610, "tokens_seen": 740884480, "lr": 8.602160874733144e-05, "grad_norm": 0.8601765036582947, "elapsed_seconds": 12033.298402007997, "tokens_per_second": 61569.52609738063, "loss_main": 2.22259783744812, "loss_total": 2.22259783744812}
{"event": "update", "optimizer_step": 22620, "tokens_seen": 741212160, "lr": 8.591061454678002e-05, "grad_norm": 1.0150974988937378, "elapsed_seconds": 12038.553078191997, "tokens_per_second": 61569.87099576908, "loss_main": 2.4628098607063293, "loss_total": 2.4628098607063293}
{"event": "update", "optimizer_step": 22630, "tokens_seen": 741539840, "lr": 8.579970168753776e-05, "grad_norm": 0.9014278650283813, "elapsed_seconds": 12043.812895964997, "tokens_per_second": 61570.18930844035, "loss_main": 2.316345989704132, "loss_total": 2.316345989704132}
{"event": "update", "optimizer_step": 22640, "tokens_seen": 741867520, "lr": 8.568887028367563e-05, "grad_norm": 0.9303843975067139, "elapsed_seconds": 12049.062417250998, "tokens_per_second": 61570.559958079924, "loss_main": 2.16800594329834, "loss_total": 2.16800594329834}
{"event": "update", "optimizer_step": 22650, "tokens_seen": 742195200, "lr": 8.55781204491808e-05, "grad_norm": 0.8805687427520752, "elapsed_seconds": 12054.317894640997, "tokens_per_second": 61570.89986236041, "loss_main": 2.317047894001007, "loss_total": 2.317047894001007}
{"event": "update", "optimizer_step": 22660, "tokens_seen": 742522880, "lr": 8.54674522979564e-05, "grad_norm": 0.9000716805458069, "elapsed_seconds": 12059.584752742998, "tokens_per_second": 61571.181365188415, "loss_main": 2.301310896873474, "loss_total": 2.301310896873474}
{"event": "update", "optimizer_step": 22670, "tokens_seen": 742850560, "lr": 8.535686594382168e-05, "grad_norm": 0.9520354270935059, "elapsed_seconds": 12064.848853403997, "tokens_per_second": 61571.47669449758, "loss_main": 2.3597620725631714, "loss_total": 2.3597620725631714}
{"event": "update", "optimizer_step": 22680, "tokens_seen": 743178240, "lr": 8.524636150051179e-05, "grad_norm": 0.8920019268989563, "elapsed_seconds": 12070.109053259997, "tokens_per_second": 61571.79166490431, "loss_main": 2.418212592601776, "loss_total": 2.418212592601776}
{"event": "update", "optimizer_step": 22690, "tokens_seen": 743505920, "lr": 8.513593908167751e-05, "grad_norm": 0.972760021686554, "elapsed_seconds": 12075.371374280998, "tokens_per_second": 61572.09554511697, "loss_main": 2.6480826139450073, "loss_total": 2.6480826139450073}
{"event": "update", "optimizer_step": 22700, "tokens_seen": 743833600, "lr": 8.50255988008854e-05, "grad_norm": 0.9292370080947876, "elapsed_seconds": 12080.633544701997, "tokens_per_second": 61572.39992816525, "loss_main": 2.2419257164001465, "loss_total": 2.2419257164001465}
{"event": "update", "optimizer_step": 22710, "tokens_seen": 744161280, "lr": 8.491534077161741e-05, "grad_norm": 0.9583699703216553, "elapsed_seconds": 12085.883502596997, "tokens_per_second": 61572.766264054735, "loss_main": 2.4928101301193237, "loss_total": 2.4928101301193237}
{"event": "update", "optimizer_step": 22720, "tokens_seen": 744488960, "lr": 8.480516510727098e-05, "grad_norm": 0.97365802526474, "elapsed_seconds": 12091.143604881998, "tokens_per_second": 61573.08062236564, "loss_main": 2.4186174273490906, "loss_total": 2.4186174273490906}
{"event": "update", "optimizer_step": 22730, "tokens_seen": 744816640, "lr": 8.469507192115889e-05, "grad_norm": 0.9339584708213806, "elapsed_seconds": 12096.404577111998, "tokens_per_second": 61573.39027906622, "loss_main": 2.4030946493148804, "loss_total": 2.4030946493148804}
{"event": "update", "optimizer_step": 22740, "tokens_seen": 745144320, "lr": 8.458506132650893e-05, "grad_norm": 0.9302008152008057, "elapsed_seconds": 12101.651007994997, "tokens_per_second": 61573.77365350545, "loss_main": 2.4225192070007324, "loss_total": 2.4225192070007324}
{"event": "update", "optimizer_step": 22750, "tokens_seen": 745472000, "lr": 8.447513343646406e-05, "grad_norm": 0.9608641862869263, "elapsed_seconds": 12106.908991751998, "tokens_per_second": 61574.0979392728, "loss_main": 2.4270408749580383, "loss_total": 2.4270408749580383}
{"event": "update", "optimizer_step": 22760, "tokens_seen": 745799680, "lr": 8.436528836408227e-05, "grad_norm": 0.877629816532135, "elapsed_seconds": 12112.162200477997, "tokens_per_second": 61574.44621824563, "loss_main": 2.310328871011734, "loss_total": 2.310328871011734}
{"event": "update", "optimizer_step": 22770, "tokens_seen": 746127360, "lr": 8.42555262223361e-05, "grad_norm": 0.9088293313980103, "elapsed_seconds": 12117.424910743997, "tokens_per_second": 61574.74591308927, "loss_main": 2.1587219834327698, "loss_total": 2.1587219834327698}
{"event": "update", "optimizer_step": 22780, "tokens_seen": 746455040, "lr": 8.414584712411307e-05, "grad_norm": 0.9163212776184082, "elapsed_seconds": 12122.681446646997, "tokens_per_second": 61575.07670932502, "loss_main": 2.310327172279358, "loss_total": 2.310327172279358}
{"event": "update", "optimizer_step": 22790, "tokens_seen": 746782720, "lr": 8.403625118221522e-05, "grad_norm": 0.9585946798324585, "elapsed_seconds": 12127.933066431997, "tokens_per_second": 61575.43217870853, "loss_main": 2.4330782294273376, "loss_total": 2.4330782294273376}
{"event": "update", "optimizer_step": 22800, "tokens_seen": 747110400, "lr": 8.392673850935893e-05, "grad_norm": 0.8945837020874023, "elapsed_seconds": 12133.194544541997, "tokens_per_second": 61575.73730951842, "loss_main": 2.528262138366699, "loss_total": 2.528262138366699}
{"event": "update", "optimizer_step": 22810, "tokens_seen": 747438080, "lr": 8.381730921817514e-05, "grad_norm": 0.9456786513328552, "elapsed_seconds": 12138.448533165998, "tokens_per_second": 61576.080168546076, "loss_main": 2.2100378274917603, "loss_total": 2.2100378274917603}
{"event": "update", "optimizer_step": 22820, "tokens_seen": 747765760, "lr": 8.370796342120883e-05, "grad_norm": 0.9192543029785156, "elapsed_seconds": 12143.706554721997, "tokens_per_second": 61576.40228133118, "loss_main": 2.405146598815918, "loss_total": 2.405146598815918}
{"event": "update", "optimizer_step": 22830, "tokens_seen": 748093440, "lr": 8.35987012309193e-05, "grad_norm": 0.9535123109817505, "elapsed_seconds": 12148.962055654998, "tokens_per_second": 61576.736891015615, "loss_main": 2.318064033985138, "loss_total": 2.318064033985138}
{"event": "update", "optimizer_step": 22840, "tokens_seen": 748421120, "lr": 8.34895227596798e-05, "grad_norm": 0.9014562368392944, "elapsed_seconds": 12154.216102239998, "tokens_per_second": 61577.0785795118, "loss_main": 2.209633469581604, "loss_total": 2.209633469581604}
{"event": "update", "optimizer_step": 22850, "tokens_seen": 748748800, "lr": 8.338042811977735e-05, "grad_norm": 0.9503202438354492, "elapsed_seconds": 12159.465178930997, "tokens_per_second": 61577.44514103921, "loss_main": 2.358991026878357, "loss_total": 2.358991026878357}
{"event": "update", "optimizer_step": 22860, "tokens_seen": 749076480, "lr": 8.327141742341294e-05, "grad_norm": 0.9105691909790039, "elapsed_seconds": 12164.721162817998, "tokens_per_second": 61577.77642200176, "loss_main": 2.465189278125763, "loss_total": 2.465189278125763}
{"event": "update", "optimizer_step": 22870, "tokens_seen": 749404160, "lr": 8.316249078270117e-05, "grad_norm": 0.9585133790969849, "elapsed_seconds": 12169.967912126998, "tokens_per_second": 61578.154142316336, "loss_main": 2.2899214327335358, "loss_total": 2.2899214327335358}
{"event": "update", "optimizer_step": 22880, "tokens_seen": 749731840, "lr": 8.305364830967005e-05, "grad_norm": 0.9705395698547363, "elapsed_seconds": 12175.220191348997, "tokens_per_second": 61578.50356847885, "loss_main": 2.268146365880966, "loss_total": 2.268146365880966}
{"event": "update", "optimizer_step": 22890, "tokens_seen": 750059520, "lr": 8.294489011626121e-05, "grad_norm": 0.9145406484603882, "elapsed_seconds": 12180.470031563997, "tokens_per_second": 61578.865023790124, "loss_main": 2.3856841921806335, "loss_total": 2.3856841921806335}
{"event": "update", "optimizer_step": 22900, "tokens_seen": 750387200, "lr": 8.283621631432961e-05, "grad_norm": 0.9749380350112915, "elapsed_seconds": 12185.718033062998, "tokens_per_second": 61579.235459412885, "loss_main": 2.5030187368392944, "loss_total": 2.5030187368392944}
{"event": "update", "optimizer_step": 22910, "tokens_seen": 750714880, "lr": 8.272762701564318e-05, "grad_norm": 0.9372984766960144, "elapsed_seconds": 12190.969876437997, "tokens_per_second": 61579.58616983693, "loss_main": 2.24998739361763, "loss_total": 2.24998739361763}
{"event": "update", "optimizer_step": 22920, "tokens_seen": 751042560, "lr": 8.26191223318832e-05, "grad_norm": 0.926919162273407, "elapsed_seconds": 12196.231541430998, "tokens_per_second": 61579.88698793425, "loss_main": 2.3387930393218994, "loss_total": 2.3387930393218994}
{"event": "update", "optimizer_step": 22930, "tokens_seen": 751370240, "lr": 8.251070237464385e-05, "grad_norm": 0.9585433602333069, "elapsed_seconds": 12201.487927606997, "tokens_per_second": 61580.21418846428, "loss_main": 2.3129700422286987, "loss_total": 2.3129700422286987}
{"event": "update", "optimizer_step": 22940, "tokens_seen": 751697920, "lr": 8.240236725543204e-05, "grad_norm": 0.9804102182388306, "elapsed_seconds": 12206.738747067997, "tokens_per_second": 61580.56919015772, "loss_main": 2.0456214547157288, "loss_total": 2.0456214547157288}
{"event": "update", "optimizer_step": 22950, "tokens_seen": 752025600, "lr": 8.229411708566761e-05, "grad_norm": 0.8816399574279785, "elapsed_seconds": 12211.991798210998, "tokens_per_second": 61580.91263295545, "loss_main": 2.293235570192337, "loss_total": 2.293235570192337}
{"event": "update", "optimizer_step": 22960, "tokens_seen": 752353280, "lr": 8.21859519766829e-05, "grad_norm": 1.0093004703521729, "elapsed_seconds": 12217.239184704997, "tokens_per_second": 61581.284333197465, "loss_main": 2.4239818453788757, "loss_total": 2.4239818453788757}
{"event": "update", "optimizer_step": 22970, "tokens_seen": 752680960, "lr": 8.207787203972287e-05, "grad_norm": 0.930352509021759, "elapsed_seconds": 12222.495330791997, "tokens_per_second": 61581.61158006575, "loss_main": 2.167811155319214, "loss_total": 2.167811155319214}
{"event": "update", "optimizer_step": 22980, "tokens_seen": 753008640, "lr": 8.196987738594484e-05, "grad_norm": 0.9429051876068115, "elapsed_seconds": 12227.751574554997, "tokens_per_second": 61581.93805367723, "loss_main": 2.106457382440567, "loss_total": 2.106457382440567}
{"event": "update", "optimizer_step": 22990, "tokens_seen": 753336320, "lr": 8.186196812641833e-05, "grad_norm": 0.9051503539085388, "elapsed_seconds": 12232.998125254997, "tokens_per_second": 61582.31304268239, "loss_main": 2.3859880566596985, "loss_total": 2.3859880566596985}
{"event": "update", "optimizer_step": 23000, "tokens_seen": 753664000, "lr": 8.175414437212517e-05, "grad_norm": 0.9800286889076233, "elapsed_seconds": 12238.246066787997, "tokens_per_second": 61582.68071151831, "loss_main": 2.202575445175171, "loss_total": 2.202575445175171}
{"event": "update", "optimizer_step": 23010, "tokens_seen": 753991680, "lr": 8.164640623395922e-05, "grad_norm": 0.9171479940414429, "elapsed_seconds": 12243.499344815997, "tokens_per_second": 61583.021223360185, "loss_main": 2.132367253303528, "loss_total": 2.132367253303528}
{"event": "update", "optimizer_step": 23020, "tokens_seen": 754319360, "lr": 8.153875382272625e-05, "grad_norm": 0.9115036725997925, "elapsed_seconds": 12248.748407961997, "tokens_per_second": 61583.382634398244, "loss_main": 2.2579360008239746, "loss_total": 2.2579360008239746}
{"event": "update", "optimizer_step": 23030, "tokens_seen": 754647040, "lr": 8.143118724914384e-05, "grad_norm": 0.9141589403152466, "elapsed_seconds": 12254.003180788997, "tokens_per_second": 61583.71504122709, "loss_main": 2.1040163338184357, "loss_total": 2.1040163338184357}
{"event": "update", "optimizer_step": 23040, "tokens_seen": 754974720, "lr": 8.132370662384134e-05, "grad_norm": 0.9123512506484985, "elapsed_seconds": 12259.260715493998, "tokens_per_second": 61584.033288876635, "loss_main": 2.420996844768524, "loss_total": 2.420996844768524}
{"event": "update", "optimizer_step": 23050, "tokens_seen": 755302400, "lr": 8.121631205735973e-05, "grad_norm": 0.8919702768325806, "elapsed_seconds": 12264.507489808997, "tokens_per_second": 61584.40529532938, "loss_main": 2.109549105167389, "loss_total": 2.109549105167389}
{"event": "update", "optimizer_step": 23060, "tokens_seen": 755630080, "lr": 8.110900366015136e-05, "grad_norm": 0.966590166091919, "elapsed_seconds": 12269.748877813998, "tokens_per_second": 61584.804018794595, "loss_main": 2.3391690850257874, "loss_total": 2.3391690850257874}
{"event": "update", "optimizer_step": 23070, "tokens_seen": 755957760, "lr": 8.100178154258009e-05, "grad_norm": 0.9367784261703491, "elapsed_seconds": 12275.004132521997, "tokens_per_second": 61585.13283080113, "loss_main": 2.3564876317977905, "loss_total": 2.3564876317977905}
{"event": "update", "optimizer_step": 23080, "tokens_seen": 756285440, "lr": 8.089464581492099e-05, "grad_norm": 0.9727842807769775, "elapsed_seconds": 12280.254322794997, "tokens_per_second": 61585.4867595176, "loss_main": 2.39440381526947, "loss_total": 2.39440381526947}
{"event": "update", "optimizer_step": 23090, "tokens_seen": 756613120, "lr": 8.078759658736023e-05, "grad_norm": 0.9411081671714783, "elapsed_seconds": 12285.506230416997, "tokens_per_second": 61585.831776857834, "loss_main": 2.325023055076599, "loss_total": 2.325023055076599}
{"event": "update", "optimizer_step": 23100, "tokens_seen": 756940800, "lr": 8.068063396999509e-05, "grad_norm": 0.9960945248603821, "elapsed_seconds": 12290.747852835997, "tokens_per_second": 61586.22803618428, "loss_main": 2.6051148772239685, "loss_total": 2.6051148772239685}
{"event": "update", "optimizer_step": 23110, "tokens_seen": 757268480, "lr": 8.057375807283377e-05, "grad_norm": 0.9718894958496094, "elapsed_seconds": 12296.003965063997, "tokens_per_second": 61586.55138300117, "loss_main": 2.2928303480148315, "loss_total": 2.2928303480148315}
{"event": "update", "optimizer_step": 23120, "tokens_seen": 757596160, "lr": 8.04669690057953e-05, "grad_norm": 0.9233925342559814, "elapsed_seconds": 12301.256005373998, "tokens_per_second": 61586.894839765315, "loss_main": 2.2996272444725037, "loss_total": 2.2996272444725037}
{"event": "update", "optimizer_step": 23130, "tokens_seen": 757923840, "lr": 8.036026687870926e-05, "grad_norm": 0.9171000123023987, "elapsed_seconds": 12306.509416936997, "tokens_per_second": 61587.231141016906, "loss_main": 2.0431628227233887, "loss_total": 2.0431628227233887}
{"event": "update", "optimizer_step": 23140, "tokens_seen": 758251520, "lr": 8.025365180131598e-05, "grad_norm": 0.9643749594688416, "elapsed_seconds": 12311.773807897998, "tokens_per_second": 61587.512232687535, "loss_main": 2.3233497738838196, "loss_total": 2.3233497738838196}
{"event": "update", "optimizer_step": 23150, "tokens_seen": 758579200, "lr": 8.014712388326622e-05, "grad_norm": 0.9128782749176025, "elapsed_seconds": 12317.023660074998, "tokens_per_second": 61587.86578115423, "loss_main": 2.3332719206809998, "loss_total": 2.3332719206809998}
{"event": "update", "optimizer_step": 23160, "tokens_seen": 758906880, "lr": 8.004068323412108e-05, "grad_norm": 1.0682353973388672, "elapsed_seconds": 12322.271937366997, "tokens_per_second": 61588.22689983273, "loss_main": 2.4945801496505737, "loss_total": 2.4945801496505737}
{"event": "update", "optimizer_step": 23170, "tokens_seen": 759234560, "lr": 7.993432996335185e-05, "grad_norm": 0.9338432550430298, "elapsed_seconds": 12327.511508679998, "tokens_per_second": 61588.63120633964, "loss_main": 2.297140896320343, "loss_total": 2.297140896320343}
{"event": "update", "optimizer_step": 23180, "tokens_seen": 759562240, "lr": 7.982806418034013e-05, "grad_norm": 0.9880152344703674, "elapsed_seconds": 12332.763550356998, "tokens_per_second": 61588.972893104146, "loss_main": 2.34923654794693, "loss_total": 2.34923654794693}
{"event": "update", "optimizer_step": 23190, "tokens_seen": 759889920, "lr": 7.97218859943773e-05, "grad_norm": 0.9270005822181702, "elapsed_seconds": 12338.010933812997, "tokens_per_second": 61589.33754204091, "loss_main": 2.3386005759239197, "loss_total": 2.3386005759239197}
{"event": "evaluation", "tokens_seen": 760020992, "elapsed_seconds": 12340.111745487997, "parameters": 71199040, "main_loss": 2.4241432175040245, "perplexity": 11.292550014112221}
{"event": "update", "optimizer_step": 23200, "tokens_seen": 760217600, "lr": 7.961579551466486e-05, "grad_norm": 0.9402600526809692, "elapsed_seconds": 12345.560899888997, "tokens_per_second": 61578.214725491765, "loss_main": 2.2464621663093567, "loss_total": 2.2464621663093567}
{"event": "update", "optimizer_step": 23210, "tokens_seen": 760545280, "lr": 7.950979285031395e-05, "grad_norm": 1.0389947891235352, "elapsed_seconds": 12350.805777264997, "tokens_per_second": 61578.596062128156, "loss_main": 2.604592502117157, "loss_total": 2.604592502117157}
{"event": "update", "optimizer_step": 23220, "tokens_seen": 760872960, "lr": 7.94038781103455e-05, "grad_norm": 0.939752995967865, "elapsed_seconds": 12356.048689821997, "tokens_per_second": 61578.98686711644, "loss_main": 2.269683003425598, "loss_total": 2.269683003425598}
{"event": "update", "optimizer_step": 23230, "tokens_seen": 761200640, "lr": 7.929805140369003e-05, "grad_norm": 1.0150213241577148, "elapsed_seconds": 12361.299667897998, "tokens_per_second": 61579.33716119026, "loss_main": 2.3334156274795532, "loss_total": 2.3334156274795532}
{"event": "update", "optimizer_step": 23240, "tokens_seen": 761528320, "lr": 7.919231283918737e-05, "grad_norm": 0.9842609763145447, "elapsed_seconds": 12366.555678985997, "tokens_per_second": 61579.66209573093, "loss_main": 2.2952537536621094, "loss_total": 2.2952537536621094}
{"event": "update", "optimizer_step": 23250, "tokens_seen": 761856000, "lr": 7.908666252558681e-05, "grad_norm": 0.9864621162414551, "elapsed_seconds": 12371.801025243998, "tokens_per_second": 61580.039837811295, "loss_main": 2.382449150085449, "loss_total": 2.382449150085449}
{"event": "update", "optimizer_step": 23260, "tokens_seen": 762183680, "lr": 7.898110057154696e-05, "grad_norm": 0.9843621253967285, "elapsed_seconds": 12377.056287889998, "tokens_per_second": 61580.36792203477, "loss_main": 2.3569061160087585, "loss_total": 2.3569061160087585}
{"event": "update", "optimizer_step": 23270, "tokens_seen": 762511360, "lr": 7.887562708563531e-05, "grad_norm": 0.9224002361297607, "elapsed_seconds": 12382.304367397997, "tokens_per_second": 61580.73145154267, "loss_main": 2.3074439764022827, "loss_total": 2.3074439764022827}
{"event": "update", "optimizer_step": 23280, "tokens_seen": 762839040, "lr": 7.87702421763286e-05, "grad_norm": 0.9407736659049988, "elapsed_seconds": 12387.551348634997, "tokens_per_second": 61581.10013276016, "loss_main": 2.2873873114585876, "loss_total": 2.2873873114585876}
{"event": "update", "optimizer_step": 23290, "tokens_seen": 763166720, "lr": 7.86649459520124e-05, "grad_norm": 1.0068415403366089, "elapsed_seconds": 12392.810912830997, "tokens_per_second": 61581.40597544736, "loss_main": 2.218451499938965, "loss_total": 2.218451499938965}
{"event": "update", "optimizer_step": 23300, "tokens_seen": 763494400, "lr": 7.855973852098096e-05, "grad_norm": 0.9302963614463806, "elapsed_seconds": 12398.067155037998, "tokens_per_second": 61581.72805909923, "loss_main": 2.251978099346161, "loss_total": 2.251978099346161}
{"event": "update", "optimizer_step": 23310, "tokens_seen": 763822080, "lr": 7.845461999143736e-05, "grad_norm": 0.9641904234886169, "elapsed_seconds": 12403.316257930997, "tokens_per_second": 61582.0853162228, "loss_main": 2.324576497077942, "loss_total": 2.324576497077942}
{"event": "update", "optimizer_step": 23320, "tokens_seen": 764149760, "lr": 7.834959047149321e-05, "grad_norm": 0.9993008375167847, "elapsed_seconds": 12408.563514631998, "tokens_per_second": 61582.451433554386, "loss_main": 2.3949811458587646, "loss_total": 2.3949811458587646}
{"event": "update", "optimizer_step": 23330, "tokens_seen": 764477440, "lr": 7.824465006916846e-05, "grad_norm": 0.909281849861145, "elapsed_seconds": 12413.812381967997, "tokens_per_second": 61582.80925128701, "loss_main": 2.311508059501648, "loss_total": 2.311508059501648}
{"event": "update", "optimizer_step": 23340, "tokens_seen": 764805120, "lr": 7.813979889239162e-05, "grad_norm": 0.9065169095993042, "elapsed_seconds": 12419.073016709997, "tokens_per_second": 61583.1084148508, "loss_main": 2.446276307106018, "loss_total": 2.446276307106018}
{"event": "update", "optimizer_step": 23350, "tokens_seen": 765132800, "lr": 7.803503704899917e-05, "grad_norm": 0.9201266169548035, "elapsed_seconds": 12424.327864575998, "tokens_per_second": 61583.43600876243, "loss_main": 2.404758036136627, "loss_total": 2.404758036136627}
{"event": "update", "optimizer_step": 23360, "tokens_seen": 765460480, "lr": 7.793036464673594e-05, "grad_norm": 0.9148024320602417, "elapsed_seconds": 12429.574054932997, "tokens_per_second": 61583.80622031109, "loss_main": 2.2352123856544495, "loss_total": 2.2352123856544495}
{"event": "update", "optimizer_step": 23370, "tokens_seen": 765788160, "lr": 7.782578179325468e-05, "grad_norm": 0.9894376993179321, "elapsed_seconds": 12434.811607635997, "tokens_per_second": 61584.21889799626, "loss_main": 2.4700093269348145, "loss_total": 2.4700093269348145}
{"event": "update", "optimizer_step": 23380, "tokens_seen": 766115840, "lr": 7.772128859611601e-05, "grad_norm": 0.9848978519439697, "elapsed_seconds": 12440.062598167997, "tokens_per_second": 61584.56470410552, "loss_main": 2.333872139453888, "loss_total": 2.333872139453888}
{"event": "update", "optimizer_step": 23390, "tokens_seen": 766443520, "lr": 7.761688516278839e-05, "grad_norm": 0.9868701100349426, "elapsed_seconds": 12445.314498581998, "tokens_per_second": 61584.90571590838, "loss_main": 2.55383163690567, "loss_total": 2.55383163690567}
{"event": "update", "optimizer_step": 23400, "tokens_seen": 766771200, "lr": 7.751257160064801e-05, "grad_norm": 0.9411436915397644, "elapsed_seconds": 12450.565156920997, "tokens_per_second": 61585.252583796864, "loss_main": 2.244809627532959, "loss_total": 2.244809627532959}
{"event": "update", "optimizer_step": 23410, "tokens_seen": 767098880, "lr": 7.740834801697849e-05, "grad_norm": 0.9474506974220276, "elapsed_seconds": 12455.807835512998, "tokens_per_second": 61585.63861373241, "loss_main": 2.3685513138771057, "loss_total": 2.3685513138771057}
{"event": "update", "optimizer_step": 23420, "tokens_seen": 767426560, "lr": 7.730421451897099e-05, "grad_norm": 0.9863032102584839, "elapsed_seconds": 12461.057312072997, "tokens_per_second": 61585.99072138706, "loss_main": 2.51023668050766, "loss_total": 2.51023668050766}
{"event": "update", "optimizer_step": 23430, "tokens_seen": 767754240, "lr": 7.720017121372409e-05, "grad_norm": 0.9194550514221191, "elapsed_seconds": 12466.303100260997, "tokens_per_second": 61586.36075388911, "loss_main": 2.4209086894989014, "loss_total": 2.4209086894989014}
{"event": "update", "optimizer_step": 23440, "tokens_seen": 768081920, "lr": 7.709621820824343e-05, "grad_norm": 0.9895188808441162, "elapsed_seconds": 12471.547110628997, "tokens_per_second": 61586.73925429787, "loss_main": 2.202961027622223, "loss_total": 2.202961027622223}
{"event": "update", "optimizer_step": 23450, "tokens_seen": 768409600, "lr": 7.6992355609442e-05, "grad_norm": 0.9224525094032288, "elapsed_seconds": 12476.805572461997, "tokens_per_second": 61587.046102247856, "loss_main": 2.198923170566559, "loss_total": 2.198923170566559}
{"event": "update", "optimizer_step": 23460, "tokens_seen": 768737280, "lr": 7.688858352413957e-05, "grad_norm": 0.9550122022628784, "elapsed_seconds": 12482.056350726998, "tokens_per_second": 61587.39060292947, "loss_main": 2.2165568470954895, "loss_total": 2.2165568470954895}
{"event": "update", "optimizer_step": 23470, "tokens_seen": 769064960, "lr": 7.678490205906303e-05, "grad_norm": 0.9730231165885925, "elapsed_seconds": 12487.303646333998, "tokens_per_second": 61587.7519904612, "loss_main": 2.4206619262695312, "loss_total": 2.4206619262695312}
{"event": "update", "optimizer_step": 23480, "tokens_seen": 769392640, "lr": 7.668131132084598e-05, "grad_norm": 0.9677964448928833, "elapsed_seconds": 12492.557429972998, "tokens_per_second": 61588.08108850639, "loss_main": 2.3760703206062317, "loss_total": 2.3760703206062317}
{"event": "update", "optimizer_step": 23490, "tokens_seen": 769720320, "lr": 7.657781141602867e-05, "grad_norm": 0.9402303099632263, "elapsed_seconds": 12497.814278223997, "tokens_per_second": 61588.39480765441, "loss_main": 2.315855860710144, "loss_total": 2.315855860710144}
{"event": "update", "optimizer_step": 23500, "tokens_seen": 770048000, "lr": 7.647440245105798e-05, "grad_norm": 0.9668141603469849, "elapsed_seconds": 12503.070347346997, "tokens_per_second": 61588.71210089569, "loss_main": 2.2591353058815002, "loss_total": 2.2591353058815002}
{"event": "update", "optimizer_step": 23510, "tokens_seen": 770375680, "lr": 7.637108453228733e-05, "grad_norm": 0.9927942156791687, "elapsed_seconds": 12508.325937358997, "tokens_per_second": 61589.031486547334, "loss_main": 2.2918771505355835, "loss_total": 2.2918771505355835}
{"event": "update", "optimizer_step": 23520, "tokens_seen": 770703360, "lr": 7.62678577659763e-05, "grad_norm": 0.999807596206665, "elapsed_seconds": 12513.591025363998, "tokens_per_second": 61589.30385673058, "loss_main": 2.4574028849601746, "loss_total": 2.4574028849601746}
{"event": "update", "optimizer_step": 23530, "tokens_seen": 771031040, "lr": 7.616472225829092e-05, "grad_norm": 0.9480858445167542, "elapsed_seconds": 12518.839392206997, "tokens_per_second": 61589.65826176893, "loss_main": 2.226214110851288, "loss_total": 2.226214110851288}
{"event": "update", "optimizer_step": 23540, "tokens_seen": 771358720, "lr": 7.606167811530335e-05, "grad_norm": 0.9389999508857727, "elapsed_seconds": 12524.096761265997, "tokens_per_second": 61589.9680993863, "loss_main": 2.2207950949668884, "loss_total": 2.2207950949668884}
{"event": "update", "optimizer_step": 23550, "tokens_seen": 771686400, "lr": 7.595872544299159e-05, "grad_norm": 0.9431109428405762, "elapsed_seconds": 12529.349055519997, "tokens_per_second": 61590.30262310569, "loss_main": 2.1599913835525513, "loss_total": 2.1599913835525513}
{"event": "update", "optimizer_step": 23560, "tokens_seen": 772014080, "lr": 7.585586434723975e-05, "grad_norm": 0.9502490162849426, "elapsed_seconds": 12534.605340406997, "tokens_per_second": 61590.61725791303, "loss_main": 2.1436641216278076, "loss_total": 2.1436641216278076}
{"event": "update", "optimizer_step": 23570, "tokens_seen": 772341760, "lr": 7.575309493383777e-05, "grad_norm": 0.9211288094520569, "elapsed_seconds": 12539.860884422997, "tokens_per_second": 61590.9352678228, "loss_main": 2.3782978653907776, "loss_total": 2.3782978653907776}
{"event": "update", "optimizer_step": 23580, "tokens_seen": 772669440, "lr": 7.565041730848114e-05, "grad_norm": 0.9950072169303894, "elapsed_seconds": 12545.107762295998, "tokens_per_second": 61591.2955584358, "loss_main": 2.4216893315315247, "loss_total": 2.4216893315315247}
{"event": "update", "optimizer_step": 23590, "tokens_seen": 772997120, "lr": 7.554783157677115e-05, "grad_norm": 0.9036062359809875, "elapsed_seconds": 12550.368183279998, "tokens_per_second": 61591.58908420006, "loss_main": 2.1101423501968384, "loss_total": 2.1101423501968384}
{"event": "update", "optimizer_step": 23600, "tokens_seen": 773324800, "lr": 7.544533784421435e-05, "grad_norm": 0.9602066874504089, "elapsed_seconds": 12555.623988166997, "tokens_per_second": 61591.90500837053, "loss_main": 2.29019296169281, "loss_total": 2.29019296169281}
{"event": "update", "optimizer_step": 23610, "tokens_seen": 773652480, "lr": 7.534293621622283e-05, "grad_norm": 1.0114071369171143, "elapsed_seconds": 12560.872616626997, "tokens_per_second": 61592.255857758304, "loss_main": 2.3307472467422485, "loss_total": 2.3307472467422485}
{"event": "update", "optimizer_step": 23620, "tokens_seen": 773980160, "lr": 7.524062679811397e-05, "grad_norm": 0.9952232241630554, "elapsed_seconds": 12566.102929489998, "tokens_per_second": 61592.696187744215, "loss_main": 2.2240574955940247, "loss_total": 2.2240574955940247}
{"event": "update", "optimizer_step": 23630, "tokens_seen": 774307840, "lr": 7.51384096951102e-05, "grad_norm": 1.0070382356643677, "elapsed_seconds": 12571.354243728998, "tokens_per_second": 61593.03325544661, "loss_main": 2.4557265639305115, "loss_total": 2.4557265639305115}
{"event": "update", "optimizer_step": 23640, "tokens_seen": 774635520, "lr": 7.503628501233907e-05, "grad_norm": 0.9740030765533447, "elapsed_seconds": 12576.611416591997, "tokens_per_second": 61593.341349327486, "loss_main": 2.458770751953125, "loss_total": 2.458770751953125}
{"event": "update", "optimizer_step": 23650, "tokens_seen": 774963200, "lr": 7.493425285483313e-05, "grad_norm": 0.9546058773994446, "elapsed_seconds": 12581.867174919997, "tokens_per_second": 61593.65611049917, "loss_main": 2.1689147353172302, "loss_total": 2.1689147353172302}
{"event": "update", "optimizer_step": 23660, "tokens_seen": 775290880, "lr": 7.483231332752963e-05, "grad_norm": 0.973502516746521, "elapsed_seconds": 12587.113919056997, "tokens_per_second": 61594.01471898995, "loss_main": 2.311052680015564, "loss_total": 2.311052680015564}
{"event": "update", "optimizer_step": 23670, "tokens_seen": 775618560, "lr": 7.473046653527069e-05, "grad_norm": 0.9622157216072083, "elapsed_seconds": 12592.365019701998, "tokens_per_second": 61594.35171919399, "loss_main": 2.345519244670868, "loss_total": 2.345519244670868}
{"event": "update", "optimizer_step": 23680, "tokens_seen": 775946240, "lr": 7.462871258280302e-05, "grad_norm": 0.949432373046875, "elapsed_seconds": 12597.616198616997, "tokens_per_second": 61594.688055759754, "loss_main": 2.306986391544342, "loss_total": 2.306986391544342}
{"event": "update", "optimizer_step": 23690, "tokens_seen": 776273920, "lr": 7.452705157477775e-05, "grad_norm": 0.9622535705566406, "elapsed_seconds": 12602.877915851997, "tokens_per_second": 61594.97260729604, "loss_main": 2.313684046268463, "loss_total": 2.313684046268463}
{"event": "update", "optimizer_step": 23700, "tokens_seen": 776601600, "lr": 7.44254836157506e-05, "grad_norm": 1.0777676105499268, "elapsed_seconds": 12608.124199659997, "tokens_per_second": 61595.332319215464, "loss_main": 2.4486835598945618, "loss_total": 2.4486835598945618}
{"event": "update", "optimizer_step": 23710, "tokens_seen": 776929280, "lr": 7.432400881018139e-05, "grad_norm": 0.9586158394813538, "elapsed_seconds": 12613.374424599997, "tokens_per_second": 61595.672485924675, "loss_main": 2.453077554702759, "loss_total": 2.453077554702759}
{"event": "update", "optimizer_step": 23720, "tokens_seen": 777256960, "lr": 7.422262726243428e-05, "grad_norm": 0.9467136859893799, "elapsed_seconds": 12618.622047129997, "tokens_per_second": 61596.02507286291, "loss_main": 2.171293467283249, "loss_total": 2.171293467283249}
{"event": "update", "optimizer_step": 23730, "tokens_seen": 777584640, "lr": 7.41213390767775e-05, "grad_norm": 0.9739046096801758, "elapsed_seconds": 12623.874238713997, "tokens_per_second": 61596.355072625716, "loss_main": 2.1587917804718018, "loss_total": 2.1587917804718018}
{"event": "update", "optimizer_step": 23740, "tokens_seen": 777912320, "lr": 7.402014435738314e-05, "grad_norm": 0.9572492241859436, "elapsed_seconds": 12629.116519913998, "tokens_per_second": 61596.73313436952, "loss_main": 2.372896134853363, "loss_total": 2.372896134853363}
{"event": "update", "optimizer_step": 23750, "tokens_seen": 778240000, "lr": 7.391904320832733e-05, "grad_norm": 0.9435563087463379, "elapsed_seconds": 12634.363339862997, "tokens_per_second": 61597.088754330456, "loss_main": 2.3026636838912964, "loss_total": 2.3026636838912964}
{"event": "update", "optimizer_step": 23760, "tokens_seen": 778567680, "lr": 7.381803573358988e-05, "grad_norm": 0.9534904956817627, "elapsed_seconds": 12639.612475371998, "tokens_per_second": 61597.432794480184, "loss_main": 2.2800291180610657, "loss_total": 2.2800291180610657}
{"event": "update", "optimizer_step": 23770, "tokens_seen": 778895360, "lr": 7.371712203705424e-05, "grad_norm": 0.9556190967559814, "elapsed_seconds": 12644.864238391998, "tokens_per_second": 61597.76374942317, "loss_main": 2.4622095227241516, "loss_total": 2.4622095227241516}
{"event": "update", "optimizer_step": 23780, "tokens_seen": 779223040, "lr": 7.361630222250742e-05, "grad_norm": 0.9188665747642517, "elapsed_seconds": 12650.110724050997, "tokens_per_second": 61598.120127004404, "loss_main": 2.330258846282959, "loss_total": 2.330258846282959}
{"event": "update", "optimizer_step": 23790, "tokens_seen": 779550720, "lr": 7.351557639363993e-05, "grad_norm": 0.9818785786628723, "elapsed_seconds": 12655.362370014998, "tokens_per_second": 61598.4510919284, "loss_main": 2.3987109661102295, "loss_total": 2.3987109661102295}
{"event": "update", "optimizer_step": 23800, "tokens_seen": 779878400, "lr": 7.34149446540456e-05, "grad_norm": 0.9507148265838623, "elapsed_seconds": 12660.619189915997, "tokens_per_second": 61598.756609089236, "loss_main": 2.332935929298401, "loss_total": 2.332935929298401}
{"event": "update", "optimizer_step": 23810, "tokens_seen": 780206080, "lr": 7.331440710722141e-05, "grad_norm": 0.972602367401123, "elapsed_seconds": 12665.877398300998, "tokens_per_second": 61599.05511991273, "loss_main": 2.315177798271179, "loss_total": 2.315177798271179}
{"event": "update", "optimizer_step": 23820, "tokens_seen": 780533760, "lr": 7.321396385656756e-05, "grad_norm": 1.4569422006607056, "elapsed_seconds": 12671.127243843997, "tokens_per_second": 61599.394038064456, "loss_main": 2.376282751560211, "loss_total": 2.376282751560211}
{"event": "update", "optimizer_step": 23830, "tokens_seen": 780861440, "lr": 7.311361500538728e-05, "grad_norm": 1.1448805332183838, "elapsed_seconds": 12676.378122942997, "tokens_per_second": 61599.72765302083, "loss_main": 2.2502923011779785, "loss_total": 2.2502923011779785}
{"event": "update", "optimizer_step": 23840, "tokens_seen": 781189120, "lr": 7.301336065688656e-05, "grad_norm": 1.0084363222122192, "elapsed_seconds": 12681.638982521998, "tokens_per_second": 61600.01251231368, "loss_main": 2.3539692163467407, "loss_total": 2.3539692163467407}
{"event": "update", "optimizer_step": 23850, "tokens_seen": 781516800, "lr": 7.291320091417437e-05, "grad_norm": 0.988886296749115, "elapsed_seconds": 12686.896640875997, "tokens_per_second": 61600.31267867555, "loss_main": 2.271255284547806, "loss_total": 2.271255284547806}
{"event": "update", "optimizer_step": 23860, "tokens_seen": 781844480, "lr": 7.281313588026233e-05, "grad_norm": 0.9971457123756409, "elapsed_seconds": 12692.143442684997, "tokens_per_second": 61600.66528799035, "loss_main": 2.3636189699172974, "loss_total": 2.3636189699172974}
{"event": "update", "optimizer_step": 23870, "tokens_seen": 782172160, "lr": 7.271316565806467e-05, "grad_norm": 1.0164783000946045, "elapsed_seconds": 12697.398744362998, "tokens_per_second": 61600.976369057076, "loss_main": 2.3590188026428223, "loss_total": 2.3590188026428223}
{"event": "update", "optimizer_step": 23880, "tokens_seen": 782499840, "lr": 7.261329035039796e-05, "grad_norm": 0.9345947504043579, "elapsed_seconds": 12702.650540013998, "tokens_per_second": 61601.30419514302, "loss_main": 2.2173845171928406, "loss_total": 2.2173845171928406}
{"event": "update", "optimizer_step": 23890, "tokens_seen": 782827520, "lr": 7.251351005998138e-05, "grad_norm": 0.9365434050559998, "elapsed_seconds": 12707.901546896997, "tokens_per_second": 61601.635573825326, "loss_main": 2.325503408908844, "loss_total": 2.325503408908844}
{"event": "update", "optimizer_step": 23900, "tokens_seen": 783155200, "lr": 7.241382488943626e-05, "grad_norm": 1.010758876800537, "elapsed_seconds": 12713.158411639997, "tokens_per_second": 61601.93829433869, "loss_main": 2.4624711871147156, "loss_total": 2.4624711871147156}
{"event": "update", "optimizer_step": 23910, "tokens_seen": 783482880, "lr": 7.231423494128608e-05, "grad_norm": 0.9780698418617249, "elapsed_seconds": 12718.415641680998, "tokens_per_second": 61602.23899526897, "loss_main": 2.2854576110839844, "loss_total": 2.2854576110839844}
{"event": "update", "optimizer_step": 23920, "tokens_seen": 783810560, "lr": 7.221474031795646e-05, "grad_norm": 0.9634504318237305, "elapsed_seconds": 12723.669001648997, "tokens_per_second": 61602.55818494002, "loss_main": 2.411436915397644, "loss_total": 2.411436915397644}
{"event": "update", "optimizer_step": 23930, "tokens_seen": 784138240, "lr": 7.211534112177499e-05, "grad_norm": 0.9785271286964417, "elapsed_seconds": 12728.933245187998, "tokens_per_second": 61602.824439073316, "loss_main": 2.3275735676288605, "loss_total": 2.3275735676288605}
{"event": "update", "optimizer_step": 23940, "tokens_seen": 784465920, "lr": 7.201603745497095e-05, "grad_norm": 1.0048091411590576, "elapsed_seconds": 12734.184114192998, "tokens_per_second": 61603.15517392799, "loss_main": 2.3363201022148132, "loss_total": 2.3363201022148132}
{"event": "update", "optimizer_step": 23950, "tokens_seen": 784793600, "lr": 7.191682941967563e-05, "grad_norm": 1.0600260496139526, "elapsed_seconds": 12739.450517711997, "tokens_per_second": 61603.41051671582, "loss_main": 2.378325402736664, "loss_total": 2.378325402736664}
{"event": "update", "optimizer_step": 23960, "tokens_seen": 785121280, "lr": 7.181771711792173e-05, "grad_norm": 0.9800280332565308, "elapsed_seconds": 12744.757604478997, "tokens_per_second": 61603.46899999717, "loss_main": 2.478694796562195, "loss_total": 2.478694796562195}
{"event": "update", "optimizer_step": 23970, "tokens_seen": 785448960, "lr": 7.171870065164364e-05, "grad_norm": 0.9660943746566772, "elapsed_seconds": 12750.023109343998, "tokens_per_second": 61603.72834339217, "loss_main": 2.298270046710968, "loss_total": 2.298270046710968}
{"event": "update", "optimizer_step": 23980, "tokens_seen": 785776640, "lr": 7.161978012267716e-05, "grad_norm": 0.9401454925537109, "elapsed_seconds": 12755.297011997998, "tokens_per_second": 61603.946914044885, "loss_main": 2.1266457438468933, "loss_total": 2.1266457438468933}
{"event": "update", "optimizer_step": 23990, "tokens_seen": 786104320, "lr": 7.152095563275933e-05, "grad_norm": 1.1126500368118286, "elapsed_seconds": 12760.583574964998, "tokens_per_second": 61604.104183938645, "loss_main": 2.3187980949878693, "loss_total": 2.3187980949878693}
{"event": "update", "optimizer_step": 24000, "tokens_seen": 786432000, "lr": 7.142222728352853e-05, "grad_norm": 0.9790505766868591, "elapsed_seconds": 12765.860666274997, "tokens_per_second": 61604.307030986594, "loss_main": 2.3917025923728943, "loss_total": 2.3917025923728943}
{"event": "update", "optimizer_step": 24010, "tokens_seen": 786759680, "lr": 7.132359517652426e-05, "grad_norm": 0.9092307686805725, "elapsed_seconds": 12771.124565674998, "tokens_per_second": 61604.57334466669, "loss_main": 2.2329925298690796, "loss_total": 2.2329925298690796}
{"event": "update", "optimizer_step": 24020, "tokens_seen": 787087360, "lr": 7.122505941318686e-05, "grad_norm": 0.9673808813095093, "elapsed_seconds": 12776.386388176998, "tokens_per_second": 61604.84945323462, "loss_main": 2.382608652114868, "loss_total": 2.382608652114868}
{"event": "update", "optimizer_step": 24030, "tokens_seen": 787415040, "lr": 7.112662009485781e-05, "grad_norm": 0.9969845414161682, "elapsed_seconds": 12781.637034246998, "tokens_per_second": 61605.17920280536, "loss_main": 2.50168776512146, "loss_total": 2.50168776512146}
{"event": "update", "optimizer_step": 24040, "tokens_seen": 787742720, "lr": 7.102827732277935e-05, "grad_norm": 0.9625257849693298, "elapsed_seconds": 12786.903375328997, "tokens_per_second": 61605.433065199184, "loss_main": 2.2733250856399536, "loss_total": 2.2733250856399536}
{"event": "update", "optimizer_step": 24050, "tokens_seen": 788070400, "lr": 7.093003119809429e-05, "grad_norm": 1.0010764598846436, "elapsed_seconds": 12792.167527927997, "tokens_per_second": 61605.697258066415, "loss_main": 2.4001787304878235, "loss_total": 2.4001787304878235}
{"event": "update", "optimizer_step": 24060, "tokens_seen": 788398080, "lr": 7.083188182184613e-05, "grad_norm": 1.0140480995178223, "elapsed_seconds": 12797.421407650998, "tokens_per_second": 61606.01068654757, "loss_main": 2.3014226853847504, "loss_total": 2.3014226853847504}
{"event": "update", "optimizer_step": 24070, "tokens_seen": 788725760, "lr": 7.073382929497898e-05, "grad_norm": 0.9846552610397339, "elapsed_seconds": 12802.682145639998, "tokens_per_second": 61606.290855905034, "loss_main": 2.4192989468574524, "loss_total": 2.4192989468574524}
{"event": "update", "optimizer_step": 24080, "tokens_seen": 789053440, "lr": 7.063587371833709e-05, "grad_norm": 0.9765439629554749, "elapsed_seconds": 12807.948937426998, "tokens_per_second": 61606.54167618143, "loss_main": 2.313684046268463, "loss_total": 2.313684046268463}
{"event": "update", "optimizer_step": 24090, "tokens_seen": 789381120, "lr": 7.053801519266526e-05, "grad_norm": 1.0118457078933716, "elapsed_seconds": 12813.207141783998, "tokens_per_second": 61606.83357922313, "loss_main": 2.371514856815338, "loss_total": 2.371514856815338}
{"event": "update", "optimizer_step": 24100, "tokens_seen": 789708800, "lr": 7.044025381860823e-05, "grad_norm": 1.6783454418182373, "elapsed_seconds": 12818.468994283998, "tokens_per_second": 61607.10770936423, "loss_main": 2.3847745060920715, "loss_total": 2.3847745060920715}
{"event": "update", "optimizer_step": 24110, "tokens_seen": 790036480, "lr": 7.034258969671104e-05, "grad_norm": 1.020277738571167, "elapsed_seconds": 12823.731394358998, "tokens_per_second": 61607.37898389913, "loss_main": 2.3667543530464172, "loss_total": 2.3667543530464172}
{"event": "update", "optimizer_step": 24120, "tokens_seen": 790364160, "lr": 7.024502292741865e-05, "grad_norm": 0.9604240655899048, "elapsed_seconds": 12828.985259275998, "tokens_per_second": 61607.69102361601, "loss_main": 2.1423400044441223, "loss_total": 2.1423400044441223}
{"event": "update", "optimizer_step": 24130, "tokens_seen": 790691840, "lr": 7.014755361107574e-05, "grad_norm": 0.9572122097015381, "elapsed_seconds": 12834.242518367997, "tokens_per_second": 61607.98651485545, "loss_main": 2.3323753476142883, "loss_total": 2.3323753476142883}
{"event": "update", "optimizer_step": 24140, "tokens_seen": 791019520, "lr": 7.005018184792696e-05, "grad_norm": 0.9946319460868835, "elapsed_seconds": 12839.502634609997, "tokens_per_second": 61608.268054538035, "loss_main": 2.3644543290138245, "loss_total": 2.3644543290138245}
{"event": "update", "optimizer_step": 24150, "tokens_seen": 791347200, "lr": 6.99529077381166e-05, "grad_norm": 0.9867346882820129, "elapsed_seconds": 12844.765838193998, "tokens_per_second": 61608.53455552484, "loss_main": 2.3608811497688293, "loss_total": 2.3608811497688293}
{"event": "update", "optimizer_step": 24160, "tokens_seen": 791674880, "lr": 6.985573138168835e-05, "grad_norm": 0.9647918343544006, "elapsed_seconds": 12850.033754869997, "tokens_per_second": 61608.77824153306, "loss_main": 2.3672295808792114, "loss_total": 2.3672295808792114}
{"event": "update", "optimizer_step": 24170, "tokens_seen": 792002560, "lr": 6.975865287858556e-05, "grad_norm": 0.9996403455734253, "elapsed_seconds": 12855.299302166997, "tokens_per_second": 61609.033083072085, "loss_main": 2.3447307348251343, "loss_total": 2.3447307348251343}
{"event": "update", "optimizer_step": 24180, "tokens_seen": 792330240, "lr": 6.96616723286509e-05, "grad_norm": 0.9640562534332275, "elapsed_seconds": 12860.563896442998, "tokens_per_second": 61609.292281432885, "loss_main": 2.2276381850242615, "loss_total": 2.2276381850242615}
{"event": "update", "optimizer_step": 24190, "tokens_seen": 792657920, "lr": 6.956478983162617e-05, "grad_norm": 0.9806069135665894, "elapsed_seconds": 12865.834116468997, "tokens_per_second": 61609.52432810811, "loss_main": 2.247587263584137, "loss_total": 2.247587263584137}
{"event": "update", "optimizer_step": 24200, "tokens_seen": 792985600, "lr": 6.94680054871525e-05, "grad_norm": 1.024098515510559, "elapsed_seconds": 12871.094719703997, "tokens_per_second": 61609.802217214725, "loss_main": 2.1575043201446533, "loss_total": 2.1575043201446533}
{"event": "update", "optimizer_step": 24210, "tokens_seen": 793313280, "lr": 6.937131939476992e-05, "grad_norm": 0.9828243851661682, "elapsed_seconds": 12876.362383940997, "tokens_per_second": 61610.046094182304, "loss_main": 2.2974157333374023, "loss_total": 2.2974157333374023}
{"event": "update", "optimizer_step": 24220, "tokens_seen": 793640960, "lr": 6.927473165391749e-05, "grad_norm": 1.1031807661056519, "elapsed_seconds": 12881.626220412998, "tokens_per_second": 61610.30807914213, "loss_main": 2.403782069683075, "loss_total": 2.403782069683075}
{"event": "update", "optimizer_step": 24230, "tokens_seen": 793968640, "lr": 6.917824236393316e-05, "grad_norm": 1.024765133857727, "elapsed_seconds": 12886.884738649998, "tokens_per_second": 61610.59527588934, "loss_main": 2.478123664855957, "loss_total": 2.478123664855957}
{"event": "update", "optimizer_step": 24240, "tokens_seen": 794296320, "lr": 6.908185162405353e-05, "grad_norm": 0.9553583264350891, "elapsed_seconds": 12892.149861537997, "tokens_per_second": 61610.85067508226, "loss_main": 2.2630820870399475, "loss_total": 2.2630820870399475}
{"event": "update", "optimizer_step": 24250, "tokens_seen": 794624000, "lr": 6.898555953341388e-05, "grad_norm": 1.0083242654800415, "elapsed_seconds": 12897.409937390998, "tokens_per_second": 61611.129975507596, "loss_main": 2.323459804058075, "loss_total": 2.323459804058075}
{"event": "update", "optimizer_step": 24260, "tokens_seen": 794951680, "lr": 6.888936619104812e-05, "grad_norm": 1.0108532905578613, "elapsed_seconds": 12902.680179729998, "tokens_per_second": 61611.36050236, "loss_main": 2.210910201072693, "loss_total": 2.210910201072693}
{"event": "update", "optimizer_step": 24270, "tokens_seen": 795279360, "lr": 6.879327169588839e-05, "grad_norm": 1.0588184595108032, "elapsed_seconds": 12907.953784756997, "tokens_per_second": 61611.574790354876, "loss_main": 2.31004399061203, "loss_total": 2.31004399061203}
{"event": "update", "optimizer_step": 24280, "tokens_seen": 795607040, "lr": 6.869727614676538e-05, "grad_norm": 0.9822559356689453, "elapsed_seconds": 12913.204080695998, "tokens_per_second": 61611.90011620402, "loss_main": 2.3119325041770935, "loss_total": 2.3119325041770935}
{"event": "update", "optimizer_step": 24290, "tokens_seen": 795934720, "lr": 6.860137964240797e-05, "grad_norm": 0.9990167617797852, "elapsed_seconds": 12918.463027659998, "tokens_per_second": 61612.18391814933, "loss_main": 2.3887603878974915, "loss_total": 2.3887603878974915}
{"event": "update", "optimizer_step": 24300, "tokens_seen": 796262400, "lr": 6.850558228144304e-05, "grad_norm": 0.9506531953811646, "elapsed_seconds": 12923.725264335997, "tokens_per_second": 61612.45180577667, "loss_main": 2.2495765686035156, "loss_total": 2.2495765686035156}
{"event": "update", "optimizer_step": 24310, "tokens_seen": 796590080, "lr": 6.840988416239566e-05, "grad_norm": 1.0387099981307983, "elapsed_seconds": 12928.987408889998, "tokens_per_second": 61612.71991434248, "loss_main": 2.2334157824516296, "loss_total": 2.2334157824516296}
{"event": "update", "optimizer_step": 24320, "tokens_seen": 796917760, "lr": 6.831428538368878e-05, "grad_norm": 0.9985964894294739, "elapsed_seconds": 12934.253043461997, "tokens_per_second": 61612.97117987233, "loss_main": 2.2609310150146484, "loss_total": 2.2609310150146484}
{"event": "update", "optimizer_step": 24330, "tokens_seen": 797245440, "lr": 6.821878604364317e-05, "grad_norm": 0.9807797074317932, "elapsed_seconds": 12939.504125580997, "tokens_per_second": 61613.2915344005, "loss_main": 2.347726583480835, "loss_total": 2.347726583480835}
{"event": "update", "optimizer_step": 24340, "tokens_seen": 797573120, "lr": 6.812338624047733e-05, "grad_norm": 1.0735429525375366, "elapsed_seconds": 12944.772535357997, "tokens_per_second": 61613.529154063464, "loss_main": 2.49375718832016, "loss_total": 2.49375718832016}
{"event": "update", "optimizer_step": 24350, "tokens_seen": 797900800, "lr": 6.80280860723074e-05, "grad_norm": 1.0244332551956177, "elapsed_seconds": 12950.030214453998, "tokens_per_second": 61613.8176349144, "loss_main": 2.401174306869507, "loss_total": 2.401174306869507}
{"event": "update", "optimizer_step": 24360, "tokens_seen": 798228480, "lr": 6.793288563714702e-05, "grad_norm": 0.9952204823493958, "elapsed_seconds": 12955.292694531998, "tokens_per_second": 61614.08304861425, "loss_main": 2.265485852956772, "loss_total": 2.265485852956772}
{"event": "update", "optimizer_step": 24370, "tokens_seen": 798556160, "lr": 6.783778503290735e-05, "grad_norm": 0.9905778169631958, "elapsed_seconds": 12960.568346000997, "tokens_per_second": 61614.28563018193, "loss_main": 2.4966152906417847, "loss_total": 2.4966152906417847}
{"event": "update", "optimizer_step": 24380, "tokens_seen": 798883840, "lr": 6.774278435739672e-05, "grad_norm": 1.0016049146652222, "elapsed_seconds": 12965.826341647997, "tokens_per_second": 61614.57194855961, "loss_main": 2.239492416381836, "loss_total": 2.239492416381836}
{"event": "update", "optimizer_step": 24390, "tokens_seen": 799211520, "lr": 6.764788370832082e-05, "grad_norm": 1.025488257408142, "elapsed_seconds": 12971.090396839998, "tokens_per_second": 61614.82925095511, "loss_main": 2.1420202255249023, "loss_total": 2.1420202255249023}
{"event": "update", "optimizer_step": 24400, "tokens_seen": 799539200, "lr": 6.755308318328246e-05, "grad_norm": 1.066213846206665, "elapsed_seconds": 12976.351195373998, "tokens_per_second": 61615.10180805153, "loss_main": 2.1875104010105133, "loss_total": 2.1875104010105133}
{"event": "update", "optimizer_step": 24410, "tokens_seen": 799866880, "lr": 6.745838287978134e-05, "grad_norm": 0.9896963238716125, "elapsed_seconds": 12981.603644817997, "tokens_per_second": 61615.41377203357, "loss_main": 2.164333403110504, "loss_total": 2.164333403110504}
{"event": "evaluation", "tokens_seen": 800030720, "elapsed_seconds": 12984.235863154998, "parameters": 71199040, "main_loss": 2.398367952555418, "perplexity": 11.005200706365002}
{"event": "update", "optimizer_step": 24420, "tokens_seen": 800194560, "lr": 6.736378289521423e-05, "grad_norm": 0.9931089878082275, "elapsed_seconds": 12989.153700736997, "tokens_per_second": 61604.82649108983, "loss_main": 2.348977029323578, "loss_total": 2.348977029323578}
{"event": "update", "optimizer_step": 24430, "tokens_seen": 800522240, "lr": 6.726928332687472e-05, "grad_norm": 0.9312435984611511, "elapsed_seconds": 12994.415767373997, "tokens_per_second": 61605.09670699687, "loss_main": 2.4319498538970947, "loss_total": 2.4319498538970947}
{"event": "update", "optimizer_step": 24440, "tokens_seen": 800849920, "lr": 6.717488427195299e-05, "grad_norm": 0.9916452765464783, "elapsed_seconds": 12999.676205933998, "tokens_per_second": 61605.374419590065, "loss_main": 2.4300256967544556, "loss_total": 2.4300256967544556}
{"event": "update", "optimizer_step": 24450, "tokens_seen": 801177600, "lr": 6.708058582753602e-05, "grad_norm": 0.9467877745628357, "elapsed_seconds": 13004.922242538998, "tokens_per_second": 61605.720131055794, "loss_main": 2.300967574119568, "loss_total": 2.300967574119568}
{"event": "update", "optimizer_step": 24460, "tokens_seen": 801505280, "lr": 6.698638809060712e-05, "grad_norm": 1.0016279220581055, "elapsed_seconds": 13010.172856349998, "tokens_per_second": 61606.04388963224, "loss_main": 2.29467636346817, "loss_total": 2.29467636346817}
{"event": "update", "optimizer_step": 24470, "tokens_seen": 801832960, "lr": 6.689229115804621e-05, "grad_norm": 0.9595105051994324, "elapsed_seconds": 13015.427783668998, "tokens_per_second": 61606.34696971646, "loss_main": 2.3664159178733826, "loss_total": 2.3664159178733826}
{"event": "update", "optimizer_step": 24480, "tokens_seen": 802160640, "lr": 6.67982951266295e-05, "grad_norm": 1.0621166229248047, "elapsed_seconds": 13020.680462557997, "tokens_per_second": 61606.6604434904, "loss_main": 2.4219337105751038, "loss_total": 2.4219337105751038}
{"event": "update", "optimizer_step": 24490, "tokens_seen": 802488320, "lr": 6.670440009302927e-05, "grad_norm": 1.0359523296356201, "elapsed_seconds": 13025.930259894998, "tokens_per_second": 61606.98729293433, "loss_main": 2.3122735619544983, "loss_total": 2.3122735619544983}
{"event": "update", "optimizer_step": 24500, "tokens_seen": 802816000, "lr": 6.66106061538141e-05, "grad_norm": 0.947772204875946, "elapsed_seconds": 13031.185590952997, "tokens_per_second": 61607.287717347936, "loss_main": 2.3128255009651184, "loss_total": 2.3128255009651184}
{"event": "update", "optimizer_step": 24510, "tokens_seen": 803143680, "lr": 6.651691340544858e-05, "grad_norm": 1.0155457258224487, "elapsed_seconds": 13036.445526303998, "tokens_per_second": 61607.566140592135, "loss_main": 2.407219350337982, "loss_total": 2.407219350337982}
{"event": "update", "optimizer_step": 24520, "tokens_seen": 803471360, "lr": 6.642332194429308e-05, "grad_norm": 0.9867211580276489, "elapsed_seconds": 13041.700244064998, "tokens_per_second": 61607.86898668698, "loss_main": 2.331334710121155, "loss_total": 2.331334710121155}
{"event": "update", "optimizer_step": 24530, "tokens_seen": 803799040, "lr": 6.6329831866604e-05, "grad_norm": 0.9947393536567688, "elapsed_seconds": 13046.950114603997, "tokens_per_second": 61608.19447759474, "loss_main": 2.2999072074890137, "loss_total": 2.2999072074890137}
{"event": "update", "optimizer_step": 24540, "tokens_seen": 804126720, "lr": 6.623644326853334e-05, "grad_norm": 0.9993118047714233, "elapsed_seconds": 13052.210075452997, "tokens_per_second": 61608.47207878636, "loss_main": 2.3606483340263367, "loss_total": 2.3606483340263367}
{"event": "update", "optimizer_step": 24550, "tokens_seen": 804454400, "lr": 6.614315624612878e-05, "grad_norm": 0.9957363605499268, "elapsed_seconds": 13057.463296322998, "tokens_per_second": 61608.78125742353, "loss_main": 2.247590124607086, "loss_total": 2.247590124607086}
{"event": "update", "optimizer_step": 24560, "tokens_seen": 804782080, "lr": 6.60499708953335e-05, "grad_norm": 0.9916422367095947, "elapsed_seconds": 13062.714927308998, "tokens_per_second": 61609.09768592724, "loss_main": 2.236322343349457, "loss_total": 2.236322343349457}
{"event": "update", "optimizer_step": 24570, "tokens_seen": 805109760, "lr": 6.595688731198611e-05, "grad_norm": 1.00274658203125, "elapsed_seconds": 13067.969450840998, "tokens_per_second": 61609.40022309178, "loss_main": 2.271751821041107, "loss_total": 2.271751821041107}
{"event": "update", "optimizer_step": 24580, "tokens_seen": 805437440, "lr": 6.586390559182065e-05, "grad_norm": 1.0227774381637573, "elapsed_seconds": 13073.222168503997, "tokens_per_second": 61609.71102751238, "loss_main": 2.3476482033729553, "loss_total": 2.3476482033729553}
{"event": "update", "optimizer_step": 24590, "tokens_seen": 805765120, "lr": 6.577102583046624e-05, "grad_norm": 0.9901086091995239, "elapsed_seconds": 13078.493603527997, "tokens_per_second": 61609.93340874062, "loss_main": 2.389815032482147, "loss_total": 2.389815032482147}
{"event": "update", "optimizer_step": 24600, "tokens_seen": 806092800, "lr": 6.567824812344725e-05, "grad_norm": 0.9903489947319031, "elapsed_seconds": 13083.747996157997, "tokens_per_second": 61610.23586182696, "loss_main": 2.381817042827606, "loss_total": 2.381817042827606}
{"event": "update", "optimizer_step": 24610, "tokens_seen": 806420480, "lr": 6.558557256618311e-05, "grad_norm": 0.9932985901832581, "elapsed_seconds": 13088.995708377997, "tokens_per_second": 61610.569517096475, "loss_main": 2.2379146218299866, "loss_total": 2.2379146218299866}
{"event": "update", "optimizer_step": 24620, "tokens_seen": 806748160, "lr": 6.549299925398806e-05, "grad_norm": 1.0115834474563599, "elapsed_seconds": 13094.252390328997, "tokens_per_second": 61610.86070067191, "loss_main": 2.3291350603103638, "loss_total": 2.3291350603103638}
{"event": "update", "optimizer_step": 24630, "tokens_seen": 807075840, "lr": 6.540052828207129e-05, "grad_norm": 1.0041881799697876, "elapsed_seconds": 13099.498664929997, "tokens_per_second": 61611.2005996615, "loss_main": 2.3295499086380005, "loss_total": 2.3295499086380005}
{"event": "update", "optimizer_step": 24640, "tokens_seen": 807403520, "lr": 6.530815974553674e-05, "grad_norm": 0.9917575716972351, "elapsed_seconds": 13104.760802516998, "tokens_per_second": 61611.46564727256, "loss_main": 2.315788209438324, "loss_total": 2.315788209438324}
{"event": "update", "optimizer_step": 24650, "tokens_seen": 807731200, "lr": 6.521589373938299e-05, "grad_norm": 0.9817042350769043, "elapsed_seconds": 13110.013665076998, "tokens_per_second": 61611.77407096593, "loss_main": 2.3441296815872192, "loss_total": 2.3441296815872192}
{"event": "update", "optimizer_step": 24660, "tokens_seen": 808058880, "lr": 6.512373035850307e-05, "grad_norm": 0.9836665987968445, "elapsed_seconds": 13115.256770497997, "tokens_per_second": 61612.12808411659, "loss_main": 2.359482526779175, "loss_total": 2.359482526779175}
{"event": "update", "optimizer_step": 24670, "tokens_seen": 808386560, "lr": 6.503166969768458e-05, "grad_norm": 1.1147775650024414, "elapsed_seconds": 13120.531468053998, "tokens_per_second": 61612.33346135922, "loss_main": 2.380941927433014, "loss_total": 2.380941927433014}
{"event": "update", "optimizer_step": 24680, "tokens_seen": 808714240, "lr": 6.49397118516095e-05, "grad_norm": 1.0246868133544922, "elapsed_seconds": 13125.796790742997, "tokens_per_second": 61612.58267919764, "loss_main": 2.1599081158638, "loss_total": 2.1599081158638}
{"event": "update", "optimizer_step": 24690, "tokens_seen": 809041920, "lr": 6.48478569148539e-05, "grad_norm": 1.0810136795043945, "elapsed_seconds": 13131.051635506998, "tokens_per_second": 61612.88086114227, "loss_main": 2.4218708872795105, "loss_total": 2.4218708872795105}
{"event": "update", "optimizer_step": 24700, "tokens_seen": 809369600, "lr": 6.475610498188821e-05, "grad_norm": 1.03346586227417, "elapsed_seconds": 13136.316583718997, "tokens_per_second": 61613.13141639138, "loss_main": 2.3762581944465637, "loss_total": 2.3762581944465637}
{"event": "update", "optimizer_step": 24710, "tokens_seen": 809697280, "lr": 6.466445614707674e-05, "grad_norm": 0.9949790835380554, "elapsed_seconds": 13141.573778845997, "tokens_per_second": 61613.41812069498, "loss_main": 2.267709791660309, "loss_total": 2.267709791660309}
{"event": "update", "optimizer_step": 24720, "tokens_seen": 810024960, "lr": 6.457291050467791e-05, "grad_norm": 1.015196442604065, "elapsed_seconds": 13146.835637947997, "tokens_per_second": 61613.68273760753, "loss_main": 2.101450741291046, "loss_total": 2.101450741291046}
{"event": "update", "optimizer_step": 24730, "tokens_seen": 810352640, "lr": 6.448146814884399e-05, "grad_norm": 0.9744158983230591, "elapsed_seconds": 13152.091167249997, "tokens_per_second": 61613.976796165916, "loss_main": 2.2319830656051636, "loss_total": 2.2319830656051636}
{"event": "update", "optimizer_step": 24740, "tokens_seen": 810680320, "lr": 6.439012917362088e-05, "grad_norm": 1.0326675176620483, "elapsed_seconds": 13157.356577534998, "tokens_per_second": 61614.22434838953, "loss_main": 2.205021560192108, "loss_total": 2.205021560192108}
{"event": "update", "optimizer_step": 24750, "tokens_seen": 811008000, "lr": 6.429889367294835e-05, "grad_norm": 1.0190527439117432, "elapsed_seconds": 13162.617080663997, "tokens_per_second": 61614.49467305237, "loss_main": 2.247975766658783, "loss_total": 2.247975766658783}
{"event": "update", "optimizer_step": 24760, "tokens_seen": 811335680, "lr": 6.420776174065966e-05, "grad_norm": 1.0355812311172485, "elapsed_seconds": 13167.881323220998, "tokens_per_second": 61614.7472843064, "loss_main": 2.4431706070899963, "loss_total": 2.4431706070899963}
{"event": "update", "optimizer_step": 24770, "tokens_seen": 811663360, "lr": 6.41167334704815e-05, "grad_norm": 0.9925912618637085, "elapsed_seconds": 13173.145795533997, "tokens_per_second": 61614.9986190218, "loss_main": 2.2330872416496277, "loss_total": 2.2330872416496277}
{"event": "update", "optimizer_step": 24780, "tokens_seen": 811991040, "lr": 6.402580895603405e-05, "grad_norm": 1.1671680212020874, "elapsed_seconds": 13178.419488923997, "tokens_per_second": 61615.20664010204, "loss_main": 2.174825817346573, "loss_total": 2.174825817346573}
{"event": "update", "optimizer_step": 24790, "tokens_seen": 812318720, "lr": 6.393498829083074e-05, "grad_norm": 1.0300168991088867, "elapsed_seconds": 13183.685114491998, "tokens_per_second": 61615.45220061946, "loss_main": 2.2580939531326294, "loss_total": 2.2580939531326294}
{"event": "update", "optimizer_step": 24800, "tokens_seen": 812646400, "lr": 6.384427156827813e-05, "grad_norm": 1.2947746515274048, "elapsed_seconds": 13188.957323801997, "tokens_per_second": 61615.66680736953, "loss_main": 2.3323161602020264, "loss_total": 2.3323161602020264}
{"event": "update", "optimizer_step": 24810, "tokens_seen": 812974080, "lr": 6.375365888167597e-05, "grad_norm": 1.0651344060897827, "elapsed_seconds": 13194.212985169997, "tokens_per_second": 61615.95852013036, "loss_main": 2.500583291053772, "loss_total": 2.500583291053772}
{"event": "update", "optimizer_step": 24820, "tokens_seen": 813301760, "lr": 6.366315032421701e-05, "grad_norm": 1.0199332237243652, "elapsed_seconds": 13199.458520374998, "tokens_per_second": 61616.2972704197, "loss_main": 2.4228625893592834, "loss_total": 2.4228625893592834}
{"event": "update", "optimizer_step": 24830, "tokens_seen": 813629440, "lr": 6.357274598898679e-05, "grad_norm": 1.0498417615890503, "elapsed_seconds": 13204.715007333998, "tokens_per_second": 61616.584647840114, "loss_main": 2.3377195596694946, "loss_total": 2.3377195596694946}
{"event": "update", "optimizer_step": 24840, "tokens_seen": 813957120, "lr": 6.348244596896382e-05, "grad_norm": 0.9962853789329529, "elapsed_seconds": 13209.976454701997, "tokens_per_second": 61616.8486591267, "loss_main": 2.3314796686172485, "loss_total": 2.3314796686172485}
{"event": "update", "optimizer_step": 24850, "tokens_seen": 814284800, "lr": 6.339225035701917e-05, "grad_norm": 1.0120265483856201, "elapsed_seconds": 13215.241369179997, "tokens_per_second": 61617.09629451332, "loss_main": 2.3730059266090393, "loss_total": 2.3730059266090393}
{"event": "update", "optimizer_step": 24860, "tokens_seen": 814612480, "lr": 6.330215924591665e-05, "grad_norm": 1.112443447113037, "elapsed_seconds": 13220.502256855998, "tokens_per_second": 61617.36250054732, "loss_main": 2.427039623260498, "loss_total": 2.427039623260498}
{"event": "update", "optimizer_step": 24870, "tokens_seen": 814940160, "lr": 6.321217272831259e-05, "grad_norm": 0.9836859703063965, "elapsed_seconds": 13225.770720388997, "tokens_per_second": 61617.5931995917, "loss_main": 2.360573887825012, "loss_total": 2.360573887825012}
{"event": "update", "optimizer_step": 24880, "tokens_seen": 815267840, "lr": 6.31222908967556e-05, "grad_norm": 1.0457123517990112, "elapsed_seconds": 13231.038628106997, "tokens_per_second": 61617.826303379385, "loss_main": 2.4647151231765747, "loss_total": 2.4647151231765747}
{"event": "update", "optimizer_step": 24890, "tokens_seen": 815595520, "lr": 6.303251384368681e-05, "grad_norm": 1.0296919345855713, "elapsed_seconds": 13236.293473429998, "tokens_per_second": 61618.120030142396, "loss_main": 2.1933869421482086, "loss_total": 2.1933869421482086}
{"event": "update", "optimizer_step": 24900, "tokens_seen": 815923200, "lr": 6.294284166143951e-05, "grad_norm": 1.030516505241394, "elapsed_seconds": 13241.553935323998, "tokens_per_second": 61618.38738755519, "loss_main": 2.4033164381980896, "loss_total": 2.4033164381980896}
{"event": "update", "optimizer_step": 24910, "tokens_seen": 816250880, "lr": 6.285327444223908e-05, "grad_norm": 1.0082900524139404, "elapsed_seconds": 13246.815013534997, "tokens_per_second": 61618.65166577715, "loss_main": 2.204738438129425, "loss_total": 2.204738438129425}
{"event": "update", "optimizer_step": 24920, "tokens_seen": 816578560, "lr": 6.276381227820303e-05, "grad_norm": 0.968372642993927, "elapsed_seconds": 13252.072433905998, "tokens_per_second": 61618.93274222895, "loss_main": 2.158232808113098, "loss_total": 2.158232808113098}
{"event": "update", "optimizer_step": 24930, "tokens_seen": 816906240, "lr": 6.267445526134084e-05, "grad_norm": 1.0394456386566162, "elapsed_seconds": 13257.331652069997, "tokens_per_second": 61619.205239724724, "loss_main": 2.4110713601112366, "loss_total": 2.4110713601112366}
{"event": "update", "optimizer_step": 24940, "tokens_seen": 817233920, "lr": 6.258520348355371e-05, "grad_norm": 1.0088945627212524, "elapsed_seconds": 13262.594656383997, "tokens_per_second": 61619.45993023481, "loss_main": 2.345658540725708, "loss_total": 2.345658540725708}
{"event": "update", "optimizer_step": 24950, "tokens_seen": 817561600, "lr": 6.249605703663477e-05, "grad_norm": 1.0361534357070923, "elapsed_seconds": 13267.850249646997, "tokens_per_second": 61619.74883774046, "loss_main": 2.4263105988502502, "loss_total": 2.4263105988502502}
{"event": "update", "optimizer_step": 24960, "tokens_seen": 817889280, "lr": 6.24070160122687e-05, "grad_norm": 0.959106981754303, "elapsed_seconds": 13273.114531010997, "tokens_per_second": 61619.99718220637, "loss_main": 2.240885078907013, "loss_total": 2.240885078907013}
{"event": "update", "optimizer_step": 24970, "tokens_seen": 818216960, "lr": 6.231808050203182e-05, "grad_norm": 1.0234122276306152, "elapsed_seconds": 13278.369621542997, "tokens_per_second": 61620.28798117762, "loss_main": 2.3555148243904114, "loss_total": 2.3555148243904114}
{"event": "update", "optimizer_step": 24980, "tokens_seen": 818544640, "lr": 6.222925059739195e-05, "grad_norm": 1.048604130744934, "elapsed_seconds": 13283.622869152998, "tokens_per_second": 61620.58709908201, "loss_main": 2.3551005721092224, "loss_total": 2.3551005721092224}
{"event": "update", "optimizer_step": 24990, "tokens_seen": 818872320, "lr": 6.214052638970819e-05, "grad_norm": 1.0155203342437744, "elapsed_seconds": 13288.878161419998, "tokens_per_second": 61620.87649936723, "loss_main": 2.319540500640869, "loss_total": 2.319540500640869}
{"event": "update", "optimizer_step": 25000, "tokens_seen": 819200000, "lr": 6.205190797023104e-05, "grad_norm": 1.0338250398635864, "elapsed_seconds": 13294.132586368998, "tokens_per_second": 61621.1696910529, "loss_main": 2.4369950890541077, "loss_total": 2.4369950890541077}
{"event": "update", "optimizer_step": 25010, "tokens_seen": 819527680, "lr": 6.196339543010221e-05, "grad_norm": 1.026700496673584, "elapsed_seconds": 13299.394697318998, "tokens_per_second": 61621.42703872133, "loss_main": 2.411178410053253, "loss_total": 2.411178410053253}
{"event": "update", "optimizer_step": 25020, "tokens_seen": 819855360, "lr": 6.187498886035438e-05, "grad_norm": 1.0282841920852661, "elapsed_seconds": 13304.667502791997, "tokens_per_second": 61621.6346502423, "loss_main": 2.284673273563385, "loss_total": 2.284673273563385}
{"event": "update", "optimizer_step": 25030, "tokens_seen": 820183040, "lr": 6.178668835191141e-05, "grad_norm": 0.9673780798912048, "elapsed_seconds": 13309.927015245998, "tokens_per_second": 61621.90364083234, "loss_main": 2.03774431347847, "loss_total": 2.03774431347847}
{"event": "update", "optimizer_step": 25040, "tokens_seen": 820510720, "lr": 6.169849399558798e-05, "grad_norm": 1.0624282360076904, "elapsed_seconds": 13315.193990740998, "tokens_per_second": 61622.13788027118, "loss_main": 2.3901930451393127, "loss_total": 2.3901930451393127}
{"event": "update", "optimizer_step": 25050, "tokens_seen": 820838400, "lr": 6.161040588208959e-05, "grad_norm": 0.9811574816703796, "elapsed_seconds": 13320.457719661998, "tokens_per_second": 61622.386953594, "loss_main": 2.2571863532066345, "loss_total": 2.2571863532066345}
{"event": "update", "optimizer_step": 25060, "tokens_seen": 821166080, "lr": 6.152242410201251e-05, "grad_norm": 0.9918592572212219, "elapsed_seconds": 13325.711101828998, "tokens_per_second": 61622.68367706788, "loss_main": 2.189322054386139, "loss_total": 2.189322054386139}
{"event": "update", "optimizer_step": 25070, "tokens_seen": 821493760, "lr": 6.14345487458437e-05, "grad_norm": 0.9923329949378967, "elapsed_seconds": 13330.970097079997, "tokens_per_second": 61622.954219958774, "loss_main": 2.161397397518158, "loss_total": 2.161397397518158}
{"event": "update", "optimizer_step": 25080, "tokens_seen": 821821440, "lr": 6.134677990396051e-05, "grad_norm": 1.054670810699463, "elapsed_seconds": 13336.238165152998, "tokens_per_second": 61623.18262637084, "loss_main": 2.2821614742279053, "loss_total": 2.2821614742279053}
{"event": "update", "optimizer_step": 25090, "tokens_seen": 822149120, "lr": 6.125911766663092e-05, "grad_norm": 1.0171780586242676, "elapsed_seconds": 13341.497024058997, "tokens_per_second": 61623.45338888143, "loss_main": 2.3214972019195557, "loss_total": 2.3214972019195557}
{"event": "update", "optimizer_step": 25100, "tokens_seen": 822476800, "lr": 6.117156212401311e-05, "grad_norm": 1.033617377281189, "elapsed_seconds": 13346.750063119998, "tokens_per_second": 61623.75080902159, "loss_main": 2.2811270356178284, "loss_total": 2.2811270356178284}
{"event": "update", "optimizer_step": 25110, "tokens_seen": 822804480, "lr": 6.108411336615564e-05, "grad_norm": 1.0743014812469482, "elapsed_seconds": 13352.004316499997, "tokens_per_second": 61624.0423906397, "loss_main": 2.5472887754440308, "loss_total": 2.5472887754440308}
{"event": "update", "optimizer_step": 25120, "tokens_seen": 823132160, "lr": 6.0996771482997254e-05, "grad_norm": 1.085026502609253, "elapsed_seconds": 13357.272146715997, "tokens_per_second": 61624.2711055621, "loss_main": 2.21417498588562, "loss_total": 2.21417498588562}
{"event": "update", "optimizer_step": 25130, "tokens_seen": 823459840, "lr": 6.090953656436663e-05, "grad_norm": 1.025545597076416, "elapsed_seconds": 13362.532122968998, "tokens_per_second": 61624.53586057587, "loss_main": 2.1370710134506226, "loss_total": 2.1370710134506226}
{"event": "update", "optimizer_step": 25140, "tokens_seen": 823787520, "lr": 6.0822408699982624e-05, "grad_norm": 1.0397173166275024, "elapsed_seconds": 13367.809293827997, "tokens_per_second": 61624.721141133276, "loss_main": 2.312201678752899, "loss_total": 2.312201678752899}
{"event": "update", "optimizer_step": 25150, "tokens_seen": 824115200, "lr": 6.07353879794539e-05, "grad_norm": 1.0085519552230835, "elapsed_seconds": 13373.074405783997, "tokens_per_second": 61624.96184449265, "loss_main": 2.2071940898895264, "loss_total": 2.2071940898895264}
{"event": "update", "optimizer_step": 25160, "tokens_seen": 824442880, "lr": 6.0648474492278896e-05, "grad_norm": 1.0054023265838623, "elapsed_seconds": 13378.340036985997, "tokens_per_second": 61625.19996656764, "loss_main": 2.146026134490967, "loss_total": 2.146026134490967}
{"event": "update", "optimizer_step": 25170, "tokens_seen": 824770560, "lr": 6.05616683278458e-05, "grad_norm": 0.9667142629623413, "elapsed_seconds": 13383.594607430998, "tokens_per_second": 61625.488831084374, "loss_main": 2.2737197279930115, "loss_total": 2.2737197279930115}
{"event": "update", "optimizer_step": 25180, "tokens_seen": 825098240, "lr": 6.047496957543249e-05, "grad_norm": 1.082606554031372, "elapsed_seconds": 13388.855211010998, "tokens_per_second": 61625.74969975319, "loss_main": 2.2227483987808228, "loss_total": 2.2227483987808228}
{"event": "update", "optimizer_step": 25190, "tokens_seen": 825425920, "lr": 6.038837832420621e-05, "grad_norm": 1.0325427055358887, "elapsed_seconds": 13394.113775939997, "tokens_per_second": 61626.01974329367, "loss_main": 2.2261341214179993, "loss_total": 2.2261341214179993}
{"event": "update", "optimizer_step": 25200, "tokens_seen": 825753600, "lr": 6.030189466322381e-05, "grad_norm": 1.030480146408081, "elapsed_seconds": 13399.360934544997, "tokens_per_second": 61626.342034799454, "loss_main": 2.16201251745224, "loss_total": 2.16201251745224}
{"event": "update", "optimizer_step": 25210, "tokens_seen": 826081280, "lr": 6.021551868143136e-05, "grad_norm": 1.0363576412200928, "elapsed_seconds": 13404.611096386998, "tokens_per_second": 61626.6502668367, "loss_main": 2.4416310787200928, "loss_total": 2.4416310787200928}
{"event": "update", "optimizer_step": 25220, "tokens_seen": 826408960, "lr": 6.012925046766425e-05, "grad_norm": 0.990574836730957, "elapsed_seconds": 13409.871767598997, "tokens_per_second": 61626.909960225996, "loss_main": 2.1485288739204407, "loss_total": 2.1485288739204407}
{"event": "update", "optimizer_step": 25230, "tokens_seen": 826736640, "lr": 6.0043090110647074e-05, "grad_norm": 0.9903935194015503, "elapsed_seconds": 13415.127120696998, "tokens_per_second": 61627.19388059336, "loss_main": 2.259002983570099, "loss_total": 2.259002983570099}
{"event": "update", "optimizer_step": 25240, "tokens_seen": 827064320, "lr": 5.995703769899337e-05, "grad_norm": 1.0317050218582153, "elapsed_seconds": 13420.388569775998, "tokens_per_second": 61627.449585374015, "loss_main": 2.338694155216217, "loss_total": 2.338694155216217}
{"event": "update", "optimizer_step": 25250, "tokens_seen": 827392000, "lr": 5.9871093321205754e-05, "grad_norm": 1.0268940925598145, "elapsed_seconds": 13425.647621821998, "tokens_per_second": 61627.71609282819, "loss_main": 2.091023623943329, "loss_total": 2.091023623943329}
{"event": "update", "optimizer_step": 25260, "tokens_seen": 827719680, "lr": 5.978525706567577e-05, "grad_norm": 1.035460352897644, "elapsed_seconds": 13430.899864002997, "tokens_per_second": 61628.01363879004, "loss_main": 2.306818425655365, "loss_total": 2.306818425655365}
{"event": "update", "optimizer_step": 25270, "tokens_seen": 828047360, "lr": 5.969952902068361e-05, "grad_norm": 1.0708963871002197, "elapsed_seconds": 13436.153558841997, "tokens_per_second": 61628.30428914551, "loss_main": 2.237996906042099, "loss_total": 2.237996906042099}
{"event": "update", "optimizer_step": 25280, "tokens_seen": 828375040, "lr": 5.9613909274398315e-05, "grad_norm": 1.111742615699768, "elapsed_seconds": 13441.413486126998, "tokens_per_second": 61628.566136662135, "loss_main": 2.3449615240097046, "loss_total": 2.3449615240097046}
{"event": "update", "optimizer_step": 25290, "tokens_seen": 828702720, "lr": 5.95283979148775e-05, "grad_norm": 1.0555272102355957, "elapsed_seconds": 13446.667958640997, "tokens_per_second": 61628.85277965574, "loss_main": 2.3527321815490723, "loss_total": 2.3527321815490723}
{"event": "update", "optimizer_step": 25300, "tokens_seen": 829030400, "lr": 5.944299503006732e-05, "grad_norm": 1.03268563747406, "elapsed_seconds": 13451.931534794998, "tokens_per_second": 61629.09749098973, "loss_main": 2.101231813430786, "loss_total": 2.101231813430786}
{"event": "update", "optimizer_step": 25310, "tokens_seen": 829358080, "lr": 5.935770070780228e-05, "grad_norm": 1.0466229915618896, "elapsed_seconds": 13457.185424916997, "tokens_per_second": 61629.38636963274, "loss_main": 2.175021767616272, "loss_total": 2.175021767616272}
{"event": "update", "optimizer_step": 25320, "tokens_seen": 829685760, "lr": 5.9272515035805356e-05, "grad_norm": 1.0968536138534546, "elapsed_seconds": 13462.441484864998, "tokens_per_second": 61629.66508955787, "loss_main": 2.465903580188751, "loss_total": 2.465903580188751}
{"event": "update", "optimizer_step": 25330, "tokens_seen": 830013440, "lr": 5.918743810168775e-05, "grad_norm": 1.0885089635849, "elapsed_seconds": 13467.695791876997, "tokens_per_second": 61629.95161359527, "loss_main": 2.199295848608017, "loss_total": 2.199295848608017}
{"event": "update", "optimizer_step": 25340, "tokens_seen": 830341120, "lr": 5.910246999294872e-05, "grad_norm": 0.9770163297653198, "elapsed_seconds": 13472.949916101998, "tokens_per_second": 61630.23875028512, "loss_main": 2.2204602360725403, "loss_total": 2.2204602360725403}
{"event": "update", "optimizer_step": 25350, "tokens_seen": 830668800, "lr": 5.901761079697573e-05, "grad_norm": 1.025452971458435, "elapsed_seconds": 13478.205498775997, "tokens_per_second": 61630.51899419667, "loss_main": 2.386218011379242, "loss_total": 2.386218011379242}
{"event": "update", "optimizer_step": 25360, "tokens_seen": 830996480, "lr": 5.893286060104422e-05, "grad_norm": 1.02238130569458, "elapsed_seconds": 13483.460107090998, "tokens_per_second": 61630.80347328474, "loss_main": 2.3323981761932373, "loss_total": 2.3323981761932373}
{"event": "update", "optimizer_step": 25370, "tokens_seen": 831324160, "lr": 5.8848219492317405e-05, "grad_norm": 1.0376383066177368, "elapsed_seconds": 13488.713332614998, "tokens_per_second": 61631.09404882243, "loss_main": 2.3039034008979797, "loss_total": 2.3039034008979797}
{"event": "update", "optimizer_step": 25380, "tokens_seen": 831651840, "lr": 5.8763687557846465e-05, "grad_norm": 1.020004153251648, "elapsed_seconds": 13493.958067647998, "tokens_per_second": 61631.423177006895, "loss_main": 2.451644778251648, "loss_total": 2.451644778251648}
{"event": "update", "optimizer_step": 25390, "tokens_seen": 831979520, "lr": 5.8679264884570195e-05, "grad_norm": 1.0131810903549194, "elapsed_seconds": 13499.223348272997, "tokens_per_second": 61631.6582469493, "loss_main": 2.2148699164390564, "loss_total": 2.2148699164390564}
{"event": "update", "optimizer_step": 25400, "tokens_seen": 832307200, "lr": 5.8594951559315076e-05, "grad_norm": 1.0523741245269775, "elapsed_seconds": 13504.487553083998, "tokens_per_second": 61631.89804339724, "loss_main": 2.318869560956955, "loss_total": 2.318869560956955}
{"event": "update", "optimizer_step": 25410, "tokens_seen": 832634880, "lr": 5.851074766879506e-05, "grad_norm": 0.9805706143379211, "elapsed_seconds": 13509.739893089998, "tokens_per_second": 61632.19178082611, "loss_main": 2.226965546607971, "loss_total": 2.226965546607971}
{"event": "update", "optimizer_step": 25420, "tokens_seen": 832962560, "lr": 5.84266532996116e-05, "grad_norm": 1.1067936420440674, "elapsed_seconds": 13514.994227353998, "tokens_per_second": 61632.47619552107, "loss_main": 2.391517698764801, "loss_total": 2.391517698764801}
{"event": "update", "optimizer_step": 25430, "tokens_seen": 833290240, "lr": 5.834266853825353e-05, "grad_norm": 1.0247442722320557, "elapsed_seconds": 13520.253455133998, "tokens_per_second": 61632.73808181293, "loss_main": 2.3166543841362, "loss_total": 2.3166543841362}
{"event": "update", "optimizer_step": 25440, "tokens_seen": 833617920, "lr": 5.8258793471096855e-05, "grad_norm": 1.0733585357666016, "elapsed_seconds": 13525.517428491998, "tokens_per_second": 61632.978139819876, "loss_main": 2.305911421775818, "loss_total": 2.305911421775818}
{"event": "update", "optimizer_step": 25450, "tokens_seen": 833945600, "lr": 5.8175028184404874e-05, "grad_norm": 1.080274224281311, "elapsed_seconds": 13530.777941853998, "tokens_per_second": 61633.23377145986, "loss_main": 2.3274729251861572, "loss_total": 2.3274729251861572}
{"event": "update", "optimizer_step": 25460, "tokens_seen": 834273280, "lr": 5.809137276432796e-05, "grad_norm": 1.01803719997406, "elapsed_seconds": 13536.034241327998, "tokens_per_second": 61633.508391461546, "loss_main": 2.1828010082244873, "loss_total": 2.1828010082244873}
{"event": "update", "optimizer_step": 25470, "tokens_seen": 834600960, "lr": 5.80078272969034e-05, "grad_norm": 1.018045425415039, "elapsed_seconds": 13541.292445236997, "tokens_per_second": 61633.774130146776, "loss_main": 2.337004840373993, "loss_total": 2.337004840373993}
{"event": "update", "optimizer_step": 25480, "tokens_seen": 834928640, "lr": 5.792439186805554e-05, "grad_norm": 1.0371448993682861, "elapsed_seconds": 13546.552389308998, "tokens_per_second": 61634.03174514938, "loss_main": 2.2377742528915405, "loss_total": 2.2377742528915405}
{"event": "update", "optimizer_step": 25490, "tokens_seen": 835256320, "lr": 5.7841066563595406e-05, "grad_norm": 1.0237232446670532, "elapsed_seconds": 13551.808903782998, "tokens_per_second": 61634.30475815207, "loss_main": 2.3527746200561523, "loss_total": 2.3527746200561523}
{"event": "update", "optimizer_step": 25500, "tokens_seen": 835584000, "lr": 5.775785146922084e-05, "grad_norm": 1.061191439628601, "elapsed_seconds": 13557.060397216997, "tokens_per_second": 61634.600386639075, "loss_main": 2.0467114448547363, "loss_total": 2.0467114448547363}
{"event": "update", "optimizer_step": 25510, "tokens_seen": 835911680, "lr": 5.767474667051642e-05, "grad_norm": 1.0235605239868164, "elapsed_seconds": 13562.333638053997, "tokens_per_second": 61634.796953715224, "loss_main": 2.1526047587394714, "loss_total": 2.1526047587394714}
{"event": "update", "optimizer_step": 25520, "tokens_seen": 836239360, "lr": 5.759175225295309e-05, "grad_norm": 1.0728087425231934, "elapsed_seconds": 13567.592787439997, "tokens_per_second": 61635.057382775856, "loss_main": 2.1617546379566193, "loss_total": 2.1617546379566193}
{"event": "update", "optimizer_step": 25530, "tokens_seen": 836567040, "lr": 5.750886830188844e-05, "grad_norm": 1.0368156433105469, "elapsed_seconds": 13572.859106987997, "tokens_per_second": 61635.28504980155, "loss_main": 2.3159757256507874, "loss_total": 2.3159757256507874}
{"event": "update", "optimizer_step": 25540, "tokens_seen": 836894720, "lr": 5.74260949025664e-05, "grad_norm": 0.9974700808525085, "elapsed_seconds": 13578.113382706997, "tokens_per_second": 61635.56721111668, "loss_main": 2.088189482688904, "loss_total": 2.088189482688904}
{"event": "update", "optimizer_step": 25550, "tokens_seen": 837222400, "lr": 5.7343432140117144e-05, "grad_norm": 1.0930190086364746, "elapsed_seconds": 13583.374513306997, "tokens_per_second": 61635.81804947014, "loss_main": 2.370948553085327, "loss_total": 2.370948553085327}
{"event": "update", "optimizer_step": 25560, "tokens_seen": 837550080, "lr": 5.7260880099557106e-05, "grad_norm": 1.0265458822250366, "elapsed_seconds": 13588.642426515997, "tokens_per_second": 61636.03792867925, "loss_main": 2.221781939268112, "loss_total": 2.221781939268112}
{"event": "update", "optimizer_step": 25570, "tokens_seen": 837877760, "lr": 5.717843886578892e-05, "grad_norm": 1.0681473016738892, "elapsed_seconds": 13593.903637750998, "tokens_per_second": 61636.28802496206, "loss_main": 2.356310784816742, "loss_total": 2.356310784816742}
{"event": "update", "optimizer_step": 25580, "tokens_seen": 838205440, "lr": 5.7096108523601066e-05, "grad_norm": 1.0756639242172241, "elapsed_seconds": 13599.160973867998, "tokens_per_second": 61636.555491231156, "loss_main": 2.3709349632263184, "loss_total": 2.3709349632263184}
{"event": "update", "optimizer_step": 25590, "tokens_seen": 838533120, "lr": 5.70138891576682e-05, "grad_norm": 1.0627995729446411, "elapsed_seconds": 13604.422616299997, "tokens_per_second": 61636.80324039039, "loss_main": 2.4002506732940674, "loss_total": 2.4002506732940674}
{"event": "update", "optimizer_step": 25600, "tokens_seen": 838860800, "lr": 5.693178085255064e-05, "grad_norm": 1.0900824069976807, "elapsed_seconds": 13609.685255418997, "tokens_per_second": 61637.046284078395, "loss_main": 2.244534909725189, "loss_total": 2.244534909725189}
{"event": "update", "optimizer_step": 25610, "tokens_seen": 839188480, "lr": 5.684978369269461e-05, "grad_norm": 1.0664178133010864, "elapsed_seconds": 13614.937417929998, "tokens_per_second": 61637.33656938024, "loss_main": 2.26121985912323, "loss_total": 2.26121985912323}
{"event": "update", "optimizer_step": 25620, "tokens_seen": 839516160, "lr": 5.6767897762432016e-05, "grad_norm": 1.0220575332641602, "elapsed_seconds": 13620.202002329997, "tokens_per_second": 61637.57041609108, "loss_main": 2.41803240776062, "loss_total": 2.41803240776062}
{"event": "update", "optimizer_step": 25630, "tokens_seen": 839843840, "lr": 5.668612314598029e-05, "grad_norm": 1.0750925540924072, "elapsed_seconds": 13625.462266667997, "tokens_per_second": 61637.823624855075, "loss_main": 2.1765886545181274, "loss_total": 2.1765886545181274}
{"event": "evaluation", "tokens_seen": 840007680, "elapsed_seconds": 13628.098553812997, "parameters": 71199040, "main_loss": 2.376000437885523, "perplexity": 10.761774288985437}
{"event": "update", "optimizer_step": 25640, "tokens_seen": 840171520, "lr": 5.660445992744245e-05, "grad_norm": 1.0682716369628906, "elapsed_seconds": 13632.999769542997, "tokens_per_second": 61627.78069409181, "loss_main": 2.241056442260742, "loss_total": 2.241056442260742}
{"event": "update", "optimizer_step": 25650, "tokens_seen": 840499200, "lr": 5.6522908190806954e-05, "grad_norm": 1.0613692998886108, "elapsed_seconds": 13638.256107958998, "tokens_per_second": 61628.055181446725, "loss_main": 2.397710680961609, "loss_total": 2.397710680961609}
{"event": "update", "optimizer_step": 25660, "tokens_seen": 840826880, "lr": 5.64414680199475e-05, "grad_norm": 1.0739620923995972, "elapsed_seconds": 13643.518467302998, "tokens_per_second": 61628.30226052471, "loss_main": 2.211516261100769, "loss_total": 2.211516261100769}
{"event": "update", "optimizer_step": 25670, "tokens_seen": 841154560, "lr": 5.636013949862318e-05, "grad_norm": 1.0788307189941406, "elapsed_seconds": 13648.775531796997, "tokens_per_second": 61628.57305700401, "loss_main": 2.2929698526859283, "loss_total": 2.2929698526859283}
{"event": "update", "optimizer_step": 25680, "tokens_seen": 841482240, "lr": 5.627892271047819e-05, "grad_norm": 1.0625383853912354, "elapsed_seconds": 13654.035643464997, "tokens_per_second": 61628.829891237656, "loss_main": 2.512761950492859, "loss_total": 2.512761950492859}
{"event": "update", "optimizer_step": 25690, "tokens_seen": 841809920, "lr": 5.6197817739041795e-05, "grad_norm": 1.09583580493927, "elapsed_seconds": 13659.306487449998, "tokens_per_second": 61629.03810478552, "loss_main": 2.388442724943161, "loss_total": 2.388442724943161}
{"event": "update", "optimizer_step": 25700, "tokens_seen": 842137600, "lr": 5.611682466772826e-05, "grad_norm": 1.0731889009475708, "elapsed_seconds": 13664.551092845997, "tokens_per_second": 61629.364497813374, "loss_main": 2.3490906953811646, "loss_total": 2.3490906953811646}
{"event": "update", "optimizer_step": 25710, "tokens_seen": 842465280, "lr": 5.603594357983686e-05, "grad_norm": 1.0139583349227905, "elapsed_seconds": 13669.805769643997, "tokens_per_second": 61629.64523393812, "loss_main": 2.32325679063797, "loss_total": 2.32325679063797}
{"event": "update", "optimizer_step": 25720, "tokens_seen": 842792960, "lr": 5.595517455855153e-05, "grad_norm": 1.011617660522461, "elapsed_seconds": 13675.055193191998, "tokens_per_second": 61629.94942935052, "loss_main": 2.380506932735443, "loss_total": 2.380506932735443}
{"event": "update", "optimizer_step": 25730, "tokens_seen": 843120640, "lr": 5.587451768694111e-05, "grad_norm": 1.0695844888687134, "elapsed_seconds": 13680.303814160998, "tokens_per_second": 61630.25700695726, "loss_main": 2.2858709692955017, "loss_total": 2.2858709692955017}
{"event": "update", "optimizer_step": 25740, "tokens_seen": 843448320, "lr": 5.579397304795898e-05, "grad_norm": 1.0435266494750977, "elapsed_seconds": 13685.557047379998, "tokens_per_second": 61630.54357816382, "loss_main": 2.22550892829895, "loss_total": 2.22550892829895}
{"event": "update", "optimizer_step": 25750, "tokens_seen": 843776000, "lr": 5.571354072444314e-05, "grad_norm": 1.029984951019287, "elapsed_seconds": 13690.805820247997, "tokens_per_second": 61630.85000826604, "loss_main": 2.2664047479629517, "loss_total": 2.2664047479629517}
{"event": "update", "optimizer_step": 25760, "tokens_seen": 844103680, "lr": 5.5633220799116133e-05, "grad_norm": 1.1604605913162231, "elapsed_seconds": 13696.078709631998, "tokens_per_second": 61631.047681287775, "loss_main": 2.2680187225341797, "loss_total": 2.2680187225341797}
{"event": "update", "optimizer_step": 25770, "tokens_seen": 844431360, "lr": 5.5553013354584774e-05, "grad_norm": 1.0686694383621216, "elapsed_seconds": 13701.339935347998, "tokens_per_second": 61631.29766757024, "loss_main": 2.266988754272461, "loss_total": 2.266988754272461}
{"event": "update", "optimizer_step": 25780, "tokens_seen": 844759040, "lr": 5.54729184733403e-05, "grad_norm": 1.0207388401031494, "elapsed_seconds": 13706.592468204997, "tokens_per_second": 61631.58654928834, "loss_main": 2.1879311203956604, "loss_total": 2.1879311203956604}
{"event": "update", "optimizer_step": 25790, "tokens_seen": 845086720, "lr": 5.5392936237758165e-05, "grad_norm": 1.0597914457321167, "elapsed_seconds": 13711.856029555998, "tokens_per_second": 61631.82563895142, "loss_main": 2.4109907150268555, "loss_total": 2.4109907150268555}
{"event": "update", "optimizer_step": 25800, "tokens_seen": 845414400, "lr": 5.5313066730097905e-05, "grad_norm": 1.0688964128494263, "elapsed_seconds": 13717.112357155998, "tokens_per_second": 61632.09704693866, "loss_main": 2.1751365661621094, "loss_total": 2.1751365661621094}
{"event": "update", "optimizer_step": 25810, "tokens_seen": 845742080, "lr": 5.523331003250318e-05, "grad_norm": 1.0432759523391724, "elapsed_seconds": 13722.374220593998, "tokens_per_second": 61632.34338346084, "loss_main": 2.2797129154205322, "loss_total": 2.2797129154205322}
{"event": "update", "optimizer_step": 25820, "tokens_seen": 846069760, "lr": 5.5153666227001646e-05, "grad_norm": 1.0761382579803467, "elapsed_seconds": 13727.626087264998, "tokens_per_second": 61632.634413381325, "loss_main": 2.195243090391159, "loss_total": 2.195243090391159}
{"event": "update", "optimizer_step": 25830, "tokens_seen": 846397440, "lr": 5.5074135395504766e-05, "grad_norm": 1.0537958145141602, "elapsed_seconds": 13732.880654181998, "tokens_per_second": 61632.913102048355, "loss_main": 2.291192591190338, "loss_total": 2.291192591190338}
{"event": "update", "optimizer_step": 25840, "tokens_seen": 846725120, "lr": 5.4994717619807926e-05, "grad_norm": 1.0583467483520508, "elapsed_seconds": 13738.130145418998, "tokens_per_second": 61633.21434848555, "loss_main": 2.2109130024909973, "loss_total": 2.2109130024909973}
{"event": "update", "optimizer_step": 25850, "tokens_seen": 847052800, "lr": 5.4915412981590086e-05, "grad_norm": 1.002693772315979, "elapsed_seconds": 13743.374682990998, "tokens_per_second": 61633.53757998936, "loss_main": 2.1262151300907135, "loss_total": 2.1262151300907135}
{"event": "update", "optimizer_step": 25860, "tokens_seen": 847380480, "lr": 5.4836221562414006e-05, "grad_norm": 1.1141341924667358, "elapsed_seconds": 13748.629139821998, "tokens_per_second": 61633.81609775322, "loss_main": 2.159328818321228, "loss_total": 2.159328818321228}
{"event": "update", "optimizer_step": 25870, "tokens_seen": 847708160, "lr": 5.475714344372595e-05, "grad_norm": 1.0480561256408691, "elapsed_seconds": 13753.880311617997, "tokens_per_second": 61634.10912365837, "loss_main": 2.1944416761398315, "loss_total": 2.1944416761398315}
{"event": "update", "optimizer_step": 25880, "tokens_seen": 848035840, "lr": 5.467817870685557e-05, "grad_norm": 1.099596619606018, "elapsed_seconds": 13759.132778822997, "tokens_per_second": 61634.39612307774, "loss_main": 2.2447714805603027, "loss_total": 2.2447714805603027}
{"event": "update", "optimizer_step": 25890, "tokens_seen": 848363520, "lr": 5.459932743301603e-05, "grad_norm": 1.0247513055801392, "elapsed_seconds": 13764.372194165997, "tokens_per_second": 61634.74134763497, "loss_main": 2.2110092639923096, "loss_total": 2.2110092639923096}
{"event": "update", "optimizer_step": 25900, "tokens_seen": 848691200, "lr": 5.452058970330375e-05, "grad_norm": 1.0140879154205322, "elapsed_seconds": 13769.623645907997, "tokens_per_second": 61635.03243258291, "loss_main": 2.2047829031944275, "loss_total": 2.2047829031944275}
{"event": "update", "optimizer_step": 25910, "tokens_seen": 849018880, "lr": 5.444196559869832e-05, "grad_norm": 1.0991212129592896, "elapsed_seconds": 13774.877724456997, "tokens_per_second": 61635.31154200994, "loss_main": 2.4744577407836914, "loss_total": 2.4744577407836914}
{"event": "update", "optimizer_step": 25920, "tokens_seen": 849346560, "lr": 5.436345520006257e-05, "grad_norm": 1.0243933200836182, "elapsed_seconds": 13780.132922542998, "tokens_per_second": 61635.58543114988, "loss_main": 2.3201571702957153, "loss_total": 2.3201571702957153}
{"event": "update", "optimizer_step": 25930, "tokens_seen": 849674240, "lr": 5.428505858814234e-05, "grad_norm": 1.0135457515716553, "elapsed_seconds": 13785.387697074997, "tokens_per_second": 61635.86100522114, "loss_main": 2.2808752059936523, "loss_total": 2.2808752059936523}
{"event": "update", "optimizer_step": 25940, "tokens_seen": 850001920, "lr": 5.4206775843566396e-05, "grad_norm": 1.0635814666748047, "elapsed_seconds": 13790.637791654997, "tokens_per_second": 61636.15728594902, "loss_main": 2.226331651210785, "loss_total": 2.226331651210785}
{"event": "update", "optimizer_step": 25950, "tokens_seen": 850329600, "lr": 5.4128607046846446e-05, "grad_norm": 1.0794081687927246, "elapsed_seconds": 13795.878295324997, "tokens_per_second": 61636.496190905855, "loss_main": 2.3313268423080444, "loss_total": 2.3313268423080444}
{"event": "update", "optimizer_step": 25960, "tokens_seen": 850657280, "lr": 5.4050552278377076e-05, "grad_norm": 1.1192725896835327, "elapsed_seconds": 13801.126467943997, "tokens_per_second": 61636.80058840338, "loss_main": 2.390537738800049, "loss_total": 2.390537738800049}
{"event": "update", "optimizer_step": 25970, "tokens_seen": 850984960, "lr": 5.397261161843541e-05, "grad_norm": 1.1003609895706177, "elapsed_seconds": 13806.379183550998, "tokens_per_second": 61637.084472797076, "loss_main": 2.281680107116699, "loss_total": 2.281680107116699}
{"event": "update", "optimizer_step": 25980, "tokens_seen": 851312640, "lr": 5.389478514718141e-05, "grad_norm": 1.2728157043457031, "elapsed_seconds": 13811.641667119997, "tokens_per_second": 61637.32454966852, "loss_main": 2.2748425006866455, "loss_total": 2.2748425006866455}
{"event": "update", "optimizer_step": 25990, "tokens_seen": 851640320, "lr": 5.381707294465744e-05, "grad_norm": 1.1014951467514038, "elapsed_seconds": 13816.910651137998, "tokens_per_second": 61637.535445006055, "loss_main": 2.271032929420471, "loss_total": 2.271032929420471}
{"event": "update", "optimizer_step": 26000, "tokens_seen": 851968000, "lr": 5.3739475090788455e-05, "grad_norm": 1.104524850845337, "elapsed_seconds": 13822.171724570997, "tokens_per_second": 61637.78145553627, "loss_main": 2.4666104316711426, "loss_total": 2.4666104316711426}
{"event": "update", "optimizer_step": 26010, "tokens_seen": 852295680, "lr": 5.366199166538179e-05, "grad_norm": 1.0395457744598389, "elapsed_seconds": 13827.425991887998, "tokens_per_second": 61638.05761824421, "loss_main": 2.136144757270813, "loss_total": 2.136144757270813}
{"event": "update", "optimizer_step": 26020, "tokens_seen": 852623360, "lr": 5.3584622748127006e-05, "grad_norm": 1.0781614780426025, "elapsed_seconds": 13832.661999645998, "tokens_per_second": 61638.414935738336, "loss_main": 2.5221205353736877, "loss_total": 2.5221205353736877}
{"event": "update", "optimizer_step": 26030, "tokens_seen": 852951040, "lr": 5.350736841859597e-05, "grad_norm": 1.0855458974838257, "elapsed_seconds": 13837.907590709998, "tokens_per_second": 61638.72929550592, "loss_main": 2.4843146204948425, "loss_total": 2.4843146204948425}
{"event": "update", "optimizer_step": 26040, "tokens_seen": 853278720, "lr": 5.343022875624276e-05, "grad_norm": 1.0456666946411133, "elapsed_seconds": 13843.154459919997, "tokens_per_second": 61639.03772586608, "loss_main": 2.2372535467147827, "loss_total": 2.2372535467147827}
{"event": "update", "optimizer_step": 26050, "tokens_seen": 853606400, "lr": 5.335320384040333e-05, "grad_norm": 1.127563714981079, "elapsed_seconds": 13848.417987464998, "tokens_per_second": 61639.27177621649, "loss_main": 2.020825445652008, "loss_total": 2.020825445652008}
{"event": "update", "optimizer_step": 26060, "tokens_seen": 853934080, "lr": 5.327629375029582e-05, "grad_norm": 1.0924071073532104, "elapsed_seconds": 13853.681546191998, "tokens_per_second": 61639.50550997929, "loss_main": 2.3131479024887085, "loss_total": 2.3131479024887085}
{"event": "update", "optimizer_step": 26070, "tokens_seen": 854261760, "lr": 5.3199498565020164e-05, "grad_norm": 1.0786683559417725, "elapsed_seconds": 13858.952548554997, "tokens_per_second": 61639.705959529354, "loss_main": 2.2834981083869934, "loss_total": 2.2834981083869934}
{"event": "update", "optimizer_step": 26080, "tokens_seen": 854589440, "lr": 5.312281836355818e-05, "grad_norm": 1.0394994020462036, "elapsed_seconds": 13864.202736824998, "tokens_per_second": 61639.99879561103, "loss_main": 2.221029281616211, "loss_total": 2.221029281616211}
{"event": "update", "optimizer_step": 26090, "tokens_seen": 854917120, "lr": 5.304625322477334e-05, "grad_norm": 1.1079699993133545, "elapsed_seconds": 13869.474586259998, "tokens_per_second": 61640.19514098511, "loss_main": 2.3263930082321167, "loss_total": 2.3263930082321167}
{"event": "update", "optimizer_step": 26100, "tokens_seen": 855244800, "lr": 5.2969803227410854e-05, "grad_norm": 1.036539912223816, "elapsed_seconds": 13874.729944316998, "tokens_per_second": 61640.46460236171, "loss_main": 2.18706738948822, "loss_total": 2.18706738948822}
{"event": "update", "optimizer_step": 26110, "tokens_seen": 855572480, "lr": 5.289346845009754e-05, "grad_norm": 1.1106913089752197, "elapsed_seconds": 13879.988752446998, "tokens_per_second": 61640.71853798623, "loss_main": 2.3547823429107666, "loss_total": 2.3547823429107666}
{"event": "update", "optimizer_step": 26120, "tokens_seen": 855900160, "lr": 5.2817248971341596e-05, "grad_norm": 1.0572079420089722, "elapsed_seconds": 13885.251726507997, "tokens_per_second": 61640.953787393126, "loss_main": 2.315670967102051, "loss_total": 2.315670967102051}
{"event": "update", "optimizer_step": 26130, "tokens_seen": 856227840, "lr": 5.274114486953274e-05, "grad_norm": 1.1098371744155884, "elapsed_seconds": 13890.507772930998, "tokens_per_second": 61641.21960095414, "loss_main": 2.2233449816703796, "loss_total": 2.2233449816703796}
{"event": "update", "optimizer_step": 26140, "tokens_seen": 856555520, "lr": 5.266515622294204e-05, "grad_norm": 1.079228401184082, "elapsed_seconds": 13895.768955303998, "tokens_per_second": 61641.46243040791, "loss_main": 2.444076895713806, "loss_total": 2.444076895713806}
{"event": "update", "optimizer_step": 26150, "tokens_seen": 856883200, "lr": 5.258928310972169e-05, "grad_norm": 1.033953309059143, "elapsed_seconds": 13901.020554431998, "tokens_per_second": 61641.74757131799, "loss_main": 2.2334245443344116, "loss_total": 2.2334245443344116}
{"event": "update", "optimizer_step": 26160, "tokens_seen": 857210880, "lr": 5.251352560790519e-05, "grad_norm": 1.0678201913833618, "elapsed_seconds": 13906.287092896997, "tokens_per_second": 61641.96627565981, "loss_main": 2.3412240743637085, "loss_total": 2.3412240743637085}
{"event": "update", "optimizer_step": 26170, "tokens_seen": 857538560, "lr": 5.243788379540711e-05, "grad_norm": 1.1564292907714844, "elapsed_seconds": 13911.546722108997, "tokens_per_second": 61642.2154293708, "loss_main": 2.295382082462311, "loss_total": 2.295382082462311}
{"event": "update", "optimizer_step": 26180, "tokens_seen": 857866240, "lr": 5.2362357750023064e-05, "grad_norm": 1.0449237823486328, "elapsed_seconds": 13916.815811217997, "tokens_per_second": 61642.42249354881, "loss_main": 2.2456515431404114, "loss_total": 2.2456515431404114}
{"event": "update", "optimizer_step": 26190, "tokens_seen": 858193920, "lr": 5.228694754942946e-05, "grad_norm": 1.0603793859481812, "elapsed_seconds": 13922.090994391998, "tokens_per_second": 61642.60241839332, "loss_main": 2.2987725734710693, "loss_total": 2.2987725734710693}
{"event": "update", "optimizer_step": 26200, "tokens_seen": 858521600, "lr": 5.221165327118372e-05, "grad_norm": 1.0625858306884766, "elapsed_seconds": 13927.340467122998, "tokens_per_second": 61642.89600204961, "loss_main": 2.2883142828941345, "loss_total": 2.2883142828941345}
{"event": "update", "optimizer_step": 26210, "tokens_seen": 858849280, "lr": 5.213647499272402e-05, "grad_norm": 1.0500556230545044, "elapsed_seconds": 13932.602861649997, "tokens_per_second": 61643.132193483696, "loss_main": 2.1336008310317993, "loss_total": 2.1336008310317993}
{"event": "update", "optimizer_step": 26220, "tokens_seen": 859176960, "lr": 5.206141279136912e-05, "grad_norm": 1.051247477531433, "elapsed_seconds": 13937.868558519998, "tokens_per_second": 61643.35360120746, "loss_main": 2.0479691326618195, "loss_total": 2.0479691326618195}
{"event": "update", "optimizer_step": 26230, "tokens_seen": 859504640, "lr": 5.198646674431857e-05, "grad_norm": 1.0809415578842163, "elapsed_seconds": 13943.130262449997, "tokens_per_second": 61643.592494772645, "loss_main": 2.232090473175049, "loss_total": 2.232090473175049}
{"event": "update", "optimizer_step": 26240, "tokens_seen": 859832320, "lr": 5.191163692865229e-05, "grad_norm": 1.0965865850448608, "elapsed_seconds": 13948.385847593998, "tokens_per_second": 61643.85824961354, "loss_main": 2.2388124465942383, "loss_total": 2.2388124465942383}
{"event": "update", "optimizer_step": 26250, "tokens_seen": 860160000, "lr": 5.1836923421330764e-05, "grad_norm": 1.135698676109314, "elapsed_seconds": 13953.641780687998, "tokens_per_second": 61644.12226709671, "loss_main": 2.320686638355255, "loss_total": 2.320686638355255}
{"event": "update", "optimizer_step": 26260, "tokens_seen": 860487680, "lr": 5.1762326299194855e-05, "grad_norm": 1.087095856666565, "elapsed_seconds": 13958.902459443998, "tokens_per_second": 61644.365128279176, "loss_main": 2.3427658081054688, "loss_total": 2.3427658081054688}
{"event": "update", "optimizer_step": 26270, "tokens_seen": 860815360, "lr": 5.168784563896565e-05, "grad_norm": 1.0862287282943726, "elapsed_seconds": 13964.154659020998, "tokens_per_second": 61644.64523771969, "loss_main": 2.0720754861831665, "loss_total": 2.0720754861831665}
{"event": "update", "optimizer_step": 26280, "tokens_seen": 861143040, "lr": 5.161348151724454e-05, "grad_norm": 1.0973596572875977, "elapsed_seconds": 13969.413605928998, "tokens_per_second": 61644.89536157105, "loss_main": 2.290580630302429, "loss_total": 2.290580630302429}
{"event": "update", "optimizer_step": 26290, "tokens_seen": 861470720, "lr": 5.153923401051306e-05, "grad_norm": 1.0236692428588867, "elapsed_seconds": 13974.668826408997, "tokens_per_second": 61645.16173521143, "loss_main": 2.182228773832321, "loss_total": 2.182228773832321}
{"event": "update", "optimizer_step": 26300, "tokens_seen": 861798400, "lr": 5.146510319513268e-05, "grad_norm": 1.0805855989456177, "elapsed_seconds": 13979.937212621997, "tokens_per_second": 61645.36985344343, "loss_main": 2.3234981298446655, "loss_total": 2.3234981298446655}
{"event": "update", "optimizer_step": 26310, "tokens_seen": 862126080, "lr": 5.139108914734502e-05, "grad_norm": 1.2065893411636353, "elapsed_seconds": 13985.192201161997, "tokens_per_second": 61645.63687071587, "loss_main": 2.3056538105010986, "loss_total": 2.3056538105010986}
{"event": "update", "optimizer_step": 26320, "tokens_seen": 862453760, "lr": 5.1317191943271576e-05, "grad_norm": 1.1012362241744995, "elapsed_seconds": 13990.446944244997, "tokens_per_second": 61645.90476895181, "loss_main": 2.1551008224487305, "loss_total": 2.1551008224487305}
{"event": "update", "optimizer_step": 26330, "tokens_seen": 862781440, "lr": 5.124341165891355e-05, "grad_norm": 1.1156002283096313, "elapsed_seconds": 13995.721694920998, "tokens_per_second": 61646.08433969508, "loss_main": 2.388305962085724, "loss_total": 2.388305962085724}
{"event": "update", "optimizer_step": 26340, "tokens_seen": 863109120, "lr": 5.116974837015207e-05, "grad_norm": 1.0750858783721924, "elapsed_seconds": 14000.977349523997, "tokens_per_second": 61646.34785509055, "loss_main": 2.3171436190605164, "loss_total": 2.3171436190605164}
{"event": "update", "optimizer_step": 26350, "tokens_seen": 863436800, "lr": 5.109620215274776e-05, "grad_norm": 1.0535130500793457, "elapsed_seconds": 14006.235167523997, "tokens_per_second": 61646.60165081586, "loss_main": 2.378659188747406, "loss_total": 2.378659188747406}
{"event": "update", "optimizer_step": 26360, "tokens_seen": 863764480, "lr": 5.1022773082340996e-05, "grad_norm": 1.0518938302993774, "elapsed_seconds": 14011.489984074997, "tokens_per_second": 61646.868461650156, "loss_main": 2.352639377117157, "loss_total": 2.352639377117157}
{"event": "update", "optimizer_step": 26370, "tokens_seen": 864092160, "lr": 5.0949461234451595e-05, "grad_norm": 1.12357497215271, "elapsed_seconds": 14016.753391816997, "tokens_per_second": 61647.09728748302, "loss_main": 2.361454963684082, "loss_total": 2.361454963684082}
{"event": "update", "optimizer_step": 26380, "tokens_seen": 864419840, "lr": 5.08762666844788e-05, "grad_norm": 1.0956326723098755, "elapsed_seconds": 14022.012005623998, "tokens_per_second": 61647.3470179098, "loss_main": 2.3843318223953247, "loss_total": 2.3843318223953247}
{"event": "update", "optimizer_step": 26390, "tokens_seen": 864747520, "lr": 5.0803189507701254e-05, "grad_norm": 1.1296921968460083, "elapsed_seconds": 14027.275966405998, "tokens_per_second": 61647.57306201066, "loss_main": 2.2157416939735413, "loss_total": 2.2157416939735413}
{"event": "update", "optimizer_step": 26400, "tokens_seen": 865075200, "lr": 5.07302297792769e-05, "grad_norm": 1.0790061950683594, "elapsed_seconds": 14032.535751525997, "tokens_per_second": 61647.817281058815, "loss_main": 2.234253227710724, "loss_total": 2.234253227710724}
{"event": "update", "optimizer_step": 26410, "tokens_seen": 865402880, "lr": 5.0657387574242814e-05, "grad_norm": 1.1057161092758179, "elapsed_seconds": 14037.796384519997, "tokens_per_second": 61648.05759359155, "loss_main": 2.284663736820221, "loss_total": 2.284663736820221}
{"event": "update", "optimizer_step": 26420, "tokens_seen": 865730560, "lr": 5.058466296751525e-05, "grad_norm": 1.1119410991668701, "elapsed_seconds": 14043.059903056997, "tokens_per_second": 61648.28505869589, "loss_main": 2.2326619923114777, "loss_total": 2.2326619923114777}
{"event": "update", "optimizer_step": 26430, "tokens_seen": 866058240, "lr": 5.051205603388958e-05, "grad_norm": 1.038353443145752, "elapsed_seconds": 14048.332030704998, "tokens_per_second": 61648.474573855725, "loss_main": 2.2707563638687134, "loss_total": 2.2707563638687134}
{"event": "update", "optimizer_step": 26440, "tokens_seen": 866385920, "lr": 5.043956684803999e-05, "grad_norm": 1.0492609739303589, "elapsed_seconds": 14053.591376523997, "tokens_per_second": 61648.72001666888, "loss_main": 2.2765541672706604, "loss_total": 2.2765541672706604}
{"event": "update", "optimizer_step": 26450, "tokens_seen": 866713600, "lr": 5.036719548451971e-05, "grad_norm": 1.199545979499817, "elapsed_seconds": 14058.850644693997, "tokens_per_second": 61648.96561634002, "loss_main": 2.185171753168106, "loss_total": 2.185171753168106}
{"event": "update", "optimizer_step": 26460, "tokens_seen": 867041280, "lr": 5.029494201776077e-05, "grad_norm": 1.1031208038330078, "elapsed_seconds": 14064.119126376998, "tokens_per_second": 61649.17064545336, "loss_main": 2.1672550439834595, "loss_total": 2.1672550439834595}
{"event": "update", "optimizer_step": 26470, "tokens_seen": 867368960, "lr": 5.022280652207386e-05, "grad_norm": 1.1066322326660156, "elapsed_seconds": 14069.371159595998, "tokens_per_second": 61649.44759513378, "loss_main": 2.2937892079353333, "loss_total": 2.2937892079353333}
{"event": "update", "optimizer_step": 26480, "tokens_seen": 867696640, "lr": 5.015078907164846e-05, "grad_norm": 1.0963916778564453, "elapsed_seconds": 14074.629329374997, "tokens_per_second": 61649.69745874873, "loss_main": 2.121534287929535, "loss_total": 2.121534287929535}
{"event": "update", "optimizer_step": 26490, "tokens_seen": 868024320, "lr": 5.007888974055252e-05, "grad_norm": 1.0598645210266113, "elapsed_seconds": 14079.891359660998, "tokens_per_second": 61649.93023219601, "loss_main": 2.302415370941162, "loss_total": 2.302415370941162}
{"event": "update", "optimizer_step": 26500, "tokens_seen": 868352000, "lr": 5.000710860273261e-05, "grad_norm": 1.1732587814331055, "elapsed_seconds": 14085.141221062997, "tokens_per_second": 61650.216094494084, "loss_main": 2.287542402744293, "loss_total": 2.287542402744293}
{"event": "update", "optimizer_step": 26510, "tokens_seen": 868679680, "lr": 4.993544573201374e-05, "grad_norm": 1.126041054725647, "elapsed_seconds": 14090.406748571997, "tokens_per_second": 61650.43319903004, "loss_main": 2.184003531932831, "loss_total": 2.184003531932831}
{"event": "update", "optimizer_step": 26520, "tokens_seen": 869007360, "lr": 4.986390120209917e-05, "grad_norm": 1.0684566497802734, "elapsed_seconds": 14095.672140496998, "tokens_per_second": 61650.65073437213, "loss_main": 2.331553339958191, "loss_total": 2.331553339958191}
{"event": "update", "optimizer_step": 26530, "tokens_seen": 869335040, "lr": 4.979247508657057e-05, "grad_norm": 1.0705448389053345, "elapsed_seconds": 14100.944501095997, "tokens_per_second": 61650.83763945251, "loss_main": 2.2832835912704468, "loss_total": 2.2832835912704468}
{"event": "update", "optimizer_step": 26540, "tokens_seen": 869662720, "lr": 4.97211674588878e-05, "grad_norm": 1.1393483877182007, "elapsed_seconds": 14106.207558739998, "tokens_per_second": 61651.065063279166, "loss_main": 2.1586040556430817, "loss_total": 2.1586040556430817}
{"event": "update", "optimizer_step": 26550, "tokens_seen": 869990400, "lr": 4.964997839238879e-05, "grad_norm": 1.0763152837753296, "elapsed_seconds": 14111.473650774997, "tokens_per_second": 61651.279060583474, "loss_main": 2.358910620212555, "loss_total": 2.358910620212555}
{"event": "update", "optimizer_step": 26560, "tokens_seen": 870318080, "lr": 4.957890796028962e-05, "grad_norm": 1.1252739429473877, "elapsed_seconds": 14116.737007249998, "tokens_per_second": 61651.50484513714, "loss_main": 2.2731916308403015, "loss_total": 2.2731916308403015}
{"event": "update", "optimizer_step": 26570, "tokens_seen": 870645760, "lr": 4.9507956235684316e-05, "grad_norm": 1.0610185861587524, "elapsed_seconds": 14121.989683548998, "tokens_per_second": 61651.777087348644, "loss_main": 2.2880432307720184, "loss_total": 2.2880432307720184}
{"event": "update", "optimizer_step": 26580, "tokens_seen": 870973440, "lr": 4.9437123291544815e-05, "grad_norm": 1.0886991024017334, "elapsed_seconds": 14127.254167720997, "tokens_per_second": 61651.997596961555, "loss_main": 2.308337688446045, "loss_total": 2.308337688446045}
{"event": "update", "optimizer_step": 26590, "tokens_seen": 871301120, "lr": 4.9366409200720917e-05, "grad_norm": 1.0798259973526, "elapsed_seconds": 14132.516277053997, "tokens_per_second": 61652.22830237756, "loss_main": 2.118101269006729, "loss_total": 2.118101269006729}
{"event": "update", "optimizer_step": 26600, "tokens_seen": 871628800, "lr": 4.9295814035940124e-05, "grad_norm": 1.037068247795105, "elapsed_seconds": 14137.772232863997, "tokens_per_second": 61652.48567053958, "loss_main": 2.179876148700714, "loss_total": 2.179876148700714}
{"event": "update", "optimizer_step": 26610, "tokens_seen": 871956480, "lr": 4.9225337869807684e-05, "grad_norm": 1.0754897594451904, "elapsed_seconds": 14143.027568398997, "tokens_per_second": 61652.745551333624, "loss_main": 2.0834739208221436, "loss_total": 2.0834739208221436}
{"event": "update", "optimizer_step": 26620, "tokens_seen": 872284160, "lr": 4.9154980774806487e-05, "grad_norm": 1.0871254205703735, "elapsed_seconds": 14148.291299220997, "tokens_per_second": 61652.96865551728, "loss_main": 2.2978398501873016, "loss_total": 2.2978398501873016}
{"event": "update", "optimizer_step": 26630, "tokens_seen": 872611840, "lr": 4.908474282329685e-05, "grad_norm": 1.061645746231079, "elapsed_seconds": 14153.554909146997, "tokens_per_second": 61653.192120380896, "loss_main": 2.1638410091400146, "loss_total": 2.1638410091400146}
{"event": "update", "optimizer_step": 26640, "tokens_seen": 872939520, "lr": 4.901462408751665e-05, "grad_norm": 1.0581556558609009, "elapsed_seconds": 14158.805073896998, "tokens_per_second": 61653.47396506932, "loss_main": 2.227792799472809, "loss_total": 2.227792799472809}
{"event": "update", "optimizer_step": 26650, "tokens_seen": 873267200, "lr": 4.8944624639581146e-05, "grad_norm": 1.1190203428268433, "elapsed_seconds": 14164.067292055997, "tokens_per_second": 61653.703134393974, "loss_main": 2.409983456134796, "loss_total": 2.409983456134796}
{"event": "update", "optimizer_step": 26660, "tokens_seen": 873594880, "lr": 4.887474455148285e-05, "grad_norm": 1.1028715372085571, "elapsed_seconds": 14169.325129865998, "tokens_per_second": 61653.95119338769, "loss_main": 2.2332895398139954, "loss_total": 2.2332895398139954}
{"event": "update", "optimizer_step": 26670, "tokens_seen": 873922560, "lr": 4.8804983895091555e-05, "grad_norm": 1.1092087030410767, "elapsed_seconds": 14174.576580057997, "tokens_per_second": 61654.226852145184, "loss_main": 2.240137815475464, "loss_total": 2.240137815475464}
{"event": "update", "optimizer_step": 26680, "tokens_seen": 874250240, "lr": 4.873534274215428e-05, "grad_norm": 1.0320212841033936, "elapsed_seconds": 14179.843202498998, "tokens_per_second": 61654.43633720334, "loss_main": 2.1857282519340515, "loss_total": 2.1857282519340515}
{"event": "update", "optimizer_step": 26690, "tokens_seen": 874577920, "lr": 4.866582116429501e-05, "grad_norm": 1.0966358184814453, "elapsed_seconds": 14185.114840873997, "tokens_per_second": 61654.62386528793, "loss_main": 2.2715996503829956, "loss_total": 2.2715996503829956}
{"event": "update", "optimizer_step": 26700, "tokens_seen": 874905600, "lr": 4.859641923301486e-05, "grad_norm": 1.0970789194107056, "elapsed_seconds": 14190.384953228997, "tokens_per_second": 61654.81788433913, "loss_main": 2.2206702530384064, "loss_total": 2.2206702530384064}
{"event": "update", "optimizer_step": 26710, "tokens_seen": 875233280, "lr": 4.8527137019691876e-05, "grad_norm": 1.0587799549102783, "elapsed_seconds": 14195.644906880998, "tokens_per_second": 61655.05588095907, "loss_main": 2.1485649049282074, "loss_total": 2.1485649049282074}
{"event": "update", "optimizer_step": 26720, "tokens_seen": 875560960, "lr": 4.8457974595580895e-05, "grad_norm": 1.1471590995788574, "elapsed_seconds": 14200.910134162998, "tokens_per_second": 61655.2708050501, "loss_main": 2.566334307193756, "loss_total": 2.566334307193756}
{"event": "update", "optimizer_step": 26730, "tokens_seen": 875888640, "lr": 4.838893203181366e-05, "grad_norm": 1.1026356220245361, "elapsed_seconds": 14206.154367032997, "tokens_per_second": 61655.57668672104, "loss_main": 2.4760363698005676, "loss_total": 2.4760363698005676}
{"event": "update", "optimizer_step": 26740, "tokens_seen": 876216320, "lr": 4.832000939939856e-05, "grad_norm": 1.1338084936141968, "elapsed_seconds": 14211.409969118997, "tokens_per_second": 61655.83301755378, "loss_main": 2.2535990476608276, "loss_total": 2.2535990476608276}
{"event": "update", "optimizer_step": 26750, "tokens_seen": 876544000, "lr": 4.825120676922068e-05, "grad_norm": 1.0753905773162842, "elapsed_seconds": 14216.674568092998, "tokens_per_second": 61656.05014039357, "loss_main": 2.2582245469093323, "loss_total": 2.2582245469093323}
{"event": "update", "optimizer_step": 26760, "tokens_seen": 876871680, "lr": 4.818252421204171e-05, "grad_norm": 1.1224600076675415, "elapsed_seconds": 14221.948346532998, "tokens_per_second": 61656.227306841705, "loss_main": 2.346808612346649, "loss_total": 2.346808612346649}
{"event": "update", "optimizer_step": 26770, "tokens_seen": 877199360, "lr": 4.811396179849976e-05, "grad_norm": 1.0901328325271606, "elapsed_seconds": 14227.225961590997, "tokens_per_second": 61656.38771522715, "loss_main": 2.3512927293777466, "loss_total": 2.3512927293777466}
{"event": "update", "optimizer_step": 26780, "tokens_seen": 877527040, "lr": 4.804551959910948e-05, "grad_norm": 1.048597812652588, "elapsed_seconds": 14232.496287539998, "tokens_per_second": 61656.5795817731, "loss_main": 2.1923268139362335, "loss_total": 2.1923268139362335}
{"event": "update", "optimizer_step": 26790, "tokens_seen": 877854720, "lr": 4.7977197684261835e-05, "grad_norm": 1.0764836072921753, "elapsed_seconds": 14237.777746318998, "tokens_per_second": 61656.72309549561, "loss_main": 2.2255768179893494, "loss_total": 2.2255768179893494}
{"event": "update", "optimizer_step": 26800, "tokens_seen": 878182400, "lr": 4.790899612422403e-05, "grad_norm": 1.1931777000427246, "elapsed_seconds": 14243.042302953998, "tokens_per_second": 61656.93967066752, "loss_main": 2.2150994539260864, "loss_total": 2.2150994539260864}
{"event": "update", "optimizer_step": 26810, "tokens_seen": 878510080, "lr": 4.784091498913958e-05, "grad_norm": 1.1198092699050903, "elapsed_seconds": 14248.331418148997, "tokens_per_second": 61657.049812933634, "loss_main": 2.320427179336548, "loss_total": 2.320427179336548}
{"event": "update", "optimizer_step": 26820, "tokens_seen": 878837760, "lr": 4.777295434902809e-05, "grad_norm": 1.065244197845459, "elapsed_seconds": 14253.810511889997, "tokens_per_second": 61656.33809056928, "loss_main": 2.3637088537216187, "loss_total": 2.3637088537216187}
{"event": "update", "optimizer_step": 26830, "tokens_seen": 879165440, "lr": 4.770511427378527e-05, "grad_norm": 1.1413005590438843, "elapsed_seconds": 14259.130189315998, "tokens_per_second": 61656.31622178022, "loss_main": 2.262485444545746, "loss_total": 2.262485444545746}
{"event": "update", "optimizer_step": 26840, "tokens_seen": 879493120, "lr": 4.7637394833182796e-05, "grad_norm": 1.0996544361114502, "elapsed_seconds": 14264.555295405997, "tokens_per_second": 61655.8386705015, "loss_main": 2.1968637108802795, "loss_total": 2.1968637108802795}
{"event": "update", "optimizer_step": 26850, "tokens_seen": 879820800, "lr": 4.7569796096868296e-05, "grad_norm": 1.051196575164795, "elapsed_seconds": 14269.912445787997, "tokens_per_second": 61655.65509546583, "loss_main": 2.1394549012184143, "loss_total": 2.1394549012184143}
{"event": "evaluation", "tokens_seen": 880017408, "elapsed_seconds": 14273.118167760997, "parameters": 71199040, "main_loss": 2.3541329242289066, "perplexity": 10.528995465732237}
{"event": "update", "optimizer_step": 26860, "tokens_seen": 880148480, "lr": 4.750231813436529e-05, "grad_norm": 1.1015805006027222, "elapsed_seconds": 14277.636663213998, "tokens_per_second": 61645.24989403059, "loss_main": 2.3270445466041565, "loss_total": 2.3270445466041565}
{"event": "update", "optimizer_step": 26870, "tokens_seen": 880476160, "lr": 4.743496101507298e-05, "grad_norm": 1.1090902090072632, "elapsed_seconds": 14282.916960288998, "tokens_per_second": 61645.40215755652, "loss_main": 2.2952542304992676, "loss_total": 2.2952542304992676}
{"event": "update", "optimizer_step": 26880, "tokens_seen": 880803840, "lr": 4.7367724808266393e-05, "grad_norm": 1.1381033658981323, "elapsed_seconds": 14288.170428620997, "tokens_per_second": 61645.670059732736, "loss_main": 2.111342668533325, "loss_total": 2.111342668533325}
{"event": "update", "optimizer_step": 26890, "tokens_seen": 881131520, "lr": 4.730060958309622e-05, "grad_norm": 1.097102403640747, "elapsed_seconds": 14293.432034958998, "tokens_per_second": 61645.90266668782, "loss_main": 2.1378768384456635, "loss_total": 2.1378768384456635}
{"event": "update", "optimizer_step": 26900, "tokens_seen": 881459200, "lr": 4.723361540858856e-05, "grad_norm": 1.0702226161956787, "elapsed_seconds": 14298.703345846998, "tokens_per_second": 61646.093263136085, "loss_main": 2.132505238056183, "loss_total": 2.132505238056183}
{"event": "update", "optimizer_step": 26910, "tokens_seen": 881786880, "lr": 4.716674235364519e-05, "grad_norm": 1.0765398740768433, "elapsed_seconds": 14303.953807560998, "tokens_per_second": 61646.373573570396, "loss_main": 2.296426832675934, "loss_total": 2.296426832675934}
{"event": "update", "optimizer_step": 26920, "tokens_seen": 882114560, "lr": 4.709999048704322e-05, "grad_norm": 1.1246058940887451, "elapsed_seconds": 14309.234045616997, "tokens_per_second": 61646.52539666838, "loss_main": 2.3339211344718933, "loss_total": 2.3339211344718933}
{"event": "update", "optimizer_step": 26930, "tokens_seen": 882442240, "lr": 4.703335987743521e-05, "grad_norm": 1.105944037437439, "elapsed_seconds": 14314.501822168997, "tokens_per_second": 61646.7307743364, "loss_main": 2.2605058550834656, "loss_total": 2.2605058550834656}
{"event": "update", "optimizer_step": 26940, "tokens_seen": 882769920, "lr": 4.696685059334887e-05, "grad_norm": 1.0705814361572266, "elapsed_seconds": 14319.764615718997, "tokens_per_second": 61646.957452846094, "loss_main": 2.2867116928100586, "loss_total": 2.2867116928100586}
{"event": "update", "optimizer_step": 26950, "tokens_seen": 883097600, "lr": 4.6900462703187276e-05, "grad_norm": 1.0657970905303955, "elapsed_seconds": 14325.018331844998, "tokens_per_second": 61647.22302915622, "loss_main": 2.1779274940490723, "loss_total": 2.1779274940490723}
{"event": "update", "optimizer_step": 26960, "tokens_seen": 883425280, "lr": 4.6834196275228586e-05, "grad_norm": 1.1175551414489746, "elapsed_seconds": 14330.276901662997, "tokens_per_second": 61647.46753061558, "loss_main": 2.290627419948578, "loss_total": 2.290627419948578}
{"event": "update", "optimizer_step": 26970, "tokens_seen": 883752960, "lr": 4.6768051377626e-05, "grad_norm": 1.0905853509902954, "elapsed_seconds": 14335.538612178998, "tokens_per_second": 61647.69834662458, "loss_main": 2.0618302822113037, "loss_total": 2.0618302822113037}
{"event": "update", "optimizer_step": 26980, "tokens_seen": 884080640, "lr": 4.6702028078407825e-05, "grad_norm": 1.1025030612945557, "elapsed_seconds": 14340.790100946997, "tokens_per_second": 61647.97293432386, "loss_main": 2.2121304273605347, "loss_total": 2.2121304273605347}
{"event": "update", "optimizer_step": 26990, "tokens_seen": 884408320, "lr": 4.6636126445477175e-05, "grad_norm": 1.1343868970870972, "elapsed_seconds": 14346.037963475997, "tokens_per_second": 61648.26290378161, "loss_main": 2.4649600982666016, "loss_total": 2.4649600982666016}
{"event": "update", "optimizer_step": 27000, "tokens_seen": 884736000, "lr": 4.657034654661216e-05, "grad_norm": 1.1691986322402954, "elapsed_seconds": 14351.294140081998, "tokens_per_second": 61648.51694656611, "loss_main": 1.9355363845825195, "loss_total": 1.9355363845825195}
{"event": "update", "optimizer_step": 27010, "tokens_seen": 885063680, "lr": 4.6504688449465676e-05, "grad_norm": 1.0797507762908936, "elapsed_seconds": 14356.544791324997, "tokens_per_second": 61648.79452992084, "loss_main": 2.138656735420227, "loss_total": 2.138656735420227}
{"event": "update", "optimizer_step": 27020, "tokens_seen": 885391360, "lr": 4.6439152221565235e-05, "grad_norm": 1.1354045867919922, "elapsed_seconds": 14361.794328904998, "tokens_per_second": 61649.07669078881, "loss_main": 2.1897361278533936, "loss_total": 2.1897361278533936}
{"event": "update", "optimizer_step": 27030, "tokens_seen": 885719040, "lr": 4.6373737930313126e-05, "grad_norm": 1.0632692575454712, "elapsed_seconds": 14367.052982417998, "tokens_per_second": 61649.319528780085, "loss_main": 2.057431310415268, "loss_total": 2.057431310415268}
{"event": "update", "optimizer_step": 27040, "tokens_seen": 886046720, "lr": 4.630844564298621e-05, "grad_norm": 1.2490451335906982, "elapsed_seconds": 14372.300808493997, "tokens_per_second": 61649.60863304144, "loss_main": 2.538984477519989, "loss_total": 2.538984477519989}
{"event": "update", "optimizer_step": 27050, "tokens_seen": 886374400, "lr": 4.624327542673582e-05, "grad_norm": 1.1235709190368652, "elapsed_seconds": 14377.545328310998, "tokens_per_second": 61649.9117032606, "loss_main": 2.2952563762664795, "loss_total": 2.2952563762664795}
{"event": "update", "optimizer_step": 27060, "tokens_seen": 886702080, "lr": 4.617822734858777e-05, "grad_norm": 1.091213583946228, "elapsed_seconds": 14382.799908073997, "tokens_per_second": 61650.171431658215, "loss_main": 2.203559547662735, "loss_total": 2.203559547662735}
{"event": "update", "optimizer_step": 27070, "tokens_seen": 887029760, "lr": 4.611330147544229e-05, "grad_norm": 1.1270445585250854, "elapsed_seconds": 14388.049443605998, "tokens_per_second": 61650.4525840501, "loss_main": 2.224605530500412, "loss_total": 2.224605530500412}
{"event": "update", "optimizer_step": 27080, "tokens_seen": 887357440, "lr": 4.604849787407388e-05, "grad_norm": 1.083217740058899, "elapsed_seconds": 14393.306978392997, "tokens_per_second": 61650.699268214514, "loss_main": 2.3165783882141113, "loss_total": 2.3165783882141113}
{"event": "update", "optimizer_step": 27090, "tokens_seen": 887685120, "lr": 4.598381661113132e-05, "grad_norm": 1.1212034225463867, "elapsed_seconds": 14398.542102796997, "tokens_per_second": 61651.041727867865, "loss_main": 2.284973382949829, "loss_total": 2.284973382949829}
{"event": "update", "optimizer_step": 27100, "tokens_seen": 888012800, "lr": 4.5919257753137524e-05, "grad_norm": 1.1510061025619507, "elapsed_seconds": 14403.798709495997, "tokens_per_second": 61651.29198969988, "loss_main": 2.3402578234672546, "loss_total": 2.3402578234672546}
{"event": "update", "optimizer_step": 27110, "tokens_seen": 888340480, "lr": 4.585482136648955e-05, "grad_norm": 1.198421597480774, "elapsed_seconds": 14409.047937587997, "tokens_per_second": 61651.57363954914, "loss_main": 2.362181067466736, "loss_total": 2.362181067466736}
{"event": "update", "optimizer_step": 27120, "tokens_seen": 888668160, "lr": 4.579050751745853e-05, "grad_norm": 1.1527196168899536, "elapsed_seconds": 14414.300033613998, "tokens_per_second": 61651.84281773205, "loss_main": 2.3441424667835236, "loss_total": 2.3441424667835236}
{"event": "update", "optimizer_step": 27130, "tokens_seen": 888995840, "lr": 4.572631627218947e-05, "grad_norm": 1.1190038919448853, "elapsed_seconds": 14419.551511088997, "tokens_per_second": 61652.11444449849, "loss_main": 2.377296566963196, "loss_total": 2.377296566963196}
{"event": "update", "optimizer_step": 27140, "tokens_seen": 889323520, "lr": 4.566224769670138e-05, "grad_norm": 1.1765861511230469, "elapsed_seconds": 14424.804448590998, "tokens_per_second": 61652.37963325516, "loss_main": 2.4358790516853333, "loss_total": 2.4358790516853333}
{"event": "update", "optimizer_step": 27150, "tokens_seen": 889651200, "lr": 4.559830185688708e-05, "grad_norm": 1.0909231901168823, "elapsed_seconds": 14430.055608833998, "tokens_per_second": 61652.652222307486, "loss_main": 2.053024262189865, "loss_total": 2.053024262189865}
{"event": "update", "optimizer_step": 27160, "tokens_seen": 889978880, "lr": 4.553447881851309e-05, "grad_norm": 1.256186604499817, "elapsed_seconds": 14435.295168637997, "tokens_per_second": 61652.97415833663, "loss_main": 2.3231574296951294, "loss_total": 2.3231574296951294}
{"event": "update", "optimizer_step": 27170, "tokens_seen": 890306560, "lr": 4.547077864721975e-05, "grad_norm": 1.1295175552368164, "elapsed_seconds": 14440.540761495997, "tokens_per_second": 61653.27010286884, "loss_main": 2.1469860076904297, "loss_total": 2.1469860076904297}
{"event": "update", "optimizer_step": 27180, "tokens_seen": 890634240, "lr": 4.5407201408521e-05, "grad_norm": 1.0910956859588623, "elapsed_seconds": 14445.781475857997, "tokens_per_second": 61653.58665354596, "loss_main": 2.338430643081665, "loss_total": 2.338430643081665}
{"event": "update", "optimizer_step": 27190, "tokens_seen": 890961920, "lr": 4.534374716780423e-05, "grad_norm": 1.1700568199157715, "elapsed_seconds": 14451.036058402997, "tokens_per_second": 61653.84380740805, "loss_main": 2.113034874200821, "loss_total": 2.113034874200821}
{"event": "update", "optimizer_step": 27200, "tokens_seen": 891289600, "lr": 4.528041599033048e-05, "grad_norm": 1.082525372505188, "elapsed_seconds": 14456.290321319997, "tokens_per_second": 61654.10213749891, "loss_main": 2.0659057199954987, "loss_total": 2.0659057199954987}
{"event": "update", "optimizer_step": 27210, "tokens_seen": 891617280, "lr": 4.52172079412342e-05, "grad_norm": 1.062917709350586, "elapsed_seconds": 14461.531461597997, "tokens_per_second": 61654.41622608595, "loss_main": 2.3040595054626465, "loss_total": 2.3040595054626465}
{"event": "update", "optimizer_step": 27220, "tokens_seen": 891944960, "lr": 4.515412308552309e-05, "grad_norm": 1.137951135635376, "elapsed_seconds": 14466.781986804997, "tokens_per_second": 61654.69009027258, "loss_main": 2.3172711730003357, "loss_total": 2.3172711730003357}
{"event": "update", "optimizer_step": 27230, "tokens_seen": 892272640, "lr": 4.50911614880783e-05, "grad_norm": 1.18463933467865, "elapsed_seconds": 14472.034399440998, "tokens_per_second": 61654.955714758755, "loss_main": 2.46848863363266, "loss_total": 2.46848863363266}
{"event": "update", "optimizer_step": 27240, "tokens_seen": 892600320, "lr": 4.50283232136541e-05, "grad_norm": 1.087638020515442, "elapsed_seconds": 14477.280208724997, "tokens_per_second": 61655.24926857865, "loss_main": 2.2769187688827515, "loss_total": 2.2769187688827515}
{"event": "update", "optimizer_step": 27250, "tokens_seen": 892928000, "lr": 4.496560832687797e-05, "grad_norm": 1.1579256057739258, "elapsed_seconds": 14482.539131612997, "tokens_per_second": 61655.48678207161, "loss_main": 2.290191113948822, "loss_total": 2.290191113948822}
{"event": "update", "optimizer_step": 27260, "tokens_seen": 893255680, "lr": 4.4903016892250524e-05, "grad_norm": 1.13152015209198, "elapsed_seconds": 14487.797293587997, "tokens_per_second": 61655.72736135235, "loss_main": 2.3041452765464783, "loss_total": 2.3041452765464783}
{"event": "update", "optimizer_step": 27270, "tokens_seen": 893583360, "lr": 4.48405489741453e-05, "grad_norm": 1.1108683347702026, "elapsed_seconds": 14493.048437904998, "tokens_per_second": 61655.99762041294, "loss_main": 2.2686502039432526, "loss_total": 2.2686502039432526}
{"event": "update", "optimizer_step": 27280, "tokens_seen": 893911040, "lr": 4.4778204636808947e-05, "grad_norm": 1.1472724676132202, "elapsed_seconds": 14498.305508277997, "tokens_per_second": 61656.2424822411, "loss_main": 2.2996939420700073, "loss_total": 2.2996939420700073}
{"event": "update", "optimizer_step": 27290, "tokens_seen": 894238720, "lr": 4.471598394436093e-05, "grad_norm": 1.1176187992095947, "elapsed_seconds": 14503.567706031998, "tokens_per_second": 61656.46536941999, "loss_main": 2.3677555322647095, "loss_total": 2.3677555322647095}
{"event": "update", "optimizer_step": 27300, "tokens_seen": 894566400, "lr": 4.465388696079352e-05, "grad_norm": 1.0913692712783813, "elapsed_seconds": 14508.820908283997, "tokens_per_second": 61656.7263222083, "loss_main": 2.300119996070862, "loss_total": 2.300119996070862}
{"event": "update", "optimizer_step": 27310, "tokens_seen": 894894080, "lr": 4.459191374997183e-05, "grad_norm": 1.070247769355774, "elapsed_seconds": 14514.082190144998, "tokens_per_second": 61656.95276327079, "loss_main": 2.1519943475723267, "loss_total": 2.1519943475723267}
{"event": "update", "optimizer_step": 27320, "tokens_seen": 895221760, "lr": 4.4530064375633664e-05, "grad_norm": 1.1078736782073975, "elapsed_seconds": 14519.352125454998, "tokens_per_second": 61657.14229290697, "loss_main": 1.980691522359848, "loss_total": 1.980691522359848}
{"event": "update", "optimizer_step": 27330, "tokens_seen": 895549440, "lr": 4.446833890138938e-05, "grad_norm": 1.112720012664795, "elapsed_seconds": 14524.614866158998, "tokens_per_second": 61657.3622262816, "loss_main": 2.298450291156769, "loss_total": 2.298450291156769}
{"event": "update", "optimizer_step": 27340, "tokens_seen": 895877120, "lr": 4.4406737390722005e-05, "grad_norm": 1.11764657497406, "elapsed_seconds": 14529.863521956997, "tokens_per_second": 61657.641769737435, "loss_main": 2.251024603843689, "loss_total": 2.251024603843689}
{"event": "update", "optimizer_step": 27350, "tokens_seen": 896204800, "lr": 4.4345259906987056e-05, "grad_norm": 1.2501776218414307, "elapsed_seconds": 14535.132422276998, "tokens_per_second": 61657.83523419769, "loss_main": 2.181930184364319, "loss_total": 2.181930184364319}
{"event": "update", "optimizer_step": 27360, "tokens_seen": 896532480, "lr": 4.4283906513412454e-05, "grad_norm": 1.1661438941955566, "elapsed_seconds": 14540.405429300998, "tokens_per_second": 61658.01114412936, "loss_main": 2.3391741514205933, "loss_total": 2.3391741514205933}
{"event": "update", "optimizer_step": 27370, "tokens_seen": 896860160, "lr": 4.422267727309853e-05, "grad_norm": 1.1184641122817993, "elapsed_seconds": 14545.668848992997, "tokens_per_second": 61658.227566626476, "loss_main": 2.304437577724457, "loss_total": 2.304437577724457}
{"event": "update", "optimizer_step": 27380, "tokens_seen": 897187840, "lr": 4.4161572249017886e-05, "grad_norm": 1.1211408376693726, "elapsed_seconds": 14550.938379951998, "tokens_per_second": 61658.417936545455, "loss_main": 2.285258710384369, "loss_total": 2.285258710384369}
{"event": "update", "optimizer_step": 27390, "tokens_seen": 897515520, "lr": 4.4100591504015406e-05, "grad_norm": 1.054097294807434, "elapsed_seconds": 14556.199592025998, "tokens_per_second": 61658.643406598116, "loss_main": 2.1534482836723328, "loss_total": 2.1534482836723328}
{"event": "update", "optimizer_step": 27400, "tokens_seen": 897843200, "lr": 4.403973510080818e-05, "grad_norm": 1.0641528367996216, "elapsed_seconds": 14561.460916187998, "tokens_per_second": 61658.868239097246, "loss_main": 2.070384591817856, "loss_total": 2.070384591817856}
{"event": "update", "optimizer_step": 27410, "tokens_seen": 898170880, "lr": 4.397900310198536e-05, "grad_norm": 1.1360913515090942, "elapsed_seconds": 14566.723552534997, "tokens_per_second": 61659.087354870164, "loss_main": 2.3502228260040283, "loss_total": 2.3502228260040283}
{"event": "update", "optimizer_step": 27420, "tokens_seen": 898498560, "lr": 4.391839557000817e-05, "grad_norm": 1.1864337921142578, "elapsed_seconds": 14571.984905895997, "tokens_per_second": 61659.31174115181, "loss_main": 2.3458569049835205, "loss_total": 2.3458569049835205}
{"event": "update", "optimizer_step": 27430, "tokens_seen": 898826240, "lr": 4.385791256720985e-05, "grad_norm": 1.4693877696990967, "elapsed_seconds": 14577.248589106997, "tokens_per_second": 61659.526110548555, "loss_main": 2.2033638656139374, "loss_total": 2.2033638656139374}
{"event": "update", "optimizer_step": 27440, "tokens_seen": 899153920, "lr": 4.3797554155795525e-05, "grad_norm": 1.0919615030288696, "elapsed_seconds": 14582.513796340998, "tokens_per_second": 61659.733881109925, "loss_main": 2.266296684741974, "loss_total": 2.266296684741974}
{"event": "update", "optimizer_step": 27450, "tokens_seen": 899481600, "lr": 4.37373203978422e-05, "grad_norm": 1.1949483156204224, "elapsed_seconds": 14587.770101774997, "tokens_per_second": 61659.97912803368, "loss_main": 2.435907542705536, "loss_total": 2.435907542705536}
{"event": "update", "optimizer_step": 27460, "tokens_seen": 899809280, "lr": 4.367721135529872e-05, "grad_norm": 1.1237083673477173, "elapsed_seconds": 14593.020683779998, "tokens_per_second": 61660.24838162049, "loss_main": 2.245836317539215, "loss_total": 2.245836317539215}
{"event": "update", "optimizer_step": 27470, "tokens_seen": 900136960, "lr": 4.361722708998554e-05, "grad_norm": 1.1108787059783936, "elapsed_seconds": 14598.277745046997, "tokens_per_second": 61660.49007427637, "loss_main": 2.208702564239502, "loss_total": 2.208702564239502}
{"event": "update", "optimizer_step": 27480, "tokens_seen": 900464640, "lr": 4.3557367663594966e-05, "grad_norm": 1.144362449645996, "elapsed_seconds": 14603.526506591998, "tokens_per_second": 61660.76663698541, "loss_main": 2.333369255065918, "loss_total": 2.333369255065918}
{"event": "update", "optimizer_step": 27490, "tokens_seen": 900792320, "lr": 4.349763313769071e-05, "grad_norm": 1.1030604839324951, "elapsed_seconds": 14608.784022569997, "tokens_per_second": 61661.00605007996, "loss_main": 2.141696482896805, "loss_total": 2.141696482896805}
{"event": "update", "optimizer_step": 27500, "tokens_seen": 901120000, "lr": 4.343802357370819e-05, "grad_norm": 1.0648713111877441, "elapsed_seconds": 14614.044744827997, "tokens_per_second": 61661.23176261056, "loss_main": 2.2194343209266663, "loss_total": 2.2194343209266663}
{"event": "update", "optimizer_step": 27510, "tokens_seen": 901447680, "lr": 4.3378539032954255e-05, "grad_norm": 1.2029173374176025, "elapsed_seconds": 14619.312853788997, "tokens_per_second": 61661.426157000606, "loss_main": 2.2443193197250366, "loss_total": 2.2443193197250366}
{"event": "update", "optimizer_step": 27520, "tokens_seen": 901775360, "lr": 4.331917957660709e-05, "grad_norm": 1.1448746919631958, "elapsed_seconds": 14624.567733447997, "tokens_per_second": 61661.67619009624, "loss_main": 2.1379950046539307, "loss_total": 2.1379950046539307}
{"event": "update", "optimizer_step": 27530, "tokens_seen": 902103040, "lr": 4.3259945265716355e-05, "grad_norm": 1.182484745979309, "elapsed_seconds": 14629.813816421998, "tokens_per_second": 61661.96311995354, "loss_main": 2.1089631021022797, "loss_total": 2.1089631021022797}
{"event": "update", "optimizer_step": 27540, "tokens_seen": 902430720, "lr": 4.320083616120296e-05, "grad_norm": 1.1149988174438477, "elapsed_seconds": 14635.069326787998, "tokens_per_second": 61662.21012347327, "loss_main": 2.0416682362556458, "loss_total": 2.0416682362556458}
{"event": "update", "optimizer_step": 27550, "tokens_seen": 902758400, "lr": 4.314185232385898e-05, "grad_norm": 1.2406833171844482, "elapsed_seconds": 14640.323429310998, "tokens_per_second": 61662.46287924293, "loss_main": 2.2139779329299927, "loss_total": 2.2139779329299927}
{"event": "update", "optimizer_step": 27560, "tokens_seen": 903086080, "lr": 4.308299381434772e-05, "grad_norm": 1.1447391510009766, "elapsed_seconds": 14645.563449152998, "tokens_per_second": 61662.77474645255, "loss_main": 2.2389535009860992, "loss_total": 2.2389535009860992}
{"event": "update", "optimizer_step": 27570, "tokens_seen": 903413760, "lr": 4.302426069320364e-05, "grad_norm": 1.2710189819335938, "elapsed_seconds": 14650.807559688998, "tokens_per_second": 61663.069173449534, "loss_main": 2.364417552947998, "loss_total": 2.364417552947998}
{"event": "update", "optimizer_step": 27580, "tokens_seen": 903741440, "lr": 4.29656530208321e-05, "grad_norm": 1.1203577518463135, "elapsed_seconds": 14656.062511090997, "tokens_per_second": 61663.31777829771, "loss_main": 2.2064067721366882, "loss_total": 2.2064067721366882}
{"event": "update", "optimizer_step": 27590, "tokens_seen": 904069120, "lr": 4.290717085750954e-05, "grad_norm": 1.1482274532318115, "elapsed_seconds": 14661.316905400998, "tokens_per_second": 61663.568547990064, "loss_main": 2.1053276360034943, "loss_total": 2.1053276360034943}
{"event": "update", "optimizer_step": 27600, "tokens_seen": 904396800, "lr": 4.284881426338331e-05, "grad_norm": 1.1874243021011353, "elapsed_seconds": 14666.565664897997, "tokens_per_second": 61663.84282889923, "loss_main": 2.1967599987983704, "loss_total": 2.1967599987983704}
{"event": "update", "optimizer_step": 27610, "tokens_seen": 904724480, "lr": 4.27905832984716e-05, "grad_norm": 1.183385968208313, "elapsed_seconds": 14671.813246662998, "tokens_per_second": 61664.121863449516, "loss_main": 2.168440490961075, "loss_total": 2.168440490961075}
{"event": "update", "optimizer_step": 27620, "tokens_seen": 905052160, "lr": 4.273247802266338e-05, "grad_norm": 1.1479854583740234, "elapsed_seconds": 14677.072009995998, "tokens_per_second": 61664.35372011551, "loss_main": 2.3474186658859253, "loss_total": 2.3474186658859253}
{"event": "update", "optimizer_step": 27630, "tokens_seen": 905379840, "lr": 4.267449849571837e-05, "grad_norm": 1.1459954977035522, "elapsed_seconds": 14682.320553705997, "tokens_per_second": 61664.62833230208, "loss_main": 2.309311270713806, "loss_total": 2.309311270713806}
{"event": "update", "optimizer_step": 27640, "tokens_seen": 905707520, "lr": 4.261664477726698e-05, "grad_norm": 1.1351548433303833, "elapsed_seconds": 14687.572443385998, "tokens_per_second": 61664.888700368705, "loss_main": 2.2994291186332703, "loss_total": 2.2994291186332703}
{"event": "update", "optimizer_step": 27650, "tokens_seen": 906035200, "lr": 4.2558916926810156e-05, "grad_norm": 1.0660969018936157, "elapsed_seconds": 14692.831684466997, "tokens_per_second": 61665.11802880342, "loss_main": 2.354695677757263, "loss_total": 2.354695677757263}
{"event": "update", "optimizer_step": 27660, "tokens_seen": 906362880, "lr": 4.2501315003719464e-05, "grad_norm": 1.1113972663879395, "elapsed_seconds": 14698.079621425997, "tokens_per_second": 61665.394619223414, "loss_main": 2.4627552032470703, "loss_total": 2.4627552032470703}
{"event": "update", "optimizer_step": 27670, "tokens_seen": 906690560, "lr": 4.2443839067236955e-05, "grad_norm": 1.1618824005126953, "elapsed_seconds": 14703.336543403997, "tokens_per_second": 61665.63332910629, "loss_main": 2.3541956543922424, "loss_total": 2.3541956543922424}
{"event": "update", "optimizer_step": 27680, "tokens_seen": 907018240, "lr": 4.238648917647509e-05, "grad_norm": 1.1359188556671143, "elapsed_seconds": 14708.588883702998, "tokens_per_second": 61665.89107708144, "loss_main": 2.411148488521576, "loss_total": 2.411148488521576}
{"event": "update", "optimizer_step": 27690, "tokens_seen": 907345920, "lr": 4.232926539041665e-05, "grad_norm": 1.1196824312210083, "elapsed_seconds": 14713.850614891997, "tokens_per_second": 61666.109283566366, "loss_main": 2.30516916513443, "loss_total": 2.30516916513443}
{"event": "update", "optimizer_step": 27700, "tokens_seen": 907673600, "lr": 4.227216776791477e-05, "grad_norm": 1.0705618858337402, "elapsed_seconds": 14719.106813552997, "tokens_per_second": 61666.35051280667, "loss_main": 2.0946483314037323, "loss_total": 2.0946483314037323}
{"event": "update", "optimizer_step": 27710, "tokens_seen": 908001280, "lr": 4.2215196367692894e-05, "grad_norm": 1.1425811052322388, "elapsed_seconds": 14724.361754235997, "tokens_per_second": 61666.59683831664, "loss_main": 2.209908366203308, "loss_total": 2.209908366203308}
{"event": "update", "optimizer_step": 27720, "tokens_seen": 908328960, "lr": 4.215835124834448e-05, "grad_norm": 1.1349889039993286, "elapsed_seconds": 14729.612812327998, "tokens_per_second": 61666.85924288323, "loss_main": 2.3990513682365417, "loss_total": 2.3990513682365417}
{"event": "update", "optimizer_step": 27730, "tokens_seen": 908656640, "lr": 4.210163246833328e-05, "grad_norm": 1.1186310052871704, "elapsed_seconds": 14734.857799167998, "tokens_per_second": 61667.14686933098, "loss_main": 2.0326709747314453, "loss_total": 2.0326709747314453}
{"event": "update", "optimizer_step": 27740, "tokens_seen": 908984320, "lr": 4.2045040085992985e-05, "grad_norm": 1.156313180923462, "elapsed_seconds": 14740.112618529998, "tokens_per_second": 61667.393155280464, "loss_main": 2.3850738406181335, "loss_total": 2.3850738406181335}
{"event": "update", "optimizer_step": 27750, "tokens_seen": 909312000, "lr": 4.198857415952734e-05, "grad_norm": 1.1103971004486084, "elapsed_seconds": 14745.381922741997, "tokens_per_second": 61667.578687640234, "loss_main": 1.9491634368896484, "loss_total": 1.9491634368896484}
{"event": "update", "optimizer_step": 27760, "tokens_seen": 909639680, "lr": 4.1932234747010084e-05, "grad_norm": 1.1777833700180054, "elapsed_seconds": 14750.632133180998, "tokens_per_second": 61667.84391251948, "loss_main": 2.2012776136398315, "loss_total": 2.2012776136398315}
{"event": "update", "optimizer_step": 27770, "tokens_seen": 909967360, "lr": 4.187602190638475e-05, "grad_norm": 1.203003168106079, "elapsed_seconds": 14755.879982804998, "tokens_per_second": 61668.118815033966, "loss_main": 2.3163706064224243, "loss_total": 2.3163706064224243}
{"event": "update", "optimizer_step": 27780, "tokens_seen": 910295040, "lr": 4.1819935695464734e-05, "grad_norm": 1.2224127054214478, "elapsed_seconds": 14761.133251037998, "tokens_per_second": 61668.37088446366, "loss_main": 2.3664517998695374, "loss_total": 2.3664517998695374}
{"event": "update", "optimizer_step": 27790, "tokens_seen": 910622720, "lr": 4.1763976171933244e-05, "grad_norm": 1.1839021444320679, "elapsed_seconds": 14766.377730026998, "tokens_per_second": 61668.659480941984, "loss_main": 2.3812254667282104, "loss_total": 2.3812254667282104}
{"event": "update", "optimizer_step": 27800, "tokens_seen": 910950400, "lr": 4.1708143393343085e-05, "grad_norm": 1.0947775840759277, "elapsed_seconds": 14771.636047526998, "tokens_per_second": 61668.890099178105, "loss_main": 2.099077671766281, "loss_total": 2.099077671766281}
{"event": "update", "optimizer_step": 27810, "tokens_seen": 911278080, "lr": 4.1652437417116797e-05, "grad_norm": 1.1095439195632935, "elapsed_seconds": 14776.894289400998, "tokens_per_second": 61669.120868898084, "loss_main": 2.2593340277671814, "loss_total": 2.2593340277671814}
{"event": "update", "optimizer_step": 27820, "tokens_seen": 911605760, "lr": 4.15968583005465e-05, "grad_norm": 1.1460658311843872, "elapsed_seconds": 14782.149867288997, "tokens_per_second": 61669.36258827051, "loss_main": 2.2286137342453003, "loss_total": 2.2286137342453003}
{"event": "update", "optimizer_step": 27830, "tokens_seen": 911933440, "lr": 4.154140610079378e-05, "grad_norm": 1.1794308423995972, "elapsed_seconds": 14787.390268095998, "tokens_per_second": 61669.66743060195, "loss_main": 2.242301046848297, "loss_total": 2.242301046848297}
{"event": "update", "optimizer_step": 27840, "tokens_seen": 912261120, "lr": 4.1486080874889775e-05, "grad_norm": 1.1778372526168823, "elapsed_seconds": 14792.635170274998, "tokens_per_second": 61669.953290887584, "loss_main": 2.2851012349128723, "loss_total": 2.2851012349128723}
{"event": "update", "optimizer_step": 27850, "tokens_seen": 912588800, "lr": 4.143088267973499e-05, "grad_norm": 1.223482370376587, "elapsed_seconds": 14797.882569868998, "tokens_per_second": 61670.228540547134, "loss_main": 2.3305654525756836, "loss_total": 2.3305654525756836}
{"event": "update", "optimizer_step": 27860, "tokens_seen": 912916480, "lr": 4.137581157209925e-05, "grad_norm": 1.211126685142517, "elapsed_seconds": 14803.134308482997, "tokens_per_second": 61670.48551851951, "loss_main": 2.3370739221572876, "loss_total": 2.3370739221572876}
{"event": "update", "optimizer_step": 27870, "tokens_seen": 913244160, "lr": 4.132086760862178e-05, "grad_norm": 1.2094498872756958, "elapsed_seconds": 14808.397497857997, "tokens_per_second": 61670.69462661971, "loss_main": 2.5371868014335632, "loss_total": 2.5371868014335632}
{"event": "update", "optimizer_step": 27880, "tokens_seen": 913571840, "lr": 4.126605084581087e-05, "grad_norm": 1.225464105606079, "elapsed_seconds": 14813.655086167997, "tokens_per_second": 61670.92690399093, "loss_main": 2.373690605163574, "loss_total": 2.373690605163574}
{"event": "update", "optimizer_step": 27890, "tokens_seen": 913899520, "lr": 4.121136134004418e-05, "grad_norm": 1.1385066509246826, "elapsed_seconds": 14818.912476287998, "tokens_per_second": 61671.15984134103, "loss_main": 2.332418203353882, "loss_total": 2.332418203353882}
{"event": "update", "optimizer_step": 27900, "tokens_seen": 914227200, "lr": 4.115679914756838e-05, "grad_norm": 1.1630935668945312, "elapsed_seconds": 14824.171357754998, "tokens_per_second": 61671.386409179526, "loss_main": 2.4566628336906433, "loss_total": 2.4566628336906433}
{"event": "update", "optimizer_step": 27910, "tokens_seen": 914554880, "lr": 4.110236432449917e-05, "grad_norm": 1.1941359043121338, "elapsed_seconds": 14829.426079759998, "tokens_per_second": 61671.63011441379, "loss_main": 2.276765823364258, "loss_total": 2.276765823364258}
{"event": "update", "optimizer_step": 27920, "tokens_seen": 914882560, "lr": 4.104805692682134e-05, "grad_norm": 1.196881890296936, "elapsed_seconds": 14834.680363299998, "tokens_per_second": 61671.875469818544, "loss_main": 2.2974499464035034, "loss_total": 2.2974499464035034}
{"event": "update", "optimizer_step": 27930, "tokens_seen": 915210240, "lr": 4.0993877010388626e-05, "grad_norm": 1.1424611806869507, "elapsed_seconds": 14839.932539908998, "tokens_per_second": 61672.129407510925, "loss_main": 2.192961722612381, "loss_total": 2.192961722612381}
{"event": "update", "optimizer_step": 27940, "tokens_seen": 915537920, "lr": 4.093982463092354e-05, "grad_norm": 1.1542294025421143, "elapsed_seconds": 14845.188958813997, "tokens_per_second": 61672.365541458465, "loss_main": 2.1600491404533386, "loss_total": 2.1600491404533386}
{"event": "update", "optimizer_step": 27950, "tokens_seen": 915865600, "lr": 4.088589984401755e-05, "grad_norm": 1.213452696800232, "elapsed_seconds": 14850.430783017997, "tokens_per_second": 61672.66211882051, "loss_main": 2.474483370780945, "loss_total": 2.474483370780945}
{"event": "update", "optimizer_step": 27960, "tokens_seen": 916193280, "lr": 4.083210270513086e-05, "grad_norm": 1.1558263301849365, "elapsed_seconds": 14855.679273937998, "tokens_per_second": 61672.93081019325, "loss_main": 2.3439520597457886, "loss_total": 2.3439520597457886}
{"event": "update", "optimizer_step": 27970, "tokens_seen": 916520960, "lr": 4.0778433269592365e-05, "grad_norm": 1.1713560819625854, "elapsed_seconds": 14860.933786229998, "tokens_per_second": 61673.174322951345, "loss_main": 2.284053146839142, "loss_total": 2.284053146839142}
{"event": "update", "optimizer_step": 27980, "tokens_seen": 916848640, "lr": 4.072489159259964e-05, "grad_norm": 1.1676031351089478, "elapsed_seconds": 14866.193176801997, "tokens_per_second": 61673.39742569064, "loss_main": 2.409641742706299, "loss_total": 2.409641742706299}
{"event": "update", "optimizer_step": 27990, "tokens_seen": 917176320, "lr": 4.0671477729218846e-05, "grad_norm": 1.1616679430007935, "elapsed_seconds": 14871.443613753998, "tokens_per_second": 61673.65750233828, "loss_main": 2.2571864128112793, "loss_total": 2.2571864128112793}
{"event": "update", "optimizer_step": 28000, "tokens_seen": 917504000, "lr": 4.061819173438471e-05, "grad_norm": 1.2690478563308716, "elapsed_seconds": 14876.675528906997, "tokens_per_second": 61673.99418083631, "loss_main": 2.267768979072571, "loss_total": 2.267768979072571}
{"event": "update", "optimizer_step": 28010, "tokens_seen": 917831680, "lr": 4.05650336629005e-05, "grad_norm": 1.1570419073104858, "elapsed_seconds": 14881.926122030998, "tokens_per_second": 61674.25321654128, "loss_main": 2.028466522693634, "loss_total": 2.028466522693634}
{"event": "update", "optimizer_step": 28020, "tokens_seen": 918159360, "lr": 4.05120035694378e-05, "grad_norm": 1.3361831903457642, "elapsed_seconds": 14887.186119316997, "tokens_per_second": 61674.47311004155, "loss_main": 2.144675850868225, "loss_total": 2.144675850868225}
{"event": "update", "optimizer_step": 28030, "tokens_seen": 918487040, "lr": 4.045910150853667e-05, "grad_norm": 1.2219979763031006, "elapsed_seconds": 14892.442838688998, "tokens_per_second": 61674.70642317105, "loss_main": 2.328276216983795, "loss_total": 2.328276216983795}
{"event": "update", "optimizer_step": 28040, "tokens_seen": 918814720, "lr": 4.040632753460546e-05, "grad_norm": 1.1178138256072998, "elapsed_seconds": 14897.682813590998, "tokens_per_second": 61675.00889210603, "loss_main": 2.3463388681411743, "loss_total": 2.3463388681411743}
{"event": "update", "optimizer_step": 28050, "tokens_seen": 919142400, "lr": 4.035368170192076e-05, "grad_norm": 1.2058771848678589, "elapsed_seconds": 14902.929855351997, "tokens_per_second": 61675.28190236459, "loss_main": 2.280243992805481, "loss_total": 2.280243992805481}
{"event": "update", "optimizer_step": 28060, "tokens_seen": 919470080, "lr": 4.030116406462741e-05, "grad_norm": 1.1720759868621826, "elapsed_seconds": 14908.187022378997, "tokens_per_second": 61675.51283196031, "loss_main": 2.1832776963710785, "loss_total": 2.1832776963710785}
{"event": "update", "optimizer_step": 28070, "tokens_seen": 919797760, "lr": 4.0248774676738405e-05, "grad_norm": 1.1534072160720825, "elapsed_seconds": 14913.432399824997, "tokens_per_second": 61675.79235554073, "loss_main": 2.381486475467682, "loss_total": 2.381486475467682}
{"event": "evaluation", "tokens_seen": 920027136, "elapsed_seconds": 14917.100486714997, "parameters": 71199040, "main_loss": 2.3364436365664005, "perplexity": 10.344382684360435}
{"event": "update", "optimizer_step": 28080, "tokens_seen": 920125440, "lr": 4.019651359213481e-05, "grad_norm": 1.1249871253967285, "elapsed_seconds": 14920.960175619997, "tokens_per_second": 61666.63734572744, "loss_main": 2.219538927078247, "loss_total": 2.219538927078247}
{"event": "update", "optimizer_step": 28090, "tokens_seen": 920453120, "lr": 4.014438086456572e-05, "grad_norm": 1.1855982542037964, "elapsed_seconds": 14926.215573153997, "tokens_per_second": 61666.878351637184, "loss_main": 2.308338224887848, "loss_total": 2.308338224887848}
{"event": "update", "optimizer_step": 28100, "tokens_seen": 920780800, "lr": 4.0092376547648315e-05, "grad_norm": 1.129266619682312, "elapsed_seconds": 14931.463651611997, "tokens_per_second": 61667.14941576359, "loss_main": 2.1845365166664124, "loss_total": 2.1845365166664124}
{"event": "update", "optimizer_step": 28110, "tokens_seen": 921108480, "lr": 4.004050069486757e-05, "grad_norm": 1.120287299156189, "elapsed_seconds": 14936.715759352997, "tokens_per_second": 61667.403654195194, "loss_main": 2.2349576354026794, "loss_total": 2.2349576354026794}
{"event": "update", "optimizer_step": 28120, "tokens_seen": 921436160, "lr": 3.998875335957646e-05, "grad_norm": 1.1811339855194092, "elapsed_seconds": 14941.966234828997, "tokens_per_second": 61667.664450490935, "loss_main": 2.211665987968445, "loss_total": 2.211665987968445}
{"event": "update", "optimizer_step": 28130, "tokens_seen": 921763840, "lr": 3.993713459499567e-05, "grad_norm": 1.16202974319458, "elapsed_seconds": 14947.223191528998, "tokens_per_second": 61667.89832391002, "loss_main": 2.2194342613220215, "loss_total": 2.2194342613220215}
{"event": "update", "optimizer_step": 28140, "tokens_seen": 922091520, "lr": 3.9885644454213744e-05, "grad_norm": 1.120916485786438, "elapsed_seconds": 14952.493166010998, "tokens_per_second": 61668.07834402068, "loss_main": 2.198770225048065, "loss_total": 2.198770225048065}
{"event": "update", "optimizer_step": 28150, "tokens_seen": 922419200, "lr": 3.9834282990186946e-05, "grad_norm": 1.1208661794662476, "elapsed_seconds": 14957.754359955998, "tokens_per_second": 61668.294437930155, "loss_main": 2.279851973056793, "loss_total": 2.279851973056793}
{"event": "update", "optimizer_step": 28160, "tokens_seen": 922746880, "lr": 3.9783050255739107e-05, "grad_norm": 1.1609474420547485, "elapsed_seconds": 14962.999415011998, "tokens_per_second": 61668.57689469876, "loss_main": 2.1938666105270386, "loss_total": 2.1938666105270386}
{"event": "update", "optimizer_step": 28170, "tokens_seen": 923074560, "lr": 3.973194630356172e-05, "grad_norm": 1.1153610944747925, "elapsed_seconds": 14968.249816488997, "tokens_per_second": 61668.83712637818, "loss_main": 2.0506560802459717, "loss_total": 2.0506560802459717}
{"event": "update", "optimizer_step": 28180, "tokens_seen": 923402240, "lr": 3.968097118621388e-05, "grad_norm": 1.182140827178955, "elapsed_seconds": 14973.503957549998, "tokens_per_second": 61669.08177390227, "loss_main": 2.430804193019867, "loss_total": 2.430804193019867}
{"event": "update", "optimizer_step": 28190, "tokens_seen": 923729920, "lr": 3.9630124956122074e-05, "grad_norm": 1.1773402690887451, "elapsed_seconds": 14978.755514630997, "tokens_per_second": 61669.336888349375, "loss_main": 2.273428797721863, "loss_total": 2.273428797721863}
{"event": "update", "optimizer_step": 28200, "tokens_seen": 924057600, "lr": 3.957940766558031e-05, "grad_norm": 1.172308325767517, "elapsed_seconds": 14984.005160915998, "tokens_per_second": 61669.59968822586, "loss_main": 2.2429093718528748, "loss_total": 2.2429093718528748}
{"event": "update", "optimizer_step": 28210, "tokens_seen": 924385280, "lr": 3.9528819366749964e-05, "grad_norm": 1.0920354127883911, "elapsed_seconds": 14989.254538215997, "tokens_per_second": 61669.863410700294, "loss_main": 2.0975436866283417, "loss_total": 2.0975436866283417}
{"event": "update", "optimizer_step": 28220, "tokens_seen": 924712960, "lr": 3.947836011165971e-05, "grad_norm": 1.131598711013794, "elapsed_seconds": 14994.508615566998, "tokens_per_second": 61670.10761793031, "loss_main": 2.3863405585289, "loss_total": 2.3863405585289}
{"event": "update", "optimizer_step": 28230, "tokens_seen": 925040640, "lr": 3.9428029952205595e-05, "grad_norm": 1.0859148502349854, "elapsed_seconds": 14999.775980857998, "tokens_per_second": 61670.29702180172, "loss_main": 2.0599676072597504, "loss_total": 2.0599676072597504}
{"event": "update", "optimizer_step": 28240, "tokens_seen": 925368320, "lr": 3.937782894015076e-05, "grad_norm": 1.391444444656372, "elapsed_seconds": 15005.031780786998, "tokens_per_second": 61670.533826184634, "loss_main": 2.1901288628578186, "loss_total": 2.1901288628578186}
{"event": "update", "optimizer_step": 28250, "tokens_seen": 925696000, "lr": 3.932775712712565e-05, "grad_norm": 1.1608511209487915, "elapsed_seconds": 15010.279650018998, "tokens_per_second": 61670.80304855136, "loss_main": 2.190035104751587, "loss_total": 2.190035104751587}
{"event": "update", "optimizer_step": 28260, "tokens_seen": 926023680, "lr": 3.927781456462778e-05, "grad_norm": 1.154659390449524, "elapsed_seconds": 15015.549624472997, "tokens_per_second": 61670.98129333383, "loss_main": 2.2669796347618103, "loss_total": 2.2669796347618103}
{"event": "update", "optimizer_step": 28270, "tokens_seen": 926351360, "lr": 3.922800130402171e-05, "grad_norm": 1.1812633275985718, "elapsed_seconds": 15020.815939406997, "tokens_per_second": 61671.17443798271, "loss_main": 2.1881337761878967, "loss_total": 2.1881337761878967}
{"event": "update", "optimizer_step": 28280, "tokens_seen": 926679040, "lr": 3.9178317396539054e-05, "grad_norm": 1.1378227472305298, "elapsed_seconds": 15026.080632070998, "tokens_per_second": 61671.37410550942, "loss_main": 2.2963834404945374, "loss_total": 2.2963834404945374}
{"event": "update", "optimizer_step": 28290, "tokens_seen": 927006720, "lr": 3.9128762893278405e-05, "grad_norm": 1.1690983772277832, "elapsed_seconds": 15031.343377521998, "tokens_per_second": 61671.58162232219, "loss_main": 2.196245789527893, "loss_total": 2.196245789527893}
{"event": "update", "optimizer_step": 28300, "tokens_seen": 927334400, "lr": 3.907933784520518e-05, "grad_norm": 1.2419899702072144, "elapsed_seconds": 15036.609093352998, "tokens_per_second": 61671.77681103198, "loss_main": 2.3365306854248047, "loss_total": 2.3365306854248047}
{"event": "update", "optimizer_step": 28310, "tokens_seen": 927662080, "lr": 3.903004230315174e-05, "grad_norm": 1.229386568069458, "elapsed_seconds": 15041.872053711997, "tokens_per_second": 61671.983160571675, "loss_main": 2.4639095664024353, "loss_total": 2.4639095664024353}
{"event": "update", "optimizer_step": 28320, "tokens_seen": 927989760, "lr": 3.898087631781726e-05, "grad_norm": 1.1691443920135498, "elapsed_seconds": 15047.129002559997, "tokens_per_second": 61672.21400455324, "loss_main": 2.392505168914795, "loss_total": 2.392505168914795}
{"event": "update", "optimizer_step": 28330, "tokens_seen": 928317440, "lr": 3.8931839939767584e-05, "grad_norm": 1.1595699787139893, "elapsed_seconds": 15052.375650061997, "tokens_per_second": 61672.486893866255, "loss_main": 2.2006500959396362, "loss_total": 2.2006500959396362}
{"event": "update", "optimizer_step": 28340, "tokens_seen": 928645120, "lr": 3.888293321943532e-05, "grad_norm": 1.1873654127120972, "elapsed_seconds": 15057.630743747997, "tokens_per_second": 61672.72499928835, "loss_main": 2.2790790796279907, "loss_total": 2.2790790796279907}
{"event": "update", "optimizer_step": 28350, "tokens_seen": 928972800, "lr": 3.883415620711974e-05, "grad_norm": 1.1927279233932495, "elapsed_seconds": 15062.890396024997, "tokens_per_second": 61672.94427403854, "loss_main": 2.235582709312439, "loss_total": 2.235582709312439}
{"event": "update", "optimizer_step": 28360, "tokens_seen": 929300480, "lr": 3.878550895298671e-05, "grad_norm": 1.159295916557312, "elapsed_seconds": 15068.148716479998, "tokens_per_second": 61673.16884678914, "loss_main": 2.2174625396728516, "loss_total": 2.2174625396728516}
{"event": "update", "optimizer_step": 28370, "tokens_seen": 929628160, "lr": 3.873699150706856e-05, "grad_norm": 1.197689414024353, "elapsed_seconds": 15073.412485350997, "tokens_per_second": 61673.37097047224, "loss_main": 2.3191096782684326, "loss_total": 2.3191096782684326}
{"event": "update", "optimizer_step": 28380, "tokens_seen": 929955840, "lr": 3.8688603919264226e-05, "grad_norm": 1.1835078001022339, "elapsed_seconds": 15078.664434072998, "tokens_per_second": 61673.62129888605, "loss_main": 2.1684510111808777, "loss_total": 2.1684510111808777}
{"event": "update", "optimizer_step": 28390, "tokens_seen": 930283520, "lr": 3.8640346239339055e-05, "grad_norm": 1.157519817352295, "elapsed_seconds": 15083.930718413998, "tokens_per_second": 61673.81283874094, "loss_main": 2.1478078961372375, "loss_total": 2.1478078961372375}
{"event": "update", "optimizer_step": 28400, "tokens_seen": 930611200, "lr": 3.859221851692472e-05, "grad_norm": 1.1344265937805176, "elapsed_seconds": 15089.189147941997, "tokens_per_second": 61674.036349854185, "loss_main": 2.175071805715561, "loss_total": 2.175071805715561}
{"event": "update", "optimizer_step": 28410, "tokens_seen": 930938880, "lr": 3.854422080151934e-05, "grad_norm": 1.1514041423797607, "elapsed_seconds": 15094.444585419997, "tokens_per_second": 61674.271930430026, "loss_main": 2.243028461933136, "loss_total": 2.243028461933136}
{"event": "update", "optimizer_step": 28420, "tokens_seen": 931266560, "lr": 3.849635314248726e-05, "grad_norm": 1.1756786108016968, "elapsed_seconds": 15099.705356879997, "tokens_per_second": 61674.48556045365, "loss_main": 2.1702481508255005, "loss_total": 2.1702481508255005}
{"event": "update", "optimizer_step": 28430, "tokens_seen": 931594240, "lr": 3.844861558905908e-05, "grad_norm": 1.1867032051086426, "elapsed_seconds": 15104.966756600998, "tokens_per_second": 61674.69647643451, "loss_main": 2.3717747926712036, "loss_total": 2.3717747926712036}
{"event": "update", "optimizer_step": 28440, "tokens_seen": 931921920, "lr": 3.840100819033158e-05, "grad_norm": 1.1658833026885986, "elapsed_seconds": 15110.234939444998, "tokens_per_second": 61674.87955910166, "loss_main": 2.1891945600509644, "loss_total": 2.1891945600509644}
{"event": "update", "optimizer_step": 28450, "tokens_seen": 932249600, "lr": 3.835353099526772e-05, "grad_norm": 1.107932686805725, "elapsed_seconds": 15115.500232956998, "tokens_per_second": 61675.07430335482, "loss_main": 2.384954333305359, "loss_total": 2.384954333305359}
{"event": "update", "optimizer_step": 28460, "tokens_seen": 932577280, "lr": 3.8306184052696514e-05, "grad_norm": 1.1391404867172241, "elapsed_seconds": 15120.758916616998, "tokens_per_second": 61675.29587255979, "loss_main": 2.1929916739463806, "loss_total": 2.1929916739463806}
{"event": "update", "optimizer_step": 28470, "tokens_seen": 932904960, "lr": 3.825896741131299e-05, "grad_norm": 1.5646816492080688, "elapsed_seconds": 15126.021132735998, "tokens_per_second": 61675.50288429724, "loss_main": 2.4230300188064575, "loss_total": 2.4230300188064575}
{"event": "update", "optimizer_step": 28480, "tokens_seen": 933232640, "lr": 3.8211881119678234e-05, "grad_norm": 1.1608831882476807, "elapsed_seconds": 15131.289600582997, "tokens_per_second": 61675.68426976926, "loss_main": 2.1426204442977905, "loss_total": 2.1426204442977905}
{"event": "update", "optimizer_step": 28490, "tokens_seen": 933560320, "lr": 3.816492522621921e-05, "grad_norm": 1.1328697204589844, "elapsed_seconds": 15136.545211346998, "tokens_per_second": 61675.91791686808, "loss_main": 2.092434585094452, "loss_total": 2.092434585094452}
{"event": "update", "optimizer_step": 28500, "tokens_seen": 933888000, "lr": 3.811809977922879e-05, "grad_norm": 1.2035692930221558, "elapsed_seconds": 15141.806576094998, "tokens_per_second": 61676.12796443774, "loss_main": 2.406137466430664, "loss_total": 2.406137466430664}
{"event": "update", "optimizer_step": 28510, "tokens_seen": 934215680, "lr": 3.807140482686573e-05, "grad_norm": 1.0915621519088745, "elapsed_seconds": 15147.054387804998, "tokens_per_second": 61676.39305184933, "loss_main": 2.099701225757599, "loss_total": 2.099701225757599}
{"event": "update", "optimizer_step": 28520, "tokens_seen": 934543360, "lr": 3.8024840417154475e-05, "grad_norm": 1.179807186126709, "elapsed_seconds": 15152.321823512997, "tokens_per_second": 61676.57807728178, "loss_main": 2.1087055802345276, "loss_total": 2.1087055802345276}
{"event": "update", "optimizer_step": 28530, "tokens_seen": 934871040, "lr": 3.79784065979853e-05, "grad_norm": 1.2199091911315918, "elapsed_seconds": 15157.585332157998, "tokens_per_second": 61676.77895347871, "loss_main": 2.288649022579193, "loss_total": 2.288649022579193}
{"event": "update", "optimizer_step": 28540, "tokens_seen": 935198720, "lr": 3.793210341711416e-05, "grad_norm": 1.1889749765396118, "elapsed_seconds": 15162.856614053997, "tokens_per_second": 61676.948071459854, "loss_main": 2.2633199095726013, "loss_total": 2.2633199095726013}
{"event": "update", "optimizer_step": 28550, "tokens_seen": 935526400, "lr": 3.788593092216259e-05, "grad_norm": 1.1832919120788574, "elapsed_seconds": 15168.122841091998, "tokens_per_second": 61677.13762612492, "loss_main": 2.288814961910248, "loss_total": 2.288814961910248}
{"event": "update", "optimizer_step": 28560, "tokens_seen": 935854080, "lr": 3.78398891606178e-05, "grad_norm": 1.1596211194992065, "elapsed_seconds": 15173.385287449997, "tokens_per_second": 61677.34241705777, "loss_main": 2.2925727367401123, "loss_total": 2.2925727367401123}
{"event": "update", "optimizer_step": 28570, "tokens_seen": 936181760, "lr": 3.779397817983249e-05, "grad_norm": 1.206943392753601, "elapsed_seconds": 15178.656908884997, "tokens_per_second": 61677.509783622256, "loss_main": 2.300456464290619, "loss_total": 2.300456464290619}
{"event": "update", "optimizer_step": 28580, "tokens_seen": 936509440, "lr": 3.774819802702487e-05, "grad_norm": 1.1754404306411743, "elapsed_seconds": 15183.914691361997, "tokens_per_second": 61677.7332483811, "loss_main": 2.388612061738968, "loss_total": 2.388612061738968}
{"event": "update", "optimizer_step": 28590, "tokens_seen": 936837120, "lr": 3.770254874927859e-05, "grad_norm": 1.220603585243225, "elapsed_seconds": 15189.176473879998, "tokens_per_second": 61677.94031566016, "loss_main": 2.2469612061977386, "loss_total": 2.2469612061977386}
{"event": "update", "optimizer_step": 28600, "tokens_seen": 937164800, "lr": 3.765703039354274e-05, "grad_norm": 1.1378707885742188, "elapsed_seconds": 15194.452242158997, "tokens_per_second": 61678.090467763854, "loss_main": 2.1943541765213013, "loss_total": 2.1943541765213013}
{"event": "update", "optimizer_step": 28610, "tokens_seen": 937492480, "lr": 3.7611643006631674e-05, "grad_norm": 1.1671772003173828, "elapsed_seconds": 15199.709269929997, "tokens_per_second": 61678.31656192709, "loss_main": 2.1101226210594177, "loss_total": 2.1101226210594177}
{"event": "update", "optimizer_step": 28620, "tokens_seen": 937820160, "lr": 3.756638663522514e-05, "grad_norm": 1.1960653066635132, "elapsed_seconds": 15204.970072462997, "tokens_per_second": 61678.52718753073, "loss_main": 2.128473699092865, "loss_total": 2.128473699092865}
{"event": "update", "optimizer_step": 28630, "tokens_seen": 938147840, "lr": 3.752126132586807e-05, "grad_norm": 1.1352235078811646, "elapsed_seconds": 15210.224484323997, "tokens_per_second": 61678.76358214676, "loss_main": 2.28855162858963, "loss_total": 2.28855162858963}
{"event": "update", "optimizer_step": 28640, "tokens_seen": 938475520, "lr": 3.747626712497067e-05, "grad_norm": 1.1882284879684448, "elapsed_seconds": 15215.494617531998, "tokens_per_second": 61678.93608392099, "loss_main": 2.235073983669281, "loss_total": 2.235073983669281}
{"event": "update", "optimizer_step": 28650, "tokens_seen": 938803200, "lr": 3.7431404078808264e-05, "grad_norm": 1.190946340560913, "elapsed_seconds": 15220.747125323998, "tokens_per_second": 61679.17988979901, "loss_main": 2.253253757953644, "loss_total": 2.253253757953644}
{"event": "update", "optimizer_step": 28660, "tokens_seen": 939130880, "lr": 3.738667223352124e-05, "grad_norm": 1.1527279615402222, "elapsed_seconds": 15226.013313706997, "tokens_per_second": 61679.36810843066, "loss_main": 2.2029231190681458, "loss_total": 2.2029231190681458}
{"event": "update", "optimizer_step": 28670, "tokens_seen": 939458560, "lr": 3.734207163511516e-05, "grad_norm": 1.1972761154174805, "elapsed_seconds": 15231.282127101997, "tokens_per_second": 61679.5455668411, "loss_main": 2.2497410774230957, "loss_total": 2.2497410774230957}
{"event": "update", "optimizer_step": 28680, "tokens_seen": 939786240, "lr": 3.729760232946051e-05, "grad_norm": 1.1096127033233643, "elapsed_seconds": 15236.540270263997, "tokens_per_second": 61679.76609717035, "loss_main": 2.0626024305820465, "loss_total": 2.0626024305820465}
{"event": "update", "optimizer_step": 28690, "tokens_seen": 940113920, "lr": 3.725326436229278e-05, "grad_norm": 1.2340190410614014, "elapsed_seconds": 15241.800862022998, "tokens_per_second": 61679.97656644502, "loss_main": 2.275275945663452, "loss_total": 2.275275945663452}
{"event": "update", "optimizer_step": 28700, "tokens_seen": 940441600, "lr": 3.720905777921239e-05, "grad_norm": 1.1534796953201294, "elapsed_seconds": 15247.053556017998, "tokens_per_second": 61680.218839974405, "loss_main": 2.1777522265911102, "loss_total": 2.1777522265911102}
{"event": "update", "optimizer_step": 28710, "tokens_seen": 940769280, "lr": 3.716498262568463e-05, "grad_norm": 1.2473281621932983, "elapsed_seconds": 15252.326017288997, "tokens_per_second": 61680.381007697324, "loss_main": 2.2691816091537476, "loss_total": 2.2691816091537476}
{"event": "update", "optimizer_step": 28720, "tokens_seen": 941096960, "lr": 3.7121038947039576e-05, "grad_norm": 1.1526809930801392, "elapsed_seconds": 15257.586021729998, "tokens_per_second": 61680.593421507234, "loss_main": 2.2856364846229553, "loss_total": 2.2856364846229553}
{"event": "update", "optimizer_step": 28730, "tokens_seen": 941424640, "lr": 3.7077226788472155e-05, "grad_norm": 9.695383071899414, "elapsed_seconds": 15262.838731191998, "tokens_per_second": 61680.83516967597, "loss_main": 2.1249815225601196, "loss_total": 2.1249815225601196}
{"event": "update", "optimizer_step": 28740, "tokens_seen": 941752320, "lr": 3.7033546195041984e-05, "grad_norm": 1.2806036472320557, "elapsed_seconds": 15268.108982532998, "tokens_per_second": 61681.00588470925, "loss_main": 2.3516629934310913, "loss_total": 2.3516629934310913}
{"event": "update", "optimizer_step": 28750, "tokens_seen": 942080000, "lr": 3.698999721167336e-05, "grad_norm": 1.2192124128341675, "elapsed_seconds": 15273.363438441997, "tokens_per_second": 61681.2402714683, "loss_main": 2.1304208040237427, "loss_total": 2.1304208040237427}
{"event": "update", "optimizer_step": 28760, "tokens_seen": 942407680, "lr": 3.694657988315529e-05, "grad_norm": 1.194191336631775, "elapsed_seconds": 15278.627977205997, "tokens_per_second": 61681.43379143512, "loss_main": 2.159814715385437, "loss_total": 2.159814715385437}
{"event": "update", "optimizer_step": 28770, "tokens_seen": 942735360, "lr": 3.69032942541413e-05, "grad_norm": 1.1658284664154053, "elapsed_seconds": 15283.885018796997, "tokens_per_second": 61681.65743464899, "loss_main": 2.1475731134414673, "loss_total": 2.1475731134414673}
{"event": "update", "optimizer_step": 28780, "tokens_seen": 943063040, "lr": 3.6860140369149494e-05, "grad_norm": 1.2359943389892578, "elapsed_seconds": 15289.134293422998, "tokens_per_second": 61681.91225880474, "loss_main": 2.1715508699417114, "loss_total": 2.1715508699417114}
{"event": "update", "optimizer_step": 28790, "tokens_seen": 943390720, "lr": 3.68171182725625e-05, "grad_norm": 1.2047384977340698, "elapsed_seconds": 15294.395807627998, "tokens_per_second": 61682.11754592417, "loss_main": 2.2271677255630493, "loss_total": 2.2271677255630493}
{"event": "update", "optimizer_step": 28800, "tokens_seen": 943718400, "lr": 3.677422800862737e-05, "grad_norm": 1.144350528717041, "elapsed_seconds": 15299.657431429998, "tokens_per_second": 61682.32224999527, "loss_main": 2.2092879712581635, "loss_total": 2.2092879712581635}
{"event": "update", "optimizer_step": 28810, "tokens_seen": 944046080, "lr": 3.67314696214556e-05, "grad_norm": 1.1727092266082764, "elapsed_seconds": 15304.925064394998, "tokens_per_second": 61682.5025949461, "loss_main": 2.220722019672394, "loss_total": 2.220722019672394}
{"event": "update", "optimizer_step": 28820, "tokens_seen": 944373760, "lr": 3.668884315502306e-05, "grad_norm": 1.162079095840454, "elapsed_seconds": 15310.178209194997, "tokens_per_second": 61682.7411866981, "loss_main": 2.23457670211792, "loss_total": 2.23457670211792}
{"event": "update", "optimizer_step": 28830, "tokens_seen": 944701440, "lr": 3.664634865316988e-05, "grad_norm": 1.2436751127243042, "elapsed_seconds": 15315.447344493998, "tokens_per_second": 61682.91521302682, "loss_main": 2.166178733110428, "loss_total": 2.166178733110428}
{"event": "update", "optimizer_step": 28840, "tokens_seen": 945029120, "lr": 3.6603986159600556e-05, "grad_norm": 18.370920181274414, "elapsed_seconds": 15320.707535463998, "tokens_per_second": 61683.125130642286, "loss_main": 2.321491777896881, "loss_total": 2.321491777896881}
{"event": "update", "optimizer_step": 28850, "tokens_seen": 945356800, "lr": 3.656175571788378e-05, "grad_norm": 1.1762796640396118, "elapsed_seconds": 15325.982324273997, "tokens_per_second": 61683.276151421655, "loss_main": 2.2220056653022766, "loss_total": 2.2220056653022766}
{"event": "update", "optimizer_step": 28860, "tokens_seen": 945684480, "lr": 3.6519657371452385e-05, "grad_norm": 1.1952675580978394, "elapsed_seconds": 15331.244157816998, "tokens_per_second": 61683.479192249404, "loss_main": 2.243852138519287, "loss_total": 2.243852138519287}
{"event": "update", "optimizer_step": 28870, "tokens_seen": 946012160, "lr": 3.6477691163603425e-05, "grad_norm": 1.1516801118850708, "elapsed_seconds": 15336.494336335998, "tokens_per_second": 61683.7289704897, "loss_main": 2.220774233341217, "loss_total": 2.220774233341217}
{"event": "update", "optimizer_step": 28880, "tokens_seen": 946339840, "lr": 3.6435857137497995e-05, "grad_norm": 1.2100943326950073, "elapsed_seconds": 15341.739382807997, "tokens_per_second": 61683.99921201057, "loss_main": 2.275201141834259, "loss_total": 2.275201141834259}
{"event": "update", "optimizer_step": 28890, "tokens_seen": 946667520, "lr": 3.639415533616129e-05, "grad_norm": 1.1439635753631592, "elapsed_seconds": 15346.991185259998, "tokens_per_second": 61684.242114456014, "loss_main": 1.9088082611560822, "loss_total": 1.9088082611560822}
{"event": "update", "optimizer_step": 28900, "tokens_seen": 946995200, "lr": 3.63525858024825e-05, "grad_norm": 1.3083086013793945, "elapsed_seconds": 15352.256455355997, "tokens_per_second": 61684.43073849371, "loss_main": 2.2974053621292114, "loss_total": 2.2974053621292114}
{"event": "update", "optimizer_step": 28910, "tokens_seen": 947322880, "lr": 3.6311148579214726e-05, "grad_norm": 1.1679333448410034, "elapsed_seconds": 15357.528909015997, "tokens_per_second": 61684.59037989191, "loss_main": 2.1828484535217285, "loss_total": 2.1828484535217285}
{"event": "update", "optimizer_step": 28920, "tokens_seen": 947650560, "lr": 3.626984370897507e-05, "grad_norm": 1.2212008237838745, "elapsed_seconds": 15362.791455144998, "tokens_per_second": 61684.78969247688, "loss_main": 2.2700194716453552, "loss_total": 2.2700194716453552}
{"event": "update", "optimizer_step": 28930, "tokens_seen": 947978240, "lr": 3.6228671234244503e-05, "grad_norm": 1.1898924112319946, "elapsed_seconds": 15368.049820186998, "tokens_per_second": 61685.00565079929, "loss_main": 2.085101157426834, "loss_total": 2.085101157426834}
{"event": "update", "optimizer_step": 28940, "tokens_seen": 948305920, "lr": 3.618763119736777e-05, "grad_norm": 1.17164146900177, "elapsed_seconds": 15373.314314119998, "tokens_per_second": 61685.19686929221, "loss_main": 2.2891385555267334, "loss_total": 2.2891385555267334}
{"event": "update", "optimizer_step": 28950, "tokens_seen": 948633600, "lr": 3.614672364055346e-05, "grad_norm": 1.189050555229187, "elapsed_seconds": 15378.575260598998, "tokens_per_second": 61685.40218614833, "loss_main": 2.2573105096817017, "loss_total": 2.2573105096817017}
{"event": "update", "optimizer_step": 28960, "tokens_seen": 948961280, "lr": 3.610594860587393e-05, "grad_norm": 1.2008508443832397, "elapsed_seconds": 15383.849848977998, "tokens_per_second": 61685.55266177684, "loss_main": 2.2148196697235107, "loss_total": 2.2148196697235107}
{"event": "update", "optimizer_step": 28970, "tokens_seen": 949288960, "lr": 3.606530613526516e-05, "grad_norm": 1.194733738899231, "elapsed_seconds": 15389.112389499998, "tokens_per_second": 61685.75132687318, "loss_main": 2.191434860229492, "loss_total": 2.191434860229492}
{"event": "update", "optimizer_step": 28980, "tokens_seen": 949616640, "lr": 3.6024796270526884e-05, "grad_norm": 1.1982955932617188, "elapsed_seconds": 15394.367869710997, "tokens_per_second": 61685.97814713827, "loss_main": 2.1779399812221527, "loss_total": 2.1779399812221527}
{"event": "update", "optimizer_step": 28990, "tokens_seen": 949944320, "lr": 3.5984419053322356e-05, "grad_norm": 1.2527127265930176, "elapsed_seconds": 15399.621514072998, "tokens_per_second": 61686.21216644123, "loss_main": 2.3923599123954773, "loss_total": 2.3923599123954773}
{"event": "update", "optimizer_step": 29000, "tokens_seen": 950272000, "lr": 3.5944174525178496e-05, "grad_norm": 1.1806293725967407, "elapsed_seconds": 15404.869851584997, "tokens_per_second": 61686.46727659482, "loss_main": 2.204463243484497, "loss_total": 2.204463243484497}
{"event": "update", "optimizer_step": 29010, "tokens_seen": 950599680, "lr": 3.590406272748574e-05, "grad_norm": 1.244999885559082, "elapsed_seconds": 15410.121665835997, "tokens_per_second": 61686.70829559152, "loss_main": 2.1496832966804504, "loss_total": 2.1496832966804504}
{"event": "update", "optimizer_step": 29020, "tokens_seen": 950927360, "lr": 3.586408370149793e-05, "grad_norm": 1.2151379585266113, "elapsed_seconds": 15415.371042090997, "tokens_per_second": 61686.958906375614, "loss_main": 2.341971695423126, "loss_total": 2.341971695423126}
{"event": "update", "optimizer_step": 29030, "tokens_seen": 951255040, "lr": 3.582423748833249e-05, "grad_norm": 1.2045350074768066, "elapsed_seconds": 15420.621257462997, "tokens_per_second": 61687.20598981241, "loss_main": 2.426128327846527, "loss_total": 2.426128327846527}
{"event": "update", "optimizer_step": 29040, "tokens_seen": 951582720, "lr": 3.578452412897013e-05, "grad_norm": 1.2501100301742554, "elapsed_seconds": 15425.874897204998, "tokens_per_second": 61687.43921114105, "loss_main": 2.218648910522461, "loss_total": 2.218648910522461}
{"event": "update", "optimizer_step": 29050, "tokens_seen": 951910400, "lr": 3.5744943664255e-05, "grad_norm": 1.165870189666748, "elapsed_seconds": 15431.132797607997, "tokens_per_second": 61687.65524119895, "loss_main": 2.227514922618866, "loss_total": 2.227514922618866}
{"event": "update", "optimizer_step": 29060, "tokens_seen": 952238080, "lr": 3.5705496134894545e-05, "grad_norm": 1.1474032402038574, "elapsed_seconds": 15436.390820100998, "tokens_per_second": 61687.87063618603, "loss_main": 2.0905181765556335, "loss_total": 2.0905181765556335}
{"event": "update", "optimizer_step": 29070, "tokens_seen": 952565760, "lr": 3.56661815814595e-05, "grad_norm": 1.181038737297058, "elapsed_seconds": 15441.645227859997, "tokens_per_second": 61688.1003250463, "loss_main": 2.3142550587654114, "loss_total": 2.3142550587654114}
{"event": "update", "optimizer_step": 29080, "tokens_seen": 952893440, "lr": 3.562700004438378e-05, "grad_norm": 1.1714484691619873, "elapsed_seconds": 15446.895379377998, "tokens_per_second": 61688.3468552611, "loss_main": 2.0341696441173553, "loss_total": 2.0341696441173553}
{"event": "update", "optimizer_step": 29090, "tokens_seen": 953221120, "lr": 3.5587951563964584e-05, "grad_norm": 1.1582136154174805, "elapsed_seconds": 15452.155151616997, "tokens_per_second": 61688.55480979621, "loss_main": 2.2138014137744904, "loss_total": 2.2138014137744904}
{"event": "update", "optimizer_step": 29100, "tokens_seen": 953548800, "lr": 3.5549036180362215e-05, "grad_norm": 1.2376333475112915, "elapsed_seconds": 15457.410707663998, "tokens_per_second": 61688.77944914909, "loss_main": 2.407780647277832, "loss_total": 2.407780647277832}
{"event": "update", "optimizer_step": 29110, "tokens_seen": 953876480, "lr": 3.551025393360012e-05, "grad_norm": 1.1746565103530884, "elapsed_seconds": 15462.660728586998, "tokens_per_second": 61689.02601843265, "loss_main": 2.3822028040885925, "loss_total": 2.3822028040885925}
{"event": "update", "optimizer_step": 29120, "tokens_seen": 954204160, "lr": 3.547160486356475e-05, "grad_norm": 1.2392338514328003, "elapsed_seconds": 15467.902040121997, "tokens_per_second": 61689.30715522388, "loss_main": 2.2844598293304443, "loss_total": 2.2844598293304443}
{"event": "update", "optimizer_step": 29130, "tokens_seen": 954531840, "lr": 3.5433089010005676e-05, "grad_norm": 1.2797963619232178, "elapsed_seconds": 15473.156886898998, "tokens_per_second": 61689.53413819482, "loss_main": 2.2517308592796326, "loss_total": 2.2517308592796326}
{"event": "update", "optimizer_step": 29140, "tokens_seen": 954859520, "lr": 3.5394706412535435e-05, "grad_norm": 1.1710790395736694, "elapsed_seconds": 15478.405005844998, "tokens_per_second": 61689.787781068095, "loss_main": 2.3327239751815796, "loss_total": 2.3327239751815796}
{"event": "update", "optimizer_step": 29150, "tokens_seen": 955187200, "lr": 3.5356457110629444e-05, "grad_norm": 1.2094956636428833, "elapsed_seconds": 15483.660930035998, "tokens_per_second": 61690.01015432203, "loss_main": 2.2181718349456787, "loss_total": 2.2181718349456787}
{"event": "update", "optimizer_step": 29160, "tokens_seen": 955514880, "lr": 3.5318341143626114e-05, "grad_norm": 1.1694718599319458, "elapsed_seconds": 15488.931500734998, "tokens_per_second": 61690.174041679886, "loss_main": 2.1499584317207336, "loss_total": 2.1499584317207336}
{"event": "update", "optimizer_step": 29170, "tokens_seen": 955842560, "lr": 3.528035855072671e-05, "grad_norm": 1.2275028228759766, "elapsed_seconds": 15494.188658274998, "tokens_per_second": 61690.39122222848, "loss_main": 2.3296321630477905, "loss_total": 2.3296321630477905}
{"event": "update", "optimizer_step": 29180, "tokens_seen": 956170240, "lr": 3.5242509370995265e-05, "grad_norm": 1.2923195362091064, "elapsed_seconds": 15499.452063182998, "tokens_per_second": 61690.5833898001, "loss_main": 2.2879305481910706, "loss_total": 2.2879305481910706}
{"event": "update", "optimizer_step": 29190, "tokens_seen": 956497920, "lr": 3.520479364335867e-05, "grad_norm": 1.2259626388549805, "elapsed_seconds": 15504.715778291997, "tokens_per_second": 61690.77419266102, "loss_main": 2.1786166429519653, "loss_total": 2.1786166429519653}
{"event": "update", "optimizer_step": 29200, "tokens_seen": 956825600, "lr": 3.516721140660654e-05, "grad_norm": 1.2795155048370361, "elapsed_seconds": 15509.974372325998, "tokens_per_second": 61690.985235103704, "loss_main": 2.416138380765915, "loss_total": 2.416138380765915}
{"event": "update", "optimizer_step": 29210, "tokens_seen": 957153280, "lr": 3.5129762699391215e-05, "grad_norm": 1.2294317483901978, "elapsed_seconds": 15515.235103269997, "tokens_per_second": 61691.18763777353, "loss_main": 2.26457417011261, "loss_total": 2.26457417011261}
{"event": "update", "optimizer_step": 29220, "tokens_seen": 957480960, "lr": 3.5092447560227644e-05, "grad_norm": 1.2406790256500244, "elapsed_seconds": 15520.493257350998, "tokens_per_second": 61691.40014583665, "loss_main": 2.233761489391327, "loss_total": 2.233761489391327}
{"event": "update", "optimizer_step": 29230, "tokens_seen": 957808640, "lr": 3.505526602749348e-05, "grad_norm": 1.2085864543914795, "elapsed_seconds": 15525.765795620997, "tokens_per_second": 61691.55535439982, "loss_main": 2.1009758710861206, "loss_total": 2.1009758710861206}
{"event": "update", "optimizer_step": 29240, "tokens_seen": 958136320, "lr": 3.5018218139428886e-05, "grad_norm": 1.235445261001587, "elapsed_seconds": 15531.022281395997, "tokens_per_second": 61691.774220665044, "loss_main": 2.2214490175247192, "loss_total": 2.2214490175247192}
{"event": "update", "optimizer_step": 29250, "tokens_seen": 958464000, "lr": 3.498130393413666e-05, "grad_norm": 1.240039587020874, "elapsed_seconds": 15536.289080515997, "tokens_per_second": 61691.951986269756, "loss_main": 2.1722679138183594, "loss_total": 2.1722679138183594}
{"event": "update", "optimizer_step": 29260, "tokens_seen": 958791680, "lr": 3.494452344958208e-05, "grad_norm": 1.1843141317367554, "elapsed_seconds": 15541.546107300997, "tokens_per_second": 61692.16842265041, "loss_main": 2.3053348064422607, "loss_total": 2.3053348064422607}
{"event": "update", "optimizer_step": 29270, "tokens_seen": 959119360, "lr": 3.490787672359284e-05, "grad_norm": 1.2047935724258423, "elapsed_seconds": 15546.814180759997, "tokens_per_second": 61692.340877590264, "loss_main": 2.0525410771369934, "loss_total": 2.0525410771369934}
{"event": "update", "optimizer_step": 29280, "tokens_seen": 959447040, "lr": 3.4871363793859144e-05, "grad_norm": 1.2335598468780518, "elapsed_seconds": 15552.087411040997, "tokens_per_second": 61692.49275945127, "loss_main": 2.2205784916877747, "loss_total": 2.2205784916877747}
{"event": "update", "optimizer_step": 29290, "tokens_seen": 959774720, "lr": 3.4834984697933584e-05, "grad_norm": 1.2192504405975342, "elapsed_seconds": 15557.361412147997, "tokens_per_second": 61692.64148164341, "loss_main": 2.0756776928901672, "loss_total": 2.0756776928901672}
{"event": "evaluation", "tokens_seen": 960004096, "elapsed_seconds": 15561.044096915997, "parameters": 71199040, "main_loss": 2.3192231990396976, "perplexity": 10.167772901807187}
{"event": "update", "optimizer_step": 29300, "tokens_seen": 960102400, "lr": 3.479873947323103e-05, "grad_norm": 1.344449758529663, "elapsed_seconds": 15565.030551554997, "tokens_per_second": 61683.29685058554, "loss_main": 2.3551982641220093, "loss_total": 2.3551982641220093}
{"event": "update", "optimizer_step": 29310, "tokens_seen": 960430080, "lr": 3.476262815702874e-05, "grad_norm": 1.2091959714889526, "elapsed_seconds": 15570.299022603998, "tokens_per_second": 61683.47047193551, "loss_main": 2.084783434867859, "loss_total": 2.084783434867859}
{"event": "update", "optimizer_step": 29320, "tokens_seen": 960757760, "lr": 3.472665078646627e-05, "grad_norm": 1.2078440189361572, "elapsed_seconds": 15575.568037212997, "tokens_per_second": 61683.64182317889, "loss_main": 2.332069158554077, "loss_total": 2.332069158554077}
{"event": "update", "optimizer_step": 29330, "tokens_seen": 961085440, "lr": 3.469080739854532e-05, "grad_norm": 1.162247657775879, "elapsed_seconds": 15580.837123509997, "tokens_per_second": 61683.81277472016, "loss_main": 2.2765881419181824, "loss_total": 2.2765881419181824}
{"event": "update", "optimizer_step": 29340, "tokens_seen": 961413120, "lr": 3.46550980301299e-05, "grad_norm": 1.1846758127212524, "elapsed_seconds": 15586.110046223997, "tokens_per_second": 61683.9684275756, "loss_main": 2.1484262347221375, "loss_total": 2.1484262347221375}
{"event": "update", "optimizer_step": 29350, "tokens_seen": 961740800, "lr": 3.4619522717946125e-05, "grad_norm": 1.1667333841323853, "elapsed_seconds": 15591.368092796998, "tokens_per_second": 61684.182829620404, "loss_main": 2.0256110429763794, "loss_total": 2.0256110429763794}
{"event": "update", "optimizer_step": 29360, "tokens_seen": 962068480, "lr": 3.458408149858223e-05, "grad_norm": 1.2091145515441895, "elapsed_seconds": 15596.637746205997, "tokens_per_second": 61684.35118229444, "loss_main": 2.2812787890434265, "loss_total": 2.2812787890434265}
{"event": "update", "optimizer_step": 29370, "tokens_seen": 962396160, "lr": 3.454877440848858e-05, "grad_norm": 1.2605637311935425, "elapsed_seconds": 15601.899784579997, "tokens_per_second": 61684.54952846037, "loss_main": 2.3353236317634583, "loss_total": 2.3353236317634583}
{"event": "update", "optimizer_step": 29380, "tokens_seen": 962723840, "lr": 3.451360148397755e-05, "grad_norm": 1.2401776313781738, "elapsed_seconds": 15607.170931526998, "tokens_per_second": 61684.71174075926, "loss_main": 2.1889103651046753, "loss_total": 2.1889103651046753}
{"event": "update", "optimizer_step": 29390, "tokens_seen": 963051520, "lr": 3.447856276122356e-05, "grad_norm": 1.1760849952697754, "elapsed_seconds": 15612.436820660998, "tokens_per_second": 61684.894617189326, "loss_main": 2.283307135105133, "loss_total": 2.283307135105133}
{"event": "update", "optimizer_step": 29400, "tokens_seen": 963379200, "lr": 3.444365827626299e-05, "grad_norm": 1.2426819801330566, "elapsed_seconds": 15617.702080439998, "tokens_per_second": 61685.079856053875, "loss_main": 2.4367448687553406, "loss_total": 2.4367448687553406}
{"event": "update", "optimizer_step": 29410, "tokens_seen": 963706880, "lr": 3.440888806499417e-05, "grad_norm": 1.1790552139282227, "elapsed_seconds": 15622.960836113998, "tokens_per_second": 61685.290650687515, "loss_main": 2.235267758369446, "loss_total": 2.235267758369446}
{"event": "update", "optimizer_step": 29420, "tokens_seen": 964034560, "lr": 3.4374252163177336e-05, "grad_norm": 1.2048916816711426, "elapsed_seconds": 15628.221759014998, "tokens_per_second": 61685.492749288984, "loss_main": 2.292756974697113, "loss_total": 2.292756974697113}
{"event": "update", "optimizer_step": 29430, "tokens_seen": 964362240, "lr": 3.433975060643456e-05, "grad_norm": 1.2001640796661377, "elapsed_seconds": 15633.472471130997, "tokens_per_second": 61685.73500102461, "loss_main": 2.2409010529518127, "loss_total": 2.2409010529518127}
{"event": "update", "optimizer_step": 29440, "tokens_seen": 964689920, "lr": 3.4305383430249795e-05, "grad_norm": 1.1766331195831299, "elapsed_seconds": 15638.723973431997, "tokens_per_second": 61685.97397325211, "loss_main": 2.115130603313446, "loss_total": 2.115130603313446}
{"event": "update", "optimizer_step": 29450, "tokens_seen": 965017600, "lr": 3.427115066996873e-05, "grad_norm": 1.3151943683624268, "elapsed_seconds": 15643.986261125998, "tokens_per_second": 61686.170256872974, "loss_main": 2.528986930847168, "loss_total": 2.528986930847168}
{"event": "update", "optimizer_step": 29460, "tokens_seen": 965345280, "lr": 3.4237052360798874e-05, "grad_norm": 1.2197829484939575, "elapsed_seconds": 15649.241407640997, "tokens_per_second": 61686.39455767194, "loss_main": 2.2176648378372192, "loss_total": 2.2176648378372192}
{"event": "update", "optimizer_step": 29470, "tokens_seen": 965672960, "lr": 3.420308853780938e-05, "grad_norm": 1.2010157108306885, "elapsed_seconds": 15654.497939381998, "tokens_per_second": 61686.61324938809, "loss_main": 2.1064178943634033, "loss_total": 2.1064178943634033}
{"event": "update", "optimizer_step": 29480, "tokens_seen": 966000640, "lr": 3.416925923593115e-05, "grad_norm": 1.1903740167617798, "elapsed_seconds": 15659.758772387997, "tokens_per_second": 61686.814850768744, "loss_main": 2.15854549407959, "loss_total": 2.15854549407959}
{"event": "update", "optimizer_step": 29490, "tokens_seen": 966328320, "lr": 3.4135564489956736e-05, "grad_norm": 1.2683053016662598, "elapsed_seconds": 15665.027987357997, "tokens_per_second": 61686.983309563635, "loss_main": 2.435947060585022, "loss_total": 2.435947060585022}
{"event": "update", "optimizer_step": 29500, "tokens_seen": 966656000, "lr": 3.410200433454024e-05, "grad_norm": 1.1979705095291138, "elapsed_seconds": 15670.297745422997, "tokens_per_second": 61687.14951713935, "loss_main": 2.343943178653717, "loss_total": 2.343943178653717}
{"event": "update", "optimizer_step": 29510, "tokens_seen": 966983680, "lr": 3.406857880419741e-05, "grad_norm": 1.3451443910598755, "elapsed_seconds": 15675.557102844998, "tokens_per_second": 61687.35654214801, "loss_main": 2.5611284971237183, "loss_total": 2.5611284971237183}
{"event": "update", "optimizer_step": 29520, "tokens_seen": 967311360, "lr": 3.403528793330548e-05, "grad_norm": 1.188271403312683, "elapsed_seconds": 15680.820498554998, "tokens_per_second": 61687.547541861, "loss_main": 2.2115484476089478, "loss_total": 2.2115484476089478}
{"event": "update", "optimizer_step": 29530, "tokens_seen": 967639040, "lr": 3.400213175610323e-05, "grad_norm": 1.2212806940078735, "elapsed_seconds": 15686.077054686997, "tokens_per_second": 61687.76531101316, "loss_main": 2.2578172087669373, "loss_total": 2.2578172087669373}
{"event": "update", "optimizer_step": 29540, "tokens_seen": 967966720, "lr": 3.396911030669091e-05, "grad_norm": 1.1909257173538208, "elapsed_seconds": 15691.341106410997, "tokens_per_second": 61687.953466547144, "loss_main": 2.2764212787151337, "loss_total": 2.2764212787151337}
{"event": "update", "optimizer_step": 29550, "tokens_seen": 968294400, "lr": 3.393622361903018e-05, "grad_norm": 1.2359716892242432, "elapsed_seconds": 15696.614712644998, "tokens_per_second": 61688.10394638495, "loss_main": 2.2347294688224792, "loss_total": 2.2347294688224792}
{"event": "update", "optimizer_step": 29560, "tokens_seen": 968622080, "lr": 3.3903471726944105e-05, "grad_norm": 1.195123553276062, "elapsed_seconds": 15701.874018192997, "tokens_per_second": 61688.31050852304, "loss_main": 2.2912006974220276, "loss_total": 2.2912006974220276}
{"event": "update", "optimizer_step": 29570, "tokens_seen": 968949760, "lr": 3.3870854664117153e-05, "grad_norm": 1.3063623905181885, "elapsed_seconds": 15707.135839161998, "tokens_per_second": 61688.50705321812, "loss_main": 2.327818989753723, "loss_total": 2.327818989753723}
{"event": "update", "optimizer_step": 29580, "tokens_seen": 969277440, "lr": 3.383837246409508e-05, "grad_norm": 1.2071592807769775, "elapsed_seconds": 15712.403354038997, "tokens_per_second": 61688.68111133613, "loss_main": 2.1451422572135925, "loss_total": 2.1451422572135925}
{"event": "update", "optimizer_step": 29590, "tokens_seen": 969605120, "lr": 3.3806025160284956e-05, "grad_norm": 1.1897214651107788, "elapsed_seconds": 15717.669613478998, "tokens_per_second": 61688.85998013955, "loss_main": 2.2131251096725464, "loss_total": 2.2131251096725464}
{"event": "update", "optimizer_step": 29600, "tokens_seen": 969932800, "lr": 3.377381278595512e-05, "grad_norm": 1.2280242443084717, "elapsed_seconds": 15722.926009666997, "tokens_per_second": 61689.07742767802, "loss_main": 2.3191110491752625, "loss_total": 2.3191110491752625}
{"event": "update", "optimizer_step": 29610, "tokens_seen": 970260480, "lr": 3.374173537423514e-05, "grad_norm": 1.2591805458068848, "elapsed_seconds": 15728.189632135998, "tokens_per_second": 61689.26638686717, "loss_main": 2.3242260813713074, "loss_total": 2.3242260813713074}
{"event": "update", "optimizer_step": 29620, "tokens_seen": 970588160, "lr": 3.370979295811576e-05, "grad_norm": 1.2145564556121826, "elapsed_seconds": 15733.468106422997, "tokens_per_second": 61689.39698703614, "loss_main": 2.1557177901268005, "loss_total": 2.1557177901268005}
{"event": "update", "optimizer_step": 29630, "tokens_seen": 970915840, "lr": 3.3677985570448905e-05, "grad_norm": 1.2393319606781006, "elapsed_seconds": 15738.733919515997, "tokens_per_second": 61689.57712640827, "loss_main": 2.084804117679596, "loss_total": 2.084804117679596}
{"event": "update", "optimizer_step": 29640, "tokens_seen": 971243520, "lr": 3.3646313243947595e-05, "grad_norm": 1.2293074131011963, "elapsed_seconds": 15743.994783481998, "tokens_per_second": 61689.77653746379, "loss_main": 2.2168827652931213, "loss_total": 2.2168827652931213}
{"event": "update", "optimizer_step": 29650, "tokens_seen": 971571200, "lr": 3.361477601118602e-05, "grad_norm": 1.2582520246505737, "elapsed_seconds": 15749.260963323997, "tokens_per_second": 61689.954992970204, "loss_main": 2.3952181935310364, "loss_total": 2.3952181935310364}
{"event": "update", "optimizer_step": 29660, "tokens_seen": 971898880, "lr": 3.3583373904599326e-05, "grad_norm": 1.2247028350830078, "elapsed_seconds": 15754.519926959998, "tokens_per_second": 61690.161585744885, "loss_main": 2.104251742362976, "loss_total": 2.104251742362976}
{"event": "update", "optimizer_step": 29670, "tokens_seen": 972226560, "lr": 3.355210695648375e-05, "grad_norm": 1.1879531145095825, "elapsed_seconds": 15759.777263237997, "tokens_per_second": 61690.37441080222, "loss_main": 2.1116353273391724, "loss_total": 2.1116353273391724}
{"event": "update", "optimizer_step": 29680, "tokens_seen": 972554240, "lr": 3.352097519899654e-05, "grad_norm": 1.1637016534805298, "elapsed_seconds": 15765.029841972997, "tokens_per_second": 61690.60571079037, "loss_main": 2.2122843265533447, "loss_total": 2.2122843265533447}
{"event": "update", "optimizer_step": 29690, "tokens_seen": 972881920, "lr": 3.348997866415582e-05, "grad_norm": 1.2477079629898071, "elapsed_seconds": 15770.265624975997, "tokens_per_second": 61690.90255900371, "loss_main": 2.254480242729187, "loss_total": 2.254480242729187}
{"event": "update", "optimizer_step": 29700, "tokens_seen": 973209600, "lr": 3.345911738384073e-05, "grad_norm": 1.275770664215088, "elapsed_seconds": 15775.518097352997, "tokens_per_second": 61691.13394528048, "loss_main": 2.4103536009788513, "loss_total": 2.4103536009788513}
{"event": "update", "optimizer_step": 29710, "tokens_seen": 973537280, "lr": 3.342839138979129e-05, "grad_norm": 1.1839139461517334, "elapsed_seconds": 15780.770134534998, "tokens_per_second": 61691.3668788248, "loss_main": 2.0443620681762695, "loss_total": 2.0443620681762695}
{"event": "update", "optimizer_step": 29720, "tokens_seen": 973864960, "lr": 3.3397800713608284e-05, "grad_norm": 1.2413409948349, "elapsed_seconds": 15786.012981681997, "tokens_per_second": 61691.63557195015, "loss_main": 2.0653683841228485, "loss_total": 2.0653683841228485}
{"event": "update", "optimizer_step": 29730, "tokens_seen": 974192640, "lr": 3.3367345386753466e-05, "grad_norm": 1.3014297485351562, "elapsed_seconds": 15791.264287415997, "tokens_per_second": 61691.87104140424, "loss_main": 2.179724484682083, "loss_total": 2.179724484682083}
{"event": "update", "optimizer_step": 29740, "tokens_seen": 974520320, "lr": 3.333702544054931e-05, "grad_norm": 1.1809971332550049, "elapsed_seconds": 15796.523810758998, "tokens_per_second": 61692.07426106338, "loss_main": 2.0756891667842865, "loss_total": 2.0756891667842865}
{"event": "update", "optimizer_step": 29750, "tokens_seen": 974848000, "lr": 3.330684090617905e-05, "grad_norm": 1.1984148025512695, "elapsed_seconds": 15801.775458423997, "tokens_per_second": 61692.30809315824, "loss_main": 2.1676145792007446, "loss_total": 2.1676145792007446}
{"event": "update", "optimizer_step": 29760, "tokens_seen": 975175680, "lr": 3.327679181468667e-05, "grad_norm": 1.2499804496765137, "elapsed_seconds": 15807.025786617998, "tokens_per_second": 61692.546919583685, "loss_main": 2.229674994945526, "loss_total": 2.229674994945526}
{"event": "update", "optimizer_step": 29770, "tokens_seen": 975503360, "lr": 3.324687819697687e-05, "grad_norm": 1.2359333038330078, "elapsed_seconds": 15812.289187841998, "tokens_per_second": 61692.734582040175, "loss_main": 2.179555594921112, "loss_total": 2.179555594921112}
{"event": "update", "optimizer_step": 29780, "tokens_seen": 975831040, "lr": 3.321710008381499e-05, "grad_norm": 1.2859679460525513, "elapsed_seconds": 15817.559248942998, "tokens_per_second": 61692.89614421451, "loss_main": 2.291225254535675, "loss_total": 2.291225254535675}
{"event": "update", "optimizer_step": 29790, "tokens_seen": 976158720, "lr": 3.318745750582703e-05, "grad_norm": 1.2670905590057373, "elapsed_seconds": 15822.823577362997, "tokens_per_second": 61693.07995044238, "loss_main": 2.287628471851349, "loss_total": 2.287628471851349}
{"event": "update", "optimizer_step": 29800, "tokens_seen": 976486400, "lr": 3.3157950493499576e-05, "grad_norm": 1.2198197841644287, "elapsed_seconds": 15828.086688423997, "tokens_per_second": 61693.26837931469, "loss_main": 2.21879380941391, "loss_total": 2.21879380941391}
{"event": "update", "optimizer_step": 29810, "tokens_seen": 976814080, "lr": 3.3128579077179795e-05, "grad_norm": 1.1938068866729736, "elapsed_seconds": 15833.343716402998, "tokens_per_second": 61693.480385197596, "loss_main": 2.2074485421180725, "loss_total": 2.2074485421180725}
{"event": "update", "optimizer_step": 29820, "tokens_seen": 977141760, "lr": 3.3099343287075425e-05, "grad_norm": 1.241685390472412, "elapsed_seconds": 15838.600527393997, "tokens_per_second": 61693.69309554611, "loss_main": 2.238472640514374, "loss_total": 2.238472640514374}
{"event": "update", "optimizer_step": 29830, "tokens_seen": 977469440, "lr": 3.3070243153254645e-05, "grad_norm": 1.2180436849594116, "elapsed_seconds": 15843.858830632997, "tokens_per_second": 61693.899854127136, "loss_main": 2.3185954689979553, "loss_total": 2.3185954689979553}
{"event": "update", "optimizer_step": 29840, "tokens_seen": 977797120, "lr": 3.30412787056462e-05, "grad_norm": 1.3072110414505005, "elapsed_seconds": 15849.122438545997, "tokens_per_second": 61694.08582660324, "loss_main": 2.3896137475967407, "loss_total": 2.3896137475967407}
{"event": "update", "optimizer_step": 29850, "tokens_seen": 978124800, "lr": 3.3012449974039246e-05, "grad_norm": 1.3139861822128296, "elapsed_seconds": 15854.377433608997, "tokens_per_second": 61694.305190850086, "loss_main": 2.442341685295105, "loss_total": 2.442341685295105}
{"event": "update", "optimizer_step": 29860, "tokens_seen": 978452480, "lr": 3.298375698808333e-05, "grad_norm": 1.3522322177886963, "elapsed_seconds": 15859.632636645998, "tokens_per_second": 61694.523600700726, "loss_main": 2.0708125233650208, "loss_total": 2.0708125233650208}
{"event": "update", "optimizer_step": 29870, "tokens_seen": 978780160, "lr": 3.295519977728845e-05, "grad_norm": 1.2325783967971802, "elapsed_seconds": 15864.896572412998, "tokens_per_second": 61694.707906383206, "loss_main": 2.3153812289237976, "loss_total": 2.3153812289237976}
{"event": "update", "optimizer_step": 29880, "tokens_seen": 979107840, "lr": 3.292677837102489e-05, "grad_norm": 1.2059489488601685, "elapsed_seconds": 15870.161836747997, "tokens_per_second": 61694.886925024075, "loss_main": 2.128399521112442, "loss_total": 2.128399521112442}
{"event": "update", "optimizer_step": 29890, "tokens_seen": 979435520, "lr": 3.2898492798523365e-05, "grad_norm": 1.3248965740203857, "elapsed_seconds": 15875.422692451997, "tokens_per_second": 61695.08295773911, "loss_main": 2.208349883556366, "loss_total": 2.208349883556366}
{"event": "update", "optimizer_step": 29900, "tokens_seen": 979763200, "lr": 3.287034308887476e-05, "grad_norm": 1.2138763666152954, "elapsed_seconds": 15880.682183708997, "tokens_per_second": 61695.28416134907, "loss_main": 2.2476510405540466, "loss_total": 2.2476510405540466}
{"event": "update", "optimizer_step": 29910, "tokens_seen": 980090880, "lr": 3.2842329271030345e-05, "grad_norm": 1.3264800310134888, "elapsed_seconds": 15885.939816548997, "tokens_per_second": 61695.49244917833, "loss_main": 2.173620283603668, "loss_total": 2.173620283603668}
{"event": "update", "optimizer_step": 29920, "tokens_seen": 980418560, "lr": 3.2814451373801564e-05, "grad_norm": 1.2180033922195435, "elapsed_seconds": 15891.195492315997, "tokens_per_second": 61695.70819728887, "loss_main": 2.2477603256702423, "loss_total": 2.2477603256702423}
{"event": "update", "optimizer_step": 29930, "tokens_seen": 980746240, "lr": 3.2786709425860085e-05, "grad_norm": 1.2971642017364502, "elapsed_seconds": 15896.463430950997, "tokens_per_second": 61695.87620919828, "loss_main": 2.2080163955688477, "loss_total": 2.2080163955688477}
{"event": "update", "optimizer_step": 29940, "tokens_seen": 981073920, "lr": 3.275910345573774e-05, "grad_norm": 1.3151638507843018, "elapsed_seconds": 15901.711193649997, "tokens_per_second": 61696.12238912819, "loss_main": 2.210063338279724, "loss_total": 2.210063338279724}
{"event": "update", "optimizer_step": 29950, "tokens_seen": 981401600, "lr": 3.273163349182655e-05, "grad_norm": 1.267930507659912, "elapsed_seconds": 15906.973006276998, "tokens_per_second": 61696.31391294449, "loss_main": 2.3236441612243652, "loss_total": 2.3236441612243652}
{"event": "update", "optimizer_step": 29960, "tokens_seen": 981729280, "lr": 3.270429956237864e-05, "grad_norm": 1.266926884651184, "elapsed_seconds": 15912.225684196997, "tokens_per_second": 61696.54072811389, "loss_main": 2.351368248462677, "loss_total": 2.351368248462677}
{"event": "update", "optimizer_step": 29970, "tokens_seen": 982056960, "lr": 3.267710169550618e-05, "grad_norm": 1.2803895473480225, "elapsed_seconds": 15917.486426733998, "tokens_per_second": 61696.73613483342, "loss_main": 2.3319660425186157, "loss_total": 2.3319660425186157}
{"event": "update", "optimizer_step": 29980, "tokens_seen": 982384640, "lr": 3.265003991918149e-05, "grad_norm": 1.32546067237854, "elapsed_seconds": 15922.738554547997, "tokens_per_second": 61696.964792491824, "loss_main": 2.1984516978263855, "loss_total": 2.1984516978263855}
{"event": "update", "optimizer_step": 29990, "tokens_seen": 982712320, "lr": 3.262311426123689e-05, "grad_norm": 1.2598543167114258, "elapsed_seconds": 15928.006107237998, "tokens_per_second": 61697.13355103727, "loss_main": 2.3933029770851135, "loss_total": 2.3933029770851135}
{"event": "update", "optimizer_step": 30000, "tokens_seen": 983040000, "lr": 3.259632474936463e-05, "grad_norm": 1.2515109777450562, "elapsed_seconds": 15933.274245707997, "tokens_per_second": 61697.299929724424, "loss_main": 2.170315682888031, "loss_total": 2.170315682888031}
{"event": "update", "optimizer_step": 30010, "tokens_seen": 983367680, "lr": 3.256967141111709e-05, "grad_norm": 1.1951313018798828, "elapsed_seconds": 15938.532870574998, "tokens_per_second": 61697.503025228194, "loss_main": 2.1837313175201416, "loss_total": 2.1837313175201416}
{"event": "update", "optimizer_step": 30020, "tokens_seen": 983695360, "lr": 3.254315427390643e-05, "grad_norm": 1.278828740119934, "elapsed_seconds": 15943.786073654997, "tokens_per_second": 61697.72696746269, "loss_main": 2.2510507106781006, "loss_total": 2.2510507106781006}
{"event": "update", "optimizer_step": 30030, "tokens_seen": 984023040, "lr": 3.251677336500487e-05, "grad_norm": 1.4603315591812134, "elapsed_seconds": 15949.041991385997, "tokens_per_second": 61697.940260704454, "loss_main": 2.2877726554870605, "loss_total": 2.2877726554870605}
{"event": "update", "optimizer_step": 30040, "tokens_seen": 984350720, "lr": 3.249052871154445e-05, "grad_norm": 1.2314008474349976, "elapsed_seconds": 15954.307122439997, "tokens_per_second": 61698.11778384875, "loss_main": 2.175376296043396, "loss_total": 2.175376296043396}
{"event": "update", "optimizer_step": 30050, "tokens_seen": 984678400, "lr": 3.246442034051709e-05, "grad_norm": 1.27764892578125, "elapsed_seconds": 15959.571925400998, "tokens_per_second": 61698.296458240315, "loss_main": 2.0492387413978577, "loss_total": 2.0492387413978577}
{"event": "update", "optimizer_step": 30060, "tokens_seen": 985006080, "lr": 3.243844827877454e-05, "grad_norm": 1.274901032447815, "elapsed_seconds": 15964.832374561998, "tokens_per_second": 61698.49184069645, "loss_main": 2.164385676383972, "loss_total": 2.164385676383972}
{"event": "update", "optimizer_step": 30070, "tokens_seen": 985333760, "lr": 3.2412612553028396e-05, "grad_norm": 1.308593511581421, "elapsed_seconds": 15970.087009407998, "tokens_per_second": 61698.70955740809, "loss_main": 2.3753307461738586, "loss_total": 2.3753307461738586}
{"event": "update", "optimizer_step": 30080, "tokens_seen": 985661440, "lr": 3.238691318984997e-05, "grad_norm": 1.1738380193710327, "elapsed_seconds": 15975.346367389997, "tokens_per_second": 61698.90888951251, "loss_main": 2.212582767009735, "loss_total": 2.212582767009735}
{"event": "update", "optimizer_step": 30090, "tokens_seen": 985989120, "lr": 3.2361350215670385e-05, "grad_norm": 1.1795316934585571, "elapsed_seconds": 15980.607543971997, "tokens_per_second": 61699.10106902802, "loss_main": 2.1614615321159363, "loss_total": 2.1614615321159363}
{"event": "update", "optimizer_step": 30100, "tokens_seen": 986316800, "lr": 3.233592365678049e-05, "grad_norm": 1.2284297943115234, "elapsed_seconds": 15985.872836295997, "tokens_per_second": 61699.277236871494, "loss_main": 2.276065766811371, "loss_total": 2.276065766811371}
{"event": "update", "optimizer_step": 30110, "tokens_seen": 986644480, "lr": 3.2310633539330786e-05, "grad_norm": 1.2421962022781372, "elapsed_seconds": 15991.138509279997, "tokens_per_second": 61699.45181998325, "loss_main": 2.3909137845039368, "loss_total": 2.3909137845039368}
{"event": "update", "optimizer_step": 30120, "tokens_seen": 986972160, "lr": 3.22854798893315e-05, "grad_norm": 1.2277405261993408, "elapsed_seconds": 15996.397646730997, "tokens_per_second": 61699.65149632901, "loss_main": 2.150382399559021, "loss_total": 2.150382399559021}
{"event": "update", "optimizer_step": 30130, "tokens_seen": 987299840, "lr": 3.226046273265249e-05, "grad_norm": 1.271880865097046, "elapsed_seconds": 16001.658266972998, "tokens_per_second": 61699.845324016256, "loss_main": 2.297828495502472, "loss_total": 2.297828495502472}
{"event": "update", "optimizer_step": 30140, "tokens_seen": 987627520, "lr": 3.2235582095023216e-05, "grad_norm": 1.2276744842529297, "elapsed_seconds": 16006.923308364998, "tokens_per_second": 61700.02198260545, "loss_main": 2.3926696181297302, "loss_total": 2.3926696181297302}
{"event": "update", "optimizer_step": 30150, "tokens_seen": 987955200, "lr": 3.221083800203275e-05, "grad_norm": 1.3575993776321411, "elapsed_seconds": 16012.184136294998, "tokens_per_second": 61700.21476087018, "loss_main": 2.193395733833313, "loss_total": 2.193395733833313}
{"event": "update", "optimizer_step": 30160, "tokens_seen": 988282880, "lr": 3.218623047912973e-05, "grad_norm": 1.2586028575897217, "elapsed_seconds": 16017.440350950998, "tokens_per_second": 61700.42518318622, "loss_main": 2.121775895357132, "loss_total": 2.121775895357132}
{"event": "update", "optimizer_step": 30170, "tokens_seen": 988610560, "lr": 3.216175955162232e-05, "grad_norm": 1.2487965822219849, "elapsed_seconds": 16022.706081202998, "tokens_per_second": 61700.59882455101, "loss_main": 2.334627151489258, "loss_total": 2.334627151489258}
{"event": "update", "optimizer_step": 30180, "tokens_seen": 988938240, "lr": 3.2137425244678243e-05, "grad_norm": 1.2288343906402588, "elapsed_seconds": 16027.964594351997, "tokens_per_second": 61700.8001345652, "loss_main": 2.243978798389435, "loss_total": 2.243978798389435}
{"event": "update", "optimizer_step": 30190, "tokens_seen": 989265920, "lr": 3.211322758332465e-05, "grad_norm": 1.1867425441741943, "elapsed_seconds": 16033.216683823997, "tokens_per_second": 61701.02603291553, "loss_main": 2.292903184890747, "loss_total": 2.292903184890747}
{"event": "update", "optimizer_step": 30200, "tokens_seen": 989593600, "lr": 3.2089166592448194e-05, "grad_norm": 1.3154430389404297, "elapsed_seconds": 16038.492142093997, "tokens_per_second": 61701.16188184246, "loss_main": 2.3849750757217407, "loss_total": 2.3849750757217407}
{"event": "update", "optimizer_step": 30210, "tokens_seen": 989921280, "lr": 3.2065242296794965e-05, "grad_norm": 1.2096693515777588, "elapsed_seconds": 16043.750739940997, "tokens_per_second": 61701.362483498706, "loss_main": 1.9860497117042542, "loss_total": 1.9860497117042542}
{"event": "update", "optimizer_step": 30220, "tokens_seen": 990248960, "lr": 3.2041454720970445e-05, "grad_norm": 1.2011014223098755, "elapsed_seconds": 16049.015354269997, "tokens_per_second": 61701.53982291098, "loss_main": 2.157795250415802, "loss_total": 2.157795250415802}
{"event": "update", "optimizer_step": 30230, "tokens_seen": 990576640, "lr": 3.201780388943954e-05, "grad_norm": 1.3022758960723877, "elapsed_seconds": 16054.292547513998, "tokens_per_second": 61701.668701271454, "loss_main": 2.1444696187973022, "loss_total": 2.1444696187973022}
{"event": "update", "optimizer_step": 30240, "tokens_seen": 990904320, "lr": 3.199428982652647e-05, "grad_norm": 1.2388297319412231, "elapsed_seconds": 16059.565096844997, "tokens_per_second": 61701.815337120766, "loss_main": 2.3108527064323425, "loss_total": 2.3108527064323425}
{"event": "update", "optimizer_step": 30250, "tokens_seen": 991232000, "lr": 3.1970912556414834e-05, "grad_norm": 1.2793413400650024, "elapsed_seconds": 16064.837180993998, "tokens_per_second": 61701.96366339197, "loss_main": 2.412857949733734, "loss_total": 2.412857949733734}
{"event": "update", "optimizer_step": 30260, "tokens_seen": 991559680, "lr": 3.194767210314753e-05, "grad_norm": 1.337804913520813, "elapsed_seconds": 16070.096544041997, "tokens_per_second": 61702.16073578112, "loss_main": 2.2697243690490723, "loss_total": 2.2697243690490723}
{"event": "update", "optimizer_step": 30270, "tokens_seen": 991887360, "lr": 3.192456849062671e-05, "grad_norm": 1.2748314142227173, "elapsed_seconds": 16075.365863292998, "tokens_per_second": 61702.31946415025, "loss_main": 2.297460973262787, "loss_total": 2.297460973262787}
{"event": "update", "optimizer_step": 30280, "tokens_seen": 992215040, "lr": 3.1901601742613845e-05, "grad_norm": 1.226623296737671, "elapsed_seconds": 16080.619916556998, "tokens_per_second": 61702.536665168685, "loss_main": 2.164242684841156, "loss_total": 2.164242684841156}
{"event": "update", "optimizer_step": 30290, "tokens_seen": 992542720, "lr": 3.187877188272963e-05, "grad_norm": 1.2235304117202759, "elapsed_seconds": 16085.880536895997, "tokens_per_second": 61702.72853409649, "loss_main": 2.1739980578422546, "loss_total": 2.1739980578422546}
{"event": "update", "optimizer_step": 30300, "tokens_seen": 992870400, "lr": 3.1856078934453925e-05, "grad_norm": 1.2963675260543823, "elapsed_seconds": 16091.139498993998, "tokens_per_second": 61702.92663624433, "loss_main": 2.102217823266983, "loss_total": 2.102217823266983}
{"event": "update", "optimizer_step": 30310, "tokens_seen": 993198080, "lr": 3.183352292112585e-05, "grad_norm": 1.237019419670105, "elapsed_seconds": 16096.400134458998, "tokens_per_second": 61703.118194345356, "loss_main": 2.2563979029655457, "loss_total": 2.2563979029655457}
{"event": "update", "optimizer_step": 30320, "tokens_seen": 993525760, "lr": 3.1811103865943655e-05, "grad_norm": 1.3085191249847412, "elapsed_seconds": 16101.664135998997, "tokens_per_second": 61703.2967281154, "loss_main": 2.2658323645591736, "loss_total": 2.2658323645591736}
{"event": "update", "optimizer_step": 30330, "tokens_seen": 993853440, "lr": 3.178882179196472e-05, "grad_norm": 1.2870079278945923, "elapsed_seconds": 16106.944941520998, "tokens_per_second": 61703.410771462484, "loss_main": 2.4184030294418335, "loss_total": 2.4184030294418335}
{"event": "update", "optimizer_step": 30340, "tokens_seen": 994181120, "lr": 3.1766676722105565e-05, "grad_norm": 1.229164719581604, "elapsed_seconds": 16112.204372798997, "tokens_per_second": 61703.60659515963, "loss_main": 2.18546199798584, "loss_total": 2.18546199798584}
{"event": "update", "optimizer_step": 30350, "tokens_seen": 994508800, "lr": 3.174466867914181e-05, "grad_norm": 1.2606977224349976, "elapsed_seconds": 16117.467493304997, "tokens_per_second": 61703.7881672854, "loss_main": 2.3788955211639404, "loss_total": 2.3788955211639404}
{"event": "update", "optimizer_step": 30360, "tokens_seen": 994836480, "lr": 3.172279768570812e-05, "grad_norm": 1.3094054460525513, "elapsed_seconds": 16122.741326448997, "tokens_per_second": 61703.92862211297, "loss_main": 2.144895076751709, "loss_total": 2.144895076751709}
{"event": "update", "optimizer_step": 30370, "tokens_seen": 995164160, "lr": 3.1701063764298265e-05, "grad_norm": 1.2655670642852783, "elapsed_seconds": 16128.012476676997, "tokens_per_second": 61704.07924963627, "loss_main": 2.19683837890625, "loss_total": 2.19683837890625}
{"event": "update", "optimizer_step": 30380, "tokens_seen": 995491840, "lr": 3.167946693726495e-05, "grad_norm": 1.252659797668457, "elapsed_seconds": 16133.274516051997, "tokens_per_second": 61704.26462461315, "loss_main": 2.1433839201927185, "loss_total": 2.1433839201927185}
{"event": "update", "optimizer_step": 30390, "tokens_seen": 995819520, "lr": 3.165800722681994e-05, "grad_norm": 1.234152913093567, "elapsed_seconds": 16138.537663640998, "tokens_per_second": 61704.44564153493, "loss_main": 2.154619723558426, "loss_total": 2.154619723558426}
{"event": "update", "optimizer_step": 30400, "tokens_seen": 996147200, "lr": 3.1636684655034e-05, "grad_norm": 1.2580726146697998, "elapsed_seconds": 16143.791994104997, "tokens_per_second": 61704.66024114713, "loss_main": 2.1273696422576904, "loss_total": 2.1273696422576904}
{"event": "update", "optimizer_step": 30410, "tokens_seen": 996474880, "lr": 3.161549924383679e-05, "grad_norm": 1.2619009017944336, "elapsed_seconds": 16149.038614199997, "tokens_per_second": 61704.904162145634, "loss_main": 2.1719545125961304, "loss_total": 2.1719545125961304}
{"event": "update", "optimizer_step": 30420, "tokens_seen": 996802560, "lr": 3.1594451015016955e-05, "grad_norm": 1.2537336349487305, "elapsed_seconds": 16154.295716180997, "tokens_per_second": 61705.107886662605, "loss_main": 2.1732866168022156, "loss_total": 2.1732866168022156}
{"event": "update", "optimizer_step": 30430, "tokens_seen": 997130240, "lr": 3.157353999022205e-05, "grad_norm": 1.2741321325302124, "elapsed_seconds": 16159.545898273998, "tokens_per_second": 61705.337902255254, "loss_main": 2.140845000743866, "loss_total": 2.140845000743866}
{"event": "update", "optimizer_step": 30440, "tokens_seen": 997457920, "lr": 3.155276619095845e-05, "grad_norm": 1.2633215188980103, "elapsed_seconds": 16164.801397007997, "tokens_per_second": 61705.54747332826, "loss_main": 2.1570340991020203, "loss_total": 2.1570340991020203}
{"event": "update", "optimizer_step": 30450, "tokens_seen": 997785600, "lr": 3.1532129638591504e-05, "grad_norm": 1.2633484601974487, "elapsed_seconds": 16170.046389716998, "tokens_per_second": 61705.79699972419, "loss_main": 2.31132310628891, "loss_total": 2.31132310628891}
{"event": "update", "optimizer_step": 30460, "tokens_seen": 998113280, "lr": 3.1511630354345324e-05, "grad_norm": 1.2666208744049072, "elapsed_seconds": 16175.291376811998, "tokens_per_second": 61706.04638571395, "loss_main": 2.185554265975952, "loss_total": 2.185554265975952}
{"event": "update", "optimizer_step": 30470, "tokens_seen": 998440960, "lr": 3.149126835930288e-05, "grad_norm": 1.231852412223816, "elapsed_seconds": 16180.542473876998, "tokens_per_second": 61706.27230897562, "loss_main": 2.220058798789978, "loss_total": 2.220058798789978}
{"event": "update", "optimizer_step": 30480, "tokens_seen": 998768640, "lr": 3.1471043674405933e-05, "grad_norm": 1.4221839904785156, "elapsed_seconds": 16185.796994841998, "tokens_per_second": 61706.48503241961, "loss_main": 2.331700325012207, "loss_total": 2.331700325012207}
{"event": "update", "optimizer_step": 30490, "tokens_seen": 999096320, "lr": 3.1450956320455035e-05, "grad_norm": 1.2716622352600098, "elapsed_seconds": 16191.048856841997, "tokens_per_second": 61706.70775153661, "loss_main": 2.265509068965912, "loss_total": 2.265509068965912}
{"event": "update", "optimizer_step": 30500, "tokens_seen": 999424000, "lr": 3.143100631810947e-05, "grad_norm": 1.3585913181304932, "elapsed_seconds": 16196.298085108998, "tokens_per_second": 61706.940360580185, "loss_main": 2.2970409989356995, "loss_total": 2.2970409989356995}
{"event": "update", "optimizer_step": 30510, "tokens_seen": 999751680, "lr": 3.141119368788732e-05, "grad_norm": 1.2600620985031128, "elapsed_seconds": 16201.547832403996, "tokens_per_second": 61707.170842062456, "loss_main": 2.3210240602493286, "loss_total": 2.3210240602493286}
{"event": "evaluation", "tokens_seen": 1000013824, "elapsed_seconds": 16205.741780098999, "parameters": 71199040, "main_loss": 2.305765565484762, "perplexity": 10.031855355595761}
{"event": "update", "optimizer_step": 30520, "tokens_seen": 1000079360, "lr": 3.13915184501653e-05, "grad_norm": 1.2781480550765991, "elapsed_seconds": 16209.087976452998, "tokens_per_second": 61698.681718108935, "loss_main": 2.132001519203186, "loss_total": 2.132001519203186}
{"event": "update", "optimizer_step": 30530, "tokens_seen": 1000407040, "lr": 3.137198062517889e-05, "grad_norm": 1.2033103704452515, "elapsed_seconds": 16214.337781049997, "tokens_per_second": 61698.91447365767, "loss_main": 2.04707008600235, "loss_total": 2.04707008600235}
{"event": "update", "optimizer_step": 30540, "tokens_seen": 1000734720, "lr": 3.135258023302223e-05, "grad_norm": 1.3232707977294922, "elapsed_seconds": 16219.592303515996, "tokens_per_second": 61699.12913181339, "loss_main": 2.300465762615204, "loss_total": 2.300465762615204}
{"event": "update", "optimizer_step": 30550, "tokens_seen": 1001062400, "lr": 3.1333317293648054e-05, "grad_norm": 1.3396214246749878, "elapsed_seconds": 16224.846485744996, "tokens_per_second": 61699.344944774944, "loss_main": 2.234520584344864, "loss_total": 2.234520584344864}
{"event": "update", "optimizer_step": 30560, "tokens_seen": 1001390080, "lr": 3.1314191826867825e-05, "grad_norm": 1.2621017694473267, "elapsed_seconds": 16230.089676554997, "tokens_per_second": 61699.60240247763, "loss_main": 2.283394455909729, "loss_total": 2.283394455909729}
{"event": "update", "optimizer_step": 30570, "tokens_seen": 1001717760, "lr": 3.129520385235155e-05, "grad_norm": 1.323001742362976, "elapsed_seconds": 16235.352945945999, "tokens_per_second": 61699.78338845605, "loss_main": 2.2567437887191772, "loss_total": 2.2567437887191772}
{"event": "update", "optimizer_step": 30580, "tokens_seen": 1002045440, "lr": 3.127635338962785e-05, "grad_norm": 1.2965025901794434, "elapsed_seconds": 16240.620610246997, "tokens_per_second": 61699.9475603636, "loss_main": 2.378440737724304, "loss_total": 2.378440737724304}
{"event": "update", "optimizer_step": 30590, "tokens_seen": 1002373120, "lr": 3.125764045808393e-05, "grad_norm": 1.2797843217849731, "elapsed_seconds": 16245.877333737999, "tokens_per_second": 61700.15317783794, "loss_main": 2.193009376525879, "loss_total": 2.193009376525879}
{"event": "update", "optimizer_step": 30600, "tokens_seen": 1002700800, "lr": 3.123906507696555e-05, "grad_norm": 1.2276376485824585, "elapsed_seconds": 16251.121844463998, "tokens_per_second": 61700.40503028864, "loss_main": 2.1311451196670532, "loss_total": 2.1311451196670532}
{"event": "update", "optimizer_step": 30610, "tokens_seen": 1003028480, "lr": 3.1220627265376945e-05, "grad_norm": 1.2718924283981323, "elapsed_seconds": 16256.363818480999, "tokens_per_second": 61700.666348258645, "loss_main": 2.1051354706287384, "loss_total": 2.1051354706287384}
{"event": "update", "optimizer_step": 30620, "tokens_seen": 1003356160, "lr": 3.120232704228096e-05, "grad_norm": 1.3857828378677368, "elapsed_seconds": 16261.614735243997, "tokens_per_second": 61700.893566578845, "loss_main": 2.2659557461738586, "loss_total": 2.2659557461738586}
{"event": "update", "optimizer_step": 30630, "tokens_seen": 1003683840, "lr": 3.118416442649885e-05, "grad_norm": 1.3557829856872559, "elapsed_seconds": 16266.886036123999, "tokens_per_second": 61701.04332022193, "loss_main": 2.2939871549606323, "loss_total": 2.2939871549606323}
{"event": "update", "optimizer_step": 30640, "tokens_seen": 1004011520, "lr": 3.116613943671039e-05, "grad_norm": 1.289873719215393, "elapsed_seconds": 16272.136654041997, "tokens_per_second": 61701.2714031383, "loss_main": 2.285611927509308, "loss_total": 2.285611927509308}
{"event": "update", "optimizer_step": 30650, "tokens_seen": 1004339200, "lr": 3.11482520914538e-05, "grad_norm": 1.3560441732406616, "elapsed_seconds": 16277.376046651998, "tokens_per_second": 61701.54188989059, "loss_main": 2.2359713315963745, "loss_total": 2.2359713315963745}
{"event": "update", "optimizer_step": 30660, "tokens_seen": 1004666880, "lr": 3.1130502409125724e-05, "grad_norm": 1.2763481140136719, "elapsed_seconds": 16282.624224823, "tokens_per_second": 61701.77891032926, "loss_main": 2.116936504840851, "loss_total": 2.116936504840851}
{"event": "update", "optimizer_step": 30670, "tokens_seen": 1004994560, "lr": 3.1112890407981236e-05, "grad_norm": 1.2570722103118896, "elapsed_seconds": 16287.870366942998, "tokens_per_second": 61702.02349103195, "loss_main": 2.3472572565078735, "loss_total": 2.3472572565078735}
{"event": "update", "optimizer_step": 30680, "tokens_seen": 1005322240, "lr": 3.109541610613382e-05, "grad_norm": 1.2503044605255127, "elapsed_seconds": 16293.102872348996, "tokens_per_second": 61702.319556708324, "loss_main": 2.1913299560546875, "loss_total": 2.1913299560546875}
{"event": "update", "optimizer_step": 30690, "tokens_seen": 1005649920, "lr": 3.107807952155532e-05, "grad_norm": 1.2605311870574951, "elapsed_seconds": 16298.359574438999, "tokens_per_second": 61702.52382805312, "loss_main": 2.253268241882324, "loss_total": 2.253268241882324}
{"event": "update", "optimizer_step": 30700, "tokens_seen": 1005977600, "lr": 3.106088067207594e-05, "grad_norm": 1.2333619594573975, "elapsed_seconds": 16303.608443793999, "tokens_per_second": 61702.75761148615, "loss_main": 2.267737030982971, "loss_total": 2.267737030982971}
{"event": "update", "optimizer_step": 30710, "tokens_seen": 1006305280, "lr": 3.104381957538425e-05, "grad_norm": 1.3323614597320557, "elapsed_seconds": 16308.854577680997, "tokens_per_second": 61703.00159381821, "loss_main": 2.3313035368919373, "loss_total": 2.3313035368919373}
{"event": "update", "optimizer_step": 30720, "tokens_seen": 1006632960, "lr": 3.10268962490271e-05, "grad_norm": 1.308787226676941, "elapsed_seconds": 16314.098535588999, "tokens_per_second": 61703.25364923124, "loss_main": 2.223748743534088, "loss_total": 2.223748743534088}
{"event": "update", "optimizer_step": 30730, "tokens_seen": 1006960640, "lr": 3.10101107104097e-05, "grad_norm": 1.2909060716629028, "elapsed_seconds": 16319.355698050998, "tokens_per_second": 61703.4556162202, "loss_main": 2.3991570472717285, "loss_total": 2.3991570472717285}
{"event": "update", "optimizer_step": 30740, "tokens_seen": 1007288320, "lr": 3.099346297679553e-05, "grad_norm": 1.1776522397994995, "elapsed_seconds": 16324.595740869, "tokens_per_second": 61703.7221619051, "loss_main": 1.9033076465129852, "loss_total": 1.9033076465129852}
{"event": "update", "optimizer_step": 30750, "tokens_seen": 1007616000, "lr": 3.097695306530634e-05, "grad_norm": 2.169466733932495, "elapsed_seconds": 16329.854206657996, "tokens_per_second": 61703.91892348773, "loss_main": 2.256372570991516, "loss_total": 2.256372570991516}
{"event": "update", "optimizer_step": 30760, "tokens_seen": 1007943680, "lr": 3.09605809929221e-05, "grad_norm": 1.2635811567306519, "elapsed_seconds": 16335.101276024, "tokens_per_second": 61704.15860717184, "loss_main": 2.2871063351631165, "loss_total": 2.2871063351631165}
{"event": "update", "optimizer_step": 30770, "tokens_seen": 1008271360, "lr": 3.0944346776481066e-05, "grad_norm": 1.2831487655639648, "elapsed_seconds": 16340.355457780997, "tokens_per_second": 61704.37127913753, "loss_main": 2.235619306564331, "loss_total": 2.235619306564331}
{"event": "update", "optimizer_step": 30780, "tokens_seen": 1008599040, "lr": 3.0928250432679706e-05, "grad_norm": 1.193556785583496, "elapsed_seconds": 16345.609648303996, "tokens_per_second": 61704.58378128779, "loss_main": 2.052777260541916, "loss_total": 2.052777260541916}
{"event": "update", "optimizer_step": 30790, "tokens_seen": 1008926720, "lr": 3.0912291978072665e-05, "grad_norm": 1.2660733461380005, "elapsed_seconds": 16350.861358881999, "tokens_per_second": 61704.80550567068, "loss_main": 2.2286460399627686, "loss_total": 2.2286460399627686}
{"event": "update", "optimizer_step": 30800, "tokens_seen": 1009254400, "lr": 3.0896471429072765e-05, "grad_norm": 1.244554877281189, "elapsed_seconds": 16356.106163501, "tokens_per_second": 61705.05314108151, "loss_main": 2.3325437903404236, "loss_total": 2.3325437903404236}
{"event": "update", "optimizer_step": 30810, "tokens_seen": 1009582080, "lr": 3.0880788801951046e-05, "grad_norm": 1.2773008346557617, "elapsed_seconds": 16361.367379902998, "tokens_per_second": 61705.23872228982, "loss_main": 2.2010251879692078, "loss_total": 2.2010251879692078}
{"event": "update", "optimizer_step": 30820, "tokens_seen": 1009909760, "lr": 3.0865244112836685e-05, "grad_norm": 1.3225666284561157, "elapsed_seconds": 16366.627451356997, "tokens_per_second": 61705.428500864786, "loss_main": 2.302330255508423, "loss_total": 2.302330255508423}
{"event": "update", "optimizer_step": 30830, "tokens_seen": 1010237440, "lr": 3.084983737771691e-05, "grad_norm": 1.3053572177886963, "elapsed_seconds": 16371.887870540997, "tokens_per_second": 61705.61684689925, "loss_main": 2.2815660536289215, "loss_total": 2.2815660536289215}
{"event": "update", "optimizer_step": 30840, "tokens_seen": 1010565120, "lr": 3.083456861243721e-05, "grad_norm": 1.2467842102050781, "elapsed_seconds": 16377.142117944999, "tokens_per_second": 61705.828325974464, "loss_main": 2.118049383163452, "loss_total": 2.118049383163452}
{"event": "update", "optimizer_step": 30850, "tokens_seen": 1010892800, "lr": 3.081943783270105e-05, "grad_norm": 1.2448188066482544, "elapsed_seconds": 16382.395356050996, "tokens_per_second": 61706.04347102495, "loss_main": 2.2131168246269226, "loss_total": 2.2131168246269226}
{"event": "update", "optimizer_step": 30860, "tokens_seen": 1011220480, "lr": 3.080444505407005e-05, "grad_norm": 1.2433549165725708, "elapsed_seconds": 16387.649158399996, "tokens_per_second": 61706.256353533645, "loss_main": 2.327083706855774, "loss_total": 2.327083706855774}
{"event": "update", "optimizer_step": 30870, "tokens_seen": 1011548160, "lr": 3.078959029196388e-05, "grad_norm": 1.294939637184143, "elapsed_seconds": 16392.905106405997, "tokens_per_second": 61706.46102286706, "loss_main": 2.108450263738632, "loss_total": 2.108450263738632}
{"event": "update", "optimizer_step": 30880, "tokens_seen": 1011875840, "lr": 3.077487356166026e-05, "grad_norm": 1.244669795036316, "elapsed_seconds": 16398.159459561, "tokens_per_second": 61706.671562461386, "loss_main": 2.24512255191803, "loss_total": 2.24512255191803}
{"event": "update", "optimizer_step": 30890, "tokens_seen": 1012203520, "lr": 3.076029487829495e-05, "grad_norm": 1.3586580753326416, "elapsed_seconds": 16403.413281294, "tokens_per_second": 61706.883966295536, "loss_main": 2.16408509016037, "loss_total": 2.16408509016037}
{"event": "update", "optimizer_step": 30900, "tokens_seen": 1012531200, "lr": 3.0745854256861725e-05, "grad_norm": 1.2850552797317505, "elapsed_seconds": 16408.665531007995, "tokens_per_second": 61707.10214591104, "loss_main": 2.2072300910949707, "loss_total": 2.2072300910949707}
{"event": "update", "optimizer_step": 30910, "tokens_seen": 1012858880, "lr": 3.073155171221241e-05, "grad_norm": 1.240919589996338, "elapsed_seconds": 16413.922976580994, "tokens_per_second": 61707.30065232569, "loss_main": 2.099087655544281, "loss_total": 2.099087655544281}
{"event": "update", "optimizer_step": 30920, "tokens_seen": 1013186560, "lr": 3.071738725905674e-05, "grad_norm": 1.418912410736084, "elapsed_seconds": 16419.176279777, "tokens_per_second": 61707.514599737326, "loss_main": 2.3570154905319214, "loss_total": 2.3570154905319214}
{"event": "update", "optimizer_step": 30930, "tokens_seen": 1013514240, "lr": 3.070336091196252e-05, "grad_norm": 1.2583354711532593, "elapsed_seconds": 16424.420663794997, "tokens_per_second": 61707.761920280675, "loss_main": 2.2962839007377625, "loss_total": 2.2962839007377625}
{"event": "update", "optimizer_step": 30940, "tokens_seen": 1013841920, "lr": 3.068947268535546e-05, "grad_norm": 1.344782829284668, "elapsed_seconds": 16429.672785090996, "tokens_per_second": 61707.98002258478, "loss_main": 2.1748029589653015, "loss_total": 2.1748029589653015}
{"event": "update", "optimizer_step": 30950, "tokens_seen": 1014169600, "lr": 3.0675722593519214e-05, "grad_norm": 1.2752065658569336, "elapsed_seconds": 16434.930827257995, "tokens_per_second": 61708.17575440956, "loss_main": 2.3324371576309204, "loss_total": 2.3324371576309204}
{"event": "update", "optimizer_step": 30960, "tokens_seen": 1014497280, "lr": 3.066211065059538e-05, "grad_norm": 1.2818005084991455, "elapsed_seconds": 16440.188507283994, "tokens_per_second": 61708.372720332045, "loss_main": 2.126805603504181, "loss_total": 2.126805603504181}
{"event": "update", "optimizer_step": 30970, "tokens_seen": 1014824960, "lr": 3.0648636870583494e-05, "grad_norm": 1.2939367294311523, "elapsed_seconds": 16445.428887914997, "tokens_per_second": 61708.634473239494, "loss_main": 2.1663544178009033, "loss_total": 2.1663544178009033}
{"event": "update", "optimizer_step": 30980, "tokens_seen": 1015152640, "lr": 3.0635301267340956e-05, "grad_norm": 1.2421228885650635, "elapsed_seconds": 16450.684624201, "tokens_per_second": 61708.83845810188, "loss_main": 1.9214653372764587, "loss_total": 1.9214653372764587}
{"event": "update", "optimizer_step": 30990, "tokens_seen": 1015480320, "lr": 3.062210385458311e-05, "grad_norm": 1.2367504835128784, "elapsed_seconds": 16455.920566076995, "tokens_per_second": 61709.116540909825, "loss_main": 2.1926215291023254, "loss_total": 2.1926215291023254}
{"event": "update", "optimizer_step": 31000, "tokens_seen": 1015808000, "lr": 3.06090446458831e-05, "grad_norm": 1.2433222532272339, "elapsed_seconds": 16461.169202222998, "tokens_per_second": 61709.34685871647, "loss_main": 2.228494882583618, "loss_total": 2.228494882583618}
{"event": "update", "optimizer_step": 31010, "tokens_seen": 1016135680, "lr": 3.059612365467199e-05, "grad_norm": 1.915043830871582, "elapsed_seconds": 16466.408861099, "tokens_per_second": 61709.61067294798, "loss_main": 2.209366738796234, "loss_total": 2.209366738796234}
{"event": "update", "optimizer_step": 31020, "tokens_seen": 1016463360, "lr": 3.0583340894238675e-05, "grad_norm": 1.3198472261428833, "elapsed_seconds": 16471.662268887994, "tokens_per_second": 61709.8228100461, "loss_main": 2.1876974999904633, "loss_total": 2.1876974999904633}
{"event": "update", "optimizer_step": 31030, "tokens_seen": 1016791040, "lr": 3.0570696377729875e-05, "grad_norm": 1.2859022617340088, "elapsed_seconds": 16476.916988496996, "tokens_per_second": 61710.02989878815, "loss_main": 2.3408347964286804, "loss_total": 2.3408347964286804}
{"event": "update", "optimizer_step": 31040, "tokens_seen": 1017118720, "lr": 3.0558190118150153e-05, "grad_norm": 1.269607424736023, "elapsed_seconds": 16482.189587832996, "tokens_per_second": 61710.169912790465, "loss_main": 2.104213833808899, "loss_total": 2.104213833808899}
{"event": "update", "optimizer_step": 31050, "tokens_seen": 1017446400, "lr": 3.0545822128361834e-05, "grad_norm": 1.276687741279602, "elapsed_seconds": 16487.463047018995, "tokens_per_second": 61710.306618940915, "loss_main": 2.2351869344711304, "loss_total": 2.2351869344711304}
{"event": "update", "optimizer_step": 31060, "tokens_seen": 1017774080, "lr": 3.0533592421085076e-05, "grad_norm": 1.2564247846603394, "elapsed_seconds": 16492.713876570997, "tokens_per_second": 61710.52791049847, "loss_main": 2.1572389602661133, "loss_total": 2.1572389602661133}
{"event": "update", "optimizer_step": 31070, "tokens_seen": 1018101760, "lr": 3.0521501008897815e-05, "grad_norm": 1.277734398841858, "elapsed_seconds": 16497.977317002995, "tokens_per_second": 61710.70189014827, "loss_main": 2.3291407227516174, "loss_total": 2.3291407227516174}
{"event": "update", "optimizer_step": 31080, "tokens_seen": 1018429440, "lr": 3.0509547904235717e-05, "grad_norm": 1.38765287399292, "elapsed_seconds": 16503.237077783997, "tokens_per_second": 61710.88951821272, "loss_main": 2.3431074619293213, "loss_total": 2.3431074619293213}
{"event": "update", "optimizer_step": 31090, "tokens_seen": 1018757120, "lr": 3.0497733119392253e-05, "grad_norm": 1.270220160484314, "elapsed_seconds": 16508.499273875997, "tokens_per_second": 61711.06792318428, "loss_main": 2.3238567113876343, "loss_total": 2.3238567113876343}
{"event": "update", "optimizer_step": 31100, "tokens_seen": 1019084800, "lr": 3.0486056666518617e-05, "grad_norm": 1.3488070964813232, "elapsed_seconds": 16513.760737908997, "tokens_per_second": 61711.24895013093, "loss_main": 2.3002305030822754, "loss_total": 2.3002305030822754}
{"event": "update", "optimizer_step": 31110, "tokens_seen": 1019412480, "lr": 3.0474518557623707e-05, "grad_norm": 1.322381854057312, "elapsed_seconds": 16519.023658243997, "tokens_per_second": 61711.42442133686, "loss_main": 2.195852756500244, "loss_total": 2.195852756500244}
{"event": "update", "optimizer_step": 31120, "tokens_seen": 1019740160, "lr": 3.0463118804574163e-05, "grad_norm": 13.009037971496582, "elapsed_seconds": 16524.292242380994, "tokens_per_second": 61711.57862874163, "loss_main": 2.031431555747986, "loss_total": 2.031431555747986}
{"event": "update", "optimizer_step": 31130, "tokens_seen": 1020067840, "lr": 3.0451857419094323e-05, "grad_norm": 1.274646282196045, "elapsed_seconds": 16529.549216683, "tokens_per_second": 61711.77608222143, "loss_main": 2.3183019757270813, "loss_total": 2.3183019757270813}
{"event": "update", "optimizer_step": 31140, "tokens_seen": 1020395520, "lr": 3.0440734412766238e-05, "grad_norm": 1.2669875621795654, "elapsed_seconds": 16534.806872051, "tokens_per_second": 61711.97086824086, "loss_main": 2.1589173674583435, "loss_total": 2.1589173674583435}
{"event": "update", "optimizer_step": 31150, "tokens_seen": 1020723200, "lr": 3.042974979702961e-05, "grad_norm": 1.3619575500488281, "elapsed_seconds": 16540.059058643994, "tokens_per_second": 61712.18593482351, "loss_main": 2.280109226703644, "loss_total": 2.280109226703644}
{"event": "update", "optimizer_step": 31160, "tokens_seen": 1021050880, "lr": 3.04189035831818e-05, "grad_norm": 1.2432838678359985, "elapsed_seconds": 16545.318542085995, "tokens_per_second": 61712.37364833886, "loss_main": 2.1217076182365417, "loss_total": 2.1217076182365417}
{"event": "update", "optimizer_step": 31170, "tokens_seen": 1021378560, "lr": 3.0408195782377876e-05, "grad_norm": 1.3071858882904053, "elapsed_seconds": 16550.578353202, "tokens_per_second": 61712.56002074371, "loss_main": 2.0135684311389923, "loss_total": 2.0135684311389923}
{"event": "update", "optimizer_step": 31180, "tokens_seen": 1021706240, "lr": 3.0397626405630522e-05, "grad_norm": 1.2558037042617798, "elapsed_seconds": 16555.842022467994, "tokens_per_second": 61712.731893276024, "loss_main": 2.3759924173355103, "loss_total": 2.3759924173355103}
{"event": "update", "optimizer_step": 31190, "tokens_seen": 1022033920, "lr": 3.0387195463810043e-05, "grad_norm": 1.257287859916687, "elapsed_seconds": 16561.096792580996, "tokens_per_second": 61712.93681816101, "loss_main": 2.1387748420238495, "loss_total": 2.1387748420238495}
{"event": "update", "optimizer_step": 31200, "tokens_seen": 1022361600, "lr": 3.0376902967644394e-05, "grad_norm": 1.296046495437622, "elapsed_seconds": 16566.357615682995, "tokens_per_second": 61713.11906439551, "loss_main": 2.213876247406006, "loss_total": 2.213876247406006}
{"event": "update", "optimizer_step": 31210, "tokens_seen": 1022689280, "lr": 3.0366748927719127e-05, "grad_norm": 1.2555433511734009, "elapsed_seconds": 16571.623468027996, "tokens_per_second": 61713.28246584273, "loss_main": 2.1815072894096375, "loss_total": 2.1815072894096375}
{"event": "update", "optimizer_step": 31220, "tokens_seen": 1023016960, "lr": 3.0356733354477397e-05, "grad_norm": 1.2864264249801636, "elapsed_seconds": 16576.882654939, "tokens_per_second": 61713.47057796764, "loss_main": 2.2402502298355103, "loss_total": 2.2402502298355103}
{"event": "update", "optimizer_step": 31230, "tokens_seen": 1023344640, "lr": 3.0346856258219948e-05, "grad_norm": 1.2810622453689575, "elapsed_seconds": 16582.152216917, "tokens_per_second": 61713.61995796847, "loss_main": 2.148417681455612, "loss_total": 2.148417681455612}
{"event": "update", "optimizer_step": 31240, "tokens_seen": 1023672320, "lr": 3.0337117649105133e-05, "grad_norm": 1.3706021308898926, "elapsed_seconds": 16587.412933166997, "tokens_per_second": 61713.80215374867, "loss_main": 2.2998318672180176, "loss_total": 2.2998318672180176}
{"event": "update", "optimizer_step": 31250, "tokens_seen": 1024000000, "lr": 3.0327517537148814e-05, "grad_norm": 1.3737531900405884, "elapsed_seconds": 16592.673486339998, "tokens_per_second": 61713.984840539, "loss_main": 2.0993087589740753, "loss_total": 2.0993087589740753}
{"event": "update", "optimizer_step": 31260, "tokens_seen": 1024327680, "lr": 3.0318055932224486e-05, "grad_norm": 1.305371642112732, "elapsed_seconds": 16597.939564406, "tokens_per_second": 61714.146868967604, "loss_main": 2.1379960775375366, "loss_total": 2.1379960775375366}
{"event": "update", "optimizer_step": 31270, "tokens_seen": 1024655360, "lr": 3.0308732844063115e-05, "grad_norm": 1.4431357383728027, "elapsed_seconds": 16603.189295441, "tokens_per_second": 61714.369556778816, "loss_main": 2.3957203030586243, "loss_total": 2.3957203030586243}
{"event": "update", "optimizer_step": 31280, "tokens_seen": 1024983040, "lr": 3.029954828225327e-05, "grad_norm": 1.3559894561767578, "elapsed_seconds": 16608.457264913, "tokens_per_second": 61714.52433245426, "loss_main": 2.3320931792259216, "loss_total": 2.3320931792259216}
{"event": "update", "optimizer_step": 31290, "tokens_seen": 1025310720, "lr": 3.0290502256241042e-05, "grad_norm": 1.2611346244812012, "elapsed_seconds": 16613.728400647, "tokens_per_second": 61714.66724832643, "loss_main": 2.1390642523765564, "loss_total": 2.1390642523765564}
{"event": "update", "optimizer_step": 31300, "tokens_seen": 1025638400, "lr": 3.028159477532999e-05, "grad_norm": 1.3831541538238525, "elapsed_seconds": 16618.980302158, "tokens_per_second": 61714.881500089345, "loss_main": 2.2873200178146362, "loss_total": 2.2873200178146362}
{"event": "update", "optimizer_step": 31310, "tokens_seen": 1025966080, "lr": 3.0272825848681247e-05, "grad_norm": 1.385460376739502, "elapsed_seconds": 16624.242185184994, "tokens_per_second": 61715.05856154508, "loss_main": 2.079551339149475, "loss_total": 2.079551339149475}
{"event": "update", "optimizer_step": 31320, "tokens_seen": 1026293760, "lr": 3.0264195485313406e-05, "grad_norm": 1.263485074043274, "elapsed_seconds": 16629.515732164, "tokens_per_second": 61715.19222384766, "loss_main": 2.210061341524124, "loss_total": 2.210061341524124}
{"event": "update", "optimizer_step": 31330, "tokens_seen": 1026621440, "lr": 3.025570369410258e-05, "grad_norm": 1.3208329677581787, "elapsed_seconds": 16634.776228429, "tokens_per_second": 61715.37421979225, "loss_main": 2.23150634765625, "loss_total": 2.23150634765625}
{"event": "update", "optimizer_step": 31340, "tokens_seen": 1026949120, "lr": 3.024735048378231e-05, "grad_norm": 1.3459025621414185, "elapsed_seconds": 16640.030229614997, "tokens_per_second": 61715.58019001031, "loss_main": 2.1523637771606445, "loss_total": 2.1523637771606445}
{"event": "update", "optimizer_step": 31350, "tokens_seen": 1027276800, "lr": 3.023913586294368e-05, "grad_norm": 1.277479887008667, "elapsed_seconds": 16645.286261269, "tokens_per_second": 61715.7785018281, "loss_main": 2.330042779445648, "loss_total": 2.330042779445648}
{"event": "update", "optimizer_step": 31360, "tokens_seen": 1027604480, "lr": 3.023105984003521e-05, "grad_norm": 1.3637869358062744, "elapsed_seconds": 16650.558842506995, "tokens_per_second": 61715.915346735506, "loss_main": 2.192294478416443, "loss_total": 2.192294478416443}
{"event": "update", "optimizer_step": 31370, "tokens_seen": 1027932160, "lr": 3.022312242336286e-05, "grad_norm": 1.2368009090423584, "elapsed_seconds": 16655.816491489997, "tokens_per_second": 61716.10743461326, "loss_main": 2.094962000846863, "loss_total": 2.094962000846863}
{"event": "update", "optimizer_step": 31380, "tokens_seen": 1028259840, "lr": 3.0215323621090054e-05, "grad_norm": 1.307161808013916, "elapsed_seconds": 16661.082247678998, "tokens_per_second": 61716.26937039121, "loss_main": 2.1982672810554504, "loss_total": 2.1982672810554504}
{"event": "update", "optimizer_step": 31390, "tokens_seen": 1028587520, "lr": 3.020766344123763e-05, "grad_norm": 1.305513858795166, "elapsed_seconds": 16666.342926011, "tokens_per_second": 61716.45000743945, "loss_main": 2.3111621141433716, "loss_total": 2.3111621141433716}
{"event": "update", "optimizer_step": 31400, "tokens_seen": 1028915200, "lr": 3.0200141891683924e-05, "grad_norm": 1.227530837059021, "elapsed_seconds": 16671.598105940997, "tokens_per_second": 61716.650885036725, "loss_main": 2.0898139476776123, "loss_total": 2.0898139476776123}
{"event": "update", "optimizer_step": 31410, "tokens_seen": 1029242880, "lr": 3.0192758980164607e-05, "grad_norm": 1.3169435262680054, "elapsed_seconds": 16676.864002222996, "tokens_per_second": 61716.8119775279, "loss_main": 2.1636783480644226, "loss_total": 2.1636783480644226}
{"event": "update", "optimizer_step": 31420, "tokens_seen": 1029570560, "lr": 3.0185514714272814e-05, "grad_norm": 1.2653850317001343, "elapsed_seconds": 16682.126378556, "tokens_per_second": 61716.985990674366, "loss_main": 2.25115966796875, "loss_total": 2.25115966796875}
{"event": "update", "optimizer_step": 31430, "tokens_seen": 1029898240, "lr": 3.0178409101459097e-05, "grad_norm": 1.3354413509368896, "elapsed_seconds": 16687.383741865, "tokens_per_second": 61717.17843440073, "loss_main": 2.319614887237549, "loss_total": 2.319614887237549}
{"event": "update", "optimizer_step": 31440, "tokens_seen": 1030225920, "lr": 3.017144214903136e-05, "grad_norm": 1.3140428066253662, "elapsed_seconds": 16692.648043178997, "tokens_per_second": 61717.34510516887, "loss_main": 2.2157037556171417, "loss_total": 2.2157037556171417}
{"event": "update", "optimizer_step": 31450, "tokens_seen": 1030553600, "lr": 3.016461386415495e-05, "grad_norm": 1.266622543334961, "elapsed_seconds": 16697.913895391997, "tokens_per_second": 61717.5059385349, "loss_main": 2.2120418548583984, "loss_total": 2.2120418548583984}
{"event": "update", "optimizer_step": 31460, "tokens_seen": 1030881280, "lr": 3.015792425385256e-05, "grad_norm": 1.3137866258621216, "elapsed_seconds": 16703.179194131, "tokens_per_second": 61717.66871555931, "loss_main": 2.312548875808716, "loss_total": 2.312548875808716}
{"event": "update", "optimizer_step": 31470, "tokens_seen": 1031208960, "lr": 3.0151373325004282e-05, "grad_norm": 1.2432234287261963, "elapsed_seconds": 16708.436429229994, "tokens_per_second": 61717.86117556681, "loss_main": 2.1705339550971985, "loss_total": 2.1705339550971985}
{"event": "update", "optimizer_step": 31480, "tokens_seen": 1031536640, "lr": 3.014496108434756e-05, "grad_norm": 1.2905811071395874, "elapsed_seconds": 16713.697309076, "tokens_per_second": 61718.040055676196, "loss_main": 2.0356953144073486, "loss_total": 2.0356953144073486}
{"event": "update", "optimizer_step": 31490, "tokens_seen": 1031864320, "lr": 3.013868753847723e-05, "grad_norm": 1.2992092370986938, "elapsed_seconds": 16718.95455563, "tokens_per_second": 61718.23223555126, "loss_main": 2.151341825723648, "loss_total": 2.151341825723648}
{"event": "update", "optimizer_step": 31500, "tokens_seen": 1032192000, "lr": 3.013255269384544e-05, "grad_norm": 1.2792119979858398, "elapsed_seconds": 16724.215700531997, "tokens_per_second": 61718.409908284426, "loss_main": 2.150583028793335, "loss_total": 2.150583028793335}
{"event": "update", "optimizer_step": 31510, "tokens_seen": 1032519680, "lr": 3.012655655676174e-05, "grad_norm": 1.288820505142212, "elapsed_seconds": 16729.468406465996, "tokens_per_second": 61718.618602425384, "loss_main": 2.182458847761154, "loss_total": 2.182458847761154}
{"event": "update", "optimizer_step": 31520, "tokens_seen": 1032847360, "lr": 3.0120699133392983e-05, "grad_norm": 1.3871172666549683, "elapsed_seconds": 16734.731955696996, "tokens_per_second": 61718.787174740995, "loss_main": 2.209447979927063, "loss_total": 2.209447979927063}
{"event": "update", "optimizer_step": 31530, "tokens_seen": 1033175040, "lr": 3.011498042976337e-05, "grad_norm": 1.3068567514419556, "elapsed_seconds": 16739.992232421995, "tokens_per_second": 61718.96770650514, "loss_main": 2.1607869267463684, "loss_total": 2.1607869267463684}
{"event": "update", "optimizer_step": 31540, "tokens_seen": 1033502720, "lr": 3.0109400451754438e-05, "grad_norm": 1.3211040496826172, "elapsed_seconds": 16745.252054074997, "tokens_per_second": 61719.14980213717, "loss_main": 2.161803424358368, "loss_total": 2.161803424358368}
{"event": "update", "optimizer_step": 31550, "tokens_seen": 1033830400, "lr": 3.0103959205105037e-05, "grad_norm": 1.3099759817123413, "elapsed_seconds": 16750.501438209998, "tokens_per_second": 61719.37024175903, "loss_main": 2.1702434420585632, "loss_total": 2.1702434420585632}
{"event": "update", "optimizer_step": 31560, "tokens_seen": 1034158080, "lr": 3.009865669541136e-05, "grad_norm": 1.4026089906692505, "elapsed_seconds": 16755.747792816, "tokens_per_second": 61719.60170249122, "loss_main": 2.2289279103279114, "loss_total": 2.2289279103279114}
{"event": "update", "optimizer_step": 31570, "tokens_seen": 1034485760, "lr": 3.009349292812687e-05, "grad_norm": 1.3620619773864746, "elapsed_seconds": 16761.003536459997, "tokens_per_second": 61719.798444627515, "loss_main": 2.074105381965637, "loss_total": 2.074105381965637}
{"event": "update", "optimizer_step": 31580, "tokens_seen": 1034813440, "lr": 3.0088467908562384e-05, "grad_norm": 1.3276671171188354, "elapsed_seconds": 16766.258844297, "tokens_per_second": 61719.99666771154, "loss_main": 2.2782763242721558, "loss_total": 2.2782763242721558}
{"event": "update", "optimizer_step": 31590, "tokens_seen": 1035141120, "lr": 3.0083581641886e-05, "grad_norm": 1.2441794872283936, "elapsed_seconds": 16771.516317580994, "tokens_per_second": 61720.18679759431, "loss_main": 2.1558517813682556, "loss_total": 2.1558517813682556}
{"event": "update", "optimizer_step": 31600, "tokens_seen": 1035468800, "lr": 3.0078834133123107e-05, "grad_norm": 1.29132878780365, "elapsed_seconds": 16776.768535539995, "tokens_per_second": 61720.39614222831, "loss_main": 2.3628370463848114, "loss_total": 2.3628370463848114}
{"event": "update", "optimizer_step": 31610, "tokens_seen": 1035796480, "lr": 3.0074225387156377e-05, "grad_norm": 1.320779800415039, "elapsed_seconds": 16782.017099024997, "tokens_per_second": 61720.61879618617, "loss_main": 2.291977286338806, "loss_total": 2.291977286338806}
{"event": "update", "optimizer_step": 31620, "tokens_seen": 1036124160, "lr": 3.0069755408725796e-05, "grad_norm": 1.3157920837402344, "elapsed_seconds": 16787.257882025995, "tokens_per_second": 61720.86991702029, "loss_main": 2.3245559334754944, "loss_total": 2.3245559334754944}
{"event": "update", "optimizer_step": 31630, "tokens_seen": 1036451840, "lr": 3.0065424202428614e-05, "grad_norm": 1.3160796165466309, "elapsed_seconds": 16792.503054673994, "tokens_per_second": 61721.10474688977, "loss_main": 2.102383643388748, "loss_total": 2.102383643388748}
{"event": "update", "optimizer_step": 31640, "tokens_seen": 1036779520, "lr": 3.0061231772719363e-05, "grad_norm": 1.3457392454147339, "elapsed_seconds": 16797.774184153, "tokens_per_second": 61721.24405494727, "loss_main": 2.1414398550987244, "loss_total": 2.1414398550987244}
{"event": "update", "optimizer_step": 31650, "tokens_seen": 1037107200, "lr": 3.005717812390985e-05, "grad_norm": 1.3064122200012207, "elapsed_seconds": 16803.027296157, "tokens_per_second": 61721.44945793164, "loss_main": 2.198258936405182, "loss_total": 2.198258936405182}
{"event": "update", "optimizer_step": 31660, "tokens_seen": 1037434880, "lr": 3.005326326016913e-05, "grad_norm": 1.3197423219680786, "elapsed_seconds": 16808.282127321, "tokens_per_second": 61721.64841960279, "loss_main": 2.134791076183319, "loss_total": 2.134791076183319}
{"event": "update", "optimizer_step": 31670, "tokens_seen": 1037762560, "lr": 3.0049487185523528e-05, "grad_norm": 1.2826772928237915, "elapsed_seconds": 16813.547121846, "tokens_per_second": 61721.80994762404, "loss_main": 2.2567485570907593, "loss_total": 2.2567485570907593}
{"event": "update", "optimizer_step": 31680, "tokens_seen": 1038090240, "lr": 3.004584990385666e-05, "grad_norm": 1.3108556270599365, "elapsed_seconds": 16818.812836216, "tokens_per_second": 61721.96873281551, "loss_main": 2.2832449078559875, "loss_total": 2.2832449078559875}
{"event": "update", "optimizer_step": 31690, "tokens_seen": 1038417920, "lr": 3.004235141890937e-05, "grad_norm": 1.3084660768508911, "elapsed_seconds": 16824.070530245, "tokens_per_second": 61722.15684267451, "loss_main": 2.2762271761894226, "loss_total": 2.2762271761894226}
{"event": "update", "optimizer_step": 31700, "tokens_seen": 1038745600, "lr": 3.0038991734279726e-05, "grad_norm": 1.301952600479126, "elapsed_seconds": 16829.337820033994, "tokens_per_second": 61722.30964212125, "loss_main": 2.21513968706131, "loss_total": 2.21513968706131}
{"event": "update", "optimizer_step": 31710, "tokens_seen": 1039073280, "lr": 3.0035770853423105e-05, "grad_norm": 1.318673014640808, "elapsed_seconds": 16834.589914373, "tokens_per_second": 61722.51805865864, "loss_main": 2.0316018760204315, "loss_total": 2.0316018760204315}
{"event": "update", "optimizer_step": 31720, "tokens_seen": 1039400960, "lr": 3.0032688779652085e-05, "grad_norm": 1.3438694477081299, "elapsed_seconds": 16839.856859558997, "tokens_per_second": 61722.671912736194, "loss_main": 2.1584584712982178, "loss_total": 2.1584584712982178}
{"event": "update", "optimizer_step": 31730, "tokens_seen": 1039728640, "lr": 3.0029745516136495e-05, "grad_norm": 1.3562577962875366, "elapsed_seconds": 16845.124983392998, "tokens_per_second": 61722.82135187664, "loss_main": 2.2288848161697388, "loss_total": 2.2288848161697388}
{"event": "evaluation", "tokens_seen": 1040023552, "elapsed_seconds": 16849.859749477, "parameters": 71199040, "main_loss": 2.298015281558037, "perplexity": 9.954406142650628}
{"event": "update", "optimizer_step": 31740, "tokens_seen": 1040056320, "lr": 3.0026941065903406e-05, "grad_norm": 1.2983630895614624, "elapsed_seconds": 16852.726309742, "tokens_per_second": 61714.42536266539, "loss_main": 2.3002108335494995, "loss_total": 2.3002108335494995}
{"event": "update", "optimizer_step": 31750, "tokens_seen": 1040384000, "lr": 3.0024275431837124e-05, "grad_norm": 1.3646153211593628, "elapsed_seconds": 16857.982504693995, "tokens_per_second": 61714.62093464102, "loss_main": 2.215689957141876, "loss_total": 2.215689957141876}
{"event": "update", "optimizer_step": 31760, "tokens_seen": 1040711680, "lr": 3.002174861667918e-05, "grad_norm": 1.2464754581451416, "elapsed_seconds": 16863.246377576994, "tokens_per_second": 61714.78828559553, "loss_main": 2.1423763632774353, "loss_total": 2.1423763632774353}
{"event": "update", "optimizer_step": 31770, "tokens_seen": 1041039360, "lr": 3.001936062302831e-05, "grad_norm": 1.367715835571289, "elapsed_seconds": 16868.507135030995, "tokens_per_second": 61714.966930183364, "loss_main": 2.250047951936722, "loss_total": 2.250047951936722}
{"event": "update", "optimizer_step": 31780, "tokens_seen": 1041367040, "lr": 3.0017111453340535e-05, "grad_norm": 1.3599053621292114, "elapsed_seconds": 16873.760990227995, "tokens_per_second": 61715.170708123755, "loss_main": 2.310334622859955, "loss_total": 2.310334622859955}
{"event": "update", "optimizer_step": 31790, "tokens_seen": 1041694720, "lr": 3.0015001109929053e-05, "grad_norm": 1.3860793113708496, "elapsed_seconds": 16879.02646884, "tokens_per_second": 61715.33186010756, "loss_main": 2.2607139348983765, "loss_total": 2.2607139348983765}
{"event": "update", "optimizer_step": 31800, "tokens_seen": 1042022400, "lr": 3.0013029594964295e-05, "grad_norm": 1.312901258468628, "elapsed_seconds": 16884.286823026, "tokens_per_second": 61715.51164239515, "loss_main": 2.3313377499580383, "loss_total": 2.3313377499580383}
{"event": "update", "optimizer_step": 31810, "tokens_seen": 1042350080, "lr": 3.0011196910473917e-05, "grad_norm": 1.4097789525985718, "elapsed_seconds": 16889.554026036, "tokens_per_second": 61715.666286579915, "loss_main": 2.369746446609497, "loss_total": 2.369746446609497}
{"event": "update", "optimizer_step": 31820, "tokens_seen": 1042677760, "lr": 3.000950305834279e-05, "grad_norm": 1.301761507987976, "elapsed_seconds": 16894.820961466, "tokens_per_second": 61715.82181179412, "loss_main": 2.124200999736786, "loss_total": 2.124200999736786}
{"event": "update", "optimizer_step": 31830, "tokens_seen": 1043005440, "lr": 3.000794804031297e-05, "grad_norm": 1.584710955619812, "elapsed_seconds": 16900.082712197, "tokens_per_second": 61715.99617363115, "loss_main": 2.236173629760742, "loss_total": 2.236173629760742}
{"event": "update", "optimizer_step": 31840, "tokens_seen": 1043333120, "lr": 3.0006531857983775e-05, "grad_norm": 1.2776511907577515, "elapsed_seconds": 16905.353851185, "tokens_per_second": 61716.13615333266, "loss_main": 2.1525975465774536, "loss_total": 2.1525975465774536}
{"event": "update", "optimizer_step": 31850, "tokens_seen": 1043660800, "lr": 3.000525451281169e-05, "grad_norm": 1.3047465085983276, "elapsed_seconds": 16910.615666774996, "tokens_per_second": 61716.310072052824, "loss_main": 2.143720030784607, "loss_total": 2.143720030784607}
{"event": "update", "optimizer_step": 31860, "tokens_seen": 1043988480, "lr": 3.0004116006110462e-05, "grad_norm": 1.2475194931030273, "elapsed_seconds": 16915.870471372997, "tokens_per_second": 61716.50946173647, "loss_main": 2.195446252822876, "loss_total": 2.195446252822876}
{"event": "update", "optimizer_step": 31870, "tokens_seen": 1044316160, "lr": 3.000311633905098e-05, "grad_norm": 1.3365259170532227, "elapsed_seconds": 16921.131799324, "tokens_per_second": 61716.68493485291, "loss_main": 2.1808180809020996, "loss_total": 2.1808180809020996}
{"event": "update", "optimizer_step": 31880, "tokens_seen": 1044643840, "lr": 3.000225551266141e-05, "grad_norm": 1.2960844039916992, "elapsed_seconds": 16926.393377312, "tokens_per_second": 61716.859387200115, "loss_main": 2.2050358653068542, "loss_total": 2.2050358653068542}
{"event": "update", "optimizer_step": 31890, "tokens_seen": 1044971520, "lr": 3.000153352782706e-05, "grad_norm": 1.338150978088379, "elapsed_seconds": 16931.649643482997, "tokens_per_second": 61717.0530930641, "loss_main": 2.2042319774627686, "loss_total": 2.2042319774627686}
{"event": "update", "optimizer_step": 31900, "tokens_seen": 1045299200, "lr": 3.0000950385290472e-05, "grad_norm": 1.3321095705032349, "elapsed_seconds": 16936.910468552, "tokens_per_second": 61717.23006630303, "loss_main": 2.1201431155204773, "loss_total": 2.1201431155204773}
{"event": "update", "optimizer_step": 31910, "tokens_seen": 1045626880, "lr": 3.0000506085651418e-05, "grad_norm": 1.3950668573379517, "elapsed_seconds": 16942.179464434994, "tokens_per_second": 61717.37716478443, "loss_main": 2.24198579788208, "loss_total": 2.24198579788208}
{"event": "update", "optimizer_step": 31920, "tokens_seen": 1045954560, "lr": 3.0000200629366823e-05, "grad_norm": 1.3275635242462158, "elapsed_seconds": 16947.446916896, "tokens_per_second": 61717.52979247987, "loss_main": 2.0348044633865356, "loss_total": 2.0348044633865356}
{"event": "update", "optimizer_step": 31930, "tokens_seen": 1046282240, "lr": 3.000003401675085e-05, "grad_norm": 1.3441498279571533, "elapsed_seconds": 16952.706903499995, "tokens_per_second": 61717.7095053763, "loss_main": 2.201012134552002, "loss_total": 2.201012134552002}
{"event": "evaluation", "tokens_seen": 1046493440, "elapsed_seconds": 16956.153956347, "parameters": 71199040, "main_loss": 2.297004356980324, "perplexity": 9.944348073655647}
{"event": "complete", "tokens_seen": 1046493440, "elapsed_seconds": 16956.153956347, "heldout": {"main_loss": 2.297004356980324, "perplexity": 9.944348073655647}}
